series_id,bucket_15m,valid_signal_score,valid_signal_pred
site_ad3433ffac,2026-02-18T14:15:00+00:00,0.9988568338298013,1
site_ad3433ffac,2026-02-18T14:30:00+00:00,0.9988568338298013,1
site_ad3433ffac,2026-02-18T14:45:00+00:00,0.9988568338298013,1
site_ad3433ffac,2026-02-18T15:00:00+00:00,0.9955373317551125,1
site_ad3433ffac,2026-02-18T15:15:00+00:00,0.9988568338298013,1
site_ad3433ffac,2026-02-18T15:30:00+00:00,0.9988568338298013,1
site_ad3433ffac,2026-02-18T15:45:00+00:00,0.9988568338298013,1
site_ad3433ffac,2026-02-18T16:00:00+00:00,0.9988568338298013,1
site_ad3433ffac,2026-02-18T16:15:00+00:00,0.9988568338298013,1
site_ad3433ffac,2026-02-18T16:30:00+00:00,0.9954670033213265,1
site_ad3433ffac,2026-02-18T16:45:00+00:00,0.9988568338298013,1
site_ad3433ffac,2026-02-18T17:00:00+00:00,0.9988568338298013,1
site_ad3433ffac,2026-02-18T17:15:00+00:00,0.9988568338298013,1
site_ad3433ffac,2026-02-18T17:30:00+00:00,0.9988568338298013,1
site_ad3433ffac,2026-02-18T17:45:00+00:00,0.9988568338298013,1
site_ad3433ffac,2026-02-18T18:00:00+00:00,0.9988568338298013,1
site_ad3433ffac,2026-02-18T18:15:00+00:00,0.9988568338298013,1
site_ad3433ffac,2026-02-18T18:30:00+00:00,0.9988568338298013,1
site_ad3433ffac,2026-02-18T18:45:00+00:00,0.9988568338298013,1
site_ad3433ffac,2026-02-18T19:00:00+00:00,0.9988568338298013,1
site_ad3433ffac,2026-02-18T21:15:00+00:00,0.9919304269033944,1
site_ad3433ffac,2026-02-18T21:30:00+00:00,0.9954085579677322,1
site_ad3433ffac,2026-02-19T03:15:00+00:00,0.9816894518555521,1
site_ad3433ffac,2026-02-19T09:00:00+00:00,0.9956048013094762,1
site_ad3433ffac,2026-02-19T09:30:00+00:00,0.99561796743304,1
site_ad3433ffac,2026-02-19T10:30:00+00:00,0.9988568338298013,1
site_ad3433ffac,2026-02-19T14:00:00+00:00,0.9988568338298013,1
site_ad3433ffac,2026-02-19T14:15:00+00:00,0.9988568338298013,1
site_ad3433ffac,2026-02-19T14:30:00+00:00,0.9988568338298013,1
site_ad3433ffac,2026-02-19T14:45:00+00:00,0.9988568338298013,1
site_ad3433ffac,2026-02-19T15:00:00+00:00,0.9955373317551125,1
site_ad3433ffac,2026-02-19T15:15:00+00:00,0.9988568338298013,1
site_ad3433ffac,2026-02-19T15:30:00+00:00,0.9988568338298013,1
site_ad3433ffac,2026-02-19T15:45:00+00:00,0.9988568338298013,1
site_ad3433ffac,2026-02-19T16:00:00+00:00,0.9988568338298013,1
site_ad3433ffac,2026-02-19T16:15:00+00:00,0.9988568338298013,1
site_ad3433ffac,2026-02-19T16:30:00+00:00,0.9954670033213265,1
site_ad3433ffac,2026-02-19T16:45:00+00:00,0.9988568338298013,1
site_ad3433ffac,2026-02-19T17:00:00+00:00,0.9988568338298013,1
site_ad3433ffac,2026-02-19T17:15:00+00:00,0.9988568338298013,1
site_ad3433ffac,2026-02-19T17:30:00+00:00,0.9988568338298013,1
site_ad3433ffac,2026-02-19T17:45:00+00:00,0.9988568338298013,1
site_ad3433ffac,2026-02-19T18:00:00+00:00,0.9988568338298013,1
site_ad3433ffac,2026-02-19T18:15:00+00:00,0.9988568338298013,1
site_ad3433ffac,2026-02-19T18:30:00+00:00,0.9988568338298013,1
site_ad3433ffac,2026-02-19T18:45:00+00:00,0.9988568338298013,1
site_ad3433ffac,2026-02-19T19:00:00+00:00,0.9988568338298013,1
site_ad3433ffac,2026-02-19T19:15:00+00:00,0.9988568338298013,1
site_ad3433ffac,2026-02-19T19:30:00+00:00,0.9988568338298013,1
site_ad3433ffac,2026-02-19T19:45:00+00:00,0.9988568338298013,1
site_ad3433ffac,2026-02-19T20:00:00+00:00,0.9988568338298013,1
site_ad3433ffac,2026-02-19T20:15:00+00:00,0.9988568338298013,1
site_ad3433ffac,2026-02-19T20:30:00+00:00,0.9954954892919862,1
site_ad3433ffac,2026-02-19T20:45:00+00:00,0.9954670033213265,1
site_ad3433ffac,2026-02-19T21:00:00+00:00,0.9988568338298013,1
site_ad3433ffac,2026-02-19T21:15:00+00:00,0.9919304269033944,1
site_ad3433ffac,2026-02-19T21:30:00+00:00,0.9954085579677322,1
site_ad3433ffac,2026-02-19T21:45:00+00:00,0.9919003120906709,1
site_ad3433ffac,2026-02-19T22:00:00+00:00,0.9920771728128521,1
site_ad3433ffac,2026-02-19T22:15:00+00:00,0.9885564046452519,1
site_ad3433ffac,2026-02-19T22:30:00+00:00,0.9919602821056632,1
site_ad3433ffac,2026-02-19T22:45:00+00:00,0.9884220512211055,1
site_ad3433ffac,2026-02-19T23:00:00+00:00,0.9909750604307863,1
site_ad3433ffac,2026-02-19T23:15:00+00:00,0.9905666783893867,1
site_ad3433ffac,2026-02-19T23:30:00+00:00,0.9869756457109894,1
site_ad3433ffac,2026-02-19T23:45:00+00:00,0.9869756457109894,1
site_ad3433ffac,2026-02-20T00:00:00+00:00,0.9723374968132266,1
site_ad3433ffac,2026-02-20T00:15:00+00:00,0.9758903266527679,1
site_ad3433ffac,2026-02-20T00:30:00+00:00,0.983472218445186,1
site_ad3433ffac,2026-02-20T00:45:00+00:00,0.983322853247277,1
site_ad3433ffac,2026-02-20T01:00:00+00:00,0.9765312524344523,1
site_ad3433ffac,2026-02-20T01:15:00+00:00,0.9807572863184891,1
site_ad3433ffac,2026-02-20T01:30:00+00:00,0.9879477429207103,1
site_ad3433ffac,2026-02-20T01:45:00+00:00,0.9811577187855534,1
site_ad3433ffac,2026-02-20T02:00:00+00:00,0.9808388158117832,1
site_ad3433ffac,2026-02-20T02:15:00+00:00,0.984571119544087,1
site_ad3433ffac,2026-02-20T02:30:00+00:00,0.9777114593804619,1
site_ad3433ffac,2026-02-20T02:45:00+00:00,0.9883305180403277,1
site_ad3433ffac,2026-02-20T03:00:00+00:00,0.984821746110503,1
site_ad3433ffac,2026-02-20T03:15:00+00:00,0.9816894518555521,1
site_ad3433ffac,2026-02-20T03:30:00+00:00,0.9780776130505803,1
site_ad3433ffac,2026-02-20T03:45:00+00:00,0.9812356884553519,1
site_ad3433ffac,2026-02-20T04:00:00+00:00,0.9816154545194564,1
site_ad3433ffac,2026-02-20T04:15:00+00:00,0.9850637303815255,1
site_ad3433ffac,2026-02-20T04:30:00+00:00,0.9851816201545877,1
site_ad3433ffac,2026-02-20T04:45:00+00:00,0.9851229282504022,1
site_ad3433ffac,2026-02-20T05:00:00+00:00,0.9954670033213265,1
site_ad3433ffac,2026-02-20T05:15:00+00:00,0.9954670033213265,1
site_ad3433ffac,2026-02-20T05:30:00+00:00,0.9954380304109979,1
site_ad3433ffac,2026-02-20T05:45:00+00:00,0.9988568338298013,1
site_ad3433ffac,2026-02-20T06:00:00+00:00,0.9954670033213265,1
site_ad3433ffac,2026-02-20T06:15:00+00:00,0.9955373317551125,1
site_ad3433ffac,2026-02-20T06:30:00+00:00,0.9955373317551125,1
site_ad3433ffac,2026-02-20T06:45:00+00:00,0.9922724716898834,1
site_ad3433ffac,2026-02-20T07:00:00+00:00,0.9988568338298013,1
site_ad3433ffac,2026-02-20T07:15:00+00:00,0.99561796743304,1
site_ad3433ffac,2026-02-20T07:30:00+00:00,0.9988568338298013,1
site_ad3433ffac,2026-02-20T07:45:00+00:00,0.9955781453052112,1
site_ad3433ffac,2026-02-20T08:00:00+00:00,0.9955781453052112,1
site_ad3433ffac,2026-02-20T08:15:00+00:00,0.99561796743304,1
site_ad3433ffac,2026-02-20T08:30:00+00:00,0.9988568338298013,1
site_ad3433ffac,2026-02-20T08:45:00+00:00,0.9955781453052112,1
site_ad3433ffac,2026-02-20T09:00:00+00:00,0.9956048013094762,1
site_ad3433ffac,2026-02-20T09:15:00+00:00,0.9988568338298013,1
site_ad3433ffac,2026-02-20T09:30:00+00:00,0.99561796743304,1
site_ad3433ffac,2026-02-20T09:45:00+00:00,0.9955915277073523,1
site_ad3433ffac,2026-02-20T10:00:00+00:00,0.9988568338298013,1
site_ad3433ffac,2026-02-20T10:15:00+00:00,0.9988568338298013,1
site_ad3433ffac,2026-02-20T10:30:00+00:00,0.9988568338298013,1
site_ad3433ffac,2026-02-20T10:45:00+00:00,0.9988568338298013,1
site_ad3433ffac,2026-02-20T11:00:00+00:00,0.9988568338298013,1
site_ad3433ffac,2026-02-20T11:15:00+00:00,0.9988568338298013,1
site_ad3433ffac,2026-02-20T11:30:00+00:00,0.9988568338298013,1
site_ad3433ffac,2026-02-20T11:45:00+00:00,0.9988568338298013,1
site_ad3433ffac,2026-02-20T12:00:00+00:00,0.9988568338298013,1
site_ad3433ffac,2026-02-20T12:15:00+00:00,0.9988568338298013,1
site_ad3433ffac,2026-02-20T12:30:00+00:00,0.9988568338298013,1
site_ad3433ffac,2026-02-20T12:45:00+00:00,0.9988568338298013,1
site_ad3433ffac,2026-02-20T13:00:00+00:00,0.9988568338298013,1
site_ad3433ffac,2026-02-20T13:15:00+00:00,0.9988568338298013,1
site_ad3433ffac,2026-02-20T13:30:00+00:00,0.9988568338298013,1
site_ad3433ffac,2026-02-20T13:45:00+00:00,0.9988568338298013,1
site_ad3433ffac,2026-02-20T14:00:00+00:00,0.9988568338298013,1
site_ad3433ffac,2026-02-20T14:15:00+00:00,0.9988568338298013,1
site_ad3433ffac,2026-02-20T14:30:00+00:00,0.9988568338298013,1
site_ad3433ffac,2026-02-20T14:45:00+00:00,0.9988568338298013,1
site_ad3433ffac,2026-02-20T15:00:00+00:00,0.9955373317551125,1
site_ad3433ffac,2026-02-20T15:15:00+00:00,0.9988568338298013,1
site_ad3433ffac,2026-02-20T15:30:00+00:00,0.9988568338298013,1
site_ad3433ffac,2026-02-20T15:45:00+00:00,0.9988568338298013,1
site_ad3433ffac,2026-02-20T16:00:00+00:00,0.9988568338298013,1
site_ad3433ffac,2026-02-20T16:15:00+00:00,0.9988568338298013,1
site_ad3433ffac,2026-02-20T16:30:00+00:00,0.9954670033213265,1
site_ad3433ffac,2026-02-20T16:45:00+00:00,0.9988568338298013,1
site_ad3433ffac,2026-02-20T17:00:00+00:00,0.9988568338298013,1
site_ad3433ffac,2026-02-20T17:15:00+00:00,0.9988568338298013,1
site_ad3433ffac,2026-02-20T17:30:00+00:00,0.9988568338298013,1
site_ad3433ffac,2026-02-20T17:45:00+00:00,0.9988568338298013,1
site_ad3433ffac,2026-02-20T18:00:00+00:00,0.9988568338298013,1
site_ad3433ffac,2026-02-20T18:15:00+00:00,0.9988568338298013,1
site_ad3433ffac,2026-02-20T18:30:00+00:00,0.9988568338298013,1
site_ad3433ffac,2026-02-20T18:45:00+00:00,0.9988568338298013,1
site_ad3433ffac,2026-02-20T19:00:00+00:00,0.9988568338298013,1
site_ad3433ffac,2026-02-20T19:15:00+00:00,0.9988568338298013,1
site_ad3433ffac,2026-02-20T19:30:00+00:00,0.9988568338298013,1
site_ad3433ffac,2026-02-20T19:45:00+00:00,0.9988568338298013,1
site_ad3433ffac,2026-02-20T20:00:00+00:00,0.9988568338298013,1
site_ad3433ffac,2026-02-20T20:15:00+00:00,0.9988568338298013,1
site_ad3433ffac,2026-02-20T20:30:00+00:00,0.9954954892919862,1
site_ad3433ffac,2026-02-20T20:45:00+00:00,0.9954670033213265,1
site_ad3433ffac,2026-02-20T21:00:00+00:00,0.9988568338298013,1
site_ad3433ffac,2026-02-20T21:15:00+00:00,0.9919304269033944,1
site_ad3433ffac,2026-02-20T21:30:00+00:00,0.9954085579677322,1
site_ad3433ffac,2026-02-20T21:45:00+00:00,0.9919003120906709,1
site_ad3433ffac,2026-02-20T22:00:00+00:00,0.9920771728128521,1
site_ad3433ffac,2026-02-20T22:15:00+00:00,0.9885564046452519,1
site_ad3433ffac,2026-02-20T22:30:00+00:00,0.9919602821056632,1
site_ad3433ffac,2026-02-20T22:45:00+00:00,0.9884220512211055,1
site_ad3433ffac,2026-02-20T23:00:00+00:00,0.9909750604307863,1
site_ad3433ffac,2026-02-20T23:15:00+00:00,0.9905666783893867,1
site_ad3433ffac,2026-02-20T23:30:00+00:00,0.9869756457109894,1
site_ad3433ffac,2026-02-20T23:45:00+00:00,0.9869756457109894,1
site_ad3433ffac,2026-02-21T00:00:00+00:00,0.9723374968132266,1
site_ad3433ffac,2026-02-21T00:15:00+00:00,0.9758903266527679,1
site_ad3433ffac,2026-02-21T00:30:00+00:00,0.983472218445186,1
site_ad3433ffac,2026-02-21T00:45:00+00:00,0.983322853247277,1
site_ad3433ffac,2026-02-21T01:00:00+00:00,0.9765312524344523,1
site_ad3433ffac,2026-02-21T01:15:00+00:00,0.9807572863184891,1
site_ad3433ffac,2026-02-21T01:30:00+00:00,0.9879477429207103,1
site_ad3433ffac,2026-02-21T01:45:00+00:00,0.9811577187855534,1
site_ad3433ffac,2026-02-21T02:00:00+00:00,0.9808388158117832,1
site_ad3433ffac,2026-02-21T02:15:00+00:00,0.984571119544087,1
site_ad3433ffac,2026-02-21T02:30:00+00:00,0.9777114593804619,1
site_ad3433ffac,2026-02-21T02:45:00+00:00,0.9883305180403277,1
site_ad3433ffac,2026-02-21T03:00:00+00:00,0.984821746110503,1
site_ad3433ffac,2026-02-21T03:15:00+00:00,0.9816894518555521,1
site_ad3433ffac,2026-02-21T03:30:00+00:00,0.9780776130505803,1
site_ad3433ffac,2026-02-21T03:45:00+00:00,0.9812356884553519,1
site_ad3433ffac,2026-02-21T04:00:00+00:00,0.9816154545194564,1
site_ad3433ffac,2026-02-21T04:15:00+00:00,0.9850637303815255,1
site_ad3433ffac,2026-02-21T04:45:00+00:00,0.9851229282504022,1
site_ad3433ffac,2026-02-21T05:00:00+00:00,0.9954670033213265,1
site_ad3433ffac,2026-02-21T05:15:00+00:00,0.9954670033213265,1
site_ad3433ffac,2026-02-21T05:30:00+00:00,0.9954380304109979,1
site_ad3433ffac,2026-02-21T05:45:00+00:00,0.9988568338298013,1
site_ad3433ffac,2026-02-21T06:00:00+00:00,0.9954670033213265,1
site_ad3433ffac,2026-02-21T06:15:00+00:00,0.9955373317551125,1
site_ad3433ffac,2026-02-21T06:30:00+00:00,0.9955373317551125,1
site_ad3433ffac,2026-02-21T06:45:00+00:00,0.9922724716898834,1
site_ad3433ffac,2026-02-21T07:00:00+00:00,0.9988568338298013,1
site_ad3433ffac,2026-02-21T07:15:00+00:00,0.99561796743304,1
site_ad3433ffac,2026-02-21T07:30:00+00:00,0.9988568338298013,1
site_ad3433ffac,2026-02-21T07:45:00+00:00,0.9955781453052112,1
site_ad3433ffac,2026-02-21T08:00:00+00:00,0.9955781453052112,1
site_ad3433ffac,2026-02-21T08:15:00+00:00,0.99561796743304,1
site_ad3433ffac,2026-02-21T08:30:00+00:00,0.9988568338298013,1
site_ad3433ffac,2026-02-21T08:45:00+00:00,0.9955781453052112,1
site_ad3433ffac,2026-02-21T09:00:00+00:00,0.9956048013094762,1
site_ad3433ffac,2026-02-21T09:15:00+00:00,0.9988568338298013,1
site_ad3433ffac,2026-02-21T09:30:00+00:00,0.99561796743304,1
site_ad3433ffac,2026-02-21T09:45:00+00:00,0.9955915277073523,1
site_ad3433ffac,2026-02-21T10:00:00+00:00,0.9988568338298013,1
site_ad3433ffac,2026-02-21T10:15:00+00:00,0.9988568338298013,1
site_ad3433ffac,2026-02-21T10:30:00+00:00,0.9988568338298013,1
site_ad3433ffac,2026-02-21T10:45:00+00:00,0.9988568338298013,1
site_ad3433ffac,2026-02-21T11:00:00+00:00,0.9988568338298013,1
site_ad3433ffac,2026-02-21T11:15:00+00:00,0.9988568338298013,1
site_ad3433ffac,2026-02-21T11:30:00+00:00,0.9988568338298013,1
site_ad3433ffac,2026-02-21T11:45:00+00:00,0.9988568338298013,1
site_ad3433ffac,2026-02-21T12:00:00+00:00,0.9988568338298013,1
site_ad3433ffac,2026-02-21T12:15:00+00:00,0.9988568338298013,1
site_ad3433ffac,2026-02-21T12:30:00+00:00,0.9988568338298013,1
site_ad3433ffac,2026-02-21T12:45:00+00:00,0.9988568338298013,1
site_ad3433ffac,2026-02-21T13:00:00+00:00,0.9988568338298013,1
site_ad3433ffac,2026-02-21T13:15:00+00:00,0.9988568338298013,1
site_ad3433ffac,2026-02-21T13:30:00+00:00,0.9988568338298013,1
site_ad3433ffac,2026-02-21T13:45:00+00:00,0.9988568338298013,1
site_ad3433ffac,2026-02-21T14:00:00+00:00,0.9988568338298013,1
site_ad3433ffac,2026-02-21T14:15:00+00:00,0.9988568338298013,1
site_ad3433ffac,2026-02-21T14:30:00+00:00,0.9988568338298013,1
site_ad3433ffac,2026-02-21T14:45:00+00:00,0.9988568338298013,1
site_ad3433ffac,2026-02-21T15:15:00+00:00,0.9988568338298013,1
site_ad3433ffac,2026-02-21T15:30:00+00:00,0.9988568338298013,1
site_ad3433ffac,2026-02-21T15:45:00+00:00,0.9988568338298013,1
site_ad3433ffac,2026-02-21T16:00:00+00:00,0.9988568338298013,1
site_ad3433ffac,2026-02-21T16:15:00+00:00,0.9988568338298013,1
site_ad3433ffac,2026-02-21T16:30:00+00:00,0.9954670033213265,1
site_ad3433ffac,2026-02-21T16:45:00+00:00,0.9988568338298013,1
site_ad3433ffac,2026-02-21T17:00:00+00:00,0.9988568338298013,1
site_ad3433ffac,2026-02-21T17:15:00+00:00,0.9988568338298013,1
site_ad3433ffac,2026-02-21T17:30:00+00:00,0.9988568338298013,1
site_ad3433ffac,2026-02-21T17:45:00+00:00,0.9988568338298013,1
site_ad3433ffac,2026-02-21T18:00:00+00:00,0.9988568338298013,1
site_ad3433ffac,2026-02-21T18:15:00+00:00,0.9988568338298013,1
site_ad3433ffac,2026-02-21T18:30:00+00:00,0.9988568338298013,1
site_ad3433ffac,2026-02-21T18:45:00+00:00,0.9988568338298013,1
site_ad3433ffac,2026-02-21T19:00:00+00:00,0.9988568338298013,1
site_ad3433ffac,2026-02-21T19:15:00+00:00,0.9988568338298013,1
site_ad3433ffac,2026-02-21T19:30:00+00:00,0.9988568338298013,1
site_ad3433ffac,2026-02-21T19:45:00+00:00,0.9988568338298013,1
site_ad3433ffac,2026-02-21T20:00:00+00:00,0.9988568338298013,1
site_ad3433ffac,2026-02-21T20:15:00+00:00,0.9988568338298013,1
site_ad3433ffac,2026-02-21T20:30:00+00:00,0.9954954892919862,1
site_ad3433ffac,2026-02-21T20:45:00+00:00,0.9954670033213265,1
site_ad3433ffac,2026-02-21T21:00:00+00:00,0.9988568338298013,1
site_ad3433ffac,2026-02-21T21:15:00+00:00,0.9919304269033944,1
site_ad3433ffac,2026-02-21T21:30:00+00:00,0.9954085579677322,1
site_ad3433ffac,2026-02-21T21:45:00+00:00,0.9919003120906709,1
site_ad3433ffac,2026-02-21T22:00:00+00:00,0.9920771728128521,1
site_ad3433ffac,2026-02-21T22:15:00+00:00,0.9885564046452519,1
site_ad3433ffac,2026-02-21T22:30:00+00:00,0.9919602821056632,1
site_ad3433ffac,2026-02-21T22:45:00+00:00,0.9884220512211055,1
site_ad3433ffac,2026-02-21T23:00:00+00:00,0.9909750604307863,1
site_ad3433ffac,2026-02-21T23:15:00+00:00,0.9905666783893867,1
site_ad3433ffac,2026-02-21T23:30:00+00:00,0.9869756457109894,1
site_ad3433ffac,2026-02-21T23:45:00+00:00,0.9869756457109894,1
site_ad3433ffac,2026-02-22T00:00:00+00:00,0.9723374968132266,1
site_ad3433ffac,2026-02-22T00:15:00+00:00,0.9758903266527679,1
site_ad3433ffac,2026-02-22T00:30:00+00:00,0.983472218445186,1
site_ad3433ffac,2026-02-22T00:45:00+00:00,0.983322853247277,1
site_ad3433ffac,2026-02-22T01:00:00+00:00,0.9765312524344523,1
site_ad3433ffac,2026-02-22T01:15:00+00:00,0.9807572863184891,1
site_ad3433ffac,2026-02-22T01:30:00+00:00,0.9879477429207103,1
site_ad3433ffac,2026-02-22T01:45:00+00:00,0.9811577187855534,1
site_ad3433ffac,2026-02-22T02:00:00+00:00,0.9808388158117832,1
site_ad3433ffac,2026-02-22T02:15:00+00:00,0.984571119544087,1
site_ad3433ffac,2026-02-22T02:30:00+00:00,0.9777114593804619,1
site_ad3433ffac,2026-02-22T02:45:00+00:00,0.9883305180403277,1
site_ad3433ffac,2026-02-22T03:00:00+00:00,0.984821746110503,1
site_ad3433ffac,2026-02-22T03:15:00+00:00,0.9816894518555521,1
site_ad3433ffac,2026-02-22T03:30:00+00:00,0.9780776130505803,1
site_ad3433ffac,2026-02-22T03:45:00+00:00,0.9812356884553519,1
site_ad3433ffac,2026-02-22T04:00:00+00:00,0.9816154545194564,1
site_ad3433ffac,2026-02-22T04:15:00+00:00,0.9850637303815255,1
site_ad3433ffac,2026-02-22T04:30:00+00:00,0.9851816201545877,1
site_ad3433ffac,2026-02-22T04:45:00+00:00,0.9851229282504022,1
site_ad3433ffac,2026-02-22T05:00:00+00:00,0.9954670033213265,1
site_ad3433ffac,2026-02-22T05:15:00+00:00,0.9954670033213265,1
site_ad3433ffac,2026-02-22T05:30:00+00:00,0.9954380304109979,1
site_ad3433ffac,2026-02-22T05:45:00+00:00,0.9988568338298013,1
site_ad3433ffac,2026-02-22T06:00:00+00:00,0.9954670033213265,1
site_ad3433ffac,2026-02-22T06:15:00+00:00,0.9955373317551125,1
site_ad3433ffac,2026-02-22T06:30:00+00:00,0.9955373317551125,1
site_ad3433ffac,2026-02-22T06:45:00+00:00,0.9922724716898834,1
site_ad3433ffac,2026-02-22T07:00:00+00:00,0.9988568338298013,1
site_ad3433ffac,2026-02-22T07:15:00+00:00,0.99561796743304,1
site_ad3433ffac,2026-02-22T07:30:00+00:00,0.9988568338298013,1
site_ad3433ffac,2026-02-22T07:45:00+00:00,0.9955781453052112,1
site_ad3433ffac,2026-02-22T08:00:00+00:00,0.9955781453052112,1
site_ad3433ffac,2026-02-22T08:15:00+00:00,0.99561796743304,1
site_ad3433ffac,2026-02-22T08:30:00+00:00,0.9988568338298013,1
site_ad3433ffac,2026-02-22T08:45:00+00:00,0.9955781453052112,1
site_ad3433ffac,2026-02-22T09:00:00+00:00,0.9956048013094762,1
site_ad3433ffac,2026-02-22T09:15:00+00:00,0.9988568338298013,1
site_ad3433ffac,2026-02-22T09:30:00+00:00,0.99561796743304,1
site_ad3433ffac,2026-02-23T04:15:00+00:00,0.9850637303815255,1
site_ad3433ffac,2026-02-23T06:45:00+00:00,0.9922724716898834,1
site_ad3433ffac,2026-02-23T07:00:00+00:00,0.9988568338298013,1
site_ad3433ffac,2026-02-23T07:15:00+00:00,0.99561796743304,1
site_ad3433ffac,2026-02-23T07:30:00+00:00,0.9988568338298013,1
site_ad3433ffac,2026-02-23T07:45:00+00:00,0.9955781453052112,1
site_ad3433ffac,2026-02-23T08:00:00+00:00,0.9955781453052112,1
site_ad3433ffac,2026-02-23T08:15:00+00:00,0.99561796743304,1
site_ad3433ffac,2026-02-23T08:30:00+00:00,0.9988568338298013,1
site_ad3433ffac,2026-02-23T08:45:00+00:00,0.9955781453052112,1
site_ad3433ffac,2026-02-23T09:00:00+00:00,0.9956048013094762,1
site_ad3433ffac,2026-02-23T09:15:00+00:00,0.9988568338298013,1
site_ad3433ffac,2026-02-23T09:30:00+00:00,0.99561796743304,1
site_ad3433ffac,2026-02-23T09:45:00+00:00,0.9955915277073523,1
site_ad3433ffac,2026-02-23T10:00:00+00:00,0.9988568338298013,1
site_ad3433ffac,2026-02-23T10:15:00+00:00,0.9988568338298013,1
site_ad3433ffac,2026-02-23T10:30:00+00:00,0.9988568338298013,1
site_ad3433ffac,2026-02-23T10:45:00+00:00,0.9988568338298013,1
site_ad3433ffac,2026-02-23T11:00:00+00:00,0.9988568338298013,1
site_ad3433ffac,2026-02-23T11:15:00+00:00,0.9988568338298013,1
site_ad3433ffac,2026-02-23T11:30:00+00:00,0.9988568338298013,1
site_ad3433ffac,2026-02-23T11:45:00+00:00,0.9988568338298013,1
site_ad3433ffac,2026-02-23T12:00:00+00:00,0.9988568338298013,1
site_ad3433ffac,2026-02-23T12:15:00+00:00,0.9988568338298013,1
site_ad3433ffac,2026-02-23T12:30:00+00:00,0.9988568338298013,1
site_ad3433ffac,2026-02-23T12:45:00+00:00,0.9988568338298013,1
site_ad3433ffac,2026-02-23T13:00:00+00:00,0.9988568338298013,1
site_ad3433ffac,2026-02-23T13:15:00+00:00,0.9988568338298013,1
site_ad3433ffac,2026-02-23T13:30:00+00:00,0.9988568338298013,1
site_ad3433ffac,2026-02-23T13:45:00+00:00,0.9988568338298013,1
site_ad3433ffac,2026-02-23T14:00:00+00:00,0.9988568338298013,1
site_ad3433ffac,2026-02-23T14:15:00+00:00,0.9988568338298013,1
site_ad3433ffac,2026-02-23T14:30:00+00:00,0.9988568338298013,1
site_ad3433ffac,2026-02-23T14:45:00+00:00,0.9988568338298013,1
site_ad3433ffac,2026-02-23T15:00:00+00:00,0.9955373317551125,1
site_ad3433ffac,2026-02-23T15:15:00+00:00,0.9988568338298013,1
site_ad3433ffac,2026-02-23T15:30:00+00:00,0.9988568338298013,1
site_ad3433ffac,2026-02-23T15:45:00+00:00,0.9988568338298013,1
site_ad3433ffac,2026-02-23T16:00:00+00:00,0.9988568338298013,1
site_ad3433ffac,2026-02-23T16:15:00+00:00,0.9988568338298013,1
site_ad3433ffac,2026-02-23T16:30:00+00:00,0.9954670033213265,1
site_ad3433ffac,2026-02-23T16:45:00+00:00,0.9988568338298013,1
site_ad3433ffac,2026-02-23T17:00:00+00:00,0.9988568338298013,1
site_ad3433ffac,2026-02-23T17:15:00+00:00,0.9988568338298013,1
site_ad3433ffac,2026-02-23T17:30:00+00:00,0.9988568338298013,1
site_ad3433ffac,2026-02-23T17:45:00+00:00,0.9988568338298013,1
site_ad3433ffac,2026-02-23T18:00:00+00:00,0.9988568338298013,1
site_ad3433ffac,2026-02-23T18:15:00+00:00,0.9988568338298013,1
site_ad3433ffac,2026-02-23T18:30:00+00:00,0.9988568338298013,1
site_ad3433ffac,2026-02-23T18:45:00+00:00,0.9988568338298013,1
site_ad3433ffac,2026-02-23T19:00:00+00:00,0.9988568338298013,1
site_ad3433ffac,2026-02-23T19:15:00+00:00,0.9988568338298013,1
site_ad3433ffac,2026-02-23T19:30:00+00:00,0.9988568338298013,1
site_ad3433ffac,2026-02-23T19:45:00+00:00,0.9988568338298013,1
site_ad3433ffac,2026-02-23T20:00:00+00:00,0.9988568338298013,1
site_ad3433ffac,2026-02-23T20:15:00+00:00,0.9988568338298013,1
site_ad3433ffac,2026-02-23T20:30:00+00:00,0.9954954892919862,1
site_ad3433ffac,2026-02-23T20:45:00+00:00,0.9954670033213265,1
site_ad3433ffac,2026-02-23T21:00:00+00:00,0.9988568338298013,1
site_ad3433ffac,2026-02-23T21:15:00+00:00,0.9919304269033944,1
site_ad3433ffac,2026-02-23T21:30:00+00:00,0.9954085579677322,1
site_ad3433ffac,2026-02-23T21:45:00+00:00,0.9919003120906709,1
site_ad3433ffac,2026-02-23T22:00:00+00:00,0.9920771728128521,1
site_ad3433ffac,2026-02-23T22:15:00+00:00,0.9885564046452519,1
site_ad3433ffac,2026-02-23T22:30:00+00:00,0.9919602821056632,1
site_ad3433ffac,2026-02-23T22:45:00+00:00,0.9884220512211055,1
site_ad3433ffac,2026-02-23T23:00:00+00:00,0.9909750604307863,1
site_ad3433ffac,2026-02-23T23:15:00+00:00,0.9905666783893867,1
site_ad3433ffac,2026-02-23T23:30:00+00:00,0.9869756457109894,1
site_ad3433ffac,2026-02-23T23:45:00+00:00,0.9869756457109894,1
site_ad3433ffac,2026-02-24T00:00:00+00:00,0.9723374968132266,1
site_ad3433ffac,2026-02-24T00:15:00+00:00,0.9758903266527679,1
site_ad3433ffac,2026-02-24T00:30:00+00:00,0.983472218445186,1
site_ad3433ffac,2026-02-24T00:45:00+00:00,0.983322853247277,1
site_ad3433ffac,2026-02-24T01:00:00+00:00,0.9765312524344523,1
site_ad3433ffac,2026-02-24T01:15:00+00:00,0.9807572863184891,1
site_ad3433ffac,2026-02-24T01:30:00+00:00,0.9879477429207103,1
site_ad3433ffac,2026-02-24T01:45:00+00:00,0.9811577187855534,1
site_ad3433ffac,2026-02-24T02:00:00+00:00,0.9808388158117832,1
site_ad3433ffac,2026-02-24T02:15:00+00:00,0.984571119544087,1
site_ad3433ffac,2026-02-24T02:30:00+00:00,0.9777114593804619,1
site_ad3433ffac,2026-02-24T02:45:00+00:00,0.9883305180403277,1
site_ad3433ffac,2026-02-24T03:00:00+00:00,0.984821746110503,1
site_ad3433ffac,2026-02-24T03:15:00+00:00,0.9816894518555521,1
site_ad3433ffac,2026-02-24T03:30:00+00:00,0.9780776130505803,1
site_ad3433ffac,2026-02-24T03:45:00+00:00,0.9812356884553519,1
site_ad3433ffac,2026-02-24T04:00:00+00:00,0.9816154545194564,1
site_ad3433ffac,2026-02-24T04:15:00+00:00,0.9850637303815255,1
site_ad3433ffac,2026-02-24T04:30:00+00:00,0.9851816201545877,1
site_ad3433ffac,2026-02-24T04:45:00+00:00,0.9851229282504022,1
site_ad3433ffac,2026-02-24T05:00:00+00:00,0.9954670033213265,1
site_ad3433ffac,2026-02-24T05:15:00+00:00,0.9954670033213265,1
site_ad3433ffac,2026-02-24T05:30:00+00:00,0.9954380304109979,1
site_ad3433ffac,2026-02-24T05:45:00+00:00,0.9988568338298013,1
site_ad3433ffac,2026-02-24T06:00:00+00:00,0.9954670033213265,1
site_ad3433ffac,2026-02-24T06:15:00+00:00,0.9955373317551125,1
site_ad3433ffac,2026-02-24T06:30:00+00:00,0.9955373317551125,1
site_ad3433ffac,2026-02-24T06:45:00+00:00,0.9922724716898834,1
site_ad3433ffac,2026-02-24T07:00:00+00:00,0.9988568338298013,1
site_ad3433ffac,2026-02-24T07:15:00+00:00,0.99561796743304,1
site_ad3433ffac,2026-02-24T07:30:00+00:00,0.9988568338298013,1
site_ad3433ffac,2026-02-24T07:45:00+00:00,0.9955781453052112,1
site_ad3433ffac,2026-02-24T08:00:00+00:00,0.9955781453052112,1
site_ad3433ffac,2026-02-24T08:15:00+00:00,0.99561796743304,1
site_ad3433ffac,2026-02-24T08:30:00+00:00,0.9988568338298013,1
site_ad3433ffac,2026-02-24T08:45:00+00:00,0.9955781453052112,1
site_ad3433ffac,2026-02-24T09:00:00+00:00,0.9956048013094762,1
site_ad3433ffac,2026-02-24T09:15:00+00:00,0.9988568338298013,1
site_ad3433ffac,2026-02-24T09:30:00+00:00,0.99561796743304,1
site_ad3433ffac,2026-02-24T09:45:00+00:00,0.9955915277073523,1
site_ad3433ffac,2026-02-24T10:00:00+00:00,0.9988568338298013,1
site_ad3433ffac,2026-02-24T10:15:00+00:00,0.9988568338298013,1
site_ad3433ffac,2026-02-24T10:30:00+00:00,0.9988568338298013,1
site_ad3433ffac,2026-02-24T10:45:00+00:00,0.9988568338298013,1
site_ad3433ffac,2026-02-24T11:00:00+00:00,0.9988568338298013,1
site_ad3433ffac,2026-02-24T11:15:00+00:00,0.9988568338298013,1
site_ad3433ffac,2026-02-24T11:30:00+00:00,0.9988568338298013,1
site_ad3433ffac,2026-02-24T11:45:00+00:00,0.9988568338298013,1
site_ad3433ffac,2026-02-24T12:00:00+00:00,0.9988568338298013,1
site_ad3433ffac,2026-02-24T12:15:00+00:00,0.9988568338298013,1
site_ad3433ffac,2026-02-24T12:30:00+00:00,0.9988568338298013,1
site_ad3433ffac,2026-02-24T12:45:00+00:00,0.9988568338298013,1
site_ad3433ffac,2026-02-24T13:00:00+00:00,0.9988568338298013,1
site_ad3433ffac,2026-02-24T13:15:00+00:00,0.9988568338298013,1
site_ad3433ffac,2026-02-24T13:30:00+00:00,0.9988568338298013,1
site_ad3433ffac,2026-02-24T13:45:00+00:00,0.9988568338298013,1
site_ad3433ffac,2026-02-24T14:00:00+00:00,0.9988568338298013,1
site_ad3433ffac,2026-02-24T14:15:00+00:00,0.9988568338298013,1
site_ad3433ffac,2026-02-24T14:30:00+00:00,0.9988568338298013,1
site_ad3433ffac,2026-02-24T14:45:00+00:00,0.9988568338298013,1
site_ad3433ffac,2026-02-24T15:00:00+00:00,0.9955373317551125,1
site_ad3433ffac,2026-02-24T15:15:00+00:00,0.9988568338298013,1
site_ad3433ffac,2026-02-24T15:30:00+00:00,0.9988568338298013,1
site_ad3433ffac,2026-02-24T15:45:00+00:00,0.9988568338298013,1
site_ad3433ffac,2026-02-24T16:00:00+00:00,0.9988568338298013,1
site_ad3433ffac,2026-02-24T16:15:00+00:00,0.9988568338298013,1
site_ad3433ffac,2026-02-24T16:30:00+00:00,0.9954670033213265,1
site_ad3433ffac,2026-02-24T16:45:00+00:00,0.9988568338298013,1
site_ad3433ffac,2026-02-24T17:00:00+00:00,0.9988568338298013,1
site_ad3433ffac,2026-02-24T17:15:00+00:00,0.9988568338298013,1
site_ad3433ffac,2026-02-24T17:30:00+00:00,0.9988568338298013,1
site_ad3433ffac,2026-02-24T17:45:00+00:00,0.9988568338298013,1
site_ad3433ffac,2026-02-24T18:00:00+00:00,0.9988568338298013,1
site_ad3433ffac,2026-02-24T18:15:00+00:00,0.9988568338298013,1
site_ad3433ffac,2026-02-24T18:30:00+00:00,0.9988568338298013,1
site_ad3433ffac,2026-02-24T18:45:00+00:00,0.9988568338298013,1
site_ad3433ffac,2026-02-24T19:00:00+00:00,0.9988568338298013,1
site_ad3433ffac,2026-02-24T19:15:00+00:00,0.9988568338298013,1
site_ad3433ffac,2026-02-24T19:30:00+00:00,0.9988568338298013,1
site_ad3433ffac,2026-02-24T19:45:00+00:00,0.9988568338298013,1
site_ad3433ffac,2026-02-24T20:00:00+00:00,0.9988568338298013,1
site_ad3433ffac,2026-02-24T20:15:00+00:00,0.9988568338298013,1
site_ad3433ffac,2026-02-24T20:30:00+00:00,0.9954954892919862,1
site_ad3433ffac,2026-02-24T20:45:00+00:00,0.9954670033213265,1
site_ad3433ffac,2026-02-24T21:00:00+00:00,0.9988568338298013,1
site_ad3433ffac,2026-02-24T21:15:00+00:00,0.9919304269033944,1
site_ad3433ffac,2026-02-24T21:30:00+00:00,0.9954085579677322,1
site_ad3433ffac,2026-02-24T21:45:00+00:00,0.9919003120906709,1
site_ad3433ffac,2026-02-24T22:00:00+00:00,0.9920771728128521,1
site_ad3433ffac,2026-02-24T22:15:00+00:00,0.9885564046452519,1
site_ad3433ffac,2026-02-24T22:30:00+00:00,0.9919602821056632,1
site_ad3433ffac,2026-02-24T22:45:00+00:00,0.9884220512211055,1
site_ad3433ffac,2026-02-24T23:00:00+00:00,0.9909750604307863,1
site_ad3433ffac,2026-02-24T23:15:00+00:00,0.9905666783893867,1
site_ad3433ffac,2026-02-24T23:30:00+00:00,0.9869756457109894,1
site_ad3433ffac,2026-02-24T23:45:00+00:00,0.9869756457109894,1
site_ad3433ffac,2026-02-25T00:00:00+00:00,0.9723374968132266,1
site_ad3433ffac,2026-02-25T00:15:00+00:00,0.9758903266527679,1
site_ad3433ffac,2026-02-25T00:30:00+00:00,0.983472218445186,1
site_ad3433ffac,2026-02-25T00:45:00+00:00,0.983322853247277,1
site_ad3433ffac,2026-02-25T01:00:00+00:00,0.9765312524344523,1
site_ad3433ffac,2026-02-25T01:15:00+00:00,0.9807572863184891,1
site_ad3433ffac,2026-02-25T01:30:00+00:00,0.9879477429207103,1
site_ad3433ffac,2026-02-25T01:45:00+00:00,0.9811577187855534,1
site_ad3433ffac,2026-02-25T02:00:00+00:00,0.9808388158117832,1
site_ad3433ffac,2026-02-25T02:15:00+00:00,0.984571119544087,1
site_ad3433ffac,2026-02-25T02:30:00+00:00,0.9777114593804619,1
site_ad3433ffac,2026-02-25T02:45:00+00:00,0.9883305180403277,1
site_ad3433ffac,2026-02-25T03:00:00+00:00,0.984821746110503,1
site_ad3433ffac,2026-02-25T03:15:00+00:00,0.9816894518555521,1
site_ad3433ffac,2026-02-25T03:30:00+00:00,0.9780776130505803,1
site_ad3433ffac,2026-02-25T03:45:00+00:00,0.9812356884553519,1
site_ad3433ffac,2026-02-25T04:00:00+00:00,0.9816154545194564,1
site_ad3433ffac,2026-02-25T04:15:00+00:00,0.9850637303815255,1
site_ad3433ffac,2026-02-25T04:30:00+00:00,0.9851816201545877,1
site_ad3433ffac,2026-02-25T04:45:00+00:00,0.9851229282504022,1
site_ad3433ffac,2026-02-25T05:00:00+00:00,0.9954670033213265,1
site_ad3433ffac,2026-02-25T05:15:00+00:00,0.9954670033213265,1
site_ad3433ffac,2026-02-25T05:30:00+00:00,0.9954380304109979,1
site_ad3433ffac,2026-02-25T05:45:00+00:00,0.9988568338298013,1
site_ad3433ffac,2026-02-25T06:00:00+00:00,0.9954670033213265,1
site_ad3433ffac,2026-02-25T06:15:00+00:00,0.9955373317551125,1
site_ad3433ffac,2026-02-25T06:30:00+00:00,0.9955373317551125,1
site_ad3433ffac,2026-02-25T06:45:00+00:00,0.9922724716898834,1
site_ad3433ffac,2026-02-25T07:00:00+00:00,0.9988568338298013,1
site_ad3433ffac,2026-02-25T07:15:00+00:00,0.99561796743304,1
site_ad3433ffac,2026-02-25T07:30:00+00:00,0.9988568338298013,1
site_ad3433ffac,2026-02-25T07:45:00+00:00,0.9955781453052112,1
site_ad3433ffac,2026-02-25T08:00:00+00:00,0.9955781453052112,1
site_ad3433ffac,2026-02-25T08:15:00+00:00,0.99561796743304,1
site_ad3433ffac,2026-02-25T08:30:00+00:00,0.9988568338298013,1
site_ad3433ffac,2026-02-25T08:45:00+00:00,0.9955781453052112,1
site_ad3433ffac,2026-02-25T09:00:00+00:00,0.9956048013094762,1
site_ad3433ffac,2026-02-25T09:15:00+00:00,0.9988568338298013,1
site_ad3433ffac,2026-02-25T09:30:00+00:00,0.99561796743304,1
site_ad3433ffac,2026-02-25T09:45:00+00:00,0.9955915277073523,1
site_ad3433ffac,2026-02-25T10:00:00+00:00,0.9988568338298013,1
site_ad3433ffac,2026-02-25T10:15:00+00:00,0.9988568338298013,1
site_ad3433ffac,2026-02-25T10:30:00+00:00,0.9988568338298013,1
site_ad3433ffac,2026-02-25T10:45:00+00:00,0.9988568338298013,1
site_ad3433ffac,2026-02-25T11:00:00+00:00,0.9988568338298013,1
site_ad3433ffac,2026-02-25T11:15:00+00:00,0.9988568338298013,1
site_ad3433ffac,2026-02-25T11:30:00+00:00,0.9988568338298013,1
site_ad3433ffac,2026-02-25T11:45:00+00:00,0.9988568338298013,1
site_ad3433ffac,2026-02-25T12:00:00+00:00,0.9988568338298013,1
site_ad3433ffac,2026-02-25T12:15:00+00:00,0.9988568338298013,1
site_ad3433ffac,2026-02-25T12:30:00+00:00,0.9988568338298013,1
site_ad3433ffac,2026-02-25T12:45:00+00:00,0.9988568338298013,1
site_ad3433ffac,2026-02-25T13:00:00+00:00,0.9988568338298013,1
site_ad3433ffac,2026-02-25T13:15:00+00:00,0.9988568338298013,1
site_ad3433ffac,2026-02-25T13:30:00+00:00,0.9988568338298013,1
site_ad3433ffac,2026-02-25T13:45:00+00:00,0.9988568338298013,1
site_ad3433ffac,2026-02-25T14:00:00+00:00,0.9988568338298013,1
site_ad3433ffac,2026-02-25T14:15:00+00:00,0.9988568338298013,1
site_ad3433ffac,2026-02-25T14:30:00+00:00,0.9988568338298013,1
site_ad3433ffac,2026-02-25T14:45:00+00:00,0.9988568338298013,1
site_ad3433ffac,2026-02-25T15:00:00+00:00,0.9955373317551125,1
site_ad3433ffac,2026-02-25T15:15:00+00:00,0.9988568338298013,1
site_ad3433ffac,2026-02-25T15:30:00+00:00,0.9988568338298013,1
site_ad3433ffac,2026-02-25T15:45:00+00:00,0.9988568338298013,1
site_ad3433ffac,2026-02-25T16:00:00+00:00,0.9988568338298013,1
site_ad3433ffac,2026-02-25T16:15:00+00:00,0.9988568338298013,1
site_ad3433ffac,2026-02-25T16:30:00+00:00,0.9954670033213265,1
site_ad3433ffac,2026-02-25T16:45:00+00:00,0.9988568338298013,1
site_ad3433ffac,2026-02-25T17:00:00+00:00,0.9988568338298013,1
site_ad3433ffac,2026-02-25T17:15:00+00:00,0.9988568338298013,1
site_ad3433ffac,2026-02-25T17:30:00+00:00,0.9988568338298013,1
site_ad3433ffac,2026-02-25T17:45:00+00:00,0.9988568338298013,1
site_ad3433ffac,2026-02-25T18:00:00+00:00,0.9988568338298013,1
site_ad3433ffac,2026-02-25T18:15:00+00:00,0.9988568338298013,1
site_ad3433ffac,2026-02-25T18:30:00+00:00,0.9988568338298013,1
site_ad3433ffac,2026-02-25T18:45:00+00:00,0.9988568338298013,1
site_ad3433ffac,2026-02-25T19:00:00+00:00,0.9988568338298013,1
site_ad3433ffac,2026-02-25T19:15:00+00:00,0.9988568338298013,1
site_ad3433ffac,2026-02-25T19:30:00+00:00,0.9988568338298013,1
site_ad3433ffac,2026-02-25T19:45:00+00:00,0.9988568338298013,1
site_ad3433ffac,2026-02-25T20:00:00+00:00,0.9988568338298013,1
site_ad3433ffac,2026-02-25T20:15:00+00:00,0.9988568338298013,1
site_ad3433ffac,2026-02-25T20:30:00+00:00,0.9954954892919862,1
site_ad3433ffac,2026-02-25T20:45:00+00:00,0.9954670033213265,1
site_ad3433ffac,2026-02-25T21:00:00+00:00,0.9988568338298013,1
site_ad3433ffac,2026-02-25T21:15:00+00:00,0.9919304269033944,1
site_ad3433ffac,2026-02-25T21:30:00+00:00,0.9954085579677322,1
site_ad3433ffac,2026-02-25T21:45:00+00:00,0.9919003120906709,1
site_ad3433ffac,2026-02-25T22:00:00+00:00,0.9920771728128521,1
site_ad3433ffac,2026-02-25T22:15:00+00:00,0.9885564046452519,1
site_ad3433ffac,2026-02-25T22:30:00+00:00,0.9919602821056632,1
site_ad3433ffac,2026-02-25T22:45:00+00:00,0.9884220512211055,1
site_ad3433ffac,2026-02-25T23:00:00+00:00,0.9909750604307863,1
site_ad3433ffac,2026-02-25T23:15:00+00:00,0.9905666783893867,1
site_ad3433ffac,2026-02-25T23:30:00+00:00,0.9869756457109894,1
site_ad3433ffac,2026-02-25T23:45:00+00:00,0.9869756457109894,1
site_ad3433ffac,2026-02-26T00:00:00+00:00,0.9723374968132266,1
site_ad3433ffac,2026-02-26T00:15:00+00:00,0.9758903266527679,1
site_ad3433ffac,2026-02-26T00:30:00+00:00,0.983472218445186,1
site_ad3433ffac,2026-02-26T00:45:00+00:00,0.983322853247277,1
site_ad3433ffac,2026-02-26T01:00:00+00:00,0.9765312524344523,1
site_ad3433ffac,2026-02-26T01:15:00+00:00,0.9807572863184891,1
site_ad3433ffac,2026-02-26T01:30:00+00:00,0.9879477429207103,1
site_ad3433ffac,2026-02-26T01:45:00+00:00,0.9811577187855534,1
site_ad3433ffac,2026-02-26T02:00:00+00:00,0.9808388158117832,1
site_ad3433ffac,2026-02-26T02:15:00+00:00,0.984571119544087,1
site_ad3433ffac,2026-02-26T02:30:00+00:00,0.9777114593804619,1
site_ad3433ffac,2026-02-26T02:45:00+00:00,0.9883305180403277,1
site_ad3433ffac,2026-02-26T03:00:00+00:00,0.984821746110503,1
site_ad3433ffac,2026-02-26T03:15:00+00:00,0.9816894518555521,1
site_ad3433ffac,2026-02-26T03:30:00+00:00,0.9780776130505803,1
site_ad3433ffac,2026-02-26T03:45:00+00:00,0.9812356884553519,1
site_ad3433ffac,2026-02-26T04:00:00+00:00,0.9816154545194564,1
site_ad3433ffac,2026-02-26T04:15:00+00:00,0.9850637303815255,1
site_ad3433ffac,2026-02-26T04:30:00+00:00,0.9851816201545877,1
site_ad3433ffac,2026-02-26T04:45:00+00:00,0.9851229282504022,1
site_ad3433ffac,2026-02-26T05:00:00+00:00,0.9954670033213265,1
site_ad3433ffac,2026-02-26T05:15:00+00:00,0.9954670033213265,1
site_ad3433ffac,2026-02-26T05:30:00+00:00,0.9954380304109979,1
site_ad3433ffac,2026-02-26T05:45:00+00:00,0.9988568338298013,1
site_ad3433ffac,2026-02-26T06:00:00+00:00,0.9954670033213265,1
site_ad3433ffac,2026-02-26T06:15:00+00:00,0.9955373317551125,1
site_ad3433ffac,2026-02-26T06:30:00+00:00,0.9955373317551125,1
site_ad3433ffac,2026-02-26T06:45:00+00:00,0.9922724716898834,1
site_ad3433ffac,2026-02-26T07:00:00+00:00,0.9988568338298013,1
site_ad3433ffac,2026-02-26T07:15:00+00:00,0.99561796743304,1
site_ad3433ffac,2026-02-26T07:30:00+00:00,0.9988568338298013,1
site_ad3433ffac,2026-02-26T07:45:00+00:00,0.9955781453052112,1
site_ad3433ffac,2026-02-26T08:00:00+00:00,0.9955781453052112,1
site_ad3433ffac,2026-02-26T08:15:00+00:00,0.99561796743304,1
site_ad3433ffac,2026-02-26T08:30:00+00:00,0.9988568338298013,1
site_ad3433ffac,2026-02-26T08:45:00+00:00,0.9955781453052112,1
site_ad3433ffac,2026-02-26T09:00:00+00:00,0.9956048013094762,1
site_ad3433ffac,2026-02-26T09:15:00+00:00,0.9988568338298013,1
site_ad3433ffac,2026-02-26T09:30:00+00:00,0.99561796743304,1
site_ad3433ffac,2026-02-26T09:45:00+00:00,0.9955915277073523,1
site_ad3433ffac,2026-02-26T10:00:00+00:00,0.9988568338298013,1
site_ad3433ffac,2026-02-26T10:15:00+00:00,0.9988568338298013,1
site_ad3433ffac,2026-02-26T10:30:00+00:00,0.9988568338298013,1
site_ad3433ffac,2026-02-26T10:45:00+00:00,0.9988568338298013,1
site_ad3433ffac,2026-02-26T11:00:00+00:00,0.9988568338298013,1
site_ad3433ffac,2026-02-26T11:15:00+00:00,0.9988568338298013,1
site_ad3433ffac,2026-02-26T11:30:00+00:00,0.9988568338298013,1
site_ad3433ffac,2026-02-26T11:45:00+00:00,0.9988568338298013,1
site_ad3433ffac,2026-02-26T12:00:00+00:00,0.9988568338298013,1
site_ad3433ffac,2026-02-26T12:15:00+00:00,0.9988568338298013,1
site_ad3433ffac,2026-02-26T12:30:00+00:00,0.9988568338298013,1
site_ad3433ffac,2026-02-26T12:45:00+00:00,0.9988568338298013,1
site_ad3433ffac,2026-02-26T13:00:00+00:00,0.9988568338298013,1
site_ad3433ffac,2026-02-26T13:15:00+00:00,0.9988568338298013,1
site_ad3433ffac,2026-02-26T13:30:00+00:00,0.9988568338298013,1
site_ad3433ffac,2026-02-26T13:45:00+00:00,0.9988568338298013,1
site_ad3433ffac,2026-02-26T14:00:00+00:00,0.9988568338298013,1
site_ad3433ffac,2026-02-26T14:15:00+00:00,0.9988568338298013,1
site_ad3433ffac,2026-02-26T14:30:00+00:00,0.9988568338298013,1
site_ad3433ffac,2026-02-26T14:45:00+00:00,0.9988568338298013,1
site_ad3433ffac,2026-02-26T15:00:00+00:00,0.9955373317551125,1
site_ad3433ffac,2026-02-26T15:15:00+00:00,0.9988568338298013,1
site_ad3433ffac,2026-02-26T15:30:00+00:00,0.9988568338298013,1
site_ad3433ffac,2026-02-26T15:45:00+00:00,0.9988568338298013,1
site_ad3433ffac,2026-02-26T16:00:00+00:00,0.9988568338298013,1
site_ad3433ffac,2026-02-26T16:15:00+00:00,0.9988568338298013,1
site_ad3433ffac,2026-02-26T16:30:00+00:00,0.9954670033213265,1
site_ad3433ffac,2026-02-26T16:45:00+00:00,0.9988568338298013,1
site_ad3433ffac,2026-02-26T17:00:00+00:00,0.9988568338298013,1
site_ad3433ffac,2026-02-26T17:15:00+00:00,0.9988568338298013,1
site_ad3433ffac,2026-02-26T17:30:00+00:00,0.9988568338298013,1
site_ad3433ffac,2026-02-26T17:45:00+00:00,0.9988568338298013,1
site_ad3433ffac,2026-02-26T18:00:00+00:00,0.9988568338298013,1
site_ad3433ffac,2026-02-26T18:15:00+00:00,0.9988568338298013,1
site_ad3433ffac,2026-02-26T18:30:00+00:00,0.9988568338298013,1
site_ad3433ffac,2026-02-26T18:45:00+00:00,0.9988568338298013,1
site_ad3433ffac,2026-02-26T19:00:00+00:00,0.9988568338298013,1
site_ad3433ffac,2026-02-26T19:15:00+00:00,0.9988568338298013,1
site_ad3433ffac,2026-02-26T19:30:00+00:00,0.9988568338298013,1
site_ad3433ffac,2026-02-26T19:45:00+00:00,0.9988568338298013,1
site_ad3433ffac,2026-02-26T20:00:00+00:00,0.9988568338298013,1
site_ad3433ffac,2026-02-26T20:15:00+00:00,0.9988568338298013,1
site_ad3433ffac,2026-02-26T20:30:00+00:00,0.9954954892919862,1
site_ad3433ffac,2026-02-26T20:45:00+00:00,0.9954670033213265,1
site_ad3433ffac,2026-02-26T21:00:00+00:00,0.9988568338298013,1
site_ad3433ffac,2026-02-26T21:15:00+00:00,0.9919304269033944,1
site_ad3433ffac,2026-02-26T21:30:00+00:00,0.9954085579677322,1
site_ad3433ffac,2026-02-26T21:45:00+00:00,0.9919003120906709,1
site_ad3433ffac,2026-02-26T22:00:00+00:00,0.9920771728128521,1
site_ad3433ffac,2026-02-26T22:15:00+00:00,0.9885564046452519,1
site_ad3433ffac,2026-02-26T22:30:00+00:00,0.9919602821056632,1
site_ad3433ffac,2026-02-26T22:45:00+00:00,0.9884220512211055,1
site_ad3433ffac,2026-02-26T23:00:00+00:00,0.9909750604307863,1
site_ad3433ffac,2026-02-26T23:15:00+00:00,0.9905666783893867,1
site_ad3433ffac,2026-02-26T23:30:00+00:00,0.9869756457109894,1
site_ad3433ffac,2026-02-26T23:45:00+00:00,0.9869756457109894,1
site_ad3433ffac,2026-02-27T00:00:00+00:00,0.9723374968132266,1
site_ad3433ffac,2026-02-27T00:15:00+00:00,0.9758903266527679,1
site_ad3433ffac,2026-02-27T00:30:00+00:00,0.983472218445186,1
site_ad3433ffac,2026-02-27T00:45:00+00:00,0.983322853247277,1
site_ad3433ffac,2026-02-27T01:00:00+00:00,0.9765312524344523,1
site_ad3433ffac,2026-02-27T01:15:00+00:00,0.9807572863184891,1
site_ad3433ffac,2026-02-27T01:30:00+00:00,0.9879477429207103,1
site_ad3433ffac,2026-02-27T01:45:00+00:00,0.9811577187855534,1
site_ad3433ffac,2026-02-27T02:00:00+00:00,0.9808388158117832,1
site_ad3433ffac,2026-02-27T02:15:00+00:00,0.984571119544087,1
site_ad3433ffac,2026-02-27T02:30:00+00:00,0.9777114593804619,1
site_ad3433ffac,2026-02-27T02:45:00+00:00,0.9883305180403277,1
site_ad3433ffac,2026-02-27T03:00:00+00:00,0.984821746110503,1
site_ad3433ffac,2026-02-27T03:15:00+00:00,0.9816894518555521,1
site_ad3433ffac,2026-02-27T03:30:00+00:00,0.9780776130505803,1
site_ad3433ffac,2026-02-27T03:45:00+00:00,0.9812356884553519,1
site_ad3433ffac,2026-02-27T04:00:00+00:00,0.9816154545194564,1
site_ad3433ffac,2026-02-27T04:15:00+00:00,0.9850637303815255,1
site_ad3433ffac,2026-02-27T04:30:00+00:00,0.9851816201545877,1
site_ad3433ffac,2026-02-27T04:45:00+00:00,0.9851229282504022,1
site_ad3433ffac,2026-02-27T05:00:00+00:00,0.9954670033213265,1
site_ad3433ffac,2026-02-27T05:15:00+00:00,0.9954670033213265,1
site_ad3433ffac,2026-02-27T05:30:00+00:00,0.9954380304109979,1
site_ad3433ffac,2026-02-27T05:45:00+00:00,0.9988568338298013,1
site_ad3433ffac,2026-02-27T06:00:00+00:00,0.9954670033213265,1
site_ad3433ffac,2026-02-27T06:15:00+00:00,0.9955373317551125,1
site_ad3433ffac,2026-02-27T06:30:00+00:00,0.9955373317551125,1
site_ad3433ffac,2026-02-27T06:45:00+00:00,0.9922724716898834,1
site_ad3433ffac,2026-02-27T07:00:00+00:00,0.9988568338298013,1
site_ad3433ffac,2026-02-27T07:15:00+00:00,0.99561796743304,1
site_ad3433ffac,2026-02-27T07:30:00+00:00,0.9988568338298013,1
site_ad3433ffac,2026-02-27T07:45:00+00:00,0.9955781453052112,1
site_ad3433ffac,2026-02-27T08:00:00+00:00,0.9955781453052112,1
site_ad3433ffac,2026-02-27T08:15:00+00:00,0.99561796743304,1
site_ad3433ffac,2026-02-27T08:30:00+00:00,0.9988568338298013,1
site_ad3433ffac,2026-02-27T08:45:00+00:00,0.9955781453052112,1
site_ad3433ffac,2026-02-27T09:00:00+00:00,0.9956048013094762,1
site_ad3433ffac,2026-02-27T09:15:00+00:00,0.9988568338298013,1
site_ad3433ffac,2026-02-27T09:30:00+00:00,0.99561796743304,1
site_ad3433ffac,2026-02-27T09:45:00+00:00,0.9955915277073523,1
site_ad3433ffac,2026-02-27T10:00:00+00:00,0.9988568338298013,1
site_ad3433ffac,2026-02-27T10:15:00+00:00,0.9988568338298013,1
site_ad3433ffac,2026-02-27T10:30:00+00:00,0.9988568338298013,1
site_ad3433ffac,2026-02-27T10:45:00+00:00,0.9988568338298013,1
site_ad3433ffac,2026-02-27T11:00:00+00:00,0.9988568338298013,1
site_ad3433ffac,2026-02-27T11:15:00+00:00,0.9988568338298013,1
site_ad3433ffac,2026-02-27T11:30:00+00:00,0.9988568338298013,1
site_ad3433ffac,2026-02-27T11:45:00+00:00,0.9988568338298013,1
site_ad3433ffac,2026-02-27T12:00:00+00:00,0.9988568338298013,1
site_ad3433ffac,2026-02-27T12:15:00+00:00,0.9988568338298013,1
site_ad3433ffac,2026-02-27T12:30:00+00:00,0.9988568338298013,1
site_ad3433ffac,2026-02-27T12:45:00+00:00,0.9988568338298013,1
site_ad3433ffac,2026-02-27T13:00:00+00:00,0.9988568338298013,1
site_ad3433ffac,2026-02-27T13:15:00+00:00,0.9988568338298013,1
site_ad3433ffac,2026-02-27T13:30:00+00:00,0.9988568338298013,1
site_ad3433ffac,2026-02-27T13:45:00+00:00,0.9988568338298013,1
site_ad3433ffac,2026-02-27T14:00:00+00:00,0.9988568338298013,1
site_ad3433ffac,2026-02-27T14:15:00+00:00,0.9988568338298013,1
site_ad3433ffac,2026-02-27T14:30:00+00:00,0.9988568338298013,1
site_ad3433ffac,2026-02-27T14:45:00+00:00,0.9988568338298013,1
site_ad3433ffac,2026-02-27T15:00:00+00:00,0.9955373317551125,1
site_ad3433ffac,2026-02-27T15:15:00+00:00,0.9988568338298013,1
site_ad3433ffac,2026-02-27T15:30:00+00:00,0.9988568338298013,1
site_ad3433ffac,2026-02-27T15:45:00+00:00,0.9988568338298013,1
site_ad3433ffac,2026-02-27T16:00:00+00:00,0.9988568338298013,1
site_ad3433ffac,2026-02-27T16:15:00+00:00,0.9988568338298013,1
site_ad3433ffac,2026-02-27T16:30:00+00:00,0.9954670033213265,1
site_ad3433ffac,2026-02-27T16:45:00+00:00,0.9988568338298013,1
site_ad3433ffac,2026-02-27T17:00:00+00:00,0.9988568338298013,1
site_ad3433ffac,2026-02-27T17:15:00+00:00,0.9988568338298013,1
site_ad3433ffac,2026-02-27T17:30:00+00:00,0.9988568338298013,1
site_ad3433ffac,2026-02-27T17:45:00+00:00,0.9988568338298013,1
site_ad3433ffac,2026-02-27T18:00:00+00:00,0.9988568338298013,1
site_ad3433ffac,2026-02-27T18:15:00+00:00,0.9988568338298013,1
site_ad3433ffac,2026-02-27T18:30:00+00:00,0.9988568338298013,1
site_ad3433ffac,2026-02-27T18:45:00+00:00,0.9988568338298013,1
site_ad3433ffac,2026-02-27T19:00:00+00:00,0.9988568338298013,1
site_ad3433ffac,2026-02-27T19:15:00+00:00,0.9988568338298013,1
site_ad3433ffac,2026-02-27T19:30:00+00:00,0.9988568338298013,1
site_ad3433ffac,2026-02-27T19:45:00+00:00,0.9988568338298013,1
site_ad3433ffac,2026-02-27T20:00:00+00:00,0.9988568338298013,1
site_ad3433ffac,2026-02-27T20:15:00+00:00,0.9988568338298013,1
site_ad3433ffac,2026-02-27T20:30:00+00:00,0.9954954892919862,1
site_ad3433ffac,2026-02-27T20:45:00+00:00,0.9954670033213265,1
site_ad3433ffac,2026-02-27T21:00:00+00:00,0.9988568338298013,1
site_ad3433ffac,2026-02-27T21:15:00+00:00,0.9919304269033944,1
site_ad3433ffac,2026-02-27T21:30:00+00:00,0.9954085579677322,1
site_ad3433ffac,2026-02-27T21:45:00+00:00,0.9919003120906709,1
site_ad3433ffac,2026-02-27T22:00:00+00:00,0.9920771728128521,1
site_ad3433ffac,2026-02-27T22:15:00+00:00,0.9885564046452519,1
site_ad3433ffac,2026-02-27T22:30:00+00:00,0.9919602821056632,1
site_ad3433ffac,2026-02-27T22:45:00+00:00,0.9884220512211055,1
site_ad3433ffac,2026-02-27T23:00:00+00:00,0.9909750604307863,1
site_ad3433ffac,2026-02-27T23:15:00+00:00,0.9905666783893867,1
site_ad3433ffac,2026-02-27T23:30:00+00:00,0.9869756457109894,1
site_ad3433ffac,2026-02-27T23:45:00+00:00,0.9869756457109894,1
site_ad3433ffac,2026-02-28T00:00:00+00:00,0.9723374968132266,1
site_ad3433ffac,2026-02-28T00:15:00+00:00,0.9758903266527679,1
site_ad3433ffac,2026-02-28T00:30:00+00:00,0.983472218445186,1
site_ad3433ffac,2026-02-28T00:45:00+00:00,0.983322853247277,1
site_ad3433ffac,2026-02-28T01:00:00+00:00,0.9765312524344523,1
site_ad3433ffac,2026-02-28T01:15:00+00:00,0.9807572863184891,1
site_ad3433ffac,2026-02-28T01:30:00+00:00,0.9879477429207103,1
site_ad3433ffac,2026-02-28T01:45:00+00:00,0.9811577187855534,1
site_ad3433ffac,2026-02-28T02:00:00+00:00,0.9808388158117832,1
site_ad3433ffac,2026-02-28T02:15:00+00:00,0.984571119544087,1
site_ad3433ffac,2026-02-28T02:30:00+00:00,0.9777114593804619,1
site_ad3433ffac,2026-02-28T02:45:00+00:00,0.9883305180403277,1
site_ad3433ffac,2026-02-28T03:00:00+00:00,0.984821746110503,1
site_ad3433ffac,2026-02-28T03:15:00+00:00,0.9816894518555521,1
site_ad3433ffac,2026-02-28T03:30:00+00:00,0.9780776130505803,1
site_ad3433ffac,2026-02-28T03:45:00+00:00,0.9812356884553519,1
site_ad3433ffac,2026-02-28T04:00:00+00:00,0.9816154545194564,1
site_ad3433ffac,2026-02-28T04:15:00+00:00,0.9850637303815255,1
site_ad3433ffac,2026-02-28T04:30:00+00:00,0.9851816201545877,1
site_ad3433ffac,2026-02-28T05:15:00+00:00,0.9954670033213265,1
site_ad3433ffac,2026-02-28T05:30:00+00:00,0.9954380304109979,1
site_ad3433ffac,2026-02-28T05:45:00+00:00,0.9988568338298013,1
site_ad3433ffac,2026-02-28T06:00:00+00:00,0.9954670033213265,1
site_ad3433ffac,2026-02-28T06:15:00+00:00,0.9955373317551125,1
site_ad3433ffac,2026-02-28T06:30:00+00:00,0.9955373317551125,1
site_ad3433ffac,2026-02-28T06:45:00+00:00,0.9922724716898834,1
site_ad3433ffac,2026-02-28T07:00:00+00:00,0.9988568338298013,1
site_ad3433ffac,2026-02-28T07:15:00+00:00,0.99561796743304,1
site_ad3433ffac,2026-02-28T07:30:00+00:00,0.9988568338298013,1
site_ad3433ffac,2026-02-28T07:45:00+00:00,0.9955781453052112,1
site_ad3433ffac,2026-02-28T08:00:00+00:00,0.9955781453052112,1
site_ad3433ffac,2026-02-28T08:15:00+00:00,0.99561796743304,1
site_ad3433ffac,2026-02-28T08:30:00+00:00,0.9988568338298013,1
site_ad3433ffac,2026-02-28T08:45:00+00:00,0.9955781453052112,1
site_ad3433ffac,2026-02-28T09:00:00+00:00,0.9956048013094762,1
site_ad3433ffac,2026-02-28T09:15:00+00:00,0.9988568338298013,1
site_ad3433ffac,2026-02-28T09:30:00+00:00,0.99561796743304,1
site_ad3433ffac,2026-02-28T09:45:00+00:00,0.9955915277073523,1
site_ad3433ffac,2026-02-28T10:00:00+00:00,0.9988568338298013,1
site_ad3433ffac,2026-02-28T10:15:00+00:00,0.9988568338298013,1
site_ad3433ffac,2026-02-28T10:30:00+00:00,0.9988568338298013,1
site_ad3433ffac,2026-02-28T10:45:00+00:00,0.9988568338298013,1
site_ad3433ffac,2026-02-28T11:00:00+00:00,0.9988568338298013,1
site_ad3433ffac,2026-02-28T11:15:00+00:00,0.9988568338298013,1
site_ad3433ffac,2026-02-28T11:30:00+00:00,0.9988568338298013,1
site_ad3433ffac,2026-02-28T11:45:00+00:00,0.9988568338298013,1
site_ad3433ffac,2026-02-28T12:00:00+00:00,0.9988568338298013,1
site_ad3433ffac,2026-02-28T12:15:00+00:00,0.9988568338298013,1
site_ad3433ffac,2026-02-28T12:30:00+00:00,0.9988568338298013,1
site_ad3433ffac,2026-02-28T12:45:00+00:00,0.9988568338298013,1
site_ad3433ffac,2026-02-28T13:00:00+00:00,0.9988568338298013,1
site_ad3433ffac,2026-02-28T13:15:00+00:00,0.9988568338298013,1
site_ad3433ffac,2026-02-28T13:30:00+00:00,0.9988568338298013,1
site_ad3433ffac,2026-02-28T13:45:00+00:00,0.9988568338298013,1
site_ad3433ffac,2026-02-28T14:00:00+00:00,0.9988568338298013,1
site_ad3433ffac,2026-02-28T14:15:00+00:00,0.9988568338298013,1
site_ad3433ffac,2026-02-28T14:30:00+00:00,0.9988568338298013,1
site_ad3433ffac,2026-02-28T14:45:00+00:00,0.9988568338298013,1
site_ad3433ffac,2026-02-28T15:00:00+00:00,0.9955373317551125,1
site_ad3433ffac,2026-02-28T15:15:00+00:00,0.9988568338298013,1
site_ad3433ffac,2026-02-28T15:30:00+00:00,0.9988568338298013,1
site_ad3433ffac,2026-02-28T15:45:00+00:00,0.9988568338298013,1
site_ad3433ffac,2026-02-28T16:00:00+00:00,0.9988568338298013,1
site_ad3433ffac,2026-02-28T16:15:00+00:00,0.9988568338298013,1
site_ad3433ffac,2026-02-28T16:30:00+00:00,0.9954670033213265,1
site_ad3433ffac,2026-02-28T16:45:00+00:00,0.9988568338298013,1
site_ad3433ffac,2026-02-28T17:00:00+00:00,0.9988568338298013,1
site_ad3433ffac,2026-02-28T17:15:00+00:00,0.9988568338298013,1
site_ad3433ffac,2026-02-28T17:30:00+00:00,0.9988568338298013,1
site_ad3433ffac,2026-02-28T17:45:00+00:00,0.9988568338298013,1
site_ad3433ffac,2026-02-28T18:00:00+00:00,0.9988568338298013,1
site_ad3433ffac,2026-02-28T18:15:00+00:00,0.9988568338298013,1
site_ad3433ffac,2026-02-28T18:30:00+00:00,0.9988568338298013,1
site_ad3433ffac,2026-02-28T18:45:00+00:00,0.9988568338298013,1
site_ad3433ffac,2026-02-28T19:00:00+00:00,0.9988568338298013,1
site_ad3433ffac,2026-02-28T19:15:00+00:00,0.9988568338298013,1
site_ad3433ffac,2026-02-28T19:30:00+00:00,0.9988568338298013,1
site_ad3433ffac,2026-02-28T19:45:00+00:00,0.9988568338298013,1
site_ad3433ffac,2026-02-28T20:00:00+00:00,0.9988568338298013,1
site_ad3433ffac,2026-02-28T20:15:00+00:00,0.9988568338298013,1
site_ad3433ffac,2026-02-28T20:30:00+00:00,0.9954954892919862,1
site_ad3433ffac,2026-02-28T20:45:00+00:00,0.9954670033213265,1
site_ad3433ffac,2026-02-28T21:00:00+00:00,0.9988568338298013,1
site_ad3433ffac,2026-02-28T21:15:00+00:00,0.9919304269033944,1
site_ad3433ffac,2026-02-28T21:30:00+00:00,0.9954085579677322,1
site_ad3433ffac,2026-02-28T21:45:00+00:00,0.9919003120906709,1
site_ad3433ffac,2026-02-28T22:00:00+00:00,0.9920771728128521,1
site_ad3433ffac,2026-02-28T22:15:00+00:00,0.9885564046452519,1
site_ad3433ffac,2026-02-28T22:30:00+00:00,0.9919602821056632,1
site_ad3433ffac,2026-02-28T22:45:00+00:00,0.9884220512211055,1
site_ad3433ffac,2026-02-28T23:00:00+00:00,0.9909750604307863,1
site_ad3433ffac,2026-02-28T23:15:00+00:00,0.9905666783893867,1
site_ad3433ffac,2026-02-28T23:30:00+00:00,0.9869756457109894,1
site_ad3433ffac,2026-02-28T23:45:00+00:00,0.9869756457109894,1
site_ad3433ffac,2026-03-01T00:00:00+00:00,0.9723374968132266,1
site_ad3433ffac,2026-03-01T00:15:00+00:00,0.9758903266527679,1
site_ad3433ffac,2026-03-01T00:30:00+00:00,0.983472218445186,1
site_ad3433ffac,2026-03-01T00:45:00+00:00,0.983322853247277,1
site_ad3433ffac,2026-03-01T01:00:00+00:00,0.9765312524344523,1
site_ad3433ffac,2026-03-01T01:15:00+00:00,0.9807572863184891,1
site_ad3433ffac,2026-03-01T01:30:00+00:00,0.9879477429207103,1
site_ad3433ffac,2026-03-01T01:45:00+00:00,0.9811577187855534,1
site_ad3433ffac,2026-03-01T02:00:00+00:00,0.9808388158117832,1
site_ad3433ffac,2026-03-01T02:15:00+00:00,0.984571119544087,1
site_ad3433ffac,2026-03-01T02:30:00+00:00,0.9777114593804619,1
site_ad3433ffac,2026-03-01T02:45:00+00:00,0.9883305180403277,1
site_ad3433ffac,2026-03-01T03:00:00+00:00,0.984821746110503,1
site_ad3433ffac,2026-03-01T03:15:00+00:00,0.9816894518555521,1
site_ad3433ffac,2026-03-01T03:30:00+00:00,0.9780776130505803,1
site_ad3433ffac,2026-03-01T03:45:00+00:00,0.9812356884553519,1
site_ad3433ffac,2026-03-01T04:00:00+00:00,0.9816154545194564,1
site_ad3433ffac,2026-03-01T04:15:00+00:00,0.9850637303815255,1
site_ad3433ffac,2026-03-01T04:30:00+00:00,0.9851816201545877,1
site_ad3433ffac,2026-03-01T04:45:00+00:00,0.9851229282504022,1
site_ad3433ffac,2026-03-01T05:00:00+00:00,0.9954670033213265,1
site_ad3433ffac,2026-03-01T05:15:00+00:00,0.9954670033213265,1
site_ad3433ffac,2026-03-01T05:30:00+00:00,0.9954380304109979,1
site_ad3433ffac,2026-03-01T05:45:00+00:00,0.9988568338298013,1
site_ad3433ffac,2026-03-01T06:00:00+00:00,0.9954670033213265,1
site_ad3433ffac,2026-03-01T06:15:00+00:00,0.9955373317551125,1
site_ad3433ffac,2026-03-01T06:30:00+00:00,0.9955373317551125,1
site_ad3433ffac,2026-03-01T06:45:00+00:00,0.9922724716898834,1
site_ad3433ffac,2026-03-01T07:00:00+00:00,0.9988568338298013,1
site_ad3433ffac,2026-03-01T07:15:00+00:00,0.99561796743304,1
site_ad3433ffac,2026-03-01T07:30:00+00:00,0.9988568338298013,1
site_ad3433ffac,2026-03-01T07:45:00+00:00,0.9955781453052112,1
site_ad3433ffac,2026-03-01T08:00:00+00:00,0.9955781453052112,1
site_ad3433ffac,2026-03-01T08:15:00+00:00,0.99561796743304,1
site_ad3433ffac,2026-03-01T08:30:00+00:00,0.9988568338298013,1
site_ad3433ffac,2026-03-01T08:45:00+00:00,0.9955781453052112,1
site_ad3433ffac,2026-03-01T09:00:00+00:00,0.9956048013094762,1
site_ad3433ffac,2026-03-01T09:15:00+00:00,0.9988568338298013,1
site_ad3433ffac,2026-03-01T09:30:00+00:00,0.99561796743304,1
site_ad3433ffac,2026-03-01T09:45:00+00:00,0.9955915277073523,1
site_ad3433ffac,2026-03-01T10:00:00+00:00,0.9988568338298013,1
site_ad3433ffac,2026-03-01T10:15:00+00:00,0.9988568338298013,1
site_ad3433ffac,2026-03-01T10:30:00+00:00,0.9988568338298013,1
site_ad3433ffac,2026-03-01T10:45:00+00:00,0.9988568338298013,1
site_ad3433ffac,2026-03-01T11:00:00+00:00,0.9988568338298013,1
site_ad3433ffac,2026-03-01T11:15:00+00:00,0.9988568338298013,1
site_ad3433ffac,2026-03-01T11:30:00+00:00,0.9988568338298013,1
site_ad3433ffac,2026-03-01T11:45:00+00:00,0.9988568338298013,1
site_ad3433ffac,2026-03-01T12:00:00+00:00,0.9988568338298013,1
site_ad3433ffac,2026-03-01T12:15:00+00:00,0.9988568338298013,1
site_ad3433ffac,2026-03-01T12:30:00+00:00,0.9988568338298013,1
site_ad3433ffac,2026-03-01T12:45:00+00:00,0.9988568338298013,1
site_ad3433ffac,2026-03-01T13:00:00+00:00,0.9988568338298013,1
site_ad3433ffac,2026-03-01T13:15:00+00:00,0.9988568338298013,1
site_ad3433ffac,2026-03-01T13:30:00+00:00,0.9988568338298013,1
site_ad3433ffac,2026-03-01T13:45:00+00:00,0.9988568338298013,1
site_ad3433ffac,2026-03-01T14:00:00+00:00,0.9988568338298013,1
site_ad3433ffac,2026-03-01T14:15:00+00:00,0.9988568338298013,1
site_ad3433ffac,2026-03-01T14:30:00+00:00,0.9988568338298013,1
site_ad3433ffac,2026-03-01T14:45:00+00:00,0.9988568338298013,1
site_ad3433ffac,2026-03-01T15:00:00+00:00,0.9955373317551125,1
site_ad3433ffac,2026-03-01T15:15:00+00:00,0.9988568338298013,1
site_ad3433ffac,2026-03-01T15:30:00+00:00,0.9988568338298013,1
site_ad3433ffac,2026-03-01T15:45:00+00:00,0.9988568338298013,1
site_ad3433ffac,2026-03-01T16:00:00+00:00,0.9988568338298013,1
site_ad3433ffac,2026-03-01T16:15:00+00:00,0.9988568338298013,1
site_ad3433ffac,2026-03-01T16:30:00+00:00,0.9954670033213265,1
site_ad3433ffac,2026-03-01T16:45:00+00:00,0.9988568338298013,1
site_ad3433ffac,2026-03-01T17:00:00+00:00,0.9988568338298013,1
site_ad3433ffac,2026-03-01T17:15:00+00:00,0.9988568338298013,1
site_ad3433ffac,2026-03-01T17:30:00+00:00,0.9988568338298013,1
site_ad3433ffac,2026-03-01T17:45:00+00:00,0.9988568338298013,1
site_ad3433ffac,2026-03-01T18:00:00+00:00,0.9988568338298013,1
site_ad3433ffac,2026-03-01T18:15:00+00:00,0.9988568338298013,1
site_ad3433ffac,2026-03-01T18:30:00+00:00,0.9988568338298013,1
site_ad3433ffac,2026-03-01T18:45:00+00:00,0.9988568338298013,1
site_ad3433ffac,2026-03-01T19:00:00+00:00,0.9988568338298013,1
site_ad3433ffac,2026-03-01T19:15:00+00:00,0.9988568338298013,1
site_ad3433ffac,2026-03-01T19:30:00+00:00,0.9988568338298013,1
site_ad3433ffac,2026-03-01T19:45:00+00:00,0.9988568338298013,1
site_ad3433ffac,2026-03-01T20:00:00+00:00,0.9988568338298013,1
site_ad3433ffac,2026-03-01T20:15:00+00:00,0.9988568338298013,1
site_ad3433ffac,2026-03-01T20:30:00+00:00,0.9954954892919862,1
site_ad3433ffac,2026-03-01T20:45:00+00:00,0.9954670033213265,1
site_ad3433ffac,2026-03-01T21:00:00+00:00,0.9988568338298013,1
site_ad3433ffac,2026-03-01T21:15:00+00:00,0.9919304269033944,1
site_ad3433ffac,2026-03-01T21:30:00+00:00,0.9954085579677322,1
site_ad3433ffac,2026-03-01T21:45:00+00:00,0.9919003120906709,1
site_ad3433ffac,2026-03-01T22:00:00+00:00,0.9920771728128521,1
site_ad3433ffac,2026-03-01T22:15:00+00:00,0.9885564046452519,1
site_ad3433ffac,2026-03-01T22:30:00+00:00,0.9919602821056632,1
site_ad3433ffac,2026-03-01T22:45:00+00:00,0.9884220512211055,1
site_ad3433ffac,2026-03-01T23:00:00+00:00,0.9909750604307863,1
site_ad3433ffac,2026-03-01T23:15:00+00:00,0.9905666783893867,1
site_ad3433ffac,2026-03-01T23:30:00+00:00,0.9869756457109894,1
site_ad3433ffac,2026-03-01T23:45:00+00:00,0.9869756457109894,1
site_ad3433ffac,2026-03-02T00:00:00+00:00,0.9723374968132266,1
site_ad3433ffac,2026-03-02T00:15:00+00:00,0.9758903266527679,1
site_ad3433ffac,2026-03-02T00:30:00+00:00,0.983472218445186,1
site_ad3433ffac,2026-03-02T00:45:00+00:00,0.983322853247277,1
site_ad3433ffac,2026-03-02T01:00:00+00:00,0.9765312524344523,1
site_ad3433ffac,2026-03-02T01:15:00+00:00,0.9807572863184891,1
site_ad3433ffac,2026-03-02T01:30:00+00:00,0.9879477429207103,1
site_ad3433ffac,2026-03-02T01:45:00+00:00,0.9811577187855534,1
site_ad3433ffac,2026-03-02T02:00:00+00:00,0.9808388158117832,1
site_ad3433ffac,2026-03-02T02:15:00+00:00,0.984571119544087,1
site_ad3433ffac,2026-03-02T02:30:00+00:00,0.9777114593804619,1
site_ad3433ffac,2026-03-02T02:45:00+00:00,0.9883305180403277,1
site_ad3433ffac,2026-03-02T03:00:00+00:00,0.984821746110503,1
site_ad3433ffac,2026-03-02T03:15:00+00:00,0.9816894518555521,1
site_ad3433ffac,2026-03-02T03:30:00+00:00,0.9780776130505803,1
site_ad3433ffac,2026-03-02T03:45:00+00:00,0.9812356884553519,1
site_ad3433ffac,2026-03-02T04:00:00+00:00,0.9816154545194564,1
site_ad3433ffac,2026-03-02T04:15:00+00:00,0.9850637303815255,1
site_ad3433ffac,2026-03-02T04:30:00+00:00,0.9851816201545877,1
site_ad3433ffac,2026-03-02T04:45:00+00:00,0.9851229282504022,1
site_ad3433ffac,2026-03-02T05:00:00+00:00,0.9954670033213265,1
site_ad3433ffac,2026-03-02T05:15:00+00:00,0.9954670033213265,1
site_ad3433ffac,2026-03-02T05:30:00+00:00,0.9954380304109979,1
site_ad3433ffac,2026-03-02T05:45:00+00:00,0.9988568338298013,1
site_ad3433ffac,2026-03-02T06:00:00+00:00,0.9954670033213265,1
site_ad3433ffac,2026-03-02T06:15:00+00:00,0.9955373317551125,1
site_ad3433ffac,2026-03-02T06:30:00+00:00,0.9955373317551125,1
site_ad3433ffac,2026-03-02T06:45:00+00:00,0.9922724716898834,1
site_ad3433ffac,2026-03-02T07:00:00+00:00,0.9988568338298013,1
site_ad3433ffac,2026-03-02T07:15:00+00:00,0.99561796743304,1
site_ad3433ffac,2026-03-02T07:30:00+00:00,0.9988568338298013,1
site_ad3433ffac,2026-03-02T07:45:00+00:00,0.9955781453052112,1
site_ad3433ffac,2026-03-02T08:00:00+00:00,0.9955781453052112,1
site_ad3433ffac,2026-03-02T08:15:00+00:00,0.99561796743304,1
site_ad3433ffac,2026-03-02T08:30:00+00:00,0.9988568338298013,1
site_ad3433ffac,2026-03-02T08:45:00+00:00,0.9955781453052112,1
site_ad3433ffac,2026-03-02T09:00:00+00:00,0.9956048013094762,1
site_ad3433ffac,2026-03-02T09:15:00+00:00,0.9988568338298013,1
site_ad3433ffac,2026-03-02T09:30:00+00:00,0.99561796743304,1
site_ad3433ffac,2026-03-02T09:45:00+00:00,0.9955915277073523,1
site_ad3433ffac,2026-03-02T10:00:00+00:00,0.9988568338298013,1
site_ad3433ffac,2026-03-02T10:15:00+00:00,0.9988568338298013,1
site_ad3433ffac,2026-03-02T10:30:00+00:00,0.9988568338298013,1
site_ad3433ffac,2026-03-02T10:45:00+00:00,0.9988568338298013,1
site_ad3433ffac,2026-03-02T11:00:00+00:00,0.9988568338298013,1
site_ad3433ffac,2026-03-02T11:15:00+00:00,0.9988568338298013,1
site_ad3433ffac,2026-03-02T11:30:00+00:00,0.9988568338298013,1
site_ad3433ffac,2026-03-02T11:45:00+00:00,0.9988568338298013,1
site_ad3433ffac,2026-03-02T12:00:00+00:00,0.9988568338298013,1
site_ad3433ffac,2026-03-02T12:15:00+00:00,0.9988568338298013,1
site_ad3433ffac,2026-03-02T12:30:00+00:00,0.9988568338298013,1
site_ad3433ffac,2026-03-02T12:45:00+00:00,0.9988568338298013,1
site_ad3433ffac,2026-03-02T13:00:00+00:00,0.9988568338298013,1
site_ad3433ffac,2026-03-02T13:15:00+00:00,0.9988568338298013,1
site_ad3433ffac,2026-03-02T13:30:00+00:00,0.9988568338298013,1
site_ad3433ffac,2026-03-02T13:45:00+00:00,0.9988568338298013,1
site_ad3433ffac,2026-03-02T14:00:00+00:00,0.9988568338298013,1
site_ad3433ffac,2026-03-02T14:15:00+00:00,0.9988568338298013,1
site_ad3433ffac,2026-03-02T14:30:00+00:00,0.9988568338298013,1
site_ad3433ffac,2026-03-02T14:45:00+00:00,0.9988568338298013,1
site_ad3433ffac,2026-03-02T15:00:00+00:00,0.9955373317551125,1
site_ad3433ffac,2026-03-02T15:15:00+00:00,0.9988568338298013,1
site_ad3433ffac,2026-03-02T15:30:00+00:00,0.9988568338298013,1
site_ad3433ffac,2026-03-02T15:45:00+00:00,0.9988568338298013,1
site_ad3433ffac,2026-03-02T16:00:00+00:00,0.9988568338298013,1
site_ad3433ffac,2026-03-02T16:15:00+00:00,0.9988568338298013,1
site_ad3433ffac,2026-03-02T16:30:00+00:00,0.9954670033213265,1
site_ad3433ffac,2026-03-02T16:45:00+00:00,0.9988568338298013,1
site_ad3433ffac,2026-03-02T17:00:00+00:00,0.9988568338298013,1
site_ad3433ffac,2026-03-02T17:15:00+00:00,0.9988568338298013,1
site_ad3433ffac,2026-03-02T17:30:00+00:00,0.9988568338298013,1
site_ad3433ffac,2026-03-02T17:45:00+00:00,0.9988568338298013,1
site_ad3433ffac,2026-03-02T18:00:00+00:00,0.9988568338298013,1
site_ad3433ffac,2026-03-02T18:15:00+00:00,0.9988568338298013,1
site_ad3433ffac,2026-03-02T18:30:00+00:00,0.9988568338298013,1
site_ad3433ffac,2026-03-02T18:45:00+00:00,0.9988568338298013,1
site_ad3433ffac,2026-03-02T19:00:00+00:00,0.9988568338298013,1
site_ad3433ffac,2026-03-02T19:15:00+00:00,0.9988568338298013,1
site_ad3433ffac,2026-03-02T19:30:00+00:00,0.9988568338298013,1
site_ad3433ffac,2026-03-02T19:45:00+00:00,0.9988568338298013,1
site_ad3433ffac,2026-03-02T20:00:00+00:00,0.9988568338298013,1
site_ad3433ffac,2026-03-02T20:15:00+00:00,0.9988568338298013,1
site_ad3433ffac,2026-03-02T20:30:00+00:00,0.9954954892919862,1
site_ad3433ffac,2026-03-02T20:45:00+00:00,0.9954670033213265,1
site_ad3433ffac,2026-03-02T21:00:00+00:00,0.9988568338298013,1
site_ad3433ffac,2026-03-02T21:15:00+00:00,0.9919304269033944,1
site_ad3433ffac,2026-03-02T21:30:00+00:00,0.9954085579677322,1
site_ad3433ffac,2026-03-02T21:45:00+00:00,0.9919003120906709,1
site_ad3433ffac,2026-03-02T22:00:00+00:00,0.9920771728128521,1
site_ad3433ffac,2026-03-02T22:15:00+00:00,0.9885564046452519,1
site_ad3433ffac,2026-03-02T22:30:00+00:00,0.9919602821056632,1
site_ad3433ffac,2026-03-02T22:45:00+00:00,0.9884220512211055,1
site_ad3433ffac,2026-03-02T23:00:00+00:00,0.9909750604307863,1
site_ad3433ffac,2026-03-02T23:15:00+00:00,0.9905666783893867,1
site_ad3433ffac,2026-03-02T23:30:00+00:00,0.9869756457109894,1
site_ad3433ffac,2026-03-02T23:45:00+00:00,0.9869756457109894,1
site_ad3433ffac,2026-03-03T00:00:00+00:00,0.9723374968132266,1
site_ad3433ffac,2026-03-03T00:15:00+00:00,0.9758903266527679,1
site_ad3433ffac,2026-03-03T00:30:00+00:00,0.983472218445186,1
site_ad3433ffac,2026-03-03T00:45:00+00:00,0.983322853247277,1
site_ad3433ffac,2026-03-03T01:00:00+00:00,0.9765312524344523,1
site_ad3433ffac,2026-03-03T01:15:00+00:00,0.9807572863184891,1
site_ad3433ffac,2026-03-03T01:30:00+00:00,0.9879477429207103,1
site_ad3433ffac,2026-03-03T01:45:00+00:00,0.9811577187855534,1
site_ad3433ffac,2026-03-03T02:00:00+00:00,0.9808388158117832,1
site_ad3433ffac,2026-03-03T02:15:00+00:00,0.984571119544087,1
site_ad3433ffac,2026-03-03T02:30:00+00:00,0.9777114593804619,1
site_ad3433ffac,2026-03-03T02:45:00+00:00,0.9883305180403277,1
site_ad3433ffac,2026-03-03T03:00:00+00:00,0.984821746110503,1
site_ad3433ffac,2026-03-03T03:15:00+00:00,0.9816894518555521,1
site_ad3433ffac,2026-03-03T03:30:00+00:00,0.9780776130505803,1
site_ad3433ffac,2026-03-03T03:45:00+00:00,0.9812356884553519,1
site_ad3433ffac,2026-03-03T04:00:00+00:00,0.9816154545194564,1
site_ad3433ffac,2026-03-03T04:15:00+00:00,0.9850637303815255,1
site_ad3433ffac,2026-03-03T04:30:00+00:00,0.9851816201545877,1
site_ad3433ffac,2026-03-03T04:45:00+00:00,0.9851229282504022,1
site_ad3433ffac,2026-03-03T05:00:00+00:00,0.9954670033213265,1
site_ad3433ffac,2026-03-03T05:15:00+00:00,0.9954670033213265,1
site_ad3433ffac,2026-03-03T05:30:00+00:00,0.9954380304109979,1
site_ad3433ffac,2026-03-03T05:45:00+00:00,0.9988568338298013,1
site_ad3433ffac,2026-03-03T06:00:00+00:00,0.9954670033213265,1
site_ad3433ffac,2026-03-03T06:15:00+00:00,0.9955373317551125,1
site_ad3433ffac,2026-03-03T06:30:00+00:00,0.9955373317551125,1
site_ad3433ffac,2026-03-03T06:45:00+00:00,0.9922724716898834,1
site_ad3433ffac,2026-03-03T07:00:00+00:00,0.9988568338298013,1
site_ad3433ffac,2026-03-03T07:15:00+00:00,0.99561796743304,1
site_ad3433ffac,2026-03-03T07:30:00+00:00,0.9988568338298013,1
site_ad3433ffac,2026-03-03T07:45:00+00:00,0.9955781453052112,1
site_ad3433ffac,2026-03-03T08:00:00+00:00,0.9955781453052112,1
site_ad3433ffac,2026-03-03T08:15:00+00:00,0.99561796743304,1
site_ad3433ffac,2026-03-03T08:30:00+00:00,0.9988568338298013,1
site_ad3433ffac,2026-03-03T08:45:00+00:00,0.9955781453052112,1
site_ad3433ffac,2026-03-03T09:00:00+00:00,0.9956048013094762,1
site_ad3433ffac,2026-03-03T09:15:00+00:00,0.9988568338298013,1
site_ad3433ffac,2026-03-03T09:30:00+00:00,0.99561796743304,1
site_ad3433ffac,2026-03-03T09:45:00+00:00,0.9955915277073523,1
site_ad3433ffac,2026-03-03T10:00:00+00:00,0.9988568338298013,1
site_ad3433ffac,2026-03-03T10:15:00+00:00,0.9988568338298013,1
site_ad3433ffac,2026-03-03T10:30:00+00:00,0.9988568338298013,1
site_ad3433ffac,2026-03-03T10:45:00+00:00,0.9988568338298013,1
site_ad3433ffac,2026-03-03T11:00:00+00:00,0.9988568338298013,1
site_ad3433ffac,2026-03-03T11:15:00+00:00,0.9988568338298013,1
site_ad3433ffac,2026-03-03T11:30:00+00:00,0.9988568338298013,1
site_ad3433ffac,2026-03-03T11:45:00+00:00,0.9988568338298013,1
site_ad3433ffac,2026-03-03T12:00:00+00:00,0.9988568338298013,1
site_ad3433ffac,2026-03-03T12:15:00+00:00,0.9988568338298013,1
site_ad3433ffac,2026-03-03T12:30:00+00:00,0.9988568338298013,1
site_ad3433ffac,2026-03-03T12:45:00+00:00,0.9988568338298013,1
site_ad3433ffac,2026-03-03T13:00:00+00:00,0.9988568338298013,1
site_ad3433ffac,2026-03-03T13:15:00+00:00,0.9988568338298013,1
site_ad3433ffac,2026-03-03T13:30:00+00:00,0.9988568338298013,1
site_ad3433ffac,2026-03-03T13:45:00+00:00,0.9988568338298013,1
site_ad3433ffac,2026-03-03T14:00:00+00:00,0.9988568338298013,1
site_ad3433ffac,2026-03-03T14:15:00+00:00,0.9988568338298013,1
site_ad3433ffac,2026-03-03T14:30:00+00:00,0.9988568338298013,1
site_ad3433ffac,2026-03-03T14:45:00+00:00,0.9988568338298013,1
site_ad3433ffac,2026-03-03T15:00:00+00:00,0.9955373317551125,1
site_ad3433ffac,2026-03-03T15:15:00+00:00,0.9988568338298013,1
site_ad3433ffac,2026-03-03T15:30:00+00:00,0.9988568338298013,1
site_ad3433ffac,2026-03-03T15:45:00+00:00,0.9988568338298013,1
site_ad3433ffac,2026-03-03T16:00:00+00:00,0.9988568338298013,1
site_ad3433ffac,2026-03-03T16:15:00+00:00,0.9988568338298013,1
site_ad3433ffac,2026-03-03T16:30:00+00:00,0.9954670033213265,1
site_ad3433ffac,2026-03-03T16:45:00+00:00,0.9988568338298013,1
site_ad3433ffac,2026-03-03T17:00:00+00:00,0.9988568338298013,1
site_ad3433ffac,2026-03-03T17:15:00+00:00,0.9988568338298013,1
site_ad3433ffac,2026-03-03T17:30:00+00:00,0.9988568338298013,1
site_ad3433ffac,2026-03-03T17:45:00+00:00,0.9988568338298013,1
site_ad3433ffac,2026-03-03T18:00:00+00:00,0.9988568338298013,1
site_ad3433ffac,2026-03-03T18:15:00+00:00,0.9988568338298013,1
site_ad3433ffac,2026-03-03T18:30:00+00:00,0.9988568338298013,1
site_ad3433ffac,2026-03-03T18:45:00+00:00,0.9988568338298013,1
site_ad3433ffac,2026-03-03T19:00:00+00:00,0.9988568338298013,1
site_ad3433ffac,2026-03-03T19:15:00+00:00,0.9988568338298013,1
site_ad3433ffac,2026-03-03T19:30:00+00:00,0.9988568338298013,1
site_ad3433ffac,2026-03-03T19:45:00+00:00,0.9988568338298013,1
site_ad3433ffac,2026-03-03T20:00:00+00:00,0.9988568338298013,1
site_ad3433ffac,2026-03-03T20:15:00+00:00,0.9988568338298013,1
site_ad3433ffac,2026-03-03T20:30:00+00:00,0.9954954892919862,1
site_ad3433ffac,2026-03-03T20:45:00+00:00,0.9954670033213265,1
site_ad3433ffac,2026-03-03T21:00:00+00:00,0.9988568338298013,1
site_ad3433ffac,2026-03-03T21:15:00+00:00,0.9919304269033944,1
site_ad3433ffac,2026-03-03T21:30:00+00:00,0.9954085579677322,1
site_ad3433ffac,2026-03-03T21:45:00+00:00,0.9919003120906709,1
site_ad3433ffac,2026-03-03T22:00:00+00:00,0.9920771728128521,1
site_ad3433ffac,2026-03-03T22:15:00+00:00,0.9885564046452519,1
site_ad3433ffac,2026-03-03T22:30:00+00:00,0.9919602821056632,1
site_ad3433ffac,2026-03-03T22:45:00+00:00,0.9884220512211055,1
site_ad3433ffac,2026-03-03T23:00:00+00:00,0.9909750604307863,1
site_ad3433ffac,2026-03-03T23:15:00+00:00,0.9905666783893867,1
site_ad3433ffac,2026-03-03T23:30:00+00:00,0.9869756457109894,1
site_ad3433ffac,2026-03-03T23:45:00+00:00,0.9869756457109894,1
site_ad3433ffac,2026-03-04T00:00:00+00:00,0.9723374968132266,1
site_ad3433ffac,2026-03-04T00:15:00+00:00,0.9758903266527679,1
site_ad3433ffac,2026-03-04T00:30:00+00:00,0.983472218445186,1
site_ad3433ffac,2026-03-04T00:45:00+00:00,0.983322853247277,1
site_ad3433ffac,2026-03-04T01:00:00+00:00,0.9765312524344523,1
site_ad3433ffac,2026-03-04T01:15:00+00:00,0.9807572863184891,1
site_ad3433ffac,2026-03-04T01:30:00+00:00,0.9879477429207103,1
site_ad3433ffac,2026-03-04T01:45:00+00:00,0.9811577187855534,1
site_ad3433ffac,2026-03-04T02:00:00+00:00,0.9808388158117832,1
site_ad3433ffac,2026-03-04T02:15:00+00:00,0.984571119544087,1
site_ad3433ffac,2026-03-04T02:30:00+00:00,0.9777114593804619,1
site_ad3433ffac,2026-03-04T02:45:00+00:00,0.9883305180403277,1
site_ad3433ffac,2026-03-04T03:00:00+00:00,0.984821746110503,1
site_ad3433ffac,2026-03-04T03:15:00+00:00,0.9816894518555521,1
site_ad3433ffac,2026-03-04T03:30:00+00:00,0.9780776130505803,1
site_ad3433ffac,2026-03-04T03:45:00+00:00,0.9812356884553519,1
site_ad3433ffac,2026-03-04T04:00:00+00:00,0.9816154545194564,1
site_ad3433ffac,2026-03-04T04:15:00+00:00,0.9850637303815255,1
site_ad3433ffac,2026-03-04T04:30:00+00:00,0.9851816201545877,1
site_ad3433ffac,2026-03-04T04:45:00+00:00,0.9851229282504022,1
site_ad3433ffac,2026-03-04T05:00:00+00:00,0.9954670033213265,1
site_ad3433ffac,2026-03-04T05:15:00+00:00,0.9954670033213265,1
site_ad3433ffac,2026-03-04T05:30:00+00:00,0.9954380304109979,1
site_ad3433ffac,2026-03-04T05:45:00+00:00,0.9988568338298013,1
site_ad3433ffac,2026-03-04T06:00:00+00:00,0.9954670033213265,1
site_ad3433ffac,2026-03-04T06:15:00+00:00,0.9955373317551125,1
site_ad3433ffac,2026-03-04T06:30:00+00:00,0.9955373317551125,1
site_ad3433ffac,2026-03-04T06:45:00+00:00,0.9922724716898834,1
site_ad3433ffac,2026-03-04T07:00:00+00:00,0.9988568338298013,1
site_ad3433ffac,2026-03-04T07:15:00+00:00,0.99561796743304,1
site_ad3433ffac,2026-03-04T07:30:00+00:00,0.9988568338298013,1
site_ad3433ffac,2026-03-04T07:45:00+00:00,0.9955781453052112,1
site_ad3433ffac,2026-03-04T08:00:00+00:00,0.9955781453052112,1
site_ad3433ffac,2026-03-04T08:15:00+00:00,0.99561796743304,1
site_ad3433ffac,2026-03-04T08:30:00+00:00,0.9988568338298013,1
site_ad3433ffac,2026-03-04T08:45:00+00:00,0.9955781453052112,1
site_ad3433ffac,2026-03-04T09:00:00+00:00,0.9956048013094762,1
site_ad3433ffac,2026-03-04T09:15:00+00:00,0.9988568338298013,1
site_ad3433ffac,2026-03-04T09:30:00+00:00,0.99561796743304,1
site_ad3433ffac,2026-03-04T09:45:00+00:00,0.9955915277073523,1
site_ad3433ffac,2026-03-04T10:00:00+00:00,0.9988568338298013,1
site_ad3433ffac,2026-03-04T10:15:00+00:00,0.9988568338298013,1
site_ad3433ffac,2026-03-04T10:30:00+00:00,0.9988568338298013,1
site_ad3433ffac,2026-03-04T10:45:00+00:00,0.9988568338298013,1
site_ad3433ffac,2026-03-04T11:00:00+00:00,0.9988568338298013,1
site_ad3433ffac,2026-03-04T11:15:00+00:00,0.9988568338298013,1
site_ad3433ffac,2026-03-04T11:30:00+00:00,0.9988568338298013,1
site_ad3433ffac,2026-03-04T11:45:00+00:00,0.9988568338298013,1
site_ad3433ffac,2026-03-04T12:00:00+00:00,0.9988568338298013,1
site_ad3433ffac,2026-03-04T12:15:00+00:00,0.9988568338298013,1
site_ad3433ffac,2026-03-04T12:30:00+00:00,0.9988568338298013,1
site_ad3433ffac,2026-03-04T12:45:00+00:00,0.9988568338298013,1
site_ad3433ffac,2026-03-04T13:00:00+00:00,0.9988568338298013,1
site_ad3433ffac,2026-03-04T13:15:00+00:00,0.9988568338298013,1
site_ad3433ffac,2026-03-04T13:30:00+00:00,0.9988568338298013,1
site_ad3433ffac,2026-03-04T13:45:00+00:00,0.9988568338298013,1
site_ad3433ffac,2026-03-04T14:00:00+00:00,0.9988568338298013,1
site_ad3433ffac,2026-03-04T14:15:00+00:00,0.9988568338298013,1
site_ad3433ffac,2026-03-04T14:30:00+00:00,0.9988568338298013,1
site_ad3433ffac,2026-03-04T14:45:00+00:00,0.9988568338298013,1
site_ad3433ffac,2026-03-04T15:00:00+00:00,0.9955373317551125,1
site_ad3433ffac,2026-03-04T15:15:00+00:00,0.9988568338298013,1
site_ad3433ffac,2026-03-04T15:30:00+00:00,0.9988568338298013,1
site_ad3433ffac,2026-03-04T15:45:00+00:00,0.9988568338298013,1
site_ad3433ffac,2026-03-04T16:00:00+00:00,0.9988568338298013,1
site_ad3433ffac,2026-03-04T16:15:00+00:00,0.9988568338298013,1
site_ad3433ffac,2026-03-04T16:30:00+00:00,0.9954670033213265,1
site_ad3433ffac,2026-03-04T16:45:00+00:00,0.9988568338298013,1
site_ad3433ffac,2026-03-04T17:00:00+00:00,0.9988568338298013,1
site_ad3433ffac,2026-03-04T17:15:00+00:00,0.9988568338298013,1
site_ad3433ffac,2026-03-04T17:30:00+00:00,0.9988568338298013,1
site_ad3433ffac,2026-03-04T17:45:00+00:00,0.9988568338298013,1
site_ad3433ffac,2026-03-04T18:00:00+00:00,0.9988568338298013,1
site_ad3433ffac,2026-03-04T18:15:00+00:00,0.9988568338298013,1
site_ad3433ffac,2026-03-04T18:30:00+00:00,0.9988568338298013,1
site_ad3433ffac,2026-03-04T18:45:00+00:00,0.9988568338298013,1
site_ad3433ffac,2026-03-04T19:00:00+00:00,0.9988568338298013,1
site_ad3433ffac,2026-03-04T19:15:00+00:00,0.9988568338298013,1
site_ad3433ffac,2026-03-04T19:30:00+00:00,0.9988568338298013,1
site_ad3433ffac,2026-03-04T19:45:00+00:00,0.9988568338298013,1
site_ad3433ffac,2026-03-04T20:00:00+00:00,0.9988568338298013,1
site_ad3433ffac,2026-03-04T20:15:00+00:00,0.9988568338298013,1
site_ad3433ffac,2026-03-04T20:30:00+00:00,0.9954954892919862,1
site_ad3433ffac,2026-03-04T20:45:00+00:00,0.9954670033213265,1
site_ad3433ffac,2026-03-04T21:00:00+00:00,0.9988568338298013,1
site_ad3433ffac,2026-03-04T21:15:00+00:00,0.9919304269033944,1
site_ad3433ffac,2026-03-04T21:30:00+00:00,0.9954085579677322,1
site_ad3433ffac,2026-03-04T21:45:00+00:00,0.9919003120906709,1
site_ad3433ffac,2026-03-04T22:00:00+00:00,0.9920771728128521,1
site_ad3433ffac,2026-03-04T22:15:00+00:00,0.9885564046452519,1
site_ad3433ffac,2026-03-04T22:30:00+00:00,0.9919602821056632,1
site_ad3433ffac,2026-03-04T22:45:00+00:00,0.9884220512211055,1
site_ad3433ffac,2026-03-04T23:00:00+00:00,0.9909750604307863,1
site_ad3433ffac,2026-03-04T23:15:00+00:00,0.9905666783893867,1
site_ad3433ffac,2026-03-04T23:30:00+00:00,0.9869756457109894,1
site_ad3433ffac,2026-03-04T23:45:00+00:00,0.9869756457109894,1
site_ad3433ffac,2026-03-05T00:00:00+00:00,0.9723374968132266,1
site_ad3433ffac,2026-03-05T00:15:00+00:00,0.9758903266527679,1
site_ad3433ffac,2026-03-05T00:30:00+00:00,0.983472218445186,1
site_ad3433ffac,2026-03-05T00:45:00+00:00,0.983322853247277,1
site_ad3433ffac,2026-03-05T01:00:00+00:00,0.9765312524344523,1
site_ad3433ffac,2026-03-05T01:15:00+00:00,0.9807572863184891,1
site_ad3433ffac,2026-03-05T01:30:00+00:00,0.9879477429207103,1
site_ad3433ffac,2026-03-05T01:45:00+00:00,0.9811577187855534,1
site_ad3433ffac,2026-03-05T02:00:00+00:00,0.9808388158117832,1
site_ad3433ffac,2026-03-05T02:15:00+00:00,0.984571119544087,1
site_ad3433ffac,2026-03-05T02:30:00+00:00,0.9777114593804619,1
site_ad3433ffac,2026-03-05T02:45:00+00:00,0.9883305180403277,1
site_ad3433ffac,2026-03-05T03:00:00+00:00,0.984821746110503,1
site_ad3433ffac,2026-03-05T03:15:00+00:00,0.9816894518555521,1
site_ad3433ffac,2026-03-05T03:30:00+00:00,0.9780776130505803,1
site_ad3433ffac,2026-03-05T03:45:00+00:00,0.9812356884553519,1
site_ad3433ffac,2026-03-05T04:00:00+00:00,0.9816154545194564,1
site_ad3433ffac,2026-03-05T04:15:00+00:00,0.9850637303815255,1
site_ad3433ffac,2026-03-05T04:30:00+00:00,0.9851816201545877,1
site_ad3433ffac,2026-03-05T04:45:00+00:00,0.9851229282504022,1
site_ad3433ffac,2026-03-05T05:00:00+00:00,0.9954670033213265,1
site_ad3433ffac,2026-03-05T05:15:00+00:00,0.9954670033213265,1
site_ad3433ffac,2026-03-05T05:30:00+00:00,0.9954380304109979,1
site_ad3433ffac,2026-03-05T05:45:00+00:00,0.9988568338298013,1
site_ad3433ffac,2026-03-05T06:00:00+00:00,0.9954670033213265,1
site_ad3433ffac,2026-03-05T06:15:00+00:00,0.9955373317551125,1
site_ad3433ffac,2026-03-05T06:30:00+00:00,0.9955373317551125,1
site_ad3433ffac,2026-03-05T06:45:00+00:00,0.9922724716898834,1
site_ad3433ffac,2026-03-05T07:00:00+00:00,0.9988568338298013,1
site_ad3433ffac,2026-03-05T07:15:00+00:00,0.99561796743304,1
site_ad3433ffac,2026-03-05T07:30:00+00:00,0.9988568338298013,1
site_ad3433ffac,2026-03-05T07:45:00+00:00,0.9955781453052112,1
site_ad3433ffac,2026-03-05T08:00:00+00:00,0.9955781453052112,1
site_ad3433ffac,2026-03-05T08:15:00+00:00,0.99561796743304,1
site_ad3433ffac,2026-03-05T08:30:00+00:00,0.9988568338298013,1
site_ad3433ffac,2026-03-05T08:45:00+00:00,0.9955781453052112,1
site_ad3433ffac,2026-03-05T09:00:00+00:00,0.9956048013094762,1
site_ad3433ffac,2026-03-05T09:15:00+00:00,0.9988568338298013,1
site_ad3433ffac,2026-03-05T09:30:00+00:00,0.99561796743304,1
site_ad3433ffac,2026-03-05T09:45:00+00:00,0.9955915277073523,1
site_ad3433ffac,2026-03-05T10:00:00+00:00,0.9988568338298013,1
site_ad3433ffac,2026-03-05T10:15:00+00:00,0.9988568338298013,1
site_ad3433ffac,2026-03-05T10:30:00+00:00,0.9988568338298013,1
site_ad3433ffac,2026-03-05T10:45:00+00:00,0.9988568338298013,1
site_ad3433ffac,2026-03-05T11:00:00+00:00,0.9988568338298013,1
site_ad3433ffac,2026-03-05T11:15:00+00:00,0.9988568338298013,1
site_ad3433ffac,2026-03-05T11:30:00+00:00,0.9988568338298013,1
site_ad3433ffac,2026-03-05T11:45:00+00:00,0.9988568338298013,1
site_ad3433ffac,2026-03-05T12:00:00+00:00,0.9988568338298013,1
site_ad3433ffac,2026-03-05T12:15:00+00:00,0.9988568338298013,1
site_ad3433ffac,2026-03-05T12:30:00+00:00,0.9988568338298013,1
site_ad3433ffac,2026-03-05T12:45:00+00:00,0.9988568338298013,1
site_ad3433ffac,2026-03-05T13:00:00+00:00,0.9988568338298013,1
site_ad3433ffac,2026-03-05T13:15:00+00:00,0.9988568338298013,1
site_ad3433ffac,2026-03-05T13:30:00+00:00,0.9988568338298013,1
site_ad3433ffac,2026-03-05T13:45:00+00:00,0.9988568338298013,1
site_ad3433ffac,2026-03-05T14:00:00+00:00,0.9988568338298013,1
site_ad3433ffac,2026-03-05T14:15:00+00:00,0.9988568338298013,1
site_ad3433ffac,2026-03-05T14:30:00+00:00,0.9988568338298013,1
site_ad3433ffac,2026-03-05T14:45:00+00:00,0.9988568338298013,1
site_ad3433ffac,2026-03-05T15:00:00+00:00,0.9955373317551125,1
site_ad3433ffac,2026-03-05T15:15:00+00:00,0.9988568338298013,1
site_ad3433ffac,2026-03-05T15:30:00+00:00,0.9988568338298013,1
site_ad3433ffac,2026-03-05T15:45:00+00:00,0.9988568338298013,1
site_ad3433ffac,2026-03-05T16:00:00+00:00,0.9988568338298013,1
site_ad3433ffac,2026-03-05T16:15:00+00:00,0.9988568338298013,1
site_ad3433ffac,2026-03-05T16:30:00+00:00,0.9954670033213265,1
site_ad3433ffac,2026-03-05T16:45:00+00:00,0.9988568338298013,1
site_ad3433ffac,2026-03-05T17:00:00+00:00,0.9988568338298013,1
site_ad3433ffac,2026-03-05T17:15:00+00:00,0.9988568338298013,1
site_ad3433ffac,2026-03-05T17:30:00+00:00,0.9988568338298013,1
site_ad3433ffac,2026-03-05T17:45:00+00:00,0.9988568338298013,1
site_ad3433ffac,2026-03-05T18:00:00+00:00,0.9988568338298013,1
site_ad3433ffac,2026-03-05T18:15:00+00:00,0.9988568338298013,1
site_ad3433ffac,2026-03-05T18:30:00+00:00,0.9988568338298013,1
site_ad3433ffac,2026-03-05T18:45:00+00:00,0.9988568338298013,1
site_ad3433ffac,2026-03-05T19:00:00+00:00,0.9988568338298013,1
site_ad3433ffac,2026-03-05T19:15:00+00:00,0.9988568338298013,1
site_ad3433ffac,2026-03-05T19:30:00+00:00,0.9988568338298013,1
site_ad3433ffac,2026-03-05T19:45:00+00:00,0.9988568338298013,1
site_ad3433ffac,2026-03-05T20:00:00+00:00,0.9988568338298013,1
site_ad3433ffac,2026-03-05T20:15:00+00:00,0.9988568338298013,1
site_ad3433ffac,2026-03-05T20:30:00+00:00,0.9954954892919862,1
site_ad3433ffac,2026-03-05T20:45:00+00:00,0.9954670033213265,1
site_ad3433ffac,2026-03-05T21:00:00+00:00,0.9988568338298013,1
site_ad3433ffac,2026-03-05T21:15:00+00:00,0.9919304269033944,1
site_ad3433ffac,2026-03-05T21:30:00+00:00,0.9954085579677322,1
site_ad3433ffac,2026-03-05T21:45:00+00:00,0.9919003120906709,1
site_ad3433ffac,2026-03-05T22:00:00+00:00,0.9920771728128521,1
site_ad3433ffac,2026-03-05T22:15:00+00:00,0.9885564046452519,1
site_ad3433ffac,2026-03-05T22:30:00+00:00,0.9919602821056632,1
site_ad3433ffac,2026-03-05T22:45:00+00:00,0.9884220512211055,1
site_ad3433ffac,2026-03-05T23:00:00+00:00,0.9909750604307863,1
site_ad3433ffac,2026-03-05T23:15:00+00:00,0.9905666783893867,1
site_ad3433ffac,2026-03-05T23:30:00+00:00,0.9869756457109894,1
site_ad3433ffac,2026-03-05T23:45:00+00:00,0.9869756457109894,1
site_ad3433ffac,2026-03-06T00:00:00+00:00,0.9723374968132266,1
site_ad3433ffac,2026-03-06T00:15:00+00:00,0.9758903266527679,1
site_ad3433ffac,2026-03-06T00:30:00+00:00,0.983472218445186,1
site_ad3433ffac,2026-03-06T00:45:00+00:00,0.983322853247277,1
site_ad3433ffac,2026-03-06T01:00:00+00:00,0.9765312524344523,1
site_ad3433ffac,2026-03-06T01:15:00+00:00,0.9807572863184891,1
site_ad3433ffac,2026-03-06T01:30:00+00:00,0.9879477429207103,1
site_ad3433ffac,2026-03-06T01:45:00+00:00,0.9811577187855534,1
site_ad3433ffac,2026-03-06T02:00:00+00:00,0.9808388158117832,1
site_ad3433ffac,2026-03-06T02:15:00+00:00,0.984571119544087,1
site_ad3433ffac,2026-03-06T02:30:00+00:00,0.9777114593804619,1
site_ad3433ffac,2026-03-06T02:45:00+00:00,0.9883305180403277,1
site_ad3433ffac,2026-03-06T03:00:00+00:00,0.984821746110503,1
site_ad3433ffac,2026-03-06T03:15:00+00:00,0.9816894518555521,1
site_ad3433ffac,2026-03-06T03:30:00+00:00,0.9780776130505803,1
site_ad3433ffac,2026-03-06T03:45:00+00:00,0.9812356884553519,1
site_ad3433ffac,2026-03-06T04:00:00+00:00,0.9816154545194564,1
site_ad3433ffac,2026-03-06T04:15:00+00:00,0.9850637303815255,1
site_ad3433ffac,2026-03-06T04:30:00+00:00,0.9851816201545877,1
site_ad3433ffac,2026-03-06T04:45:00+00:00,0.9851229282504022,1
site_ad3433ffac,2026-03-06T05:00:00+00:00,0.9954670033213265,1
site_ad3433ffac,2026-03-06T05:15:00+00:00,0.9954670033213265,1
site_ad3433ffac,2026-03-06T05:30:00+00:00,0.9954380304109979,1
site_ad3433ffac,2026-03-06T05:45:00+00:00,0.9988568338298013,1
site_ad3433ffac,2026-03-06T06:00:00+00:00,0.9954670033213265,1
site_ad3433ffac,2026-03-06T06:15:00+00:00,0.9955373317551125,1
site_ad3433ffac,2026-03-06T06:30:00+00:00,0.9955373317551125,1
site_ad3433ffac,2026-03-06T06:45:00+00:00,0.9922724716898834,1
site_ad3433ffac,2026-03-06T07:00:00+00:00,0.9988568338298013,1
site_ad3433ffac,2026-03-06T07:15:00+00:00,0.99561796743304,1
site_ad3433ffac,2026-03-06T07:30:00+00:00,0.9988568338298013,1
site_ad3433ffac,2026-03-06T07:45:00+00:00,0.9955781453052112,1
site_ad3433ffac,2026-03-06T08:00:00+00:00,0.9955781453052112,1
site_ad3433ffac,2026-03-06T08:15:00+00:00,0.99561796743304,1
site_ad3433ffac,2026-03-06T08:30:00+00:00,0.9988568338298013,1
site_ad3433ffac,2026-03-06T08:45:00+00:00,0.9955781453052112,1
site_ad3433ffac,2026-03-06T09:00:00+00:00,0.9956048013094762,1
site_ad3433ffac,2026-03-06T09:15:00+00:00,0.9988568338298013,1
site_ad3433ffac,2026-03-06T09:30:00+00:00,0.99561796743304,1
site_ad3433ffac,2026-03-06T09:45:00+00:00,0.9955915277073523,1
site_ad3433ffac,2026-03-06T10:00:00+00:00,0.9988568338298013,1
site_ad3433ffac,2026-03-06T10:15:00+00:00,0.9988568338298013,1
site_ad3433ffac,2026-03-06T10:30:00+00:00,0.9988568338298013,1
site_ad3433ffac,2026-03-06T10:45:00+00:00,0.9988568338298013,1
site_ad3433ffac,2026-03-06T11:00:00+00:00,0.9988568338298013,1
site_ad3433ffac,2026-03-06T11:15:00+00:00,0.9988568338298013,1
site_ad3433ffac,2026-03-06T11:30:00+00:00,0.9988568338298013,1
site_ad3433ffac,2026-03-06T11:45:00+00:00,0.9988568338298013,1
site_ad3433ffac,2026-03-06T12:00:00+00:00,0.9988568338298013,1
site_ad3433ffac,2026-03-06T12:15:00+00:00,0.9988568338298013,1
site_ad3433ffac,2026-03-06T12:30:00+00:00,0.9988568338298013,1
site_ad3433ffac,2026-03-06T12:45:00+00:00,0.9988568338298013,1
site_ad3433ffac,2026-03-06T13:00:00+00:00,0.9988568338298013,1
site_ad3433ffac,2026-03-06T13:15:00+00:00,0.9988568338298013,1
site_ad3433ffac,2026-03-06T13:30:00+00:00,0.9988568338298013,1
site_ad3433ffac,2026-03-06T13:45:00+00:00,0.9988568338298013,1
site_ad3433ffac,2026-03-06T14:00:00+00:00,0.9988568338298013,1
site_ad3433ffac,2026-03-06T14:15:00+00:00,0.9988568338298013,1
site_ad3433ffac,2026-03-06T14:30:00+00:00,0.9988568338298013,1
site_ad3433ffac,2026-03-06T14:45:00+00:00,0.9988568338298013,1
site_ad3433ffac,2026-03-06T15:00:00+00:00,0.9955373317551125,1
site_ad3433ffac,2026-03-06T15:15:00+00:00,0.9988568338298013,1
site_ad3433ffac,2026-03-06T15:30:00+00:00,0.9988568338298013,1
site_ad3433ffac,2026-03-06T15:45:00+00:00,0.9988568338298013,1
site_ad3433ffac,2026-03-06T16:00:00+00:00,0.9988568338298013,1
site_ad3433ffac,2026-03-06T16:15:00+00:00,0.9988568338298013,1
site_ad3433ffac,2026-03-06T16:30:00+00:00,0.9954670033213265,1
site_ad3433ffac,2026-03-06T16:45:00+00:00,0.9988568338298013,1
site_ad3433ffac,2026-03-06T17:00:00+00:00,0.9988568338298013,1
site_ad3433ffac,2026-03-06T17:15:00+00:00,0.9988568338298013,1
site_ad3433ffac,2026-03-06T17:30:00+00:00,0.9988568338298013,1
site_ad3433ffac,2026-03-06T17:45:00+00:00,0.9988568338298013,1
site_ad3433ffac,2026-03-06T18:00:00+00:00,0.9988568338298013,1
site_ad3433ffac,2026-03-06T18:15:00+00:00,0.9988568338298013,1
site_ad3433ffac,2026-03-06T18:30:00+00:00,0.9988568338298013,1
site_ad3433ffac,2026-03-06T18:45:00+00:00,0.9988568338298013,1
site_ad3433ffac,2026-03-06T19:00:00+00:00,0.9988568338298013,1
site_ad3433ffac,2026-03-06T19:15:00+00:00,0.9988568338298013,1
site_ad3433ffac,2026-03-06T19:30:00+00:00,0.9988568338298013,1
site_ad3433ffac,2026-03-06T19:45:00+00:00,0.9988568338298013,1
site_ad3433ffac,2026-03-06T20:00:00+00:00,0.9988568338298013,1
site_ad3433ffac,2026-03-06T20:15:00+00:00,0.9988568338298013,1
site_ad3433ffac,2026-03-06T20:30:00+00:00,0.9954954892919862,1
site_ad3433ffac,2026-03-06T20:45:00+00:00,0.9954670033213265,1
site_ad3433ffac,2026-03-06T21:00:00+00:00,0.9988568338298013,1
site_ad3433ffac,2026-03-06T21:15:00+00:00,0.9919304269033944,1
site_ad3433ffac,2026-03-06T21:30:00+00:00,0.9954085579677322,1
site_ad3433ffac,2026-03-06T21:45:00+00:00,0.9919003120906709,1
site_ad3433ffac,2026-03-06T22:00:00+00:00,0.9920771728128521,1
site_ad3433ffac,2026-03-06T22:15:00+00:00,0.9885564046452519,1
site_ad3433ffac,2026-03-06T22:30:00+00:00,0.9919602821056632,1
site_ad3433ffac,2026-03-06T22:45:00+00:00,0.9884220512211055,1
site_ad3433ffac,2026-03-06T23:00:00+00:00,0.9909750604307863,1
site_ad3433ffac,2026-03-06T23:15:00+00:00,0.9905666783893867,1
site_ad3433ffac,2026-03-06T23:30:00+00:00,0.9869756457109894,1
site_ad3433ffac,2026-03-06T23:45:00+00:00,0.9869756457109894,1
site_ad3433ffac,2026-03-07T00:00:00+00:00,0.9723374968132266,1
site_ad3433ffac,2026-03-07T00:15:00+00:00,0.9758903266527679,1
site_ad3433ffac,2026-03-07T00:30:00+00:00,0.983472218445186,1
site_ad3433ffac,2026-03-07T00:45:00+00:00,0.983322853247277,1
site_ad3433ffac,2026-03-07T01:00:00+00:00,0.9765312524344523,1
site_ad3433ffac,2026-03-07T01:15:00+00:00,0.9807572863184891,1
site_ad3433ffac,2026-03-07T01:30:00+00:00,0.9879477429207103,1
site_ad3433ffac,2026-03-07T01:45:00+00:00,0.9811577187855534,1
site_ad3433ffac,2026-03-07T02:00:00+00:00,0.9808388158117832,1
site_ad3433ffac,2026-03-07T02:15:00+00:00,0.984571119544087,1
site_ad3433ffac,2026-03-07T02:30:00+00:00,0.9777114593804619,1
site_ad3433ffac,2026-03-07T02:45:00+00:00,0.9883305180403277,1
site_ad3433ffac,2026-03-07T03:00:00+00:00,0.984821746110503,1
site_ad3433ffac,2026-03-07T03:15:00+00:00,0.9816894518555521,1
site_ad3433ffac,2026-03-07T03:30:00+00:00,0.9780776130505803,1
site_ad3433ffac,2026-03-07T03:45:00+00:00,0.9812356884553519,1
site_ad3433ffac,2026-03-07T04:00:00+00:00,0.9816154545194564,1
site_ad3433ffac,2026-03-07T04:15:00+00:00,0.9850637303815255,1
site_ad3433ffac,2026-03-07T04:30:00+00:00,0.9851816201545877,1
site_ad3433ffac,2026-03-07T04:45:00+00:00,0.9851229282504022,1
site_ad3433ffac,2026-03-07T05:00:00+00:00,0.9954670033213265,1
site_ad3433ffac,2026-03-07T05:15:00+00:00,0.9954670033213265,1
site_ad3433ffac,2026-03-07T05:30:00+00:00,0.9954380304109979,1
site_ad3433ffac,2026-03-07T05:45:00+00:00,0.9988568338298013,1
site_ad3433ffac,2026-03-07T06:00:00+00:00,0.9954670033213265,1
site_ad3433ffac,2026-03-07T06:15:00+00:00,0.9955373317551125,1
site_ad3433ffac,2026-03-07T06:30:00+00:00,0.9955373317551125,1
site_ad3433ffac,2026-03-07T06:45:00+00:00,0.9922724716898834,1
site_ad3433ffac,2026-03-07T07:00:00+00:00,0.9988568338298013,1
site_ad3433ffac,2026-03-07T07:15:00+00:00,0.99561796743304,1
site_ad3433ffac,2026-03-07T07:30:00+00:00,0.9988568338298013,1
site_ad3433ffac,2026-03-07T07:45:00+00:00,0.9955781453052112,1
site_ad3433ffac,2026-03-07T08:00:00+00:00,0.9955781453052112,1
site_ad3433ffac,2026-03-07T08:15:00+00:00,0.99561796743304,1
site_ad3433ffac,2026-03-07T08:30:00+00:00,0.9988568338298013,1
site_ad3433ffac,2026-03-07T08:45:00+00:00,0.9955781453052112,1
site_ad3433ffac,2026-03-07T09:00:00+00:00,0.9956048013094762,1
site_ad3433ffac,2026-03-07T09:15:00+00:00,0.9988568338298013,1
site_ad3433ffac,2026-03-07T09:30:00+00:00,0.99561796743304,1
site_ad3433ffac,2026-03-07T09:45:00+00:00,0.9955915277073523,1
site_ad3433ffac,2026-03-07T10:00:00+00:00,0.9988568338298013,1
site_ad3433ffac,2026-03-07T10:15:00+00:00,0.9988568338298013,1
site_ad3433ffac,2026-03-07T10:30:00+00:00,0.9988568338298013,1
site_ad3433ffac,2026-03-07T10:45:00+00:00,0.9988568338298013,1
site_ad3433ffac,2026-03-07T11:00:00+00:00,0.9988568338298013,1
site_ad3433ffac,2026-03-07T11:15:00+00:00,0.9988568338298013,1
site_ad3433ffac,2026-03-07T11:30:00+00:00,0.9988568338298013,1
site_ad3433ffac,2026-03-07T11:45:00+00:00,0.9988568338298013,1
site_ad3433ffac,2026-03-07T12:00:00+00:00,0.9988568338298013,1
site_ad3433ffac,2026-03-07T12:15:00+00:00,0.9988568338298013,1
site_ad3433ffac,2026-03-07T12:30:00+00:00,0.9988568338298013,1
site_ad3433ffac,2026-03-07T12:45:00+00:00,0.9988568338298013,1
site_ad3433ffac,2026-03-07T13:00:00+00:00,0.9988568338298013,1
site_ad3433ffac,2026-03-07T13:15:00+00:00,0.9988568338298013,1
site_ad3433ffac,2026-03-07T13:30:00+00:00,0.9988568338298013,1
site_ad3433ffac,2026-03-07T13:45:00+00:00,0.9988568338298013,1
site_ad3433ffac,2026-03-07T14:00:00+00:00,0.9988568338298013,1
site_ad3433ffac,2026-03-07T14:15:00+00:00,0.9988568338298013,1
site_ad3433ffac,2026-03-07T14:30:00+00:00,0.9988568338298013,1
site_ad3433ffac,2026-03-07T14:45:00+00:00,0.9988568338298013,1
site_ad3433ffac,2026-03-07T15:00:00+00:00,0.9955373317551125,1
site_ad3433ffac,2026-03-07T15:15:00+00:00,0.9988568338298013,1
site_ad3433ffac,2026-03-07T15:30:00+00:00,0.9988568338298013,1
site_ad3433ffac,2026-03-07T15:45:00+00:00,0.9988568338298013,1
site_ad3433ffac,2026-03-07T16:00:00+00:00,0.9988568338298013,1
site_ad3433ffac,2026-03-07T16:15:00+00:00,0.9988568338298013,1
site_ad3433ffac,2026-03-07T16:30:00+00:00,0.9954670033213265,1
site_ad3433ffac,2026-03-07T16:45:00+00:00,0.9988568338298013,1
site_ad3433ffac,2026-03-07T17:00:00+00:00,0.9988568338298013,1
site_ad3433ffac,2026-03-07T17:15:00+00:00,0.9988568338298013,1
site_ad3433ffac,2026-03-07T17:30:00+00:00,0.9988568338298013,1
site_ad3433ffac,2026-03-07T17:45:00+00:00,0.9988568338298013,1
site_ad3433ffac,2026-03-07T18:00:00+00:00,0.9988568338298013,1
site_ad3433ffac,2026-03-07T18:15:00+00:00,0.9988568338298013,1
site_ad3433ffac,2026-03-07T18:30:00+00:00,0.9988568338298013,1
site_ad3433ffac,2026-03-07T18:45:00+00:00,0.9988568338298013,1
site_ad3433ffac,2026-03-07T19:00:00+00:00,0.9988568338298013,1
site_ad3433ffac,2026-03-07T19:15:00+00:00,0.9988568338298013,1
site_ad3433ffac,2026-03-07T19:30:00+00:00,0.9988568338298013,1
site_ad3433ffac,2026-03-07T19:45:00+00:00,0.9988568338298013,1
site_ad3433ffac,2026-03-07T20:00:00+00:00,0.9988568338298013,1
site_ad3433ffac,2026-03-07T20:15:00+00:00,0.9988568338298013,1
site_ad3433ffac,2026-03-07T20:30:00+00:00,0.9954954892919862,1
site_ad3433ffac,2026-03-07T20:45:00+00:00,0.9954670033213265,1
site_ad3433ffac,2026-03-07T21:00:00+00:00,0.9988568338298013,1
site_ad3433ffac,2026-03-07T21:15:00+00:00,0.9919304269033944,1
site_ad3433ffac,2026-03-07T21:30:00+00:00,0.9954085579677322,1
site_ad3433ffac,2026-03-07T21:45:00+00:00,0.9919003120906709,1
site_ad3433ffac,2026-03-07T22:00:00+00:00,0.9920771728128521,1
site_ad3433ffac,2026-03-07T22:15:00+00:00,0.9885564046452519,1
site_ad3433ffac,2026-03-07T22:30:00+00:00,0.9919602821056632,1
site_ad3433ffac,2026-03-07T22:45:00+00:00,0.9884220512211055,1
site_ad3433ffac,2026-03-07T23:00:00+00:00,0.9909750604307863,1
site_ad3433ffac,2026-03-07T23:15:00+00:00,0.9905666783893867,1
site_ad3433ffac,2026-03-07T23:30:00+00:00,0.9869756457109894,1
site_ad3433ffac,2026-03-07T23:45:00+00:00,0.9869756457109894,1
site_ad3433ffac,2026-03-08T00:00:00+00:00,0.9723374968132266,1
site_ad3433ffac,2026-03-08T00:15:00+00:00,0.9758903266527679,1
site_ad3433ffac,2026-03-08T00:30:00+00:00,0.983472218445186,1
site_ad3433ffac,2026-03-08T00:45:00+00:00,0.983322853247277,1
site_ad3433ffac,2026-03-08T01:00:00+00:00,0.9765312524344523,1
site_ad3433ffac,2026-03-08T01:15:00+00:00,0.9807572863184891,1
site_ad3433ffac,2026-03-08T01:30:00+00:00,0.9879477429207103,1
site_ad3433ffac,2026-03-08T01:45:00+00:00,0.9811577187855534,1
site_ad3433ffac,2026-03-08T02:00:00+00:00,0.9808388158117832,1
site_ad3433ffac,2026-03-08T02:15:00+00:00,0.984571119544087,1
site_ad3433ffac,2026-03-08T02:30:00+00:00,0.9777114593804619,1
site_ad3433ffac,2026-03-08T02:45:00+00:00,0.9883305180403277,1
site_ad3433ffac,2026-03-08T03:00:00+00:00,0.984821746110503,1
site_ad3433ffac,2026-03-08T03:15:00+00:00,0.9816894518555521,1
site_ad3433ffac,2026-03-08T03:30:00+00:00,0.9780776130505803,1
site_ad3433ffac,2026-03-08T03:45:00+00:00,0.9812356884553519,1
site_ad3433ffac,2026-03-08T04:00:00+00:00,0.9816154545194564,1
site_ad3433ffac,2026-03-08T04:15:00+00:00,0.9850637303815255,1
site_ad3433ffac,2026-03-08T04:30:00+00:00,0.9851816201545877,1
site_ad3433ffac,2026-03-08T04:45:00+00:00,0.9851229282504022,1
site_ad3433ffac,2026-03-08T05:00:00+00:00,0.9954670033213265,1
site_ad3433ffac,2026-03-08T05:15:00+00:00,0.9954670033213265,1
site_ad3433ffac,2026-03-08T05:30:00+00:00,0.9954380304109979,1
site_ad3433ffac,2026-03-08T05:45:00+00:00,0.9988568338298013,1
site_ad3433ffac,2026-03-08T06:00:00+00:00,0.9954670033213265,1
site_ad3433ffac,2026-03-08T06:15:00+00:00,0.9955373317551125,1
site_ad3433ffac,2026-03-08T06:30:00+00:00,0.9955373317551125,1
site_ad3433ffac,2026-03-08T06:45:00+00:00,0.9922724716898834,1
site_ad3433ffac,2026-03-08T07:00:00+00:00,0.9988568338298013,1
site_ad3433ffac,2026-03-08T07:15:00+00:00,0.99561796743304,1
site_ad3433ffac,2026-03-08T07:30:00+00:00,0.9988568338298013,1
site_ad3433ffac,2026-03-08T07:45:00+00:00,0.9955781453052112,1
site_ad3433ffac,2026-03-08T08:00:00+00:00,0.9955781453052112,1
site_ad3433ffac,2026-03-08T08:15:00+00:00,0.99561796743304,1
site_ad3433ffac,2026-03-08T08:30:00+00:00,0.9988568338298013,1
site_ad3433ffac,2026-03-08T08:45:00+00:00,0.9955781453052112,1
site_ad3433ffac,2026-03-08T09:00:00+00:00,0.9956048013094762,1
site_ad3433ffac,2026-03-08T09:15:00+00:00,0.9988568338298013,1
site_ad3433ffac,2026-03-08T09:30:00+00:00,0.99561796743304,1
site_ad3433ffac,2026-03-08T09:45:00+00:00,0.9955915277073523,1
site_ad3433ffac,2026-03-08T10:00:00+00:00,0.9988568338298013,1
site_ad3433ffac,2026-03-08T10:15:00+00:00,0.9988568338298013,1
site_ad3433ffac,2026-03-08T10:30:00+00:00,0.9988568338298013,1
site_ad3433ffac,2026-03-08T10:45:00+00:00,0.9988568338298013,1
site_ad3433ffac,2026-03-08T11:00:00+00:00,0.9988568338298013,1
site_ad3433ffac,2026-03-08T11:15:00+00:00,0.9988568338298013,1
site_ad3433ffac,2026-03-08T11:30:00+00:00,0.9988568338298013,1
site_ad3433ffac,2026-03-08T11:45:00+00:00,0.9988568338298013,1
site_ad3433ffac,2026-03-08T12:00:00+00:00,0.9988568338298013,1
site_ad3433ffac,2026-03-08T12:15:00+00:00,0.9988568338298013,1
site_ad3433ffac,2026-03-08T12:30:00+00:00,0.9988568338298013,1
site_ad3433ffac,2026-03-08T12:45:00+00:00,0.9988568338298013,1
site_ad3433ffac,2026-03-08T13:00:00+00:00,0.9988568338298013,1
site_ad3433ffac,2026-03-08T13:15:00+00:00,0.9988568338298013,1
site_ad3433ffac,2026-03-08T13:30:00+00:00,0.9988568338298013,1
site_ad3433ffac,2026-03-08T13:45:00+00:00,0.9988568338298013,1
site_ad3433ffac,2026-03-08T14:00:00+00:00,0.9988568338298013,1
site_ad3433ffac,2026-03-08T14:15:00+00:00,0.9988568338298013,1
site_ad3433ffac,2026-03-08T14:30:00+00:00,0.9988568338298013,1
site_ad3433ffac,2026-03-08T14:45:00+00:00,0.9988568338298013,1
site_ad3433ffac,2026-03-08T15:00:00+00:00,0.9955373317551125,1
site_ad3433ffac,2026-03-08T15:15:00+00:00,0.9988568338298013,1
site_ad3433ffac,2026-03-08T15:30:00+00:00,0.9988568338298013,1
site_ad3433ffac,2026-03-08T15:45:00+00:00,0.9988568338298013,1
site_ad3433ffac,2026-03-08T16:00:00+00:00,0.9988568338298013,1
site_ad3433ffac,2026-03-08T16:15:00+00:00,0.9988568338298013,1
site_ad3433ffac,2026-03-08T16:30:00+00:00,0.9954670033213265,1
site_ad3433ffac,2026-03-08T16:45:00+00:00,0.9988568338298013,1
site_ad3433ffac,2026-03-08T17:00:00+00:00,0.9988568338298013,1
site_ad3433ffac,2026-03-08T17:15:00+00:00,0.9988568338298013,1
site_ad3433ffac,2026-03-08T17:30:00+00:00,0.9988568338298013,1
site_ad3433ffac,2026-03-08T17:45:00+00:00,0.9988568338298013,1
site_ad3433ffac,2026-03-08T18:00:00+00:00,0.9988568338298013,1
site_ad3433ffac,2026-03-08T18:15:00+00:00,0.9988568338298013,1
site_ad3433ffac,2026-03-08T18:30:00+00:00,0.9988568338298013,1
site_ad3433ffac,2026-03-08T18:45:00+00:00,0.9988568338298013,1
site_ad3433ffac,2026-03-08T19:00:00+00:00,0.9988568338298013,1
site_ad3433ffac,2026-03-08T19:15:00+00:00,0.9988568338298013,1
site_ad3433ffac,2026-03-08T19:30:00+00:00,0.9988568338298013,1
site_ad3433ffac,2026-03-08T19:45:00+00:00,0.9988568338298013,1
site_ad3433ffac,2026-03-08T20:00:00+00:00,0.9988568338298013,1
site_ad3433ffac,2026-03-08T20:15:00+00:00,0.9988568338298013,1
site_ad3433ffac,2026-03-08T20:30:00+00:00,0.9954954892919862,1
site_ad3433ffac,2026-03-08T20:45:00+00:00,0.9954670033213265,1
site_ad3433ffac,2026-03-08T21:00:00+00:00,0.9988568338298013,1
site_ad3433ffac,2026-03-08T21:15:00+00:00,0.9919304269033944,1
site_ad3433ffac,2026-03-08T21:30:00+00:00,0.9954085579677322,1
site_ad3433ffac,2026-03-08T21:45:00+00:00,0.9919003120906709,1
site_ad3433ffac,2026-03-08T22:00:00+00:00,0.9920771728128521,1
site_ad3433ffac,2026-03-08T22:15:00+00:00,0.9885564046452519,1
site_ad3433ffac,2026-03-08T22:30:00+00:00,0.9919602821056632,1
site_ad3433ffac,2026-03-08T22:45:00+00:00,0.9884220512211055,1
site_ad3433ffac,2026-03-08T23:00:00+00:00,0.9909750604307863,1
site_ad3433ffac,2026-03-08T23:15:00+00:00,0.9905666783893867,1
site_ad3433ffac,2026-03-08T23:30:00+00:00,0.9869756457109894,1
site_ad3433ffac,2026-03-08T23:45:00+00:00,0.9869756457109894,1
site_ad3433ffac,2026-03-09T00:00:00+00:00,0.9723374968132266,1
site_ad3433ffac,2026-03-09T00:15:00+00:00,0.9758903266527679,1
site_ad3433ffac,2026-03-09T00:30:00+00:00,0.983472218445186,1
site_ad3433ffac,2026-03-09T00:45:00+00:00,0.983322853247277,1
site_ad3433ffac,2026-03-09T01:00:00+00:00,0.9765312524344523,1
site_ad3433ffac,2026-03-09T01:15:00+00:00,0.9807572863184891,1
site_ad3433ffac,2026-03-09T01:30:00+00:00,0.9879477429207103,1
site_ad3433ffac,2026-03-09T01:45:00+00:00,0.9811577187855534,1
site_ad3433ffac,2026-03-09T02:00:00+00:00,0.9808388158117832,1
site_ad3433ffac,2026-03-09T02:15:00+00:00,0.984571119544087,1
site_ad3433ffac,2026-03-09T02:30:00+00:00,0.9777114593804619,1
site_ad3433ffac,2026-03-09T02:45:00+00:00,0.9883305180403277,1
site_ad3433ffac,2026-03-09T03:00:00+00:00,0.984821746110503,1
site_ad3433ffac,2026-03-09T03:15:00+00:00,0.9816894518555521,1
site_ad3433ffac,2026-03-09T03:30:00+00:00,0.9780776130505803,1
site_ad3433ffac,2026-03-09T03:45:00+00:00,0.9812356884553519,1
site_ad3433ffac,2026-03-09T04:00:00+00:00,0.9816154545194564,1
site_ad3433ffac,2026-03-09T04:15:00+00:00,0.9850637303815255,1
site_ad3433ffac,2026-03-09T04:30:00+00:00,0.9851816201545877,1
site_ad3433ffac,2026-03-09T04:45:00+00:00,0.9851229282504022,1
site_ad3433ffac,2026-03-09T05:00:00+00:00,0.9954670033213265,1
site_ad3433ffac,2026-03-09T05:15:00+00:00,0.9954670033213265,1
site_ad3433ffac,2026-03-09T05:30:00+00:00,0.9954380304109979,1
site_ad3433ffac,2026-03-09T05:45:00+00:00,0.9988568338298013,1
site_ad3433ffac,2026-03-09T06:00:00+00:00,0.9954670033213265,1
site_ad3433ffac,2026-03-09T06:15:00+00:00,0.9955373317551125,1
site_ad3433ffac,2026-03-09T06:30:00+00:00,0.9955373317551125,1
site_ad3433ffac,2026-03-09T06:45:00+00:00,0.9922724716898834,1
site_ad3433ffac,2026-03-09T07:00:00+00:00,0.9988568338298013,1
site_ad3433ffac,2026-03-09T07:15:00+00:00,0.99561796743304,1
site_ad3433ffac,2026-03-09T07:30:00+00:00,0.9988568338298013,1
site_ad3433ffac,2026-03-09T07:45:00+00:00,0.9955781453052112,1
site_ad3433ffac,2026-03-09T08:00:00+00:00,0.9955781453052112,1
site_ad3433ffac,2026-03-09T08:15:00+00:00,0.99561796743304,1
site_ad3433ffac,2026-03-09T08:30:00+00:00,0.9988568338298013,1
site_ad3433ffac,2026-03-09T08:45:00+00:00,0.9955781453052112,1
site_ad3433ffac,2026-03-09T09:00:00+00:00,0.9956048013094762,1
site_ad3433ffac,2026-03-09T09:15:00+00:00,0.9988568338298013,1
site_ad3433ffac,2026-03-09T09:30:00+00:00,0.99561796743304,1
site_ad3433ffac,2026-03-09T09:45:00+00:00,0.9955915277073523,1
site_ad3433ffac,2026-03-09T10:00:00+00:00,0.9988568338298013,1
site_ad3433ffac,2026-03-09T10:15:00+00:00,0.9988568338298013,1
site_ad3433ffac,2026-03-09T10:30:00+00:00,0.9988568338298013,1
site_ad3433ffac,2026-03-09T10:45:00+00:00,0.9988568338298013,1
site_ad3433ffac,2026-03-09T11:00:00+00:00,0.9988568338298013,1
site_ad3433ffac,2026-03-09T11:15:00+00:00,0.9988568338298013,1
site_ad3433ffac,2026-03-09T11:30:00+00:00,0.9988568338298013,1
site_ad3433ffac,2026-03-09T11:45:00+00:00,0.9988568338298013,1
site_ad3433ffac,2026-03-09T12:00:00+00:00,0.9988568338298013,1
site_ad3433ffac,2026-03-09T12:15:00+00:00,0.9988568338298013,1
site_ad3433ffac,2026-03-09T12:30:00+00:00,0.9988568338298013,1
site_ad3433ffac,2026-03-09T12:45:00+00:00,0.9988568338298013,1
site_ad3433ffac,2026-03-09T13:00:00+00:00,0.9988568338298013,1
site_ad3433ffac,2026-03-09T13:15:00+00:00,0.9988568338298013,1
site_ad3433ffac,2026-03-09T13:30:00+00:00,0.9988568338298013,1
site_ad3433ffac,2026-03-09T13:45:00+00:00,0.9988568338298013,1
site_ad3433ffac,2026-03-09T14:00:00+00:00,0.9988568338298013,1
site_ad3433ffac,2026-03-09T14:15:00+00:00,0.9988568338298013,1
site_ad3433ffac,2026-03-09T14:30:00+00:00,0.9988568338298013,1
site_ad3433ffac,2026-03-09T14:45:00+00:00,0.9988568338298013,1
site_ad3433ffac,2026-03-09T15:00:00+00:00,0.9955373317551125,1
site_ad3433ffac,2026-03-09T15:15:00+00:00,0.9988568338298013,1
site_ad3433ffac,2026-03-09T15:30:00+00:00,0.9988568338298013,1
site_ad3433ffac,2026-03-09T15:45:00+00:00,0.9988568338298013,1
site_ad3433ffac,2026-03-09T16:00:00+00:00,0.9988568338298013,1
site_ad3433ffac,2026-03-09T16:15:00+00:00,0.9988568338298013,1
site_ad3433ffac,2026-03-09T16:30:00+00:00,0.9954670033213265,1
site_ad3433ffac,2026-03-09T16:45:00+00:00,0.9988568338298013,1
site_ad3433ffac,2026-03-09T17:00:00+00:00,0.9988568338298013,1
site_ad3433ffac,2026-03-09T17:15:00+00:00,0.9988568338298013,1
site_ad3433ffac,2026-03-09T17:30:00+00:00,0.9988568338298013,1
site_ad3433ffac,2026-03-09T17:45:00+00:00,0.9988568338298013,1
site_ad3433ffac,2026-03-09T18:00:00+00:00,0.9988568338298013,1
site_ad3433ffac,2026-03-09T18:15:00+00:00,0.9988568338298013,1
site_ad3433ffac,2026-03-09T18:30:00+00:00,0.9988568338298013,1
site_ad3433ffac,2026-03-09T18:45:00+00:00,0.9988568338298013,1
site_ad3433ffac,2026-03-09T19:00:00+00:00,0.9988568338298013,1
site_ad3433ffac,2026-03-09T19:15:00+00:00,0.9988568338298013,1
site_ad3433ffac,2026-03-09T19:30:00+00:00,0.9988568338298013,1
site_ad3433ffac,2026-03-09T19:45:00+00:00,0.9988568338298013,1
site_ad3433ffac,2026-03-09T20:00:00+00:00,0.9988568338298013,1
site_ad3433ffac,2026-03-09T20:15:00+00:00,0.9988568338298013,1
site_ad3433ffac,2026-03-09T20:30:00+00:00,0.9954954892919862,1
site_ad3433ffac,2026-03-09T20:45:00+00:00,0.9954670033213265,1
site_ad3433ffac,2026-03-09T21:00:00+00:00,0.9988568338298013,1
site_ad3433ffac,2026-03-09T21:15:00+00:00,0.9919304269033944,1
site_ad3433ffac,2026-03-09T21:30:00+00:00,0.9954085579677322,1
site_ad3433ffac,2026-03-09T21:45:00+00:00,0.9919003120906709,1
site_ad3433ffac,2026-03-09T22:00:00+00:00,0.9920771728128521,1
site_ad3433ffac,2026-03-09T22:15:00+00:00,0.9885564046452519,1
site_ad3433ffac,2026-03-09T22:30:00+00:00,0.9919602821056632,1
site_ad3433ffac,2026-03-09T22:45:00+00:00,0.9884220512211055,1
site_ad3433ffac,2026-03-09T23:00:00+00:00,0.9909750604307863,1
site_ad3433ffac,2026-03-09T23:15:00+00:00,0.9905666783893867,1
site_ad3433ffac,2026-03-09T23:30:00+00:00,0.9869756457109894,1
site_ad3433ffac,2026-03-09T23:45:00+00:00,0.9869756457109894,1
site_ad3433ffac,2026-03-10T00:00:00+00:00,0.9723374968132266,1
site_ad3433ffac,2026-03-10T00:15:00+00:00,0.9758903266527679,1
site_ad3433ffac,2026-03-10T00:30:00+00:00,0.983472218445186,1
site_ad3433ffac,2026-03-10T00:45:00+00:00,0.983322853247277,1
site_ad3433ffac,2026-03-10T01:00:00+00:00,0.9765312524344523,1
site_ad3433ffac,2026-03-10T01:15:00+00:00,0.9807572863184891,1
site_ad3433ffac,2026-03-10T01:30:00+00:00,0.9879477429207103,1
site_ad3433ffac,2026-03-10T01:45:00+00:00,0.9811577187855534,1
site_ad3433ffac,2026-03-10T02:00:00+00:00,0.9808388158117832,1
site_ad3433ffac,2026-03-10T02:15:00+00:00,0.984571119544087,1
site_ad3433ffac,2026-03-10T02:30:00+00:00,0.9777114593804619,1
site_ad3433ffac,2026-03-10T02:45:00+00:00,0.9883305180403277,1
site_ad3433ffac,2026-03-10T03:00:00+00:00,0.984821746110503,1
site_ad3433ffac,2026-03-10T03:15:00+00:00,0.9816894518555521,1
site_ad3433ffac,2026-03-10T03:30:00+00:00,0.9780776130505803,1
site_ad3433ffac,2026-03-10T03:45:00+00:00,0.9812356884553519,1
site_ad3433ffac,2026-03-10T04:00:00+00:00,0.9816154545194564,1
site_ad3433ffac,2026-03-10T04:15:00+00:00,0.9850637303815255,1
site_ad3433ffac,2026-03-10T04:30:00+00:00,0.9851816201545877,1
site_ad3433ffac,2026-03-10T04:45:00+00:00,0.9851229282504022,1
site_ad3433ffac,2026-03-10T05:00:00+00:00,0.9954670033213265,1
site_ad3433ffac,2026-03-10T05:15:00+00:00,0.9954670033213265,1
site_ad3433ffac,2026-03-10T05:30:00+00:00,0.9954380304109979,1
site_ad3433ffac,2026-03-10T05:45:00+00:00,0.9988568338298013,1
site_ad3433ffac,2026-03-10T06:00:00+00:00,0.9954670033213265,1
site_ad3433ffac,2026-03-10T06:15:00+00:00,0.9955373317551125,1
site_ad3433ffac,2026-03-10T06:30:00+00:00,0.9955373317551125,1
site_ad3433ffac,2026-03-10T06:45:00+00:00,0.9922724716898834,1
site_ad3433ffac,2026-03-10T07:00:00+00:00,0.9988568338298013,1
site_ad3433ffac,2026-03-10T07:15:00+00:00,0.99561796743304,1
site_ad3433ffac,2026-03-10T07:30:00+00:00,0.9988568338298013,1
site_ad3433ffac,2026-03-10T07:45:00+00:00,0.9955781453052112,1
site_ad3433ffac,2026-03-10T08:00:00+00:00,0.9955781453052112,1
site_ad3433ffac,2026-03-10T08:15:00+00:00,0.99561796743304,1
site_ad3433ffac,2026-03-10T08:30:00+00:00,0.9988568338298013,1
site_ad3433ffac,2026-03-10T08:45:00+00:00,0.9955781453052112,1
site_ad3433ffac,2026-03-10T09:00:00+00:00,0.9956048013094762,1
site_ad3433ffac,2026-03-10T09:15:00+00:00,0.9988568338298013,1
site_ad3433ffac,2026-03-10T09:30:00+00:00,0.99561796743304,1
site_ad3433ffac,2026-03-10T09:45:00+00:00,0.9955915277073523,1
site_ad3433ffac,2026-03-10T10:00:00+00:00,0.9988568338298013,1
site_ad3433ffac,2026-03-10T10:15:00+00:00,0.9988568338298013,1
site_ad3433ffac,2026-03-10T10:30:00+00:00,0.9988568338298013,1
site_ad3433ffac,2026-03-10T10:45:00+00:00,0.9988568338298013,1
site_ad3433ffac,2026-03-10T11:00:00+00:00,0.9988568338298013,1
site_ad3433ffac,2026-03-10T11:15:00+00:00,0.9988568338298013,1
site_ad3433ffac,2026-03-10T11:30:00+00:00,0.9988568338298013,1
site_ad3433ffac,2026-03-10T11:45:00+00:00,0.9988568338298013,1
site_ad3433ffac,2026-03-10T12:00:00+00:00,0.9988568338298013,1
site_ad3433ffac,2026-03-10T12:15:00+00:00,0.9988568338298013,1
site_ad3433ffac,2026-03-10T12:30:00+00:00,0.9988568338298013,1
site_ad3433ffac,2026-03-10T12:45:00+00:00,0.9988568338298013,1
site_ad3433ffac,2026-03-10T13:00:00+00:00,0.9988568338298013,1
site_ad3433ffac,2026-03-10T13:15:00+00:00,0.9988568338298013,1
site_ad3433ffac,2026-03-10T13:30:00+00:00,0.9988568338298013,1
site_ad3433ffac,2026-03-10T13:45:00+00:00,0.9988568338298013,1
site_ad3433ffac,2026-03-10T14:00:00+00:00,0.9988568338298013,1
site_ad3433ffac,2026-03-10T14:15:00+00:00,0.9988568338298013,1
site_ad3433ffac,2026-03-10T14:30:00+00:00,0.9988568338298013,1
site_ad3433ffac,2026-03-10T14:45:00+00:00,0.9988568338298013,1
site_ad3433ffac,2026-03-10T15:00:00+00:00,0.9955373317551125,1
site_ad3433ffac,2026-03-10T15:15:00+00:00,0.9988568338298013,1
site_ad3433ffac,2026-03-10T15:30:00+00:00,0.9988568338298013,1
site_ad3433ffac,2026-03-10T15:45:00+00:00,0.9988568338298013,1
site_ad3433ffac,2026-03-10T16:00:00+00:00,0.9988568338298013,1
site_ad3433ffac,2026-03-10T16:15:00+00:00,0.9988568338298013,1
site_ad3433ffac,2026-03-10T16:30:00+00:00,0.9954670033213265,1
site_ad3433ffac,2026-03-10T16:45:00+00:00,0.9988568338298013,1
site_ad3433ffac,2026-03-10T17:00:00+00:00,0.9988568338298013,1
site_ad3433ffac,2026-03-10T17:15:00+00:00,0.9988568338298013,1
site_ad3433ffac,2026-03-10T17:30:00+00:00,0.9988568338298013,1
site_ad3433ffac,2026-03-10T17:45:00+00:00,0.9988568338298013,1
site_ad3433ffac,2026-03-10T18:00:00+00:00,0.9988568338298013,1
site_ad3433ffac,2026-03-10T18:15:00+00:00,0.9988568338298013,1
site_ad3433ffac,2026-03-10T18:30:00+00:00,0.9988568338298013,1
site_ad3433ffac,2026-03-10T18:45:00+00:00,0.9988568338298013,1
site_ad3433ffac,2026-03-10T19:00:00+00:00,0.9988568338298013,1
site_ad3433ffac,2026-03-10T19:15:00+00:00,0.9988568338298013,1
site_ad3433ffac,2026-03-10T19:30:00+00:00,0.9988568338298013,1
site_ad3433ffac,2026-03-10T19:45:00+00:00,0.9988568338298013,1
site_ad3433ffac,2026-03-10T20:00:00+00:00,0.9988568338298013,1
site_ad3433ffac,2026-03-10T20:15:00+00:00,0.9988568338298013,1
site_ad3433ffac,2026-03-10T20:30:00+00:00,0.9954954892919862,1
site_ad3433ffac,2026-03-10T20:45:00+00:00,0.9954670033213265,1
site_ad3433ffac,2026-03-10T21:00:00+00:00,0.9988568338298013,1
site_ad3433ffac,2026-03-10T21:15:00+00:00,0.9919304269033944,1
site_ad3433ffac,2026-03-10T21:30:00+00:00,0.9954085579677322,1
site_ad3433ffac,2026-03-10T21:45:00+00:00,0.9919003120906709,1
site_ad3433ffac,2026-03-10T22:00:00+00:00,0.9920771728128521,1
site_ad3433ffac,2026-03-10T22:15:00+00:00,0.9885564046452519,1
site_ad3433ffac,2026-03-10T22:30:00+00:00,0.9919602821056632,1
site_ad3433ffac,2026-03-10T22:45:00+00:00,0.9884220512211055,1
site_ad3433ffac,2026-03-10T23:00:00+00:00,0.9909750604307863,1
site_ad3433ffac,2026-03-10T23:15:00+00:00,0.9905666783893867,1
site_ad3433ffac,2026-03-10T23:30:00+00:00,0.9869756457109894,1
site_ad3433ffac,2026-03-10T23:45:00+00:00,0.9869756457109894,1
site_ad3433ffac,2026-03-11T00:00:00+00:00,0.9723374968132266,1
site_ad3433ffac,2026-03-11T00:15:00+00:00,0.9758903266527679,1
site_ad3433ffac,2026-03-11T00:30:00+00:00,0.983472218445186,1
site_ad3433ffac,2026-03-11T00:45:00+00:00,0.983322853247277,1
site_ad3433ffac,2026-03-11T01:00:00+00:00,0.9765312524344523,1
site_ad3433ffac,2026-03-11T01:15:00+00:00,0.9807572863184891,1
site_ad3433ffac,2026-03-11T01:30:00+00:00,0.9879477429207103,1
site_ad3433ffac,2026-03-11T01:45:00+00:00,0.9811577187855534,1
site_ad3433ffac,2026-03-11T02:00:00+00:00,0.9808388158117832,1
site_ad3433ffac,2026-03-11T02:15:00+00:00,0.984571119544087,1
site_ad3433ffac,2026-03-11T02:30:00+00:00,0.9777114593804619,1
site_ad3433ffac,2026-03-11T02:45:00+00:00,0.9883305180403277,1
site_ad3433ffac,2026-03-11T03:00:00+00:00,0.984821746110503,1
site_ad3433ffac,2026-03-11T03:15:00+00:00,0.9816894518555521,1
site_ad3433ffac,2026-03-11T03:30:00+00:00,0.9780776130505803,1
site_ad3433ffac,2026-03-11T03:45:00+00:00,0.9812356884553519,1
site_ad3433ffac,2026-03-11T04:00:00+00:00,0.9816154545194564,1
site_ad3433ffac,2026-03-11T04:15:00+00:00,0.9850637303815255,1
site_ad3433ffac,2026-03-11T04:30:00+00:00,0.9851816201545877,1
site_ad3433ffac,2026-03-11T04:45:00+00:00,0.9851229282504022,1
site_ad3433ffac,2026-03-11T05:00:00+00:00,0.9954670033213265,1
site_ad3433ffac,2026-03-11T05:15:00+00:00,0.9954670033213265,1
site_ad3433ffac,2026-03-11T05:30:00+00:00,0.9954380304109979,1
site_ad3433ffac,2026-03-11T05:45:00+00:00,0.9988568338298013,1
site_ad3433ffac,2026-03-11T06:00:00+00:00,0.9954670033213265,1
site_ad3433ffac,2026-03-11T06:15:00+00:00,0.9955373317551125,1
site_ad3433ffac,2026-03-11T06:30:00+00:00,0.9955373317551125,1
site_ad3433ffac,2026-03-11T06:45:00+00:00,0.9922724716898834,1
site_ad3433ffac,2026-03-11T07:00:00+00:00,0.9988568338298013,1
site_ad3433ffac,2026-03-11T07:15:00+00:00,0.99561796743304,1
site_ad3433ffac,2026-03-11T07:30:00+00:00,0.9988568338298013,1
site_ad3433ffac,2026-03-11T07:45:00+00:00,0.9955781453052112,1
site_ad3433ffac,2026-03-11T08:00:00+00:00,0.9955781453052112,1
site_ad3433ffac,2026-03-11T08:15:00+00:00,0.99561796743304,1
site_ad3433ffac,2026-03-11T08:30:00+00:00,0.9988568338298013,1
site_ad3433ffac,2026-03-11T08:45:00+00:00,0.9955781453052112,1
site_ad3433ffac,2026-03-11T09:00:00+00:00,0.9956048013094762,1
site_ad3433ffac,2026-03-11T09:15:00+00:00,0.9988568338298013,1
site_ad3433ffac,2026-03-11T09:30:00+00:00,0.99561796743304,1
site_ad3433ffac,2026-03-11T09:45:00+00:00,0.9955915277073523,1
site_ad3433ffac,2026-03-11T10:00:00+00:00,0.9988568338298013,1
site_ad3433ffac,2026-03-11T10:15:00+00:00,0.9988568338298013,1
site_ad3433ffac,2026-03-11T10:30:00+00:00,0.9988568338298013,1
site_ad3433ffac,2026-03-11T10:45:00+00:00,0.9988568338298013,1
site_ad3433ffac,2026-03-11T11:00:00+00:00,0.9988568338298013,1
site_ad3433ffac,2026-03-11T11:15:00+00:00,0.9988568338298013,1
site_ad3433ffac,2026-03-11T11:30:00+00:00,0.9988568338298013,1
site_ad3433ffac,2026-03-11T11:45:00+00:00,0.9988568338298013,1
site_ad3433ffac,2026-03-11T12:00:00+00:00,0.9988568338298013,1
site_ad3433ffac,2026-03-11T12:15:00+00:00,0.9988568338298013,1
site_ad3433ffac,2026-03-11T12:30:00+00:00,0.9988568338298013,1
site_ad3433ffac,2026-03-11T12:45:00+00:00,0.9988568338298013,1
site_ad3433ffac,2026-03-11T13:00:00+00:00,0.9988568338298013,1
site_ad3433ffac,2026-03-11T13:15:00+00:00,0.9988568338298013,1
site_ad3433ffac,2026-03-11T13:30:00+00:00,0.9988568338298013,1
site_ad3433ffac,2026-03-11T13:45:00+00:00,0.9988568338298013,1
site_ad3433ffac,2026-03-11T14:00:00+00:00,0.9988568338298013,1
site_ad3433ffac,2026-03-11T14:15:00+00:00,0.9988568338298013,1
site_ad3433ffac,2026-03-11T14:30:00+00:00,0.9988568338298013,1
site_ad3433ffac,2026-03-11T14:45:00+00:00,0.9988568338298013,1
site_ad3433ffac,2026-03-11T15:00:00+00:00,0.9955373317551125,1
site_ad3433ffac,2026-03-11T15:15:00+00:00,0.9988568338298013,1
site_ad3433ffac,2026-03-11T15:30:00+00:00,0.9988568338298013,1
site_ad3433ffac,2026-03-11T15:45:00+00:00,0.9988568338298013,1
site_ad3433ffac,2026-03-11T16:00:00+00:00,0.9988568338298013,1
site_ad3433ffac,2026-03-11T16:15:00+00:00,0.9988568338298013,1
site_ad3433ffac,2026-03-11T16:30:00+00:00,0.9954670033213265,1
site_ad3433ffac,2026-03-11T16:45:00+00:00,0.9988568338298013,1
site_ad3433ffac,2026-03-11T17:00:00+00:00,0.9988568338298013,1
site_ad3433ffac,2026-03-11T17:15:00+00:00,0.9988568338298013,1
site_ad3433ffac,2026-03-11T17:30:00+00:00,0.9988568338298013,1
site_ad3433ffac,2026-03-11T17:45:00+00:00,0.9988568338298013,1
site_ad3433ffac,2026-03-11T18:00:00+00:00,0.9988568338298013,1
site_ad3433ffac,2026-03-11T18:15:00+00:00,0.9988568338298013,1
site_ad3433ffac,2026-03-11T18:30:00+00:00,0.9988568338298013,1
site_ad3433ffac,2026-03-11T18:45:00+00:00,0.9988568338298013,1
site_ad3433ffac,2026-03-11T19:00:00+00:00,0.9988568338298013,1
site_ad3433ffac,2026-03-11T19:15:00+00:00,0.9988568338298013,1
site_ad3433ffac,2026-03-11T19:30:00+00:00,0.9988568338298013,1
site_ad3433ffac,2026-03-11T19:45:00+00:00,0.9988568338298013,1
site_ad3433ffac,2026-03-11T20:00:00+00:00,0.9988568338298013,1
site_ad3433ffac,2026-03-11T20:15:00+00:00,0.9988568338298013,1
site_ad3433ffac,2026-03-11T20:30:00+00:00,0.9954954892919862,1
site_ad3433ffac,2026-03-11T20:45:00+00:00,0.9954670033213265,1
site_ad3433ffac,2026-03-11T21:00:00+00:00,0.9988568338298013,1
site_ad3433ffac,2026-03-11T21:15:00+00:00,0.9919304269033944,1
site_ad3433ffac,2026-03-11T21:30:00+00:00,0.9954085579677322,1
site_ad3433ffac,2026-03-11T21:45:00+00:00,0.9919003120906709,1
site_ad3433ffac,2026-03-11T22:00:00+00:00,0.9920771728128521,1
site_ad3433ffac,2026-03-11T22:15:00+00:00,0.9885564046452519,1
site_ad3433ffac,2026-03-11T22:30:00+00:00,0.9919602821056632,1
site_ad3433ffac,2026-03-11T22:45:00+00:00,0.9884220512211055,1
site_ad3433ffac,2026-03-11T23:00:00+00:00,0.9909750604307863,1
site_ad3433ffac,2026-03-11T23:15:00+00:00,0.9905666783893867,1
site_ad3433ffac,2026-03-11T23:30:00+00:00,0.9869756457109894,1
site_ad3433ffac,2026-03-11T23:45:00+00:00,0.9869756457109894,1
site_ad3433ffac,2026-03-12T00:00:00+00:00,0.9723374968132266,1
site_ad3433ffac,2026-03-12T00:15:00+00:00,0.9758903266527679,1
site_ad3433ffac,2026-03-12T00:30:00+00:00,0.983472218445186,1
site_ad3433ffac,2026-03-12T00:45:00+00:00,0.983322853247277,1
site_ad3433ffac,2026-03-12T01:00:00+00:00,0.9765312524344523,1
site_ad3433ffac,2026-03-12T01:15:00+00:00,0.9807572863184891,1
site_ad3433ffac,2026-03-12T01:30:00+00:00,0.9879477429207103,1
site_ad3433ffac,2026-03-12T01:45:00+00:00,0.9811577187855534,1
site_ad3433ffac,2026-03-12T02:00:00+00:00,0.9808388158117832,1
site_ad3433ffac,2026-03-12T02:15:00+00:00,0.984571119544087,1
site_ad3433ffac,2026-03-12T02:30:00+00:00,0.9777114593804619,1
site_ad3433ffac,2026-03-12T02:45:00+00:00,0.9883305180403277,1
site_ad3433ffac,2026-03-12T03:00:00+00:00,0.984821746110503,1
site_ad3433ffac,2026-03-12T03:15:00+00:00,0.9816894518555521,1
site_ad3433ffac,2026-03-12T03:30:00+00:00,0.9780776130505803,1
site_ad3433ffac,2026-03-12T03:45:00+00:00,0.9812356884553519,1
site_ad3433ffac,2026-03-12T04:00:00+00:00,0.9816154545194564,1
site_ad3433ffac,2026-03-12T04:15:00+00:00,0.9850637303815255,1
site_ad3433ffac,2026-03-12T04:30:00+00:00,0.9851816201545877,1
site_ad3433ffac,2026-03-12T04:45:00+00:00,0.9851229282504022,1
site_ad3433ffac,2026-03-12T05:00:00+00:00,0.9954670033213265,1
site_ad3433ffac,2026-03-12T05:15:00+00:00,0.9954670033213265,1
site_ad3433ffac,2026-03-12T05:30:00+00:00,0.9954380304109979,1
site_ad3433ffac,2026-03-12T05:45:00+00:00,0.9988568338298013,1
site_ad3433ffac,2026-03-12T06:00:00+00:00,0.9954670033213265,1
site_ad3433ffac,2026-03-12T06:15:00+00:00,0.9955373317551125,1
site_ad3433ffac,2026-03-12T06:30:00+00:00,0.9955373317551125,1
site_ad3433ffac,2026-03-12T06:45:00+00:00,0.9922724716898834,1
site_ad3433ffac,2026-03-12T07:00:00+00:00,0.9988568338298013,1
site_ad3433ffac,2026-03-12T07:15:00+00:00,0.99561796743304,1
site_ad3433ffac,2026-03-12T07:30:00+00:00,0.9988568338298013,1
site_ad3433ffac,2026-03-12T07:45:00+00:00,0.9955781453052112,1
site_ad3433ffac,2026-03-12T08:00:00+00:00,0.9955781453052112,1
site_ad3433ffac,2026-03-12T08:15:00+00:00,0.99561796743304,1
site_ad3433ffac,2026-03-12T08:30:00+00:00,0.9988568338298013,1
site_ad3433ffac,2026-03-12T08:45:00+00:00,0.9955781453052112,1
site_ad3433ffac,2026-03-12T09:00:00+00:00,0.9956048013094762,1
site_ad3433ffac,2026-03-12T09:15:00+00:00,0.9988568338298013,1
site_ad3433ffac,2026-03-12T09:30:00+00:00,0.99561796743304,1
site_ad3433ffac,2026-03-12T09:45:00+00:00,0.9955915277073523,1
site_ad3433ffac,2026-03-12T10:00:00+00:00,0.9988568338298013,1
site_ad3433ffac,2026-03-12T10:15:00+00:00,0.9988568338298013,1
site_ad3433ffac,2026-03-12T10:30:00+00:00,0.9988568338298013,1
site_ad3433ffac,2026-03-12T10:45:00+00:00,0.9988568338298013,1
site_ad3433ffac,2026-03-12T11:00:00+00:00,0.9988568338298013,1
site_ad3433ffac,2026-03-12T11:15:00+00:00,0.9988568338298013,1
site_ad3433ffac,2026-03-12T11:30:00+00:00,0.9988568338298013,1
site_ad3433ffac,2026-03-12T11:45:00+00:00,0.9988568338298013,1
site_ad3433ffac,2026-03-12T12:00:00+00:00,0.9988568338298013,1
site_ad3433ffac,2026-03-12T12:15:00+00:00,0.9988568338298013,1
site_ad3433ffac,2026-03-12T12:30:00+00:00,0.9988568338298013,1
site_ad3433ffac,2026-03-12T12:45:00+00:00,0.9988568338298013,1
site_ad3433ffac,2026-03-12T13:00:00+00:00,0.9988568338298013,1
site_ad3433ffac,2026-03-12T13:15:00+00:00,0.9988568338298013,1
site_ad3433ffac,2026-03-12T13:30:00+00:00,0.9988568338298013,1
site_ad3433ffac,2026-03-12T13:45:00+00:00,0.9988568338298013,1
site_ad3433ffac,2026-03-12T14:00:00+00:00,0.9988568338298013,1
site_ad3433ffac,2026-03-12T14:15:00+00:00,0.9988568338298013,1
site_ad3433ffac,2026-03-12T14:30:00+00:00,0.9988568338298013,1
site_ad3433ffac,2026-03-12T14:45:00+00:00,0.9988568338298013,1
site_ad3433ffac,2026-03-12T15:00:00+00:00,0.9955373317551125,1
site_ad3433ffac,2026-03-12T15:15:00+00:00,0.9988568338298013,1
site_ad3433ffac,2026-03-12T15:30:00+00:00,0.9988568338298013,1
site_ad3433ffac,2026-03-12T15:45:00+00:00,0.9988568338298013,1
site_ad3433ffac,2026-03-12T16:00:00+00:00,0.9988568338298013,1
site_ad3433ffac,2026-03-12T16:15:00+00:00,0.9988568338298013,1
site_ad3433ffac,2026-03-12T16:30:00+00:00,0.9954670033213265,1
site_ad3433ffac,2026-03-12T16:45:00+00:00,0.9988568338298013,1
site_ad3433ffac,2026-03-12T17:00:00+00:00,0.9988568338298013,1
site_e726c7cce5,2026-02-18T14:15:00+00:00,0.9988984459958505,1
site_e726c7cce5,2026-02-18T14:30:00+00:00,0.9988984459958505,1
site_e726c7cce5,2026-02-18T14:45:00+00:00,0.9988984459958505,1
site_e726c7cce5,2026-02-18T15:00:00+00:00,0.9955789439211618,1
site_e726c7cce5,2026-02-18T15:15:00+00:00,0.9988984459958505,1
site_e726c7cce5,2026-02-18T15:30:00+00:00,0.9988984459958505,1
site_e726c7cce5,2026-02-18T15:45:00+00:00,0.9988984459958505,1
site_e726c7cce5,2026-02-18T16:00:00+00:00,0.9988984459958505,1
site_e726c7cce5,2026-02-18T16:15:00+00:00,0.9988984459958505,1
site_e726c7cce5,2026-02-18T16:30:00+00:00,0.9955086154873758,1
site_e726c7cce5,2026-02-18T16:45:00+00:00,0.9988984459958505,1
site_e726c7cce5,2026-02-18T17:00:00+00:00,0.9988984459958505,1
site_e726c7cce5,2026-02-18T17:15:00+00:00,0.9988984459958505,1
site_e726c7cce5,2026-02-18T17:30:00+00:00,0.9988984459958505,1
site_e726c7cce5,2026-02-18T17:45:00+00:00,0.9988984459958505,1
site_e726c7cce5,2026-02-18T18:00:00+00:00,0.9988984459958505,1
site_e726c7cce5,2026-02-18T18:15:00+00:00,0.9988984459958505,1
site_e726c7cce5,2026-02-18T18:30:00+00:00,0.9988984459958505,1
site_e726c7cce5,2026-02-18T18:45:00+00:00,0.9988984459958505,1
site_e726c7cce5,2026-02-18T19:00:00+00:00,0.9988984459958505,1
site_e726c7cce5,2026-02-19T01:15:00+00:00,0.980798898484538,1
site_e726c7cce5,2026-02-19T03:30:00+00:00,0.9781192252166295,1
site_e726c7cce5,2026-02-19T04:45:00+00:00,0.9851645404164511,1
site_e726c7cce5,2026-02-19T05:00:00+00:00,0.9955086154873758,1
site_e726c7cce5,2026-02-19T05:30:00+00:00,0.9954796425770471,1
site_e726c7cce5,2026-02-19T09:30:00+00:00,0.9956595795990892,1
site_e726c7cce5,2026-02-19T10:30:00+00:00,0.9988984459958505,1
site_e726c7cce5,2026-02-19T10:45:00+00:00,0.9988984459958505,1
site_e726c7cce5,2026-02-19T14:00:00+00:00,0.9988984459958505,1
site_e726c7cce5,2026-02-19T14:15:00+00:00,0.9988984459958505,1
site_e726c7cce5,2026-02-19T14:30:00+00:00,0.9988984459958505,1
site_e726c7cce5,2026-02-19T14:45:00+00:00,0.9988984459958505,1
site_e726c7cce5,2026-02-19T15:00:00+00:00,0.9955789439211618,1
site_e726c7cce5,2026-02-19T15:15:00+00:00,0.9988984459958505,1
site_e726c7cce5,2026-02-19T15:30:00+00:00,0.9988984459958505,1
site_e726c7cce5,2026-02-19T15:45:00+00:00,0.9988984459958505,1
site_e726c7cce5,2026-02-19T16:00:00+00:00,0.9988984459958505,1
site_e726c7cce5,2026-02-19T16:15:00+00:00,0.9988984459958505,1
site_e726c7cce5,2026-02-19T16:30:00+00:00,0.9955086154873758,1
site_e726c7cce5,2026-02-19T16:45:00+00:00,0.9988984459958505,1
site_e726c7cce5,2026-02-19T17:00:00+00:00,0.9988984459958505,1
site_e726c7cce5,2026-02-19T17:15:00+00:00,0.9988984459958505,1
site_e726c7cce5,2026-02-19T17:30:00+00:00,0.9988984459958505,1
site_e726c7cce5,2026-02-19T17:45:00+00:00,0.9988984459958505,1
site_e726c7cce5,2026-02-19T18:00:00+00:00,0.9988984459958505,1
site_e726c7cce5,2026-02-19T18:15:00+00:00,0.9988984459958505,1
site_e726c7cce5,2026-02-19T18:30:00+00:00,0.9988984459958505,1
site_e726c7cce5,2026-02-19T18:45:00+00:00,0.9988984459958505,1
site_e726c7cce5,2026-02-19T19:00:00+00:00,0.9988984459958505,1
site_e726c7cce5,2026-02-19T19:15:00+00:00,0.9988984459958505,1
site_e726c7cce5,2026-02-19T19:30:00+00:00,0.9988984459958505,1
site_e726c7cce5,2026-02-19T19:45:00+00:00,0.9988984459958505,1
site_e726c7cce5,2026-02-19T20:00:00+00:00,0.9988984459958505,1
site_e726c7cce5,2026-02-19T20:15:00+00:00,0.9988984459958505,1
site_e726c7cce5,2026-02-19T20:30:00+00:00,0.9955371014580354,1
site_e726c7cce5,2026-02-19T20:45:00+00:00,0.9955086154873758,1
site_e726c7cce5,2026-02-19T21:00:00+00:00,0.9988984459958505,1
site_e726c7cce5,2026-02-19T21:15:00+00:00,0.9919720390694433,1
site_e726c7cce5,2026-02-19T21:30:00+00:00,0.9954501701337815,1
site_e726c7cce5,2026-02-19T21:45:00+00:00,0.9919419242567201,1
site_e726c7cce5,2026-02-19T22:00:00+00:00,0.9921187849789014,1
site_e726c7cce5,2026-02-19T22:15:00+00:00,0.9885980168113011,1
site_e726c7cce5,2026-02-19T22:30:00+00:00,0.9920018942717125,1
site_e726c7cce5,2026-02-19T22:45:00+00:00,0.9884636633871547,1
site_e726c7cce5,2026-02-19T23:00:00+00:00,0.9910166725968356,1
site_e726c7cce5,2026-02-19T23:15:00+00:00,0.990608290555436,1
site_e726c7cce5,2026-02-19T23:30:00+00:00,0.9870172578770386,1
site_e726c7cce5,2026-02-19T23:45:00+00:00,0.9870172578770386,1
site_e726c7cce5,2026-02-20T00:00:00+00:00,0.9723791089792758,1
site_e726c7cce5,2026-02-20T00:15:00+00:00,0.9759319388188168,1
site_e726c7cce5,2026-02-20T00:30:00+00:00,0.9835138306112349,1
site_e726c7cce5,2026-02-20T00:45:00+00:00,0.9833644654133262,1
site_e726c7cce5,2026-02-20T01:00:00+00:00,0.9765728646005016,1
site_e726c7cce5,2026-02-20T01:15:00+00:00,0.980798898484538,1
site_e726c7cce5,2026-02-20T01:30:00+00:00,0.9879893550867596,1
site_e726c7cce5,2026-02-20T01:45:00+00:00,0.9811993309516026,1
site_e726c7cce5,2026-02-20T02:00:00+00:00,0.9808804279778325,1
site_e726c7cce5,2026-02-20T02:15:00+00:00,0.984612731710136,1
site_e726c7cce5,2026-02-20T02:30:00+00:00,0.9777530715465111,1
site_e726c7cce5,2026-02-20T02:45:00+00:00,0.9883721302063766,1
site_e726c7cce5,2026-02-20T03:00:00+00:00,0.9848633582765522,1
site_e726c7cce5,2026-02-20T03:15:00+00:00,0.9817310640216015,1
site_e726c7cce5,2026-02-20T03:30:00+00:00,0.9781192252166295,1
site_e726c7cce5,2026-02-20T03:45:00+00:00,0.9812773006214013,1
site_e726c7cce5,2026-02-20T04:00:00+00:00,0.9816570666855057,1
site_e726c7cce5,2026-02-20T04:15:00+00:00,0.9851053425475744,1
site_e726c7cce5,2026-02-20T04:30:00+00:00,0.9852232323206366,1
site_e726c7cce5,2026-02-20T04:45:00+00:00,0.9851645404164511,1
site_e726c7cce5,2026-02-20T05:00:00+00:00,0.9955086154873758,1
site_e726c7cce5,2026-02-20T05:15:00+00:00,0.9955086154873758,1
site_e726c7cce5,2026-02-20T05:30:00+00:00,0.9954796425770471,1
site_e726c7cce5,2026-02-20T05:45:00+00:00,0.9988984459958505,1
site_e726c7cce5,2026-02-20T06:00:00+00:00,0.9955086154873758,1
site_e726c7cce5,2026-02-20T06:15:00+00:00,0.9955789439211618,1
site_e726c7cce5,2026-02-20T06:30:00+00:00,0.9955789439211618,1
site_e726c7cce5,2026-02-20T06:45:00+00:00,0.9923140838559327,1
site_e726c7cce5,2026-02-20T07:00:00+00:00,0.9988984459958505,1
site_e726c7cce5,2026-02-20T07:15:00+00:00,0.9956595795990892,1
site_e726c7cce5,2026-02-20T07:30:00+00:00,0.9988984459958505,1
site_e726c7cce5,2026-02-20T07:45:00+00:00,0.9956197574712604,1
site_e726c7cce5,2026-02-20T08:00:00+00:00,0.9956197574712604,1
site_e726c7cce5,2026-02-20T08:15:00+00:00,0.9956595795990892,1
site_e726c7cce5,2026-02-20T08:30:00+00:00,0.9988984459958505,1
site_e726c7cce5,2026-02-20T08:45:00+00:00,0.9956197574712604,1
site_e726c7cce5,2026-02-20T09:00:00+00:00,0.9956464134755251,1
site_e726c7cce5,2026-02-20T09:15:00+00:00,0.9988984459958505,1
site_e726c7cce5,2026-02-20T09:30:00+00:00,0.9956595795990892,1
site_e726c7cce5,2026-02-20T09:45:00+00:00,0.9956331398734015,1
site_e726c7cce5,2026-02-20T10:00:00+00:00,0.9988984459958505,1
site_e726c7cce5,2026-02-20T10:15:00+00:00,0.9988984459958505,1
site_e726c7cce5,2026-02-20T10:30:00+00:00,0.9988984459958505,1
site_e726c7cce5,2026-02-20T10:45:00+00:00,0.9988984459958505,1
site_e726c7cce5,2026-02-20T11:00:00+00:00,0.9988984459958505,1
site_e726c7cce5,2026-02-20T11:15:00+00:00,0.9988984459958505,1
site_e726c7cce5,2026-02-20T11:30:00+00:00,0.9988984459958505,1
site_e726c7cce5,2026-02-20T11:45:00+00:00,0.9988984459958505,1
site_e726c7cce5,2026-02-20T12:00:00+00:00,0.9988984459958505,1
site_e726c7cce5,2026-02-20T12:15:00+00:00,0.9988984459958505,1
site_e726c7cce5,2026-02-20T12:30:00+00:00,0.9988984459958505,1
site_e726c7cce5,2026-02-20T12:45:00+00:00,0.9988984459958505,1
site_e726c7cce5,2026-02-20T13:00:00+00:00,0.9988984459958505,1
site_e726c7cce5,2026-02-20T13:15:00+00:00,0.9988984459958505,1
site_e726c7cce5,2026-02-20T13:30:00+00:00,0.9988984459958505,1
site_e726c7cce5,2026-02-20T13:45:00+00:00,0.9988984459958505,1
site_e726c7cce5,2026-02-20T14:00:00+00:00,0.9988984459958505,1
site_e726c7cce5,2026-02-20T14:15:00+00:00,0.9988984459958505,1
site_e726c7cce5,2026-02-20T14:30:00+00:00,0.9988984459958505,1
site_e726c7cce5,2026-02-20T14:45:00+00:00,0.9988984459958505,1
site_e726c7cce5,2026-02-20T15:00:00+00:00,0.9955789439211618,1
site_e726c7cce5,2026-02-20T15:15:00+00:00,0.9988984459958505,1
site_e726c7cce5,2026-02-20T15:30:00+00:00,0.9988984459958505,1
site_e726c7cce5,2026-02-20T15:45:00+00:00,0.9988984459958505,1
site_e726c7cce5,2026-02-20T16:00:00+00:00,0.9988984459958505,1
site_e726c7cce5,2026-02-20T16:15:00+00:00,0.9988984459958505,1
site_e726c7cce5,2026-02-20T16:30:00+00:00,0.9955086154873758,1
site_e726c7cce5,2026-02-20T16:45:00+00:00,0.9988984459958505,1
site_e726c7cce5,2026-02-20T17:00:00+00:00,0.9988984459958505,1
site_e726c7cce5,2026-02-20T17:15:00+00:00,0.9988984459958505,1
site_e726c7cce5,2026-02-20T17:30:00+00:00,0.9988984459958505,1
site_e726c7cce5,2026-02-20T17:45:00+00:00,0.9988984459958505,1
site_e726c7cce5,2026-02-20T18:00:00+00:00,0.9988984459958505,1
site_e726c7cce5,2026-02-20T18:15:00+00:00,0.9988984459958505,1
site_e726c7cce5,2026-02-20T18:30:00+00:00,0.9988984459958505,1
site_e726c7cce5,2026-02-20T18:45:00+00:00,0.9988984459958505,1
site_e726c7cce5,2026-02-20T19:00:00+00:00,0.9988984459958505,1
site_e726c7cce5,2026-02-20T19:15:00+00:00,0.9988984459958505,1
site_e726c7cce5,2026-02-20T19:30:00+00:00,0.9988984459958505,1
site_e726c7cce5,2026-02-20T19:45:00+00:00,0.9988984459958505,1
site_e726c7cce5,2026-02-20T20:00:00+00:00,0.9988984459958505,1
site_e726c7cce5,2026-02-20T20:15:00+00:00,0.9988984459958505,1
site_e726c7cce5,2026-02-20T20:30:00+00:00,0.9955371014580354,1
site_e726c7cce5,2026-02-20T20:45:00+00:00,0.9955086154873758,1
site_e726c7cce5,2026-02-20T21:00:00+00:00,0.9988984459958505,1
site_e726c7cce5,2026-02-20T21:15:00+00:00,0.9919720390694433,1
site_e726c7cce5,2026-02-20T21:30:00+00:00,0.9954501701337815,1
site_e726c7cce5,2026-02-20T21:45:00+00:00,0.9919419242567201,1
site_e726c7cce5,2026-02-20T22:00:00+00:00,0.9921187849789014,1
site_e726c7cce5,2026-02-20T22:15:00+00:00,0.9885980168113011,1
site_e726c7cce5,2026-02-20T22:30:00+00:00,0.9920018942717125,1
site_e726c7cce5,2026-02-20T22:45:00+00:00,0.9884636633871547,1
site_e726c7cce5,2026-02-20T23:00:00+00:00,0.9910166725968356,1
site_e726c7cce5,2026-02-20T23:15:00+00:00,0.990608290555436,1
site_e726c7cce5,2026-02-20T23:30:00+00:00,0.9870172578770386,1
site_e726c7cce5,2026-02-20T23:45:00+00:00,0.9870172578770386,1
site_e726c7cce5,2026-02-21T00:00:00+00:00,0.9723791089792758,1
site_e726c7cce5,2026-02-21T00:15:00+00:00,0.9759319388188168,1
site_e726c7cce5,2026-02-21T00:30:00+00:00,0.9835138306112349,1
site_e726c7cce5,2026-02-21T00:45:00+00:00,0.9833644654133262,1
site_e726c7cce5,2026-02-21T01:00:00+00:00,0.9765728646005016,1
site_e726c7cce5,2026-02-21T01:15:00+00:00,0.980798898484538,1
site_e726c7cce5,2026-02-21T01:30:00+00:00,0.9879893550867596,1
site_e726c7cce5,2026-02-21T01:45:00+00:00,0.9811993309516026,1
site_e726c7cce5,2026-02-21T02:00:00+00:00,0.9808804279778325,1
site_e726c7cce5,2026-02-21T02:15:00+00:00,0.984612731710136,1
site_e726c7cce5,2026-02-21T02:30:00+00:00,0.9777530715465111,1
site_e726c7cce5,2026-02-21T02:45:00+00:00,0.9883721302063766,1
site_e726c7cce5,2026-02-21T03:00:00+00:00,0.9848633582765522,1
site_e726c7cce5,2026-02-21T03:15:00+00:00,0.9817310640216015,1
site_e726c7cce5,2026-02-21T03:30:00+00:00,0.9781192252166295,1
site_e726c7cce5,2026-02-21T03:45:00+00:00,0.9812773006214013,1
site_e726c7cce5,2026-02-21T04:00:00+00:00,0.9816570666855057,1
site_e726c7cce5,2026-02-21T04:15:00+00:00,0.9851053425475744,1
site_e726c7cce5,2026-02-21T04:30:00+00:00,0.9852232323206366,1
site_e726c7cce5,2026-02-21T05:00:00+00:00,0.9955086154873758,1
site_e726c7cce5,2026-02-21T05:15:00+00:00,0.9955086154873758,1
site_e726c7cce5,2026-02-21T05:30:00+00:00,0.9954796425770471,1
site_e726c7cce5,2026-02-21T05:45:00+00:00,0.9988984459958505,1
site_e726c7cce5,2026-02-21T06:00:00+00:00,0.9955086154873758,1
site_e726c7cce5,2026-02-21T06:15:00+00:00,0.9955789439211618,1
site_e726c7cce5,2026-02-21T06:30:00+00:00,0.9955789439211618,1
site_e726c7cce5,2026-02-21T06:45:00+00:00,0.9923140838559327,1
site_e726c7cce5,2026-02-21T07:00:00+00:00,0.9988984459958505,1
site_e726c7cce5,2026-02-21T07:15:00+00:00,0.9956595795990892,1
site_e726c7cce5,2026-02-21T07:30:00+00:00,0.9988984459958505,1
site_e726c7cce5,2026-02-21T07:45:00+00:00,0.9956197574712604,1
site_e726c7cce5,2026-02-21T08:00:00+00:00,0.9956197574712604,1
site_e726c7cce5,2026-02-21T08:15:00+00:00,0.9956595795990892,1
site_e726c7cce5,2026-02-21T08:30:00+00:00,0.9988984459958505,1
site_e726c7cce5,2026-02-21T08:45:00+00:00,0.9956197574712604,1
site_e726c7cce5,2026-02-21T09:00:00+00:00,0.9956464134755251,1
site_e726c7cce5,2026-02-21T09:15:00+00:00,0.9988984459958505,1
site_e726c7cce5,2026-02-21T09:30:00+00:00,0.9956595795990892,1
site_e726c7cce5,2026-02-21T09:45:00+00:00,0.9956331398734015,1
site_e726c7cce5,2026-02-21T10:00:00+00:00,0.9988984459958505,1
site_e726c7cce5,2026-02-21T10:15:00+00:00,0.9988984459958505,1
site_e726c7cce5,2026-02-21T10:30:00+00:00,0.9988984459958505,1
site_e726c7cce5,2026-02-21T10:45:00+00:00,0.9988984459958505,1
site_e726c7cce5,2026-02-21T11:00:00+00:00,0.9988984459958505,1
site_e726c7cce5,2026-02-21T11:15:00+00:00,0.9988984459958505,1
site_e726c7cce5,2026-02-21T11:30:00+00:00,0.9988984459958505,1
site_e726c7cce5,2026-02-21T11:45:00+00:00,0.9988984459958505,1
site_e726c7cce5,2026-02-21T12:00:00+00:00,0.9988984459958505,1
site_e726c7cce5,2026-02-21T12:15:00+00:00,0.9988984459958505,1
site_e726c7cce5,2026-02-21T12:30:00+00:00,0.9988984459958505,1
site_e726c7cce5,2026-02-21T12:45:00+00:00,0.9988984459958505,1
site_e726c7cce5,2026-02-21T13:00:00+00:00,0.9988984459958505,1
site_e726c7cce5,2026-02-21T13:15:00+00:00,0.9988984459958505,1
site_e726c7cce5,2026-02-21T13:30:00+00:00,0.9988984459958505,1
site_e726c7cce5,2026-02-21T13:45:00+00:00,0.9988984459958505,1
site_e726c7cce5,2026-02-21T14:00:00+00:00,0.9988984459958505,1
site_e726c7cce5,2026-02-21T14:15:00+00:00,0.9988984459958505,1
site_e726c7cce5,2026-02-21T14:30:00+00:00,0.9988984459958505,1
site_e726c7cce5,2026-02-21T14:45:00+00:00,0.9988984459958505,1
site_e726c7cce5,2026-02-21T15:00:00+00:00,0.9955789439211618,1
site_e726c7cce5,2026-02-21T15:15:00+00:00,0.9988984459958505,1
site_e726c7cce5,2026-02-21T15:30:00+00:00,0.9988984459958505,1
site_e726c7cce5,2026-02-21T15:45:00+00:00,0.9988984459958505,1
site_e726c7cce5,2026-02-21T16:00:00+00:00,0.9988984459958505,1
site_e726c7cce5,2026-02-21T16:15:00+00:00,0.9988984459958505,1
site_e726c7cce5,2026-02-21T16:30:00+00:00,0.9955086154873758,1
site_e726c7cce5,2026-02-21T16:45:00+00:00,0.9988984459958505,1
site_e726c7cce5,2026-02-21T17:00:00+00:00,0.9988984459958505,1
site_e726c7cce5,2026-02-21T17:15:00+00:00,0.9988984459958505,1
site_e726c7cce5,2026-02-21T17:30:00+00:00,0.9988984459958505,1
site_e726c7cce5,2026-02-21T17:45:00+00:00,0.9988984459958505,1
site_e726c7cce5,2026-02-21T18:00:00+00:00,0.9988984459958505,1
site_e726c7cce5,2026-02-21T18:15:00+00:00,0.9988984459958505,1
site_e726c7cce5,2026-02-21T18:30:00+00:00,0.9988984459958505,1
site_e726c7cce5,2026-02-21T18:45:00+00:00,0.9988984459958505,1
site_e726c7cce5,2026-02-21T19:00:00+00:00,0.9988984459958505,1
site_e726c7cce5,2026-02-21T19:15:00+00:00,0.9988984459958505,1
site_e726c7cce5,2026-02-21T19:30:00+00:00,0.9988984459958505,1
site_e726c7cce5,2026-02-21T19:45:00+00:00,0.9988984459958505,1
site_e726c7cce5,2026-02-21T20:00:00+00:00,0.9988984459958505,1
site_e726c7cce5,2026-02-21T20:15:00+00:00,0.9988984459958505,1
site_e726c7cce5,2026-02-21T20:30:00+00:00,0.9955371014580354,1
site_e726c7cce5,2026-02-21T20:45:00+00:00,0.9955086154873758,1
site_e726c7cce5,2026-02-21T21:00:00+00:00,0.9988984459958505,1
site_e726c7cce5,2026-02-21T21:15:00+00:00,0.9919720390694433,1
site_e726c7cce5,2026-02-21T21:30:00+00:00,0.9954501701337815,1
site_e726c7cce5,2026-02-21T21:45:00+00:00,0.9919419242567201,1
site_e726c7cce5,2026-02-21T22:00:00+00:00,0.9921187849789014,1
site_e726c7cce5,2026-02-21T22:15:00+00:00,0.9885980168113011,1
site_e726c7cce5,2026-02-21T22:30:00+00:00,0.9920018942717125,1
site_e726c7cce5,2026-02-21T22:45:00+00:00,0.9884636633871547,1
site_e726c7cce5,2026-02-21T23:15:00+00:00,0.990608290555436,1
site_e726c7cce5,2026-02-21T23:30:00+00:00,0.9870172578770386,1
site_e726c7cce5,2026-02-22T00:00:00+00:00,0.9723791089792758,1
site_e726c7cce5,2026-02-22T00:15:00+00:00,0.9759319388188168,1
site_e726c7cce5,2026-02-22T00:30:00+00:00,0.9835138306112349,1
site_e726c7cce5,2026-02-22T00:45:00+00:00,0.9833644654133262,1
site_e726c7cce5,2026-02-22T01:00:00+00:00,0.9765728646005016,1
site_e726c7cce5,2026-02-22T01:15:00+00:00,0.980798898484538,1
site_e726c7cce5,2026-02-22T01:30:00+00:00,0.9879893550867596,1
site_e726c7cce5,2026-02-22T01:45:00+00:00,0.9811993309516026,1
site_e726c7cce5,2026-02-22T02:00:00+00:00,0.9808804279778325,1
site_e726c7cce5,2026-02-22T02:15:00+00:00,0.984612731710136,1
site_e726c7cce5,2026-02-22T02:30:00+00:00,0.9777530715465111,1
site_e726c7cce5,2026-02-22T02:45:00+00:00,0.9883721302063766,1
site_e726c7cce5,2026-02-22T03:00:00+00:00,0.9848633582765522,1
site_e726c7cce5,2026-02-22T03:15:00+00:00,0.9817310640216015,1
site_e726c7cce5,2026-02-22T03:30:00+00:00,0.9781192252166295,1
site_e726c7cce5,2026-02-22T03:45:00+00:00,0.9812773006214013,1
site_e726c7cce5,2026-02-22T04:00:00+00:00,0.9816570666855057,1
site_e726c7cce5,2026-02-22T04:15:00+00:00,0.9851053425475744,1
site_e726c7cce5,2026-02-22T04:30:00+00:00,0.9852232323206366,1
site_e726c7cce5,2026-02-22T04:45:00+00:00,0.9851645404164511,1
site_e726c7cce5,2026-02-22T05:00:00+00:00,0.9955086154873758,1
site_e726c7cce5,2026-02-22T05:15:00+00:00,0.9955086154873758,1
site_e726c7cce5,2026-02-22T05:30:00+00:00,0.9954796425770471,1
site_e726c7cce5,2026-02-22T05:45:00+00:00,0.9988984459958505,1
site_e726c7cce5,2026-02-22T06:00:00+00:00,0.9955086154873758,1
site_e726c7cce5,2026-02-22T06:15:00+00:00,0.9955789439211618,1
site_e726c7cce5,2026-02-22T06:30:00+00:00,0.9955789439211618,1
site_e726c7cce5,2026-02-22T06:45:00+00:00,0.9923140838559327,1
site_e726c7cce5,2026-02-22T07:00:00+00:00,0.9988984459958505,1
site_e726c7cce5,2026-02-22T07:15:00+00:00,0.9956595795990892,1
site_e726c7cce5,2026-02-22T07:30:00+00:00,0.9988984459958505,1
site_e726c7cce5,2026-02-22T07:45:00+00:00,0.9956197574712604,1
site_e726c7cce5,2026-02-22T08:00:00+00:00,0.9956197574712604,1
site_e726c7cce5,2026-02-22T08:15:00+00:00,0.9956595795990892,1
site_e726c7cce5,2026-02-22T08:30:00+00:00,0.9988984459958505,1
site_e726c7cce5,2026-02-22T08:45:00+00:00,0.9956197574712604,1
site_e726c7cce5,2026-02-22T09:00:00+00:00,0.9956464134755251,1
site_e726c7cce5,2026-02-22T09:15:00+00:00,0.9988984459958505,1
site_e726c7cce5,2026-02-22T09:30:00+00:00,0.9956595795990892,1
site_e726c7cce5,2026-02-23T04:00:00+00:00,0.9816570666855057,1
site_e726c7cce5,2026-02-23T04:15:00+00:00,0.9851053425475744,1
site_e726c7cce5,2026-02-23T06:45:00+00:00,0.9923140838559327,1
site_e726c7cce5,2026-02-23T07:00:00+00:00,0.9988984459958505,1
site_e726c7cce5,2026-02-23T07:15:00+00:00,0.9956595795990892,1
site_e726c7cce5,2026-02-23T07:30:00+00:00,0.9988984459958505,1
site_e726c7cce5,2026-02-23T07:45:00+00:00,0.9956197574712604,1
site_e726c7cce5,2026-02-23T08:00:00+00:00,0.9956197574712604,1
site_e726c7cce5,2026-02-23T08:15:00+00:00,0.9956595795990892,1
site_e726c7cce5,2026-02-23T08:30:00+00:00,0.9988984459958505,1
site_e726c7cce5,2026-02-23T08:45:00+00:00,0.9956197574712604,1
site_e726c7cce5,2026-02-23T09:00:00+00:00,0.9956464134755251,1
site_e726c7cce5,2026-02-23T09:15:00+00:00,0.9988984459958505,1
site_e726c7cce5,2026-02-23T09:30:00+00:00,0.9956595795990892,1
site_e726c7cce5,2026-02-23T09:45:00+00:00,0.9956331398734015,1
site_e726c7cce5,2026-02-23T10:00:00+00:00,0.9988984459958505,1
site_e726c7cce5,2026-02-23T10:15:00+00:00,0.9988984459958505,1
site_e726c7cce5,2026-02-23T10:30:00+00:00,0.9988984459958505,1
site_e726c7cce5,2026-02-23T10:45:00+00:00,0.9988984459958505,1
site_e726c7cce5,2026-02-23T11:00:00+00:00,0.9988984459958505,1
site_e726c7cce5,2026-02-23T11:15:00+00:00,0.9988984459958505,1
site_e726c7cce5,2026-02-23T11:30:00+00:00,0.9988984459958505,1
site_e726c7cce5,2026-02-23T11:45:00+00:00,0.9988984459958505,1
site_e726c7cce5,2026-02-23T12:00:00+00:00,0.9988984459958505,1
site_e726c7cce5,2026-02-23T12:15:00+00:00,0.9988984459958505,1
site_e726c7cce5,2026-02-23T12:30:00+00:00,0.9988984459958505,1
site_e726c7cce5,2026-02-23T12:45:00+00:00,0.9988984459958505,1
site_e726c7cce5,2026-02-23T13:00:00+00:00,0.9988984459958505,1
site_e726c7cce5,2026-02-23T13:15:00+00:00,0.9988984459958505,1
site_e726c7cce5,2026-02-23T13:30:00+00:00,0.9988984459958505,1
site_e726c7cce5,2026-02-23T13:45:00+00:00,0.9988984459958505,1
site_e726c7cce5,2026-02-23T14:00:00+00:00,0.9988984459958505,1
site_e726c7cce5,2026-02-23T14:15:00+00:00,0.9988984459958505,1
site_e726c7cce5,2026-02-23T14:30:00+00:00,0.9988984459958505,1
site_e726c7cce5,2026-02-23T14:45:00+00:00,0.9988984459958505,1
site_e726c7cce5,2026-02-23T15:00:00+00:00,0.9955789439211618,1
site_e726c7cce5,2026-02-23T15:15:00+00:00,0.9988984459958505,1
site_e726c7cce5,2026-02-23T15:30:00+00:00,0.9988984459958505,1
site_e726c7cce5,2026-02-23T15:45:00+00:00,0.9988984459958505,1
site_e726c7cce5,2026-02-23T16:00:00+00:00,0.9988984459958505,1
site_e726c7cce5,2026-02-23T16:15:00+00:00,0.9988984459958505,1
site_e726c7cce5,2026-02-23T16:30:00+00:00,0.9955086154873758,1
site_e726c7cce5,2026-02-23T16:45:00+00:00,0.9988984459958505,1
site_e726c7cce5,2026-02-23T17:00:00+00:00,0.9988984459958505,1
site_e726c7cce5,2026-02-23T17:15:00+00:00,0.9988984459958505,1
site_e726c7cce5,2026-02-23T17:30:00+00:00,0.9988984459958505,1
site_e726c7cce5,2026-02-23T17:45:00+00:00,0.9988984459958505,1
site_e726c7cce5,2026-02-23T18:00:00+00:00,0.9988984459958505,1
site_e726c7cce5,2026-02-23T18:15:00+00:00,0.9988984459958505,1
site_e726c7cce5,2026-02-23T18:30:00+00:00,0.9988984459958505,1
site_e726c7cce5,2026-02-23T18:45:00+00:00,0.9988984459958505,1
site_e726c7cce5,2026-02-23T19:00:00+00:00,0.9988984459958505,1
site_e726c7cce5,2026-02-23T19:15:00+00:00,0.9988984459958505,1
site_e726c7cce5,2026-02-23T19:30:00+00:00,0.9988984459958505,1
site_e726c7cce5,2026-02-23T19:45:00+00:00,0.9988984459958505,1
site_e726c7cce5,2026-02-23T20:00:00+00:00,0.9988984459958505,1
site_e726c7cce5,2026-02-23T20:15:00+00:00,0.9988984459958505,1
site_e726c7cce5,2026-02-23T20:30:00+00:00,0.9955371014580354,1
site_e726c7cce5,2026-02-23T20:45:00+00:00,0.9955086154873758,1
site_e726c7cce5,2026-02-23T21:00:00+00:00,0.9988984459958505,1
site_e726c7cce5,2026-02-23T21:15:00+00:00,0.9919720390694433,1
site_e726c7cce5,2026-02-23T21:30:00+00:00,0.9954501701337815,1
site_e726c7cce5,2026-02-23T21:45:00+00:00,0.9919419242567201,1
site_e726c7cce5,2026-02-23T22:00:00+00:00,0.9921187849789014,1
site_e726c7cce5,2026-02-23T22:15:00+00:00,0.9885980168113011,1
site_e726c7cce5,2026-02-23T22:30:00+00:00,0.9920018942717125,1
site_e726c7cce5,2026-02-23T22:45:00+00:00,0.9884636633871547,1
site_e726c7cce5,2026-02-23T23:00:00+00:00,0.9910166725968356,1
site_e726c7cce5,2026-02-23T23:15:00+00:00,0.990608290555436,1
site_e726c7cce5,2026-02-23T23:30:00+00:00,0.9870172578770386,1
site_e726c7cce5,2026-02-23T23:45:00+00:00,0.9870172578770386,1
site_e726c7cce5,2026-02-24T00:00:00+00:00,0.9723791089792758,1
site_e726c7cce5,2026-02-24T00:15:00+00:00,0.9759319388188168,1
site_e726c7cce5,2026-02-24T00:30:00+00:00,0.9835138306112349,1
site_e726c7cce5,2026-02-24T00:45:00+00:00,0.9833644654133262,1
site_e726c7cce5,2026-02-24T01:00:00+00:00,0.9765728646005016,1
site_e726c7cce5,2026-02-24T01:15:00+00:00,0.980798898484538,1
site_e726c7cce5,2026-02-24T01:30:00+00:00,0.9879893550867596,1
site_e726c7cce5,2026-02-24T01:45:00+00:00,0.9811993309516026,1
site_e726c7cce5,2026-02-24T02:00:00+00:00,0.9808804279778325,1
site_e726c7cce5,2026-02-24T02:15:00+00:00,0.984612731710136,1
site_e726c7cce5,2026-02-24T02:30:00+00:00,0.9777530715465111,1
site_e726c7cce5,2026-02-24T02:45:00+00:00,0.9883721302063766,1
site_e726c7cce5,2026-02-24T03:00:00+00:00,0.9848633582765522,1
site_e726c7cce5,2026-02-24T03:15:00+00:00,0.9817310640216015,1
site_e726c7cce5,2026-02-24T03:30:00+00:00,0.9781192252166295,1
site_e726c7cce5,2026-02-24T03:45:00+00:00,0.9812773006214013,1
site_e726c7cce5,2026-02-24T04:00:00+00:00,0.9816570666855057,1
site_e726c7cce5,2026-02-24T04:15:00+00:00,0.9851053425475744,1
site_e726c7cce5,2026-02-24T04:30:00+00:00,0.9852232323206366,1
site_e726c7cce5,2026-02-24T04:45:00+00:00,0.9851645404164511,1
site_e726c7cce5,2026-02-24T05:00:00+00:00,0.9955086154873758,1
site_e726c7cce5,2026-02-24T05:15:00+00:00,0.9955086154873758,1
site_e726c7cce5,2026-02-24T05:30:00+00:00,0.9954796425770471,1
site_e726c7cce5,2026-02-24T05:45:00+00:00,0.9988984459958505,1
site_e726c7cce5,2026-02-24T06:00:00+00:00,0.9955086154873758,1
site_e726c7cce5,2026-02-24T06:15:00+00:00,0.9955789439211618,1
site_e726c7cce5,2026-02-24T06:30:00+00:00,0.9955789439211618,1
site_e726c7cce5,2026-02-24T06:45:00+00:00,0.9923140838559327,1
site_e726c7cce5,2026-02-24T07:00:00+00:00,0.9988984459958505,1
site_e726c7cce5,2026-02-24T07:15:00+00:00,0.9956595795990892,1
site_e726c7cce5,2026-02-24T07:30:00+00:00,0.9988984459958505,1
site_e726c7cce5,2026-02-24T07:45:00+00:00,0.9956197574712604,1
site_e726c7cce5,2026-02-24T08:00:00+00:00,0.9956197574712604,1
site_e726c7cce5,2026-02-24T08:15:00+00:00,0.9956595795990892,1
site_e726c7cce5,2026-02-24T08:30:00+00:00,0.9988984459958505,1
site_e726c7cce5,2026-02-24T08:45:00+00:00,0.9956197574712604,1
site_e726c7cce5,2026-02-24T09:00:00+00:00,0.9956464134755251,1
site_e726c7cce5,2026-02-24T09:15:00+00:00,0.9988984459958505,1
site_e726c7cce5,2026-02-24T09:30:00+00:00,0.9956595795990892,1
site_e726c7cce5,2026-02-24T09:45:00+00:00,0.9956331398734015,1
site_e726c7cce5,2026-02-24T10:00:00+00:00,0.9988984459958505,1
site_e726c7cce5,2026-02-24T10:15:00+00:00,0.9988984459958505,1
site_e726c7cce5,2026-02-24T10:30:00+00:00,0.9988984459958505,1
site_e726c7cce5,2026-02-24T10:45:00+00:00,0.9988984459958505,1
site_e726c7cce5,2026-02-24T11:00:00+00:00,0.9988984459958505,1
site_e726c7cce5,2026-02-24T11:15:00+00:00,0.9988984459958505,1
site_e726c7cce5,2026-02-24T11:30:00+00:00,0.9988984459958505,1
site_e726c7cce5,2026-02-24T11:45:00+00:00,0.9988984459958505,1
site_e726c7cce5,2026-02-24T12:00:00+00:00,0.9988984459958505,1
site_e726c7cce5,2026-02-24T12:15:00+00:00,0.9988984459958505,1
site_e726c7cce5,2026-02-24T12:30:00+00:00,0.9988984459958505,1
site_e726c7cce5,2026-02-24T12:45:00+00:00,0.9988984459958505,1
site_e726c7cce5,2026-02-24T13:00:00+00:00,0.9988984459958505,1
site_e726c7cce5,2026-02-24T13:15:00+00:00,0.9988984459958505,1
site_e726c7cce5,2026-02-24T13:30:00+00:00,0.9988984459958505,1
site_e726c7cce5,2026-02-24T13:45:00+00:00,0.9988984459958505,1
site_e726c7cce5,2026-02-24T14:00:00+00:00,0.9988984459958505,1
site_e726c7cce5,2026-02-24T14:15:00+00:00,0.9988984459958505,1
site_e726c7cce5,2026-02-24T14:30:00+00:00,0.9988984459958505,1
site_e726c7cce5,2026-02-24T14:45:00+00:00,0.9988984459958505,1
site_e726c7cce5,2026-02-24T15:00:00+00:00,0.9955789439211618,1
site_e726c7cce5,2026-02-24T15:15:00+00:00,0.9988984459958505,1
site_e726c7cce5,2026-02-24T15:30:00+00:00,0.9988984459958505,1
site_e726c7cce5,2026-02-24T15:45:00+00:00,0.9988984459958505,1
site_e726c7cce5,2026-02-24T16:00:00+00:00,0.9988984459958505,1
site_e726c7cce5,2026-02-24T16:15:00+00:00,0.9988984459958505,1
site_e726c7cce5,2026-02-24T16:30:00+00:00,0.9955086154873758,1
site_e726c7cce5,2026-02-24T16:45:00+00:00,0.9988984459958505,1
site_e726c7cce5,2026-02-24T17:00:00+00:00,0.9988984459958505,1
site_e726c7cce5,2026-02-24T17:15:00+00:00,0.9988984459958505,1
site_e726c7cce5,2026-02-24T17:30:00+00:00,0.9988984459958505,1
site_e726c7cce5,2026-02-24T17:45:00+00:00,0.9988984459958505,1
site_e726c7cce5,2026-02-24T18:00:00+00:00,0.9988984459958505,1
site_e726c7cce5,2026-02-24T18:15:00+00:00,0.9988984459958505,1
site_e726c7cce5,2026-02-24T18:30:00+00:00,0.9988984459958505,1
site_e726c7cce5,2026-02-24T18:45:00+00:00,0.9988984459958505,1
site_e726c7cce5,2026-02-24T19:00:00+00:00,0.9988984459958505,1
site_e726c7cce5,2026-02-24T19:15:00+00:00,0.9988984459958505,1
site_e726c7cce5,2026-02-24T19:30:00+00:00,0.9988984459958505,1
site_e726c7cce5,2026-02-24T19:45:00+00:00,0.9988984459958505,1
site_e726c7cce5,2026-02-24T20:00:00+00:00,0.9988984459958505,1
site_e726c7cce5,2026-02-24T20:15:00+00:00,0.9988984459958505,1
site_e726c7cce5,2026-02-24T20:30:00+00:00,0.9955371014580354,1
site_e726c7cce5,2026-02-24T20:45:00+00:00,0.9955086154873758,1
site_e726c7cce5,2026-02-24T21:00:00+00:00,0.9988984459958505,1
site_e726c7cce5,2026-02-24T21:15:00+00:00,0.9919720390694433,1
site_e726c7cce5,2026-02-24T21:30:00+00:00,0.9954501701337815,1
site_e726c7cce5,2026-02-24T21:45:00+00:00,0.9919419242567201,1
site_e726c7cce5,2026-02-24T22:00:00+00:00,0.9921187849789014,1
site_e726c7cce5,2026-02-24T22:15:00+00:00,0.9885980168113011,1
site_e726c7cce5,2026-02-24T22:30:00+00:00,0.9920018942717125,1
site_e726c7cce5,2026-02-24T22:45:00+00:00,0.9884636633871547,1
site_e726c7cce5,2026-02-24T23:00:00+00:00,0.9910166725968356,1
site_e726c7cce5,2026-02-24T23:15:00+00:00,0.990608290555436,1
site_e726c7cce5,2026-02-24T23:30:00+00:00,0.9870172578770386,1
site_e726c7cce5,2026-02-24T23:45:00+00:00,0.9870172578770386,1
site_e726c7cce5,2026-02-25T00:00:00+00:00,0.9723791089792758,1
site_e726c7cce5,2026-02-25T00:15:00+00:00,0.9759319388188168,1
site_e726c7cce5,2026-02-25T00:30:00+00:00,0.9835138306112349,1
site_e726c7cce5,2026-02-25T00:45:00+00:00,0.9833644654133262,1
site_e726c7cce5,2026-02-25T01:00:00+00:00,0.9765728646005016,1
site_e726c7cce5,2026-02-25T01:15:00+00:00,0.980798898484538,1
site_e726c7cce5,2026-02-25T01:30:00+00:00,0.9879893550867596,1
site_e726c7cce5,2026-02-25T01:45:00+00:00,0.9811993309516026,1
site_e726c7cce5,2026-02-25T02:00:00+00:00,0.9808804279778325,1
site_e726c7cce5,2026-02-25T02:15:00+00:00,0.984612731710136,1
site_e726c7cce5,2026-02-25T02:30:00+00:00,0.9777530715465111,1
site_e726c7cce5,2026-02-25T02:45:00+00:00,0.9883721302063766,1
site_e726c7cce5,2026-02-25T03:00:00+00:00,0.9848633582765522,1
site_e726c7cce5,2026-02-25T03:15:00+00:00,0.9817310640216015,1
site_e726c7cce5,2026-02-25T03:30:00+00:00,0.9781192252166295,1
site_e726c7cce5,2026-02-25T03:45:00+00:00,0.9812773006214013,1
site_e726c7cce5,2026-02-25T04:00:00+00:00,0.9816570666855057,1
site_e726c7cce5,2026-02-25T04:15:00+00:00,0.9851053425475744,1
site_e726c7cce5,2026-02-25T04:30:00+00:00,0.9852232323206366,1
site_e726c7cce5,2026-02-25T04:45:00+00:00,0.9851645404164511,1
site_e726c7cce5,2026-02-25T05:00:00+00:00,0.9955086154873758,1
site_e726c7cce5,2026-02-25T05:15:00+00:00,0.9955086154873758,1
site_e726c7cce5,2026-02-25T05:30:00+00:00,0.9954796425770471,1
site_e726c7cce5,2026-02-25T05:45:00+00:00,0.9988984459958505,1
site_e726c7cce5,2026-02-25T06:00:00+00:00,0.9955086154873758,1
site_e726c7cce5,2026-02-25T06:15:00+00:00,0.9955789439211618,1
site_e726c7cce5,2026-02-25T06:30:00+00:00,0.9955789439211618,1
site_e726c7cce5,2026-02-25T06:45:00+00:00,0.9923140838559327,1
site_e726c7cce5,2026-02-25T07:00:00+00:00,0.9988984459958505,1
site_e726c7cce5,2026-02-25T07:15:00+00:00,0.9956595795990892,1
site_e726c7cce5,2026-02-25T07:30:00+00:00,0.9988984459958505,1
site_e726c7cce5,2026-02-25T07:45:00+00:00,0.9956197574712604,1
site_e726c7cce5,2026-02-25T08:00:00+00:00,0.9956197574712604,1
site_e726c7cce5,2026-02-25T08:15:00+00:00,0.9956595795990892,1
site_e726c7cce5,2026-02-25T08:30:00+00:00,0.9988984459958505,1
site_e726c7cce5,2026-02-25T08:45:00+00:00,0.9956197574712604,1
site_e726c7cce5,2026-02-25T09:00:00+00:00,0.9956464134755251,1
site_e726c7cce5,2026-02-25T09:15:00+00:00,0.9988984459958505,1
site_e726c7cce5,2026-02-25T09:30:00+00:00,0.9956595795990892,1
site_e726c7cce5,2026-02-25T09:45:00+00:00,0.9956331398734015,1
site_e726c7cce5,2026-02-25T10:00:00+00:00,0.9988984459958505,1
site_e726c7cce5,2026-02-25T10:15:00+00:00,0.9988984459958505,1
site_e726c7cce5,2026-02-25T10:30:00+00:00,0.9988984459958505,1
site_e726c7cce5,2026-02-25T10:45:00+00:00,0.9988984459958505,1
site_e726c7cce5,2026-02-25T11:00:00+00:00,0.9988984459958505,1
site_e726c7cce5,2026-02-25T11:15:00+00:00,0.9988984459958505,1
site_e726c7cce5,2026-02-25T11:30:00+00:00,0.9988984459958505,1
site_e726c7cce5,2026-02-25T11:45:00+00:00,0.9988984459958505,1
site_e726c7cce5,2026-02-25T12:00:00+00:00,0.9988984459958505,1
site_e726c7cce5,2026-02-25T12:15:00+00:00,0.9988984459958505,1
site_e726c7cce5,2026-02-25T12:30:00+00:00,0.9988984459958505,1
site_e726c7cce5,2026-02-25T12:45:00+00:00,0.9988984459958505,1
site_e726c7cce5,2026-02-25T13:00:00+00:00,0.9988984459958505,1
site_e726c7cce5,2026-02-25T13:15:00+00:00,0.9988984459958505,1
site_e726c7cce5,2026-02-25T13:30:00+00:00,0.9988984459958505,1
site_e726c7cce5,2026-02-25T13:45:00+00:00,0.9988984459958505,1
site_e726c7cce5,2026-02-25T14:00:00+00:00,0.9988984459958505,1
site_e726c7cce5,2026-02-25T14:15:00+00:00,0.9988984459958505,1
site_e726c7cce5,2026-02-25T14:30:00+00:00,0.9988984459958505,1
site_e726c7cce5,2026-02-25T14:45:00+00:00,0.9988984459958505,1
site_e726c7cce5,2026-02-25T15:00:00+00:00,0.9955789439211618,1
site_e726c7cce5,2026-02-25T15:15:00+00:00,0.9988984459958505,1
site_e726c7cce5,2026-02-25T15:30:00+00:00,0.9988984459958505,1
site_e726c7cce5,2026-02-25T15:45:00+00:00,0.9988984459958505,1
site_e726c7cce5,2026-02-25T16:00:00+00:00,0.9988984459958505,1
site_e726c7cce5,2026-02-25T16:15:00+00:00,0.9988984459958505,1
site_e726c7cce5,2026-02-25T16:30:00+00:00,0.9955086154873758,1
site_e726c7cce5,2026-02-25T16:45:00+00:00,0.9988984459958505,1
site_e726c7cce5,2026-02-25T17:00:00+00:00,0.9988984459958505,1
site_e726c7cce5,2026-02-25T17:15:00+00:00,0.9988984459958505,1
site_e726c7cce5,2026-02-25T17:30:00+00:00,0.9988984459958505,1
site_e726c7cce5,2026-02-25T17:45:00+00:00,0.9988984459958505,1
site_e726c7cce5,2026-02-25T18:00:00+00:00,0.9988984459958505,1
site_e726c7cce5,2026-02-25T18:15:00+00:00,0.9988984459958505,1
site_e726c7cce5,2026-02-25T18:30:00+00:00,0.9988984459958505,1
site_e726c7cce5,2026-02-25T18:45:00+00:00,0.9988984459958505,1
site_e726c7cce5,2026-02-25T19:00:00+00:00,0.9988984459958505,1
site_e726c7cce5,2026-02-25T19:15:00+00:00,0.9988984459958505,1
site_e726c7cce5,2026-02-25T19:30:00+00:00,0.9988984459958505,1
site_e726c7cce5,2026-02-25T19:45:00+00:00,0.9988984459958505,1
site_e726c7cce5,2026-02-25T20:00:00+00:00,0.9988984459958505,1
site_e726c7cce5,2026-02-25T20:15:00+00:00,0.9988984459958505,1
site_e726c7cce5,2026-02-25T20:30:00+00:00,0.9955371014580354,1
site_e726c7cce5,2026-02-25T20:45:00+00:00,0.9955086154873758,1
site_e726c7cce5,2026-02-25T21:00:00+00:00,0.9988984459958505,1
site_e726c7cce5,2026-02-25T21:15:00+00:00,0.9919720390694433,1
site_e726c7cce5,2026-02-25T21:30:00+00:00,0.9954501701337815,1
site_e726c7cce5,2026-02-25T21:45:00+00:00,0.9919419242567201,1
site_e726c7cce5,2026-02-25T22:00:00+00:00,0.9921187849789014,1
site_e726c7cce5,2026-02-25T22:15:00+00:00,0.9885980168113011,1
site_e726c7cce5,2026-02-25T22:30:00+00:00,0.9920018942717125,1
site_e726c7cce5,2026-02-25T22:45:00+00:00,0.9884636633871547,1
site_e726c7cce5,2026-02-25T23:00:00+00:00,0.9910166725968356,1
site_e726c7cce5,2026-02-25T23:15:00+00:00,0.990608290555436,1
site_e726c7cce5,2026-02-25T23:30:00+00:00,0.9870172578770386,1
site_e726c7cce5,2026-02-25T23:45:00+00:00,0.9870172578770386,1
site_e726c7cce5,2026-02-26T00:00:00+00:00,0.9723791089792758,1
site_e726c7cce5,2026-02-26T00:15:00+00:00,0.9759319388188168,1
site_e726c7cce5,2026-02-26T00:30:00+00:00,0.9835138306112349,1
site_e726c7cce5,2026-02-26T00:45:00+00:00,0.9833644654133262,1
site_e726c7cce5,2026-02-26T01:00:00+00:00,0.9765728646005016,1
site_e726c7cce5,2026-02-26T01:15:00+00:00,0.980798898484538,1
site_e726c7cce5,2026-02-26T01:30:00+00:00,0.9879893550867596,1
site_e726c7cce5,2026-02-26T01:45:00+00:00,0.9811993309516026,1
site_e726c7cce5,2026-02-26T02:00:00+00:00,0.9808804279778325,1
site_e726c7cce5,2026-02-26T02:15:00+00:00,0.984612731710136,1
site_e726c7cce5,2026-02-26T02:30:00+00:00,0.9777530715465111,1
site_e726c7cce5,2026-02-26T02:45:00+00:00,0.9883721302063766,1
site_e726c7cce5,2026-02-26T03:00:00+00:00,0.9848633582765522,1
site_e726c7cce5,2026-02-26T03:15:00+00:00,0.9817310640216015,1
site_e726c7cce5,2026-02-26T03:30:00+00:00,0.9781192252166295,1
site_e726c7cce5,2026-02-26T03:45:00+00:00,0.9812773006214013,1
site_e726c7cce5,2026-02-26T04:00:00+00:00,0.9816570666855057,1
site_e726c7cce5,2026-02-26T04:15:00+00:00,0.9851053425475744,1
site_e726c7cce5,2026-02-26T04:30:00+00:00,0.9852232323206366,1
site_e726c7cce5,2026-02-26T04:45:00+00:00,0.9851645404164511,1
site_e726c7cce5,2026-02-26T05:00:00+00:00,0.9955086154873758,1
site_e726c7cce5,2026-02-26T05:15:00+00:00,0.9955086154873758,1
site_e726c7cce5,2026-02-26T05:30:00+00:00,0.9954796425770471,1
site_e726c7cce5,2026-02-26T05:45:00+00:00,0.9988984459958505,1
site_e726c7cce5,2026-02-26T06:00:00+00:00,0.9955086154873758,1
site_e726c7cce5,2026-02-26T06:15:00+00:00,0.9955789439211618,1
site_e726c7cce5,2026-02-26T06:30:00+00:00,0.9955789439211618,1
site_e726c7cce5,2026-02-26T06:45:00+00:00,0.9923140838559327,1
site_e726c7cce5,2026-02-26T07:00:00+00:00,0.9988984459958505,1
site_e726c7cce5,2026-02-26T07:15:00+00:00,0.9956595795990892,1
site_e726c7cce5,2026-02-26T07:30:00+00:00,0.9988984459958505,1
site_e726c7cce5,2026-02-26T07:45:00+00:00,0.9956197574712604,1
site_e726c7cce5,2026-02-26T08:00:00+00:00,0.9956197574712604,1
site_e726c7cce5,2026-02-26T08:15:00+00:00,0.9956595795990892,1
site_e726c7cce5,2026-02-26T08:30:00+00:00,0.9988984459958505,1
site_e726c7cce5,2026-02-26T08:45:00+00:00,0.9956197574712604,1
site_e726c7cce5,2026-02-26T09:00:00+00:00,0.9956464134755251,1
site_e726c7cce5,2026-02-26T09:15:00+00:00,0.9988984459958505,1
site_e726c7cce5,2026-02-26T09:30:00+00:00,0.9956595795990892,1
site_e726c7cce5,2026-02-26T09:45:00+00:00,0.9956331398734015,1
site_e726c7cce5,2026-02-26T10:00:00+00:00,0.9988984459958505,1
site_e726c7cce5,2026-02-26T10:15:00+00:00,0.9988984459958505,1
site_e726c7cce5,2026-02-26T10:30:00+00:00,0.9988984459958505,1
site_e726c7cce5,2026-02-26T10:45:00+00:00,0.9988984459958505,1
site_e726c7cce5,2026-02-26T11:00:00+00:00,0.9988984459958505,1
site_e726c7cce5,2026-02-26T11:15:00+00:00,0.9988984459958505,1
site_e726c7cce5,2026-02-26T11:30:00+00:00,0.9988984459958505,1
site_e726c7cce5,2026-02-26T11:45:00+00:00,0.9988984459958505,1
site_e726c7cce5,2026-02-26T12:00:00+00:00,0.9988984459958505,1
site_e726c7cce5,2026-02-26T12:15:00+00:00,0.9988984459958505,1
site_e726c7cce5,2026-02-26T12:30:00+00:00,0.9988984459958505,1
site_e726c7cce5,2026-02-26T12:45:00+00:00,0.9988984459958505,1
site_e726c7cce5,2026-02-26T13:00:00+00:00,0.9988984459958505,1
site_e726c7cce5,2026-02-26T13:15:00+00:00,0.9988984459958505,1
site_e726c7cce5,2026-02-26T13:30:00+00:00,0.9988984459958505,1
site_e726c7cce5,2026-02-26T13:45:00+00:00,0.9988984459958505,1
site_e726c7cce5,2026-02-26T14:00:00+00:00,0.9988984459958505,1
site_e726c7cce5,2026-02-26T14:15:00+00:00,0.9988984459958505,1
site_e726c7cce5,2026-02-26T14:30:00+00:00,0.9988984459958505,1
site_e726c7cce5,2026-02-26T14:45:00+00:00,0.9988984459958505,1
site_e726c7cce5,2026-02-26T15:00:00+00:00,0.9955789439211618,1
site_e726c7cce5,2026-02-26T15:15:00+00:00,0.9988984459958505,1
site_e726c7cce5,2026-02-26T15:30:00+00:00,0.9988984459958505,1
site_e726c7cce5,2026-02-26T15:45:00+00:00,0.9988984459958505,1
site_e726c7cce5,2026-02-26T16:00:00+00:00,0.9988984459958505,1
site_e726c7cce5,2026-02-26T16:15:00+00:00,0.9988984459958505,1
site_e726c7cce5,2026-02-26T16:30:00+00:00,0.9955086154873758,1
site_e726c7cce5,2026-02-26T16:45:00+00:00,0.9988984459958505,1
site_e726c7cce5,2026-02-26T17:00:00+00:00,0.9988984459958505,1
site_e726c7cce5,2026-02-26T17:15:00+00:00,0.9988984459958505,1
site_e726c7cce5,2026-02-26T17:30:00+00:00,0.9988984459958505,1
site_e726c7cce5,2026-02-26T17:45:00+00:00,0.9988984459958505,1
site_e726c7cce5,2026-02-26T18:00:00+00:00,0.9988984459958505,1
site_e726c7cce5,2026-02-26T18:15:00+00:00,0.9988984459958505,1
site_e726c7cce5,2026-02-26T18:30:00+00:00,0.9988984459958505,1
site_e726c7cce5,2026-02-26T18:45:00+00:00,0.9988984459958505,1
site_e726c7cce5,2026-02-26T19:00:00+00:00,0.9988984459958505,1
site_e726c7cce5,2026-02-26T19:15:00+00:00,0.9988984459958505,1
site_e726c7cce5,2026-02-26T19:30:00+00:00,0.9988984459958505,1
site_e726c7cce5,2026-02-26T19:45:00+00:00,0.9988984459958505,1
site_e726c7cce5,2026-02-26T20:00:00+00:00,0.9988984459958505,1
site_e726c7cce5,2026-02-26T20:15:00+00:00,0.9988984459958505,1
site_e726c7cce5,2026-02-26T20:30:00+00:00,0.9955371014580354,1
site_e726c7cce5,2026-02-26T20:45:00+00:00,0.9955086154873758,1
site_e726c7cce5,2026-02-26T21:00:00+00:00,0.9988984459958505,1
site_e726c7cce5,2026-02-26T21:15:00+00:00,0.9919720390694433,1
site_e726c7cce5,2026-02-26T21:30:00+00:00,0.9954501701337815,1
site_e726c7cce5,2026-02-26T21:45:00+00:00,0.9919419242567201,1
site_e726c7cce5,2026-02-26T22:00:00+00:00,0.9921187849789014,1
site_e726c7cce5,2026-02-26T22:15:00+00:00,0.9885980168113011,1
site_e726c7cce5,2026-02-26T22:30:00+00:00,0.9920018942717125,1
site_e726c7cce5,2026-02-26T22:45:00+00:00,0.9884636633871547,1
site_e726c7cce5,2026-02-26T23:00:00+00:00,0.9910166725968356,1
site_e726c7cce5,2026-02-26T23:15:00+00:00,0.990608290555436,1
site_e726c7cce5,2026-02-26T23:30:00+00:00,0.9870172578770386,1
site_e726c7cce5,2026-02-26T23:45:00+00:00,0.9870172578770386,1
site_e726c7cce5,2026-02-27T00:00:00+00:00,0.9723791089792758,1
site_e726c7cce5,2026-02-27T00:15:00+00:00,0.9759319388188168,1
site_e726c7cce5,2026-02-27T00:30:00+00:00,0.9835138306112349,1
site_e726c7cce5,2026-02-27T00:45:00+00:00,0.9833644654133262,1
site_e726c7cce5,2026-02-27T01:00:00+00:00,0.9765728646005016,1
site_e726c7cce5,2026-02-27T01:15:00+00:00,0.980798898484538,1
site_e726c7cce5,2026-02-27T01:30:00+00:00,0.9879893550867596,1
site_e726c7cce5,2026-02-27T01:45:00+00:00,0.9811993309516026,1
site_e726c7cce5,2026-02-27T02:00:00+00:00,0.9808804279778325,1
site_e726c7cce5,2026-02-27T02:15:00+00:00,0.984612731710136,1
site_e726c7cce5,2026-02-27T02:30:00+00:00,0.9777530715465111,1
site_e726c7cce5,2026-02-27T02:45:00+00:00,0.9883721302063766,1
site_e726c7cce5,2026-02-27T03:00:00+00:00,0.9848633582765522,1
site_e726c7cce5,2026-02-27T03:15:00+00:00,0.9817310640216015,1
site_e726c7cce5,2026-02-27T03:30:00+00:00,0.9781192252166295,1
site_e726c7cce5,2026-02-27T03:45:00+00:00,0.9812773006214013,1
site_e726c7cce5,2026-02-27T04:00:00+00:00,0.9816570666855057,1
site_e726c7cce5,2026-02-27T04:15:00+00:00,0.9851053425475744,1
site_e726c7cce5,2026-02-27T04:30:00+00:00,0.9852232323206366,1
site_e726c7cce5,2026-02-27T04:45:00+00:00,0.9851645404164511,1
site_e726c7cce5,2026-02-27T05:00:00+00:00,0.9955086154873758,1
site_e726c7cce5,2026-02-27T05:15:00+00:00,0.9955086154873758,1
site_e726c7cce5,2026-02-27T05:30:00+00:00,0.9954796425770471,1
site_e726c7cce5,2026-02-27T05:45:00+00:00,0.9988984459958505,1
site_e726c7cce5,2026-02-27T06:00:00+00:00,0.9955086154873758,1
site_e726c7cce5,2026-02-27T06:15:00+00:00,0.9955789439211618,1
site_e726c7cce5,2026-02-27T06:30:00+00:00,0.9955789439211618,1
site_e726c7cce5,2026-02-27T06:45:00+00:00,0.9923140838559327,1
site_e726c7cce5,2026-02-27T07:00:00+00:00,0.9988984459958505,1
site_e726c7cce5,2026-02-27T07:15:00+00:00,0.9956595795990892,1
site_e726c7cce5,2026-02-27T07:30:00+00:00,0.9988984459958505,1
site_e726c7cce5,2026-02-27T07:45:00+00:00,0.9956197574712604,1
site_e726c7cce5,2026-02-27T08:00:00+00:00,0.9956197574712604,1
site_e726c7cce5,2026-02-27T08:15:00+00:00,0.9956595795990892,1
site_e726c7cce5,2026-02-27T08:30:00+00:00,0.9988984459958505,1
site_e726c7cce5,2026-02-27T08:45:00+00:00,0.9956197574712604,1
site_e726c7cce5,2026-02-27T09:00:00+00:00,0.9956464134755251,1
site_e726c7cce5,2026-02-27T09:15:00+00:00,0.9988984459958505,1
site_e726c7cce5,2026-02-27T09:30:00+00:00,0.9956595795990892,1
site_e726c7cce5,2026-02-27T09:45:00+00:00,0.9956331398734015,1
site_e726c7cce5,2026-02-27T10:00:00+00:00,0.9988984459958505,1
site_e726c7cce5,2026-02-27T10:15:00+00:00,0.9988984459958505,1
site_e726c7cce5,2026-02-27T10:30:00+00:00,0.9988984459958505,1
site_e726c7cce5,2026-02-27T10:45:00+00:00,0.9988984459958505,1
site_e726c7cce5,2026-02-27T11:00:00+00:00,0.9988984459958505,1
site_e726c7cce5,2026-02-27T11:15:00+00:00,0.9988984459958505,1
site_e726c7cce5,2026-02-27T11:30:00+00:00,0.9988984459958505,1
site_e726c7cce5,2026-02-27T11:45:00+00:00,0.9988984459958505,1
site_e726c7cce5,2026-02-27T12:00:00+00:00,0.9988984459958505,1
site_e726c7cce5,2026-02-27T12:15:00+00:00,0.9988984459958505,1
site_e726c7cce5,2026-02-27T12:30:00+00:00,0.9988984459958505,1
site_e726c7cce5,2026-02-27T12:45:00+00:00,0.9988984459958505,1
site_e726c7cce5,2026-02-27T13:00:00+00:00,0.9988984459958505,1
site_e726c7cce5,2026-02-27T13:15:00+00:00,0.9988984459958505,1
site_e726c7cce5,2026-02-27T13:30:00+00:00,0.9988984459958505,1
site_e726c7cce5,2026-02-27T13:45:00+00:00,0.9988984459958505,1
site_e726c7cce5,2026-02-27T14:00:00+00:00,0.9988984459958505,1
site_e726c7cce5,2026-02-27T14:15:00+00:00,0.9988984459958505,1
site_e726c7cce5,2026-02-27T14:30:00+00:00,0.9988984459958505,1
site_e726c7cce5,2026-02-27T14:45:00+00:00,0.9988984459958505,1
site_e726c7cce5,2026-02-27T15:00:00+00:00,0.9955789439211618,1
site_e726c7cce5,2026-02-27T15:15:00+00:00,0.9988984459958505,1
site_e726c7cce5,2026-02-27T15:30:00+00:00,0.9988984459958505,1
site_e726c7cce5,2026-02-27T15:45:00+00:00,0.9988984459958505,1
site_e726c7cce5,2026-02-27T16:00:00+00:00,0.9988984459958505,1
site_e726c7cce5,2026-02-27T16:15:00+00:00,0.9988984459958505,1
site_e726c7cce5,2026-02-27T16:30:00+00:00,0.9955086154873758,1
site_e726c7cce5,2026-02-27T16:45:00+00:00,0.9988984459958505,1
site_e726c7cce5,2026-02-27T17:00:00+00:00,0.9988984459958505,1
site_e726c7cce5,2026-02-27T17:15:00+00:00,0.9988984459958505,1
site_e726c7cce5,2026-02-27T17:30:00+00:00,0.9988984459958505,1
site_e726c7cce5,2026-02-27T17:45:00+00:00,0.9988984459958505,1
site_e726c7cce5,2026-02-27T18:00:00+00:00,0.9988984459958505,1
site_e726c7cce5,2026-02-27T18:15:00+00:00,0.9988984459958505,1
site_e726c7cce5,2026-02-27T18:30:00+00:00,0.9988984459958505,1
site_e726c7cce5,2026-02-27T18:45:00+00:00,0.9988984459958505,1
site_e726c7cce5,2026-02-27T19:00:00+00:00,0.9988984459958505,1
site_e726c7cce5,2026-02-27T19:15:00+00:00,0.9988984459958505,1
site_e726c7cce5,2026-02-27T19:30:00+00:00,0.9988984459958505,1
site_e726c7cce5,2026-02-27T19:45:00+00:00,0.9988984459958505,1
site_e726c7cce5,2026-02-27T20:00:00+00:00,0.9988984459958505,1
site_e726c7cce5,2026-02-27T20:15:00+00:00,0.9988984459958505,1
site_e726c7cce5,2026-02-27T20:30:00+00:00,0.9955371014580354,1
site_e726c7cce5,2026-02-27T20:45:00+00:00,0.9955086154873758,1
site_e726c7cce5,2026-02-27T21:00:00+00:00,0.9988984459958505,1
site_e726c7cce5,2026-02-27T21:15:00+00:00,0.9919720390694433,1
site_e726c7cce5,2026-02-27T21:30:00+00:00,0.9954501701337815,1
site_e726c7cce5,2026-02-27T21:45:00+00:00,0.9919419242567201,1
site_e726c7cce5,2026-02-27T22:00:00+00:00,0.9921187849789014,1
site_e726c7cce5,2026-02-27T22:15:00+00:00,0.9885980168113011,1
site_e726c7cce5,2026-02-27T22:30:00+00:00,0.9920018942717125,1
site_e726c7cce5,2026-02-27T22:45:00+00:00,0.9884636633871547,1
site_e726c7cce5,2026-02-27T23:00:00+00:00,0.9910166725968356,1
site_e726c7cce5,2026-02-27T23:15:00+00:00,0.990608290555436,1
site_e726c7cce5,2026-02-27T23:30:00+00:00,0.9870172578770386,1
site_e726c7cce5,2026-02-27T23:45:00+00:00,0.9870172578770386,1
site_e726c7cce5,2026-02-28T00:00:00+00:00,0.9723791089792758,1
site_e726c7cce5,2026-02-28T00:30:00+00:00,0.9835138306112349,1
site_e726c7cce5,2026-02-28T00:45:00+00:00,0.9833644654133262,1
site_e726c7cce5,2026-02-28T01:00:00+00:00,0.9765728646005016,1
site_e726c7cce5,2026-02-28T01:15:00+00:00,0.980798898484538,1
site_e726c7cce5,2026-02-28T01:30:00+00:00,0.9879893550867596,1
site_e726c7cce5,2026-02-28T01:45:00+00:00,0.9811993309516026,1
site_e726c7cce5,2026-02-28T02:00:00+00:00,0.9808804279778325,1
site_e726c7cce5,2026-02-28T02:15:00+00:00,0.984612731710136,1
site_e726c7cce5,2026-02-28T02:30:00+00:00,0.9777530715465111,1
site_e726c7cce5,2026-02-28T02:45:00+00:00,0.9883721302063766,1
site_e726c7cce5,2026-02-28T03:00:00+00:00,0.9848633582765522,1
site_e726c7cce5,2026-02-28T03:15:00+00:00,0.9817310640216015,1
site_e726c7cce5,2026-02-28T03:30:00+00:00,0.9781192252166295,1
site_e726c7cce5,2026-02-28T03:45:00+00:00,0.9812773006214013,1
site_e726c7cce5,2026-02-28T04:00:00+00:00,0.9816570666855057,1
site_e726c7cce5,2026-02-28T04:15:00+00:00,0.9851053425475744,1
site_e726c7cce5,2026-02-28T04:30:00+00:00,0.9852232323206366,1
site_e726c7cce5,2026-02-28T04:45:00+00:00,0.9851645404164511,1
site_e726c7cce5,2026-02-28T05:00:00+00:00,0.9955086154873758,1
site_e726c7cce5,2026-02-28T05:15:00+00:00,0.9955086154873758,1
site_e726c7cce5,2026-02-28T05:30:00+00:00,0.9954796425770471,1
site_e726c7cce5,2026-02-28T05:45:00+00:00,0.9988984459958505,1
site_e726c7cce5,2026-02-28T06:00:00+00:00,0.9955086154873758,1
site_e726c7cce5,2026-02-28T06:15:00+00:00,0.9955789439211618,1
site_e726c7cce5,2026-02-28T06:30:00+00:00,0.9955789439211618,1
site_e726c7cce5,2026-02-28T06:45:00+00:00,0.9923140838559327,1
site_e726c7cce5,2026-02-28T07:00:00+00:00,0.9988984459958505,1
site_e726c7cce5,2026-02-28T07:15:00+00:00,0.9956595795990892,1
site_e726c7cce5,2026-02-28T07:30:00+00:00,0.9988984459958505,1
site_e726c7cce5,2026-02-28T07:45:00+00:00,0.9956197574712604,1
site_e726c7cce5,2026-02-28T08:00:00+00:00,0.9956197574712604,1
site_e726c7cce5,2026-02-28T08:15:00+00:00,0.9956595795990892,1
site_e726c7cce5,2026-02-28T08:30:00+00:00,0.9988984459958505,1
site_e726c7cce5,2026-02-28T08:45:00+00:00,0.9956197574712604,1
site_e726c7cce5,2026-02-28T09:00:00+00:00,0.9956464134755251,1
site_e726c7cce5,2026-02-28T09:15:00+00:00,0.9988984459958505,1
site_e726c7cce5,2026-02-28T09:30:00+00:00,0.9956595795990892,1
site_e726c7cce5,2026-02-28T09:45:00+00:00,0.9956331398734015,1
site_e726c7cce5,2026-02-28T10:00:00+00:00,0.9988984459958505,1
site_e726c7cce5,2026-02-28T10:15:00+00:00,0.9988984459958505,1
site_e726c7cce5,2026-02-28T10:30:00+00:00,0.9988984459958505,1
site_e726c7cce5,2026-02-28T10:45:00+00:00,0.9988984459958505,1
site_e726c7cce5,2026-02-28T11:00:00+00:00,0.9988984459958505,1
site_e726c7cce5,2026-02-28T11:15:00+00:00,0.9988984459958505,1
site_e726c7cce5,2026-02-28T11:30:00+00:00,0.9988984459958505,1
site_e726c7cce5,2026-02-28T11:45:00+00:00,0.9988984459958505,1
site_e726c7cce5,2026-02-28T12:00:00+00:00,0.9988984459958505,1
site_e726c7cce5,2026-02-28T12:15:00+00:00,0.9988984459958505,1
site_e726c7cce5,2026-02-28T12:30:00+00:00,0.9988984459958505,1
site_e726c7cce5,2026-02-28T12:45:00+00:00,0.9988984459958505,1
site_e726c7cce5,2026-02-28T13:00:00+00:00,0.9988984459958505,1
site_e726c7cce5,2026-02-28T13:15:00+00:00,0.9988984459958505,1
site_e726c7cce5,2026-02-28T13:30:00+00:00,0.9988984459958505,1
site_e726c7cce5,2026-02-28T13:45:00+00:00,0.9988984459958505,1
site_e726c7cce5,2026-02-28T14:00:00+00:00,0.9988984459958505,1
site_e726c7cce5,2026-02-28T14:15:00+00:00,0.9988984459958505,1
site_e726c7cce5,2026-02-28T14:30:00+00:00,0.9988984459958505,1
site_e726c7cce5,2026-02-28T14:45:00+00:00,0.9988984459958505,1
site_e726c7cce5,2026-02-28T15:00:00+00:00,0.9955789439211618,1
site_e726c7cce5,2026-02-28T15:15:00+00:00,0.9988984459958505,1
site_e726c7cce5,2026-02-28T15:30:00+00:00,0.9988984459958505,1
site_e726c7cce5,2026-02-28T15:45:00+00:00,0.9988984459958505,1
site_e726c7cce5,2026-02-28T16:00:00+00:00,0.9988984459958505,1
site_e726c7cce5,2026-02-28T16:15:00+00:00,0.9988984459958505,1
site_e726c7cce5,2026-02-28T16:30:00+00:00,0.9955086154873758,1
site_e726c7cce5,2026-02-28T16:45:00+00:00,0.9988984459958505,1
site_e726c7cce5,2026-02-28T17:00:00+00:00,0.9988984459958505,1
site_e726c7cce5,2026-02-28T17:15:00+00:00,0.9988984459958505,1
site_e726c7cce5,2026-02-28T17:30:00+00:00,0.9988984459958505,1
site_e726c7cce5,2026-02-28T17:45:00+00:00,0.9988984459958505,1
site_e726c7cce5,2026-02-28T18:00:00+00:00,0.9988984459958505,1
site_e726c7cce5,2026-02-28T18:15:00+00:00,0.9988984459958505,1
site_e726c7cce5,2026-02-28T18:30:00+00:00,0.9988984459958505,1
site_e726c7cce5,2026-02-28T18:45:00+00:00,0.9988984459958505,1
site_e726c7cce5,2026-02-28T19:00:00+00:00,0.9988984459958505,1
site_e726c7cce5,2026-02-28T19:15:00+00:00,0.9988984459958505,1
site_e726c7cce5,2026-02-28T19:30:00+00:00,0.9988984459958505,1
site_e726c7cce5,2026-02-28T19:45:00+00:00,0.9988984459958505,1
site_e726c7cce5,2026-02-28T20:00:00+00:00,0.9988984459958505,1
site_e726c7cce5,2026-02-28T20:15:00+00:00,0.9988984459958505,1
site_e726c7cce5,2026-02-28T20:30:00+00:00,0.9955371014580354,1
site_e726c7cce5,2026-02-28T20:45:00+00:00,0.9955086154873758,1
site_e726c7cce5,2026-02-28T21:00:00+00:00,0.9988984459958505,1
site_e726c7cce5,2026-02-28T21:15:00+00:00,0.9919720390694433,1
site_e726c7cce5,2026-02-28T21:30:00+00:00,0.9954501701337815,1
site_e726c7cce5,2026-02-28T21:45:00+00:00,0.9919419242567201,1
site_e726c7cce5,2026-02-28T22:00:00+00:00,0.9921187849789014,1
site_e726c7cce5,2026-02-28T22:15:00+00:00,0.9885980168113011,1
site_e726c7cce5,2026-02-28T22:30:00+00:00,0.9920018942717125,1
site_e726c7cce5,2026-02-28T22:45:00+00:00,0.9884636633871547,1
site_e726c7cce5,2026-02-28T23:00:00+00:00,0.9910166725968356,1
site_e726c7cce5,2026-02-28T23:15:00+00:00,0.990608290555436,1
site_e726c7cce5,2026-02-28T23:30:00+00:00,0.9870172578770386,1
site_e726c7cce5,2026-02-28T23:45:00+00:00,0.9870172578770386,1
site_e726c7cce5,2026-03-01T00:00:00+00:00,0.9723791089792758,1
site_e726c7cce5,2026-03-01T00:30:00+00:00,0.9835138306112349,1
site_e726c7cce5,2026-03-01T00:45:00+00:00,0.9833644654133262,1
site_e726c7cce5,2026-03-01T01:00:00+00:00,0.9765728646005016,1
site_e726c7cce5,2026-03-01T01:15:00+00:00,0.980798898484538,1
site_e726c7cce5,2026-03-01T01:30:00+00:00,0.9879893550867596,1
site_e726c7cce5,2026-03-01T01:45:00+00:00,0.9811993309516026,1
site_e726c7cce5,2026-03-01T02:00:00+00:00,0.9808804279778325,1
site_e726c7cce5,2026-03-01T02:15:00+00:00,0.984612731710136,1
site_e726c7cce5,2026-03-01T02:30:00+00:00,0.9777530715465111,1
site_e726c7cce5,2026-03-01T02:45:00+00:00,0.9883721302063766,1
site_e726c7cce5,2026-03-01T03:00:00+00:00,0.9848633582765522,1
site_e726c7cce5,2026-03-01T03:15:00+00:00,0.9817310640216015,1
site_e726c7cce5,2026-03-01T03:30:00+00:00,0.9781192252166295,1
site_e726c7cce5,2026-03-01T03:45:00+00:00,0.9812773006214013,1
site_e726c7cce5,2026-03-01T04:00:00+00:00,0.9816570666855057,1
site_e726c7cce5,2026-03-01T04:15:00+00:00,0.9851053425475744,1
site_e726c7cce5,2026-03-01T04:30:00+00:00,0.9852232323206366,1
site_e726c7cce5,2026-03-01T04:45:00+00:00,0.9851645404164511,1
site_e726c7cce5,2026-03-01T05:00:00+00:00,0.9955086154873758,1
site_e726c7cce5,2026-03-01T05:15:00+00:00,0.9955086154873758,1
site_e726c7cce5,2026-03-01T05:30:00+00:00,0.9954796425770471,1
site_e726c7cce5,2026-03-01T05:45:00+00:00,0.9988984459958505,1
site_e726c7cce5,2026-03-01T06:00:00+00:00,0.9955086154873758,1
site_e726c7cce5,2026-03-01T06:15:00+00:00,0.9955789439211618,1
site_e726c7cce5,2026-03-01T06:30:00+00:00,0.9955789439211618,1
site_e726c7cce5,2026-03-01T06:45:00+00:00,0.9923140838559327,1
site_e726c7cce5,2026-03-01T07:00:00+00:00,0.9988984459958505,1
site_e726c7cce5,2026-03-01T07:15:00+00:00,0.9956595795990892,1
site_e726c7cce5,2026-03-01T07:30:00+00:00,0.9988984459958505,1
site_e726c7cce5,2026-03-01T07:45:00+00:00,0.9956197574712604,1
site_e726c7cce5,2026-03-01T08:00:00+00:00,0.9956197574712604,1
site_e726c7cce5,2026-03-01T08:15:00+00:00,0.9956595795990892,1
site_e726c7cce5,2026-03-01T08:30:00+00:00,0.9988984459958505,1
site_e726c7cce5,2026-03-01T08:45:00+00:00,0.9956197574712604,1
site_e726c7cce5,2026-03-01T09:00:00+00:00,0.9956464134755251,1
site_e726c7cce5,2026-03-01T09:15:00+00:00,0.9988984459958505,1
site_e726c7cce5,2026-03-01T09:30:00+00:00,0.9956595795990892,1
site_e726c7cce5,2026-03-01T09:45:00+00:00,0.9956331398734015,1
site_e726c7cce5,2026-03-01T10:00:00+00:00,0.9988984459958505,1
site_e726c7cce5,2026-03-01T10:15:00+00:00,0.9988984459958505,1
site_e726c7cce5,2026-03-01T10:30:00+00:00,0.9988984459958505,1
site_e726c7cce5,2026-03-01T10:45:00+00:00,0.9988984459958505,1
site_e726c7cce5,2026-03-01T11:00:00+00:00,0.9988984459958505,1
site_e726c7cce5,2026-03-01T11:15:00+00:00,0.9988984459958505,1
site_e726c7cce5,2026-03-01T11:30:00+00:00,0.9988984459958505,1
site_e726c7cce5,2026-03-01T11:45:00+00:00,0.9988984459958505,1
site_e726c7cce5,2026-03-01T12:00:00+00:00,0.9988984459958505,1
site_e726c7cce5,2026-03-01T12:15:00+00:00,0.9988984459958505,1
site_e726c7cce5,2026-03-01T12:30:00+00:00,0.9988984459958505,1
site_e726c7cce5,2026-03-01T12:45:00+00:00,0.9988984459958505,1
site_e726c7cce5,2026-03-01T13:00:00+00:00,0.9988984459958505,1
site_e726c7cce5,2026-03-01T13:15:00+00:00,0.9988984459958505,1
site_e726c7cce5,2026-03-01T13:30:00+00:00,0.9988984459958505,1
site_e726c7cce5,2026-03-01T13:45:00+00:00,0.9988984459958505,1
site_e726c7cce5,2026-03-01T14:00:00+00:00,0.9988984459958505,1
site_e726c7cce5,2026-03-01T14:15:00+00:00,0.9988984459958505,1
site_e726c7cce5,2026-03-01T14:30:00+00:00,0.9988984459958505,1
site_e726c7cce5,2026-03-01T14:45:00+00:00,0.9988984459958505,1
site_e726c7cce5,2026-03-01T15:00:00+00:00,0.9955789439211618,1
site_e726c7cce5,2026-03-01T15:15:00+00:00,0.9988984459958505,1
site_e726c7cce5,2026-03-01T15:30:00+00:00,0.9988984459958505,1
site_e726c7cce5,2026-03-01T15:45:00+00:00,0.9988984459958505,1
site_e726c7cce5,2026-03-01T16:00:00+00:00,0.9988984459958505,1
site_e726c7cce5,2026-03-01T16:15:00+00:00,0.9988984459958505,1
site_e726c7cce5,2026-03-01T16:30:00+00:00,0.9955086154873758,1
site_e726c7cce5,2026-03-01T16:45:00+00:00,0.9988984459958505,1
site_e726c7cce5,2026-03-01T17:00:00+00:00,0.9988984459958505,1
site_e726c7cce5,2026-03-01T17:15:00+00:00,0.9988984459958505,1
site_e726c7cce5,2026-03-01T17:30:00+00:00,0.9988984459958505,1
site_e726c7cce5,2026-03-01T17:45:00+00:00,0.9988984459958505,1
site_e726c7cce5,2026-03-01T18:00:00+00:00,0.9988984459958505,1
site_e726c7cce5,2026-03-01T18:15:00+00:00,0.9988984459958505,1
site_e726c7cce5,2026-03-01T18:30:00+00:00,0.9988984459958505,1
site_e726c7cce5,2026-03-01T18:45:00+00:00,0.9988984459958505,1
site_e726c7cce5,2026-03-01T19:00:00+00:00,0.9988984459958505,1
site_e726c7cce5,2026-03-01T19:15:00+00:00,0.9988984459958505,1
site_e726c7cce5,2026-03-01T19:30:00+00:00,0.9988984459958505,1
site_e726c7cce5,2026-03-01T19:45:00+00:00,0.9988984459958505,1
site_e726c7cce5,2026-03-01T20:00:00+00:00,0.9988984459958505,1
site_e726c7cce5,2026-03-01T20:15:00+00:00,0.9988984459958505,1
site_e726c7cce5,2026-03-01T20:30:00+00:00,0.9955371014580354,1
site_e726c7cce5,2026-03-01T20:45:00+00:00,0.9955086154873758,1
site_e726c7cce5,2026-03-01T21:00:00+00:00,0.9988984459958505,1
site_e726c7cce5,2026-03-01T21:15:00+00:00,0.9919720390694433,1
site_e726c7cce5,2026-03-01T21:30:00+00:00,0.9954501701337815,1
site_e726c7cce5,2026-03-01T21:45:00+00:00,0.9919419242567201,1
site_e726c7cce5,2026-03-01T22:00:00+00:00,0.9921187849789014,1
site_e726c7cce5,2026-03-01T22:15:00+00:00,0.9885980168113011,1
site_e726c7cce5,2026-03-01T22:30:00+00:00,0.9920018942717125,1
site_e726c7cce5,2026-03-01T22:45:00+00:00,0.9884636633871547,1
site_e726c7cce5,2026-03-01T23:00:00+00:00,0.9910166725968356,1
site_e726c7cce5,2026-03-01T23:15:00+00:00,0.990608290555436,1
site_e726c7cce5,2026-03-01T23:45:00+00:00,0.9870172578770386,1
site_e726c7cce5,2026-03-02T00:00:00+00:00,0.9723791089792758,1
site_e726c7cce5,2026-03-02T00:15:00+00:00,0.9759319388188168,1
site_e726c7cce5,2026-03-02T00:30:00+00:00,0.9835138306112349,1
site_e726c7cce5,2026-03-02T00:45:00+00:00,0.9833644654133262,1
site_e726c7cce5,2026-03-02T01:00:00+00:00,0.9765728646005016,1
site_e726c7cce5,2026-03-02T01:15:00+00:00,0.980798898484538,1
site_e726c7cce5,2026-03-02T01:30:00+00:00,0.9879893550867596,1
site_e726c7cce5,2026-03-02T02:00:00+00:00,0.9808804279778325,1
site_e726c7cce5,2026-03-02T02:15:00+00:00,0.984612731710136,1
site_e726c7cce5,2026-03-02T02:30:00+00:00,0.9777530715465111,1
site_e726c7cce5,2026-03-02T02:45:00+00:00,0.9883721302063766,1
site_e726c7cce5,2026-03-02T03:00:00+00:00,0.9848633582765522,1
site_e726c7cce5,2026-03-02T03:15:00+00:00,0.9817310640216015,1
site_e726c7cce5,2026-03-02T03:30:00+00:00,0.9781192252166295,1
site_e726c7cce5,2026-03-02T03:45:00+00:00,0.9812773006214013,1
site_e726c7cce5,2026-03-02T04:00:00+00:00,0.9816570666855057,1
site_e726c7cce5,2026-03-02T04:15:00+00:00,0.9851053425475744,1
site_e726c7cce5,2026-03-02T04:30:00+00:00,0.9852232323206366,1
site_e726c7cce5,2026-03-02T04:45:00+00:00,0.9851645404164511,1
site_e726c7cce5,2026-03-02T05:00:00+00:00,0.9955086154873758,1
site_e726c7cce5,2026-03-02T05:15:00+00:00,0.9955086154873758,1
site_e726c7cce5,2026-03-02T05:30:00+00:00,0.9954796425770471,1
site_e726c7cce5,2026-03-02T05:45:00+00:00,0.9988984459958505,1
site_e726c7cce5,2026-03-02T06:00:00+00:00,0.9955086154873758,1
site_e726c7cce5,2026-03-02T06:15:00+00:00,0.9955789439211618,1
site_e726c7cce5,2026-03-02T06:30:00+00:00,0.9955789439211618,1
site_e726c7cce5,2026-03-02T06:45:00+00:00,0.9923140838559327,1
site_e726c7cce5,2026-03-02T07:00:00+00:00,0.9988984459958505,1
site_e726c7cce5,2026-03-02T07:15:00+00:00,0.9956595795990892,1
site_e726c7cce5,2026-03-02T07:30:00+00:00,0.9988984459958505,1
site_e726c7cce5,2026-03-02T07:45:00+00:00,0.9956197574712604,1
site_e726c7cce5,2026-03-02T08:00:00+00:00,0.9956197574712604,1
site_e726c7cce5,2026-03-02T08:15:00+00:00,0.9956595795990892,1
site_e726c7cce5,2026-03-02T08:30:00+00:00,0.9988984459958505,1
site_e726c7cce5,2026-03-02T08:45:00+00:00,0.9956197574712604,1
site_e726c7cce5,2026-03-02T09:00:00+00:00,0.9956464134755251,1
site_e726c7cce5,2026-03-02T09:15:00+00:00,0.9988984459958505,1
site_e726c7cce5,2026-03-02T09:30:00+00:00,0.9956595795990892,1
site_e726c7cce5,2026-03-02T09:45:00+00:00,0.9956331398734015,1
site_e726c7cce5,2026-03-02T10:00:00+00:00,0.9988984459958505,1
site_e726c7cce5,2026-03-02T10:15:00+00:00,0.9988984459958505,1
site_e726c7cce5,2026-03-02T10:30:00+00:00,0.9988984459958505,1
site_e726c7cce5,2026-03-02T10:45:00+00:00,0.9988984459958505,1
site_e726c7cce5,2026-03-02T11:00:00+00:00,0.9988984459958505,1
site_e726c7cce5,2026-03-02T11:15:00+00:00,0.9988984459958505,1
site_e726c7cce5,2026-03-02T11:30:00+00:00,0.9988984459958505,1
site_e726c7cce5,2026-03-02T11:45:00+00:00,0.9988984459958505,1
site_e726c7cce5,2026-03-02T12:00:00+00:00,0.9988984459958505,1
site_e726c7cce5,2026-03-02T12:15:00+00:00,0.9988984459958505,1
site_e726c7cce5,2026-03-02T12:30:00+00:00,0.9988984459958505,1
site_e726c7cce5,2026-03-02T12:45:00+00:00,0.9988984459958505,1
site_e726c7cce5,2026-03-02T13:00:00+00:00,0.9988984459958505,1
site_e726c7cce5,2026-03-02T13:15:00+00:00,0.9988984459958505,1
site_e726c7cce5,2026-03-02T13:30:00+00:00,0.9988984459958505,1
site_e726c7cce5,2026-03-02T13:45:00+00:00,0.9988984459958505,1
site_e726c7cce5,2026-03-02T14:00:00+00:00,0.9988984459958505,1
site_e726c7cce5,2026-03-02T14:15:00+00:00,0.9988984459958505,1
site_e726c7cce5,2026-03-02T14:30:00+00:00,0.9988984459958505,1
site_e726c7cce5,2026-03-02T14:45:00+00:00,0.9988984459958505,1
site_e726c7cce5,2026-03-02T15:00:00+00:00,0.9955789439211618,1
site_e726c7cce5,2026-03-02T15:15:00+00:00,0.9988984459958505,1
site_e726c7cce5,2026-03-02T15:30:00+00:00,0.9988984459958505,1
site_e726c7cce5,2026-03-02T15:45:00+00:00,0.9988984459958505,1
site_e726c7cce5,2026-03-02T16:00:00+00:00,0.9988984459958505,1
site_e726c7cce5,2026-03-02T16:15:00+00:00,0.9988984459958505,1
site_e726c7cce5,2026-03-02T16:30:00+00:00,0.9955086154873758,1
site_e726c7cce5,2026-03-02T16:45:00+00:00,0.9988984459958505,1
site_e726c7cce5,2026-03-02T17:00:00+00:00,0.9988984459958505,1
site_e726c7cce5,2026-03-02T17:15:00+00:00,0.9988984459958505,1
site_e726c7cce5,2026-03-02T17:30:00+00:00,0.9988984459958505,1
site_e726c7cce5,2026-03-02T17:45:00+00:00,0.9988984459958505,1
site_e726c7cce5,2026-03-02T18:00:00+00:00,0.9988984459958505,1
site_e726c7cce5,2026-03-02T18:15:00+00:00,0.9988984459958505,1
site_e726c7cce5,2026-03-02T18:30:00+00:00,0.9988984459958505,1
site_e726c7cce5,2026-03-02T18:45:00+00:00,0.9988984459958505,1
site_e726c7cce5,2026-03-02T19:00:00+00:00,0.9988984459958505,1
site_e726c7cce5,2026-03-02T19:15:00+00:00,0.9988984459958505,1
site_e726c7cce5,2026-03-02T19:30:00+00:00,0.9988984459958505,1
site_e726c7cce5,2026-03-02T19:45:00+00:00,0.9988984459958505,1
site_e726c7cce5,2026-03-02T20:00:00+00:00,0.9988984459958505,1
site_e726c7cce5,2026-03-02T20:15:00+00:00,0.9988984459958505,1
site_e726c7cce5,2026-03-02T20:30:00+00:00,0.9955371014580354,1
site_e726c7cce5,2026-03-02T20:45:00+00:00,0.9955086154873758,1
site_e726c7cce5,2026-03-02T21:00:00+00:00,0.9988984459958505,1
site_e726c7cce5,2026-03-02T21:15:00+00:00,0.9919720390694433,1
site_e726c7cce5,2026-03-02T21:30:00+00:00,0.9954501701337815,1
site_e726c7cce5,2026-03-02T21:45:00+00:00,0.9919419242567201,1
site_e726c7cce5,2026-03-02T22:00:00+00:00,0.9921187849789014,1
site_e726c7cce5,2026-03-02T22:15:00+00:00,0.9885980168113011,1
site_e726c7cce5,2026-03-02T22:30:00+00:00,0.9920018942717125,1
site_e726c7cce5,2026-03-02T22:45:00+00:00,0.9884636633871547,1
site_e726c7cce5,2026-03-02T23:00:00+00:00,0.9910166725968356,1
site_e726c7cce5,2026-03-02T23:15:00+00:00,0.990608290555436,1
site_e726c7cce5,2026-03-02T23:30:00+00:00,0.9870172578770386,1
site_e726c7cce5,2026-03-02T23:45:00+00:00,0.9870172578770386,1
site_e726c7cce5,2026-03-03T00:00:00+00:00,0.9723791089792758,1
site_e726c7cce5,2026-03-03T00:15:00+00:00,0.9759319388188168,1
site_e726c7cce5,2026-03-03T00:30:00+00:00,0.9835138306112349,1
site_e726c7cce5,2026-03-03T00:45:00+00:00,0.9833644654133262,1
site_e726c7cce5,2026-03-03T01:00:00+00:00,0.9765728646005016,1
site_e726c7cce5,2026-03-03T01:15:00+00:00,0.980798898484538,1
site_e726c7cce5,2026-03-03T01:30:00+00:00,0.9879893550867596,1
site_e726c7cce5,2026-03-03T01:45:00+00:00,0.9811993309516026,1
site_e726c7cce5,2026-03-03T02:00:00+00:00,0.9808804279778325,1
site_e726c7cce5,2026-03-03T02:15:00+00:00,0.984612731710136,1
site_e726c7cce5,2026-03-03T02:30:00+00:00,0.9777530715465111,1
site_e726c7cce5,2026-03-03T02:45:00+00:00,0.9883721302063766,1
site_e726c7cce5,2026-03-03T03:00:00+00:00,0.9848633582765522,1
site_e726c7cce5,2026-03-03T03:15:00+00:00,0.9817310640216015,1
site_e726c7cce5,2026-03-03T03:30:00+00:00,0.9781192252166295,1
site_e726c7cce5,2026-03-03T03:45:00+00:00,0.9812773006214013,1
site_e726c7cce5,2026-03-03T04:00:00+00:00,0.9816570666855057,1
site_e726c7cce5,2026-03-03T04:15:00+00:00,0.9851053425475744,1
site_e726c7cce5,2026-03-03T04:30:00+00:00,0.9852232323206366,1
site_e726c7cce5,2026-03-03T04:45:00+00:00,0.9851645404164511,1
site_e726c7cce5,2026-03-03T05:00:00+00:00,0.9955086154873758,1
site_e726c7cce5,2026-03-03T05:15:00+00:00,0.9955086154873758,1
site_e726c7cce5,2026-03-03T05:30:00+00:00,0.9954796425770471,1
site_e726c7cce5,2026-03-03T05:45:00+00:00,0.9988984459958505,1
site_e726c7cce5,2026-03-03T06:00:00+00:00,0.9955086154873758,1
site_e726c7cce5,2026-03-03T06:15:00+00:00,0.9955789439211618,1
site_e726c7cce5,2026-03-03T06:30:00+00:00,0.9955789439211618,1
site_e726c7cce5,2026-03-03T06:45:00+00:00,0.9923140838559327,1
site_e726c7cce5,2026-03-03T07:00:00+00:00,0.9988984459958505,1
site_e726c7cce5,2026-03-03T07:15:00+00:00,0.9956595795990892,1
site_e726c7cce5,2026-03-03T07:30:00+00:00,0.9988984459958505,1
site_e726c7cce5,2026-03-03T07:45:00+00:00,0.9956197574712604,1
site_e726c7cce5,2026-03-03T08:00:00+00:00,0.9956197574712604,1
site_e726c7cce5,2026-03-03T08:15:00+00:00,0.9956595795990892,1
site_e726c7cce5,2026-03-03T08:30:00+00:00,0.9988984459958505,1
site_e726c7cce5,2026-03-03T08:45:00+00:00,0.9956197574712604,1
site_e726c7cce5,2026-03-03T09:00:00+00:00,0.9956464134755251,1
site_e726c7cce5,2026-03-03T09:15:00+00:00,0.9988984459958505,1
site_e726c7cce5,2026-03-03T09:30:00+00:00,0.9956595795990892,1
site_e726c7cce5,2026-03-03T09:45:00+00:00,0.9956331398734015,1
site_e726c7cce5,2026-03-03T10:00:00+00:00,0.9988984459958505,1
site_e726c7cce5,2026-03-03T10:15:00+00:00,0.9988984459958505,1
site_e726c7cce5,2026-03-03T10:30:00+00:00,0.9988984459958505,1
site_e726c7cce5,2026-03-03T10:45:00+00:00,0.9988984459958505,1
site_e726c7cce5,2026-03-03T11:00:00+00:00,0.9988984459958505,1
site_e726c7cce5,2026-03-03T11:15:00+00:00,0.9988984459958505,1
site_e726c7cce5,2026-03-03T11:30:00+00:00,0.9988984459958505,1
site_e726c7cce5,2026-03-03T11:45:00+00:00,0.9988984459958505,1
site_e726c7cce5,2026-03-03T12:00:00+00:00,0.9988984459958505,1
site_e726c7cce5,2026-03-03T12:15:00+00:00,0.9988984459958505,1
site_e726c7cce5,2026-03-03T12:30:00+00:00,0.9988984459958505,1
site_e726c7cce5,2026-03-03T12:45:00+00:00,0.9988984459958505,1
site_e726c7cce5,2026-03-03T13:00:00+00:00,0.9988984459958505,1
site_e726c7cce5,2026-03-03T13:15:00+00:00,0.9988984459958505,1
site_e726c7cce5,2026-03-03T13:30:00+00:00,0.9988984459958505,1
site_e726c7cce5,2026-03-03T13:45:00+00:00,0.9988984459958505,1
site_e726c7cce5,2026-03-03T14:00:00+00:00,0.9988984459958505,1
site_e726c7cce5,2026-03-03T14:15:00+00:00,0.9988984459958505,1
site_e726c7cce5,2026-03-03T14:30:00+00:00,0.9988984459958505,1
site_e726c7cce5,2026-03-03T14:45:00+00:00,0.9988984459958505,1
site_e726c7cce5,2026-03-03T15:00:00+00:00,0.9955789439211618,1
site_e726c7cce5,2026-03-03T15:15:00+00:00,0.9988984459958505,1
site_e726c7cce5,2026-03-03T15:30:00+00:00,0.9988984459958505,1
site_e726c7cce5,2026-03-03T15:45:00+00:00,0.9988984459958505,1
site_e726c7cce5,2026-03-03T16:00:00+00:00,0.9988984459958505,1
site_e726c7cce5,2026-03-03T16:15:00+00:00,0.9988984459958505,1
site_e726c7cce5,2026-03-03T16:30:00+00:00,0.9955086154873758,1
site_e726c7cce5,2026-03-03T16:45:00+00:00,0.9988984459958505,1
site_e726c7cce5,2026-03-03T17:00:00+00:00,0.9988984459958505,1
site_e726c7cce5,2026-03-03T17:15:00+00:00,0.9988984459958505,1
site_e726c7cce5,2026-03-03T17:30:00+00:00,0.9988984459958505,1
site_e726c7cce5,2026-03-03T17:45:00+00:00,0.9988984459958505,1
site_e726c7cce5,2026-03-03T18:00:00+00:00,0.9988984459958505,1
site_e726c7cce5,2026-03-03T18:15:00+00:00,0.9988984459958505,1
site_e726c7cce5,2026-03-03T18:30:00+00:00,0.9988984459958505,1
site_e726c7cce5,2026-03-03T18:45:00+00:00,0.9988984459958505,1
site_e726c7cce5,2026-03-03T19:00:00+00:00,0.9988984459958505,1
site_e726c7cce5,2026-03-03T19:15:00+00:00,0.9988984459958505,1
site_e726c7cce5,2026-03-03T19:30:00+00:00,0.9988984459958505,1
site_e726c7cce5,2026-03-03T19:45:00+00:00,0.9988984459958505,1
site_e726c7cce5,2026-03-03T20:00:00+00:00,0.9988984459958505,1
site_e726c7cce5,2026-03-03T20:15:00+00:00,0.9988984459958505,1
site_e726c7cce5,2026-03-03T20:30:00+00:00,0.9955371014580354,1
site_e726c7cce5,2026-03-03T20:45:00+00:00,0.9955086154873758,1
site_e726c7cce5,2026-03-03T21:00:00+00:00,0.9988984459958505,1
site_e726c7cce5,2026-03-03T21:15:00+00:00,0.9919720390694433,1
site_e726c7cce5,2026-03-03T21:30:00+00:00,0.9954501701337815,1
site_e726c7cce5,2026-03-03T21:45:00+00:00,0.9919419242567201,1
site_e726c7cce5,2026-03-03T22:00:00+00:00,0.9921187849789014,1
site_e726c7cce5,2026-03-03T22:15:00+00:00,0.9885980168113011,1
site_e726c7cce5,2026-03-03T22:30:00+00:00,0.9920018942717125,1
site_e726c7cce5,2026-03-03T22:45:00+00:00,0.9884636633871547,1
site_e726c7cce5,2026-03-03T23:00:00+00:00,0.9910166725968356,1
site_e726c7cce5,2026-03-03T23:15:00+00:00,0.990608290555436,1
site_e726c7cce5,2026-03-03T23:30:00+00:00,0.9870172578770386,1
site_e726c7cce5,2026-03-03T23:45:00+00:00,0.9870172578770386,1
site_e726c7cce5,2026-03-04T00:00:00+00:00,0.9723791089792758,1
site_e726c7cce5,2026-03-04T00:15:00+00:00,0.9759319388188168,1
site_e726c7cce5,2026-03-04T00:30:00+00:00,0.9835138306112349,1
site_e726c7cce5,2026-03-04T00:45:00+00:00,0.9833644654133262,1
site_e726c7cce5,2026-03-04T01:00:00+00:00,0.9765728646005016,1
site_e726c7cce5,2026-03-04T01:15:00+00:00,0.980798898484538,1
site_e726c7cce5,2026-03-04T01:30:00+00:00,0.9879893550867596,1
site_e726c7cce5,2026-03-04T01:45:00+00:00,0.9811993309516026,1
site_e726c7cce5,2026-03-04T02:00:00+00:00,0.9808804279778325,1
site_e726c7cce5,2026-03-04T02:15:00+00:00,0.984612731710136,1
site_e726c7cce5,2026-03-04T02:30:00+00:00,0.9777530715465111,1
site_e726c7cce5,2026-03-04T02:45:00+00:00,0.9883721302063766,1
site_e726c7cce5,2026-03-04T03:00:00+00:00,0.9848633582765522,1
site_e726c7cce5,2026-03-04T03:15:00+00:00,0.9817310640216015,1
site_e726c7cce5,2026-03-04T03:30:00+00:00,0.9781192252166295,1
site_e726c7cce5,2026-03-04T03:45:00+00:00,0.9812773006214013,1
site_e726c7cce5,2026-03-04T04:00:00+00:00,0.9816570666855057,1
site_e726c7cce5,2026-03-04T04:15:00+00:00,0.9851053425475744,1
site_e726c7cce5,2026-03-04T04:30:00+00:00,0.9852232323206366,1
site_e726c7cce5,2026-03-04T04:45:00+00:00,0.9851645404164511,1
site_e726c7cce5,2026-03-04T05:00:00+00:00,0.9955086154873758,1
site_e726c7cce5,2026-03-04T05:15:00+00:00,0.9955086154873758,1
site_e726c7cce5,2026-03-04T05:30:00+00:00,0.9954796425770471,1
site_e726c7cce5,2026-03-04T05:45:00+00:00,0.9988984459958505,1
site_e726c7cce5,2026-03-04T06:00:00+00:00,0.9955086154873758,1
site_e726c7cce5,2026-03-04T06:15:00+00:00,0.9955789439211618,1
site_e726c7cce5,2026-03-04T06:30:00+00:00,0.9955789439211618,1
site_e726c7cce5,2026-03-04T06:45:00+00:00,0.9923140838559327,1
site_e726c7cce5,2026-03-04T07:00:00+00:00,0.9988984459958505,1
site_e726c7cce5,2026-03-04T07:15:00+00:00,0.9956595795990892,1
site_e726c7cce5,2026-03-04T07:30:00+00:00,0.9988984459958505,1
site_e726c7cce5,2026-03-04T07:45:00+00:00,0.9956197574712604,1
site_e726c7cce5,2026-03-04T08:00:00+00:00,0.9956197574712604,1
site_e726c7cce5,2026-03-04T08:15:00+00:00,0.9956595795990892,1
site_e726c7cce5,2026-03-04T08:30:00+00:00,0.9988984459958505,1
site_e726c7cce5,2026-03-04T08:45:00+00:00,0.9956197574712604,1
site_e726c7cce5,2026-03-04T09:00:00+00:00,0.9956464134755251,1
site_e726c7cce5,2026-03-04T09:15:00+00:00,0.9988984459958505,1
site_e726c7cce5,2026-03-04T09:30:00+00:00,0.9956595795990892,1
site_e726c7cce5,2026-03-04T09:45:00+00:00,0.9956331398734015,1
site_e726c7cce5,2026-03-04T10:00:00+00:00,0.9988984459958505,1
site_e726c7cce5,2026-03-04T10:15:00+00:00,0.9988984459958505,1
site_e726c7cce5,2026-03-04T10:30:00+00:00,0.9988984459958505,1
site_e726c7cce5,2026-03-04T10:45:00+00:00,0.9988984459958505,1
site_e726c7cce5,2026-03-04T11:00:00+00:00,0.9988984459958505,1
site_e726c7cce5,2026-03-04T11:15:00+00:00,0.9988984459958505,1
site_e726c7cce5,2026-03-04T11:30:00+00:00,0.9988984459958505,1
site_e726c7cce5,2026-03-04T11:45:00+00:00,0.9988984459958505,1
site_e726c7cce5,2026-03-04T12:00:00+00:00,0.9988984459958505,1
site_e726c7cce5,2026-03-04T12:15:00+00:00,0.9988984459958505,1
site_e726c7cce5,2026-03-04T12:30:00+00:00,0.9988984459958505,1
site_e726c7cce5,2026-03-04T12:45:00+00:00,0.9988984459958505,1
site_e726c7cce5,2026-03-04T13:00:00+00:00,0.9988984459958505,1
site_e726c7cce5,2026-03-04T13:15:00+00:00,0.9988984459958505,1
site_e726c7cce5,2026-03-04T13:30:00+00:00,0.9988984459958505,1
site_e726c7cce5,2026-03-04T13:45:00+00:00,0.9988984459958505,1
site_e726c7cce5,2026-03-04T14:00:00+00:00,0.9988984459958505,1
site_e726c7cce5,2026-03-04T14:15:00+00:00,0.9988984459958505,1
site_e726c7cce5,2026-03-04T14:30:00+00:00,0.9988984459958505,1
site_e726c7cce5,2026-03-04T14:45:00+00:00,0.9988984459958505,1
site_e726c7cce5,2026-03-04T15:00:00+00:00,0.9955789439211618,1
site_e726c7cce5,2026-03-04T15:15:00+00:00,0.9988984459958505,1
site_e726c7cce5,2026-03-04T15:30:00+00:00,0.9988984459958505,1
site_e726c7cce5,2026-03-04T15:45:00+00:00,0.9988984459958505,1
site_e726c7cce5,2026-03-04T16:00:00+00:00,0.9988984459958505,1
site_e726c7cce5,2026-03-04T16:15:00+00:00,0.9988984459958505,1
site_e726c7cce5,2026-03-04T16:30:00+00:00,0.9955086154873758,1
site_e726c7cce5,2026-03-04T16:45:00+00:00,0.9988984459958505,1
site_e726c7cce5,2026-03-04T17:00:00+00:00,0.9988984459958505,1
site_e726c7cce5,2026-03-04T17:15:00+00:00,0.9988984459958505,1
site_e726c7cce5,2026-03-04T17:30:00+00:00,0.9988984459958505,1
site_e726c7cce5,2026-03-04T17:45:00+00:00,0.9988984459958505,1
site_e726c7cce5,2026-03-04T18:00:00+00:00,0.9988984459958505,1
site_e726c7cce5,2026-03-04T18:15:00+00:00,0.9988984459958505,1
site_e726c7cce5,2026-03-04T18:30:00+00:00,0.9988984459958505,1
site_e726c7cce5,2026-03-04T18:45:00+00:00,0.9988984459958505,1
site_e726c7cce5,2026-03-04T19:00:00+00:00,0.9988984459958505,1
site_e726c7cce5,2026-03-04T19:15:00+00:00,0.9988984459958505,1
site_e726c7cce5,2026-03-04T19:30:00+00:00,0.9988984459958505,1
site_e726c7cce5,2026-03-04T19:45:00+00:00,0.9988984459958505,1
site_e726c7cce5,2026-03-04T20:00:00+00:00,0.9988984459958505,1
site_e726c7cce5,2026-03-04T20:15:00+00:00,0.9988984459958505,1
site_e726c7cce5,2026-03-04T20:30:00+00:00,0.9955371014580354,1
site_e726c7cce5,2026-03-04T20:45:00+00:00,0.9955086154873758,1
site_e726c7cce5,2026-03-04T21:00:00+00:00,0.9988984459958505,1
site_e726c7cce5,2026-03-04T21:15:00+00:00,0.9919720390694433,1
site_e726c7cce5,2026-03-04T21:30:00+00:00,0.9954501701337815,1
site_e726c7cce5,2026-03-04T21:45:00+00:00,0.9919419242567201,1
site_e726c7cce5,2026-03-04T22:00:00+00:00,0.9921187849789014,1
site_e726c7cce5,2026-03-04T22:15:00+00:00,0.9885980168113011,1
site_e726c7cce5,2026-03-04T22:30:00+00:00,0.9920018942717125,1
site_e726c7cce5,2026-03-04T22:45:00+00:00,0.9884636633871547,1
site_e726c7cce5,2026-03-04T23:00:00+00:00,0.9910166725968356,1
site_e726c7cce5,2026-03-04T23:15:00+00:00,0.990608290555436,1
site_e726c7cce5,2026-03-04T23:30:00+00:00,0.9870172578770386,1
site_e726c7cce5,2026-03-04T23:45:00+00:00,0.9870172578770386,1
site_e726c7cce5,2026-03-05T00:00:00+00:00,0.9723791089792758,1
site_e726c7cce5,2026-03-05T00:15:00+00:00,0.9759319388188168,1
site_e726c7cce5,2026-03-05T00:30:00+00:00,0.9835138306112349,1
site_e726c7cce5,2026-03-05T00:45:00+00:00,0.9833644654133262,1
site_e726c7cce5,2026-03-05T01:00:00+00:00,0.9765728646005016,1
site_e726c7cce5,2026-03-05T01:15:00+00:00,0.980798898484538,1
site_e726c7cce5,2026-03-05T01:30:00+00:00,0.9879893550867596,1
site_e726c7cce5,2026-03-05T01:45:00+00:00,0.9811993309516026,1
site_e726c7cce5,2026-03-05T02:00:00+00:00,0.9808804279778325,1
site_e726c7cce5,2026-03-05T02:15:00+00:00,0.984612731710136,1
site_e726c7cce5,2026-03-05T02:30:00+00:00,0.9777530715465111,1
site_e726c7cce5,2026-03-05T02:45:00+00:00,0.9883721302063766,1
site_e726c7cce5,2026-03-05T03:00:00+00:00,0.9848633582765522,1
site_e726c7cce5,2026-03-05T03:15:00+00:00,0.9817310640216015,1
site_e726c7cce5,2026-03-05T03:30:00+00:00,0.9781192252166295,1
site_e726c7cce5,2026-03-05T03:45:00+00:00,0.9812773006214013,1
site_e726c7cce5,2026-03-05T04:00:00+00:00,0.9816570666855057,1
site_e726c7cce5,2026-03-05T04:15:00+00:00,0.9851053425475744,1
site_e726c7cce5,2026-03-05T04:30:00+00:00,0.9852232323206366,1
site_e726c7cce5,2026-03-05T04:45:00+00:00,0.9851645404164511,1
site_e726c7cce5,2026-03-05T05:00:00+00:00,0.9955086154873758,1
site_e726c7cce5,2026-03-05T05:15:00+00:00,0.9955086154873758,1
site_e726c7cce5,2026-03-05T05:30:00+00:00,0.9954796425770471,1
site_e726c7cce5,2026-03-05T05:45:00+00:00,0.9988984459958505,1
site_e726c7cce5,2026-03-05T06:00:00+00:00,0.9955086154873758,1
site_e726c7cce5,2026-03-05T06:15:00+00:00,0.9955789439211618,1
site_e726c7cce5,2026-03-05T06:30:00+00:00,0.9955789439211618,1
site_e726c7cce5,2026-03-05T06:45:00+00:00,0.9923140838559327,1
site_e726c7cce5,2026-03-05T07:00:00+00:00,0.9988984459958505,1
site_e726c7cce5,2026-03-05T07:15:00+00:00,0.9956595795990892,1
site_e726c7cce5,2026-03-05T07:30:00+00:00,0.9988984459958505,1
site_e726c7cce5,2026-03-05T07:45:00+00:00,0.9956197574712604,1
site_e726c7cce5,2026-03-05T08:00:00+00:00,0.9956197574712604,1
site_e726c7cce5,2026-03-05T08:15:00+00:00,0.9956595795990892,1
site_e726c7cce5,2026-03-05T08:30:00+00:00,0.9988984459958505,1
site_e726c7cce5,2026-03-05T08:45:00+00:00,0.9956197574712604,1
site_e726c7cce5,2026-03-05T09:00:00+00:00,0.9956464134755251,1
site_e726c7cce5,2026-03-05T09:15:00+00:00,0.9988984459958505,1
site_e726c7cce5,2026-03-05T09:30:00+00:00,0.9956595795990892,1
site_e726c7cce5,2026-03-05T09:45:00+00:00,0.9956331398734015,1
site_e726c7cce5,2026-03-05T10:00:00+00:00,0.9988984459958505,1
site_e726c7cce5,2026-03-05T10:15:00+00:00,0.9988984459958505,1
site_e726c7cce5,2026-03-05T10:30:00+00:00,0.9988984459958505,1
site_e726c7cce5,2026-03-05T10:45:00+00:00,0.9988984459958505,1
site_e726c7cce5,2026-03-05T11:00:00+00:00,0.9988984459958505,1
site_e726c7cce5,2026-03-05T11:15:00+00:00,0.9988984459958505,1
site_e726c7cce5,2026-03-05T11:30:00+00:00,0.9988984459958505,1
site_e726c7cce5,2026-03-05T11:45:00+00:00,0.9988984459958505,1
site_e726c7cce5,2026-03-05T12:00:00+00:00,0.9988984459958505,1
site_e726c7cce5,2026-03-05T12:15:00+00:00,0.9988984459958505,1
site_e726c7cce5,2026-03-05T12:30:00+00:00,0.9988984459958505,1
site_e726c7cce5,2026-03-05T12:45:00+00:00,0.9988984459958505,1
site_e726c7cce5,2026-03-05T13:00:00+00:00,0.9988984459958505,1
site_e726c7cce5,2026-03-05T13:15:00+00:00,0.9988984459958505,1
site_e726c7cce5,2026-03-05T13:30:00+00:00,0.9988984459958505,1
site_e726c7cce5,2026-03-05T13:45:00+00:00,0.9988984459958505,1
site_e726c7cce5,2026-03-05T14:00:00+00:00,0.9988984459958505,1
site_e726c7cce5,2026-03-05T14:15:00+00:00,0.9988984459958505,1
site_e726c7cce5,2026-03-05T14:30:00+00:00,0.9988984459958505,1
site_e726c7cce5,2026-03-05T14:45:00+00:00,0.9988984459958505,1
site_e726c7cce5,2026-03-05T15:00:00+00:00,0.9955789439211618,1
site_e726c7cce5,2026-03-05T15:15:00+00:00,0.9988984459958505,1
site_e726c7cce5,2026-03-05T15:30:00+00:00,0.9988984459958505,1
site_e726c7cce5,2026-03-05T15:45:00+00:00,0.9988984459958505,1
site_e726c7cce5,2026-03-05T16:00:00+00:00,0.9988984459958505,1
site_e726c7cce5,2026-03-05T16:15:00+00:00,0.9988984459958505,1
site_e726c7cce5,2026-03-05T16:30:00+00:00,0.9955086154873758,1
site_e726c7cce5,2026-03-05T16:45:00+00:00,0.9988984459958505,1
site_e726c7cce5,2026-03-05T17:00:00+00:00,0.9988984459958505,1
site_e726c7cce5,2026-03-05T17:15:00+00:00,0.9988984459958505,1
site_e726c7cce5,2026-03-05T17:30:00+00:00,0.9988984459958505,1
site_e726c7cce5,2026-03-05T17:45:00+00:00,0.9988984459958505,1
site_e726c7cce5,2026-03-05T18:00:00+00:00,0.9988984459958505,1
site_e726c7cce5,2026-03-05T18:15:00+00:00,0.9988984459958505,1
site_e726c7cce5,2026-03-05T18:30:00+00:00,0.9988984459958505,1
site_e726c7cce5,2026-03-05T18:45:00+00:00,0.9988984459958505,1
site_e726c7cce5,2026-03-05T19:00:00+00:00,0.9988984459958505,1
site_e726c7cce5,2026-03-05T19:15:00+00:00,0.9988984459958505,1
site_e726c7cce5,2026-03-05T19:30:00+00:00,0.9988984459958505,1
site_e726c7cce5,2026-03-05T19:45:00+00:00,0.9988984459958505,1
site_e726c7cce5,2026-03-05T20:00:00+00:00,0.9988984459958505,1
site_e726c7cce5,2026-03-05T20:15:00+00:00,0.9988984459958505,1
site_e726c7cce5,2026-03-05T20:30:00+00:00,0.9955371014580354,1
site_e726c7cce5,2026-03-05T20:45:00+00:00,0.9955086154873758,1
site_e726c7cce5,2026-03-05T21:00:00+00:00,0.9988984459958505,1
site_e726c7cce5,2026-03-05T21:15:00+00:00,0.9919720390694433,1
site_e726c7cce5,2026-03-05T21:30:00+00:00,0.9954501701337815,1
site_e726c7cce5,2026-03-05T21:45:00+00:00,0.9919419242567201,1
site_e726c7cce5,2026-03-05T22:00:00+00:00,0.9921187849789014,1
site_e726c7cce5,2026-03-05T22:15:00+00:00,0.9885980168113011,1
site_e726c7cce5,2026-03-05T22:30:00+00:00,0.9920018942717125,1
site_e726c7cce5,2026-03-05T22:45:00+00:00,0.9884636633871547,1
site_e726c7cce5,2026-03-05T23:00:00+00:00,0.9910166725968356,1
site_e726c7cce5,2026-03-05T23:15:00+00:00,0.990608290555436,1
site_e726c7cce5,2026-03-05T23:30:00+00:00,0.9870172578770386,1
site_e726c7cce5,2026-03-05T23:45:00+00:00,0.9870172578770386,1
site_e726c7cce5,2026-03-06T00:00:00+00:00,0.9723791089792758,1
site_e726c7cce5,2026-03-06T00:15:00+00:00,0.9759319388188168,1
site_e726c7cce5,2026-03-06T00:30:00+00:00,0.9835138306112349,1
site_e726c7cce5,2026-03-06T00:45:00+00:00,0.9833644654133262,1
site_e726c7cce5,2026-03-06T01:00:00+00:00,0.9765728646005016,1
site_e726c7cce5,2026-03-06T01:15:00+00:00,0.980798898484538,1
site_e726c7cce5,2026-03-06T01:30:00+00:00,0.9879893550867596,1
site_e726c7cce5,2026-03-06T01:45:00+00:00,0.9811993309516026,1
site_e726c7cce5,2026-03-06T02:00:00+00:00,0.9808804279778325,1
site_e726c7cce5,2026-03-06T02:15:00+00:00,0.984612731710136,1
site_e726c7cce5,2026-03-06T02:30:00+00:00,0.9777530715465111,1
site_e726c7cce5,2026-03-06T02:45:00+00:00,0.9883721302063766,1
site_e726c7cce5,2026-03-06T03:00:00+00:00,0.9848633582765522,1
site_e726c7cce5,2026-03-06T03:15:00+00:00,0.9817310640216015,1
site_e726c7cce5,2026-03-06T03:30:00+00:00,0.9781192252166295,1
site_e726c7cce5,2026-03-06T03:45:00+00:00,0.9812773006214013,1
site_e726c7cce5,2026-03-06T04:00:00+00:00,0.9816570666855057,1
site_e726c7cce5,2026-03-06T04:15:00+00:00,0.9851053425475744,1
site_e726c7cce5,2026-03-06T04:30:00+00:00,0.9852232323206366,1
site_e726c7cce5,2026-03-06T04:45:00+00:00,0.9851645404164511,1
site_e726c7cce5,2026-03-06T05:00:00+00:00,0.9955086154873758,1
site_e726c7cce5,2026-03-06T05:15:00+00:00,0.9955086154873758,1
site_e726c7cce5,2026-03-06T05:30:00+00:00,0.9954796425770471,1
site_e726c7cce5,2026-03-06T05:45:00+00:00,0.9988984459958505,1
site_e726c7cce5,2026-03-06T06:00:00+00:00,0.9955086154873758,1
site_e726c7cce5,2026-03-06T06:15:00+00:00,0.9955789439211618,1
site_e726c7cce5,2026-03-06T06:30:00+00:00,0.9955789439211618,1
site_e726c7cce5,2026-03-06T06:45:00+00:00,0.9923140838559327,1
site_e726c7cce5,2026-03-06T07:00:00+00:00,0.9988984459958505,1
site_e726c7cce5,2026-03-06T07:15:00+00:00,0.9956595795990892,1
site_e726c7cce5,2026-03-06T07:30:00+00:00,0.9988984459958505,1
site_e726c7cce5,2026-03-06T07:45:00+00:00,0.9956197574712604,1
site_e726c7cce5,2026-03-06T08:00:00+00:00,0.9956197574712604,1
site_e726c7cce5,2026-03-06T08:15:00+00:00,0.9956595795990892,1
site_e726c7cce5,2026-03-06T08:30:00+00:00,0.9988984459958505,1
site_e726c7cce5,2026-03-06T08:45:00+00:00,0.9956197574712604,1
site_e726c7cce5,2026-03-06T09:00:00+00:00,0.9956464134755251,1
site_e726c7cce5,2026-03-06T09:15:00+00:00,0.9988984459958505,1
site_e726c7cce5,2026-03-06T09:30:00+00:00,0.9956595795990892,1
site_e726c7cce5,2026-03-06T09:45:00+00:00,0.9956331398734015,1
site_e726c7cce5,2026-03-06T10:00:00+00:00,0.9988984459958505,1
site_e726c7cce5,2026-03-06T10:15:00+00:00,0.9988984459958505,1
site_e726c7cce5,2026-03-06T10:30:00+00:00,0.9988984459958505,1
site_e726c7cce5,2026-03-06T10:45:00+00:00,0.9988984459958505,1
site_e726c7cce5,2026-03-06T11:00:00+00:00,0.9988984459958505,1
site_e726c7cce5,2026-03-06T11:15:00+00:00,0.9988984459958505,1
site_e726c7cce5,2026-03-06T11:30:00+00:00,0.9988984459958505,1
site_e726c7cce5,2026-03-06T11:45:00+00:00,0.9988984459958505,1
site_e726c7cce5,2026-03-06T12:00:00+00:00,0.9988984459958505,1
site_e726c7cce5,2026-03-06T12:15:00+00:00,0.9988984459958505,1
site_e726c7cce5,2026-03-06T12:30:00+00:00,0.9988984459958505,1
site_e726c7cce5,2026-03-06T12:45:00+00:00,0.9988984459958505,1
site_e726c7cce5,2026-03-06T13:00:00+00:00,0.9988984459958505,1
site_e726c7cce5,2026-03-06T13:15:00+00:00,0.9988984459958505,1
site_e726c7cce5,2026-03-06T13:30:00+00:00,0.9988984459958505,1
site_e726c7cce5,2026-03-06T13:45:00+00:00,0.9988984459958505,1
site_e726c7cce5,2026-03-06T14:00:00+00:00,0.9988984459958505,1
site_e726c7cce5,2026-03-06T14:15:00+00:00,0.9988984459958505,1
site_e726c7cce5,2026-03-06T14:30:00+00:00,0.9988984459958505,1
site_e726c7cce5,2026-03-06T14:45:00+00:00,0.9988984459958505,1
site_e726c7cce5,2026-03-06T15:00:00+00:00,0.9955789439211618,1
site_e726c7cce5,2026-03-06T15:15:00+00:00,0.9988984459958505,1
site_e726c7cce5,2026-03-06T15:30:00+00:00,0.9988984459958505,1
site_e726c7cce5,2026-03-06T15:45:00+00:00,0.9988984459958505,1
site_e726c7cce5,2026-03-06T16:00:00+00:00,0.9988984459958505,1
site_e726c7cce5,2026-03-06T16:15:00+00:00,0.9988984459958505,1
site_e726c7cce5,2026-03-06T16:30:00+00:00,0.9955086154873758,1
site_e726c7cce5,2026-03-06T16:45:00+00:00,0.9988984459958505,1
site_e726c7cce5,2026-03-06T17:00:00+00:00,0.9988984459958505,1
site_e726c7cce5,2026-03-06T17:15:00+00:00,0.9988984459958505,1
site_e726c7cce5,2026-03-06T17:30:00+00:00,0.9988984459958505,1
site_e726c7cce5,2026-03-06T17:45:00+00:00,0.9988984459958505,1
site_e726c7cce5,2026-03-06T18:00:00+00:00,0.9988984459958505,1
site_e726c7cce5,2026-03-06T18:15:00+00:00,0.9988984459958505,1
site_e726c7cce5,2026-03-06T18:30:00+00:00,0.9988984459958505,1
site_e726c7cce5,2026-03-06T18:45:00+00:00,0.9988984459958505,1
site_e726c7cce5,2026-03-06T19:00:00+00:00,0.9988984459958505,1
site_e726c7cce5,2026-03-06T19:15:00+00:00,0.9988984459958505,1
site_e726c7cce5,2026-03-06T19:30:00+00:00,0.9988984459958505,1
site_e726c7cce5,2026-03-06T19:45:00+00:00,0.9988984459958505,1
site_e726c7cce5,2026-03-06T20:00:00+00:00,0.9988984459958505,1
site_e726c7cce5,2026-03-06T20:15:00+00:00,0.9988984459958505,1
site_e726c7cce5,2026-03-06T20:30:00+00:00,0.9955371014580354,1
site_e726c7cce5,2026-03-06T20:45:00+00:00,0.9955086154873758,1
site_e726c7cce5,2026-03-06T21:00:00+00:00,0.9988984459958505,1
site_e726c7cce5,2026-03-06T21:15:00+00:00,0.9919720390694433,1
site_e726c7cce5,2026-03-06T21:30:00+00:00,0.9954501701337815,1
site_e726c7cce5,2026-03-06T21:45:00+00:00,0.9919419242567201,1
site_e726c7cce5,2026-03-06T22:00:00+00:00,0.9921187849789014,1
site_e726c7cce5,2026-03-06T22:15:00+00:00,0.9885980168113011,1
site_e726c7cce5,2026-03-06T22:30:00+00:00,0.9920018942717125,1
site_e726c7cce5,2026-03-06T22:45:00+00:00,0.9884636633871547,1
site_e726c7cce5,2026-03-06T23:00:00+00:00,0.9910166725968356,1
site_e726c7cce5,2026-03-06T23:15:00+00:00,0.990608290555436,1
site_e726c7cce5,2026-03-06T23:30:00+00:00,0.9870172578770386,1
site_e726c7cce5,2026-03-06T23:45:00+00:00,0.9870172578770386,1
site_e726c7cce5,2026-03-07T00:00:00+00:00,0.9723791089792758,1
site_e726c7cce5,2026-03-07T00:15:00+00:00,0.9759319388188168,1
site_e726c7cce5,2026-03-07T00:30:00+00:00,0.9835138306112349,1
site_e726c7cce5,2026-03-07T00:45:00+00:00,0.9833644654133262,1
site_e726c7cce5,2026-03-07T01:00:00+00:00,0.9765728646005016,1
site_e726c7cce5,2026-03-07T01:15:00+00:00,0.980798898484538,1
site_e726c7cce5,2026-03-07T01:30:00+00:00,0.9879893550867596,1
site_e726c7cce5,2026-03-07T01:45:00+00:00,0.9811993309516026,1
site_e726c7cce5,2026-03-07T02:00:00+00:00,0.9808804279778325,1
site_e726c7cce5,2026-03-07T02:15:00+00:00,0.984612731710136,1
site_e726c7cce5,2026-03-07T02:30:00+00:00,0.9777530715465111,1
site_e726c7cce5,2026-03-07T02:45:00+00:00,0.9883721302063766,1
site_e726c7cce5,2026-03-07T03:00:00+00:00,0.9848633582765522,1
site_e726c7cce5,2026-03-07T03:15:00+00:00,0.9817310640216015,1
site_e726c7cce5,2026-03-07T03:30:00+00:00,0.9781192252166295,1
site_e726c7cce5,2026-03-07T03:45:00+00:00,0.9812773006214013,1
site_e726c7cce5,2026-03-07T04:00:00+00:00,0.9816570666855057,1
site_e726c7cce5,2026-03-07T04:15:00+00:00,0.9851053425475744,1
site_e726c7cce5,2026-03-07T04:30:00+00:00,0.9852232323206366,1
site_e726c7cce5,2026-03-07T04:45:00+00:00,0.9851645404164511,1
site_e726c7cce5,2026-03-07T05:00:00+00:00,0.9955086154873758,1
site_e726c7cce5,2026-03-07T05:15:00+00:00,0.9955086154873758,1
site_e726c7cce5,2026-03-07T05:30:00+00:00,0.9954796425770471,1
site_e726c7cce5,2026-03-07T05:45:00+00:00,0.9988984459958505,1
site_e726c7cce5,2026-03-07T06:00:00+00:00,0.9955086154873758,1
site_e726c7cce5,2026-03-07T06:15:00+00:00,0.9955789439211618,1
site_e726c7cce5,2026-03-07T06:30:00+00:00,0.9955789439211618,1
site_e726c7cce5,2026-03-07T06:45:00+00:00,0.9923140838559327,1
site_e726c7cce5,2026-03-07T07:00:00+00:00,0.9988984459958505,1
site_e726c7cce5,2026-03-07T07:15:00+00:00,0.9956595795990892,1
site_e726c7cce5,2026-03-07T07:30:00+00:00,0.9988984459958505,1
site_e726c7cce5,2026-03-07T07:45:00+00:00,0.9956197574712604,1
site_e726c7cce5,2026-03-07T08:00:00+00:00,0.9956197574712604,1
site_e726c7cce5,2026-03-07T08:15:00+00:00,0.9956595795990892,1
site_e726c7cce5,2026-03-07T08:30:00+00:00,0.9988984459958505,1
site_e726c7cce5,2026-03-07T08:45:00+00:00,0.9956197574712604,1
site_e726c7cce5,2026-03-07T09:00:00+00:00,0.9956464134755251,1
site_e726c7cce5,2026-03-07T09:15:00+00:00,0.9988984459958505,1
site_e726c7cce5,2026-03-07T09:30:00+00:00,0.9956595795990892,1
site_e726c7cce5,2026-03-07T09:45:00+00:00,0.9956331398734015,1
site_e726c7cce5,2026-03-07T10:00:00+00:00,0.9988984459958505,1
site_e726c7cce5,2026-03-07T10:15:00+00:00,0.9988984459958505,1
site_e726c7cce5,2026-03-07T10:30:00+00:00,0.9988984459958505,1
site_e726c7cce5,2026-03-07T10:45:00+00:00,0.9988984459958505,1
site_e726c7cce5,2026-03-07T11:00:00+00:00,0.9988984459958505,1
site_e726c7cce5,2026-03-07T11:15:00+00:00,0.9988984459958505,1
site_e726c7cce5,2026-03-07T11:30:00+00:00,0.9988984459958505,1
site_e726c7cce5,2026-03-07T11:45:00+00:00,0.9988984459958505,1
site_e726c7cce5,2026-03-07T12:00:00+00:00,0.9988984459958505,1
site_e726c7cce5,2026-03-07T12:15:00+00:00,0.9988984459958505,1
site_e726c7cce5,2026-03-07T12:30:00+00:00,0.9988984459958505,1
site_e726c7cce5,2026-03-07T12:45:00+00:00,0.9988984459958505,1
site_e726c7cce5,2026-03-07T13:00:00+00:00,0.9988984459958505,1
site_e726c7cce5,2026-03-07T13:15:00+00:00,0.9988984459958505,1
site_e726c7cce5,2026-03-07T13:30:00+00:00,0.9988984459958505,1
site_e726c7cce5,2026-03-07T13:45:00+00:00,0.9988984459958505,1
site_e726c7cce5,2026-03-07T14:00:00+00:00,0.9988984459958505,1
site_e726c7cce5,2026-03-07T14:15:00+00:00,0.9988984459958505,1
site_e726c7cce5,2026-03-07T14:30:00+00:00,0.9988984459958505,1
site_e726c7cce5,2026-03-07T14:45:00+00:00,0.9988984459958505,1
site_e726c7cce5,2026-03-07T15:00:00+00:00,0.9955789439211618,1
site_e726c7cce5,2026-03-07T15:15:00+00:00,0.9988984459958505,1
site_e726c7cce5,2026-03-07T15:30:00+00:00,0.9988984459958505,1
site_e726c7cce5,2026-03-07T15:45:00+00:00,0.9988984459958505,1
site_e726c7cce5,2026-03-07T16:00:00+00:00,0.9988984459958505,1
site_e726c7cce5,2026-03-07T16:15:00+00:00,0.9988984459958505,1
site_e726c7cce5,2026-03-07T16:30:00+00:00,0.9955086154873758,1
site_e726c7cce5,2026-03-07T16:45:00+00:00,0.9988984459958505,1
site_e726c7cce5,2026-03-07T17:00:00+00:00,0.9988984459958505,1
site_e726c7cce5,2026-03-07T17:15:00+00:00,0.9988984459958505,1
site_e726c7cce5,2026-03-07T17:30:00+00:00,0.9988984459958505,1
site_e726c7cce5,2026-03-07T17:45:00+00:00,0.9988984459958505,1
site_e726c7cce5,2026-03-07T18:00:00+00:00,0.9988984459958505,1
site_e726c7cce5,2026-03-07T18:15:00+00:00,0.9988984459958505,1
site_e726c7cce5,2026-03-07T18:30:00+00:00,0.9988984459958505,1
site_e726c7cce5,2026-03-07T18:45:00+00:00,0.9988984459958505,1
site_e726c7cce5,2026-03-07T19:00:00+00:00,0.9988984459958505,1
site_e726c7cce5,2026-03-07T19:15:00+00:00,0.9988984459958505,1
site_e726c7cce5,2026-03-07T19:30:00+00:00,0.9988984459958505,1
site_e726c7cce5,2026-03-07T19:45:00+00:00,0.9988984459958505,1
site_e726c7cce5,2026-03-07T20:00:00+00:00,0.9988984459958505,1
site_e726c7cce5,2026-03-07T20:15:00+00:00,0.9988984459958505,1
site_e726c7cce5,2026-03-07T20:30:00+00:00,0.9955371014580354,1
site_e726c7cce5,2026-03-07T20:45:00+00:00,0.9955086154873758,1
site_e726c7cce5,2026-03-07T21:00:00+00:00,0.9988984459958505,1
site_e726c7cce5,2026-03-07T21:15:00+00:00,0.9919720390694433,1
site_e726c7cce5,2026-03-07T21:30:00+00:00,0.9954501701337815,1
site_e726c7cce5,2026-03-07T21:45:00+00:00,0.9919419242567201,1
site_e726c7cce5,2026-03-07T22:00:00+00:00,0.9921187849789014,1
site_e726c7cce5,2026-03-07T22:15:00+00:00,0.9885980168113011,1
site_e726c7cce5,2026-03-07T22:30:00+00:00,0.9920018942717125,1
site_e726c7cce5,2026-03-07T22:45:00+00:00,0.9884636633871547,1
site_e726c7cce5,2026-03-07T23:00:00+00:00,0.9910166725968356,1
site_e726c7cce5,2026-03-07T23:15:00+00:00,0.990608290555436,1
site_e726c7cce5,2026-03-07T23:30:00+00:00,0.9870172578770386,1
site_e726c7cce5,2026-03-07T23:45:00+00:00,0.9870172578770386,1
site_e726c7cce5,2026-03-08T00:00:00+00:00,0.9723791089792758,1
site_e726c7cce5,2026-03-08T00:15:00+00:00,0.9759319388188168,1
site_e726c7cce5,2026-03-08T00:30:00+00:00,0.9835138306112349,1
site_e726c7cce5,2026-03-08T00:45:00+00:00,0.9833644654133262,1
site_e726c7cce5,2026-03-08T01:00:00+00:00,0.9765728646005016,1
site_e726c7cce5,2026-03-08T01:15:00+00:00,0.980798898484538,1
site_e726c7cce5,2026-03-08T01:30:00+00:00,0.9879893550867596,1
site_e726c7cce5,2026-03-08T01:45:00+00:00,0.9811993309516026,1
site_e726c7cce5,2026-03-08T02:00:00+00:00,0.9808804279778325,1
site_e726c7cce5,2026-03-08T02:15:00+00:00,0.984612731710136,1
site_e726c7cce5,2026-03-08T02:30:00+00:00,0.9777530715465111,1
site_e726c7cce5,2026-03-08T02:45:00+00:00,0.9883721302063766,1
site_e726c7cce5,2026-03-08T03:00:00+00:00,0.9848633582765522,1
site_e726c7cce5,2026-03-08T03:15:00+00:00,0.9817310640216015,1
site_e726c7cce5,2026-03-08T03:30:00+00:00,0.9781192252166295,1
site_e726c7cce5,2026-03-08T03:45:00+00:00,0.9812773006214013,1
site_e726c7cce5,2026-03-08T04:00:00+00:00,0.9816570666855057,1
site_e726c7cce5,2026-03-08T04:15:00+00:00,0.9851053425475744,1
site_e726c7cce5,2026-03-08T04:30:00+00:00,0.9852232323206366,1
site_e726c7cce5,2026-03-08T04:45:00+00:00,0.9851645404164511,1
site_e726c7cce5,2026-03-08T05:00:00+00:00,0.9955086154873758,1
site_e726c7cce5,2026-03-08T05:15:00+00:00,0.9955086154873758,1
site_e726c7cce5,2026-03-08T05:30:00+00:00,0.9954796425770471,1
site_e726c7cce5,2026-03-08T05:45:00+00:00,0.9988984459958505,1
site_e726c7cce5,2026-03-08T06:00:00+00:00,0.9955086154873758,1
site_e726c7cce5,2026-03-08T06:15:00+00:00,0.9955789439211618,1
site_e726c7cce5,2026-03-08T06:30:00+00:00,0.9955789439211618,1
site_e726c7cce5,2026-03-08T06:45:00+00:00,0.9923140838559327,1
site_e726c7cce5,2026-03-08T07:00:00+00:00,0.9988984459958505,1
site_e726c7cce5,2026-03-08T07:15:00+00:00,0.9956595795990892,1
site_e726c7cce5,2026-03-08T07:30:00+00:00,0.9988984459958505,1
site_e726c7cce5,2026-03-08T07:45:00+00:00,0.9956197574712604,1
site_e726c7cce5,2026-03-08T08:00:00+00:00,0.9956197574712604,1
site_e726c7cce5,2026-03-08T08:15:00+00:00,0.9956595795990892,1
site_e726c7cce5,2026-03-08T08:30:00+00:00,0.9988984459958505,1
site_e726c7cce5,2026-03-08T08:45:00+00:00,0.9956197574712604,1
site_e726c7cce5,2026-03-08T09:00:00+00:00,0.9956464134755251,1
site_e726c7cce5,2026-03-08T09:15:00+00:00,0.9988984459958505,1
site_e726c7cce5,2026-03-08T09:30:00+00:00,0.9956595795990892,1
site_e726c7cce5,2026-03-08T09:45:00+00:00,0.9956331398734015,1
site_e726c7cce5,2026-03-08T10:00:00+00:00,0.9988984459958505,1
site_e726c7cce5,2026-03-08T10:15:00+00:00,0.9988984459958505,1
site_e726c7cce5,2026-03-08T10:30:00+00:00,0.9988984459958505,1
site_e726c7cce5,2026-03-08T10:45:00+00:00,0.9988984459958505,1
site_e726c7cce5,2026-03-08T11:00:00+00:00,0.9988984459958505,1
site_e726c7cce5,2026-03-08T11:15:00+00:00,0.9988984459958505,1
site_e726c7cce5,2026-03-08T11:30:00+00:00,0.9988984459958505,1
site_e726c7cce5,2026-03-08T11:45:00+00:00,0.9988984459958505,1
site_e726c7cce5,2026-03-08T12:00:00+00:00,0.9988984459958505,1
site_e726c7cce5,2026-03-08T12:15:00+00:00,0.9988984459958505,1
site_e726c7cce5,2026-03-08T12:30:00+00:00,0.9988984459958505,1
site_e726c7cce5,2026-03-08T12:45:00+00:00,0.9988984459958505,1
site_e726c7cce5,2026-03-08T13:00:00+00:00,0.9988984459958505,1
site_e726c7cce5,2026-03-08T13:15:00+00:00,0.9988984459958505,1
site_e726c7cce5,2026-03-08T13:30:00+00:00,0.9988984459958505,1
site_e726c7cce5,2026-03-08T13:45:00+00:00,0.9988984459958505,1
site_e726c7cce5,2026-03-08T14:00:00+00:00,0.9988984459958505,1
site_e726c7cce5,2026-03-08T14:15:00+00:00,0.9988984459958505,1
site_e726c7cce5,2026-03-08T14:30:00+00:00,0.9988984459958505,1
site_e726c7cce5,2026-03-08T14:45:00+00:00,0.9988984459958505,1
site_e726c7cce5,2026-03-08T15:00:00+00:00,0.9955789439211618,1
site_e726c7cce5,2026-03-08T15:15:00+00:00,0.9988984459958505,1
site_e726c7cce5,2026-03-08T15:30:00+00:00,0.9988984459958505,1
site_e726c7cce5,2026-03-08T15:45:00+00:00,0.9988984459958505,1
site_e726c7cce5,2026-03-08T16:00:00+00:00,0.9988984459958505,1
site_e726c7cce5,2026-03-08T16:15:00+00:00,0.9988984459958505,1
site_e726c7cce5,2026-03-08T16:30:00+00:00,0.9955086154873758,1
site_e726c7cce5,2026-03-08T16:45:00+00:00,0.9988984459958505,1
site_e726c7cce5,2026-03-08T17:00:00+00:00,0.9988984459958505,1
site_e726c7cce5,2026-03-08T17:15:00+00:00,0.9988984459958505,1
site_e726c7cce5,2026-03-08T17:30:00+00:00,0.9988984459958505,1
site_e726c7cce5,2026-03-08T17:45:00+00:00,0.9988984459958505,1
site_e726c7cce5,2026-03-08T18:00:00+00:00,0.9988984459958505,1
site_e726c7cce5,2026-03-08T18:15:00+00:00,0.9988984459958505,1
site_e726c7cce5,2026-03-08T18:30:00+00:00,0.9988984459958505,1
site_e726c7cce5,2026-03-08T18:45:00+00:00,0.9988984459958505,1
site_e726c7cce5,2026-03-08T19:00:00+00:00,0.9988984459958505,1
site_e726c7cce5,2026-03-08T19:15:00+00:00,0.9988984459958505,1
site_e726c7cce5,2026-03-08T19:30:00+00:00,0.9988984459958505,1
site_e726c7cce5,2026-03-08T19:45:00+00:00,0.9988984459958505,1
site_e726c7cce5,2026-03-08T20:00:00+00:00,0.9988984459958505,1
site_e726c7cce5,2026-03-08T20:15:00+00:00,0.9988984459958505,1
site_e726c7cce5,2026-03-08T20:30:00+00:00,0.9955371014580354,1
site_e726c7cce5,2026-03-08T20:45:00+00:00,0.9955086154873758,1
site_e726c7cce5,2026-03-08T21:00:00+00:00,0.9988984459958505,1
site_e726c7cce5,2026-03-08T21:15:00+00:00,0.9919720390694433,1
site_e726c7cce5,2026-03-08T21:30:00+00:00,0.9954501701337815,1
site_e726c7cce5,2026-03-08T21:45:00+00:00,0.9919419242567201,1
site_e726c7cce5,2026-03-08T22:00:00+00:00,0.9921187849789014,1
site_e726c7cce5,2026-03-08T22:15:00+00:00,0.9885980168113011,1
site_e726c7cce5,2026-03-08T22:30:00+00:00,0.9920018942717125,1
site_e726c7cce5,2026-03-08T22:45:00+00:00,0.9884636633871547,1
site_e726c7cce5,2026-03-08T23:00:00+00:00,0.9910166725968356,1
site_e726c7cce5,2026-03-08T23:15:00+00:00,0.990608290555436,1
site_e726c7cce5,2026-03-08T23:30:00+00:00,0.9870172578770386,1
site_e726c7cce5,2026-03-08T23:45:00+00:00,0.9870172578770386,1
site_e726c7cce5,2026-03-09T00:00:00+00:00,0.9723791089792758,1
site_e726c7cce5,2026-03-09T00:15:00+00:00,0.9759319388188168,1
site_e726c7cce5,2026-03-09T00:30:00+00:00,0.9835138306112349,1
site_e726c7cce5,2026-03-09T00:45:00+00:00,0.9833644654133262,1
site_e726c7cce5,2026-03-09T01:00:00+00:00,0.9765728646005016,1
site_e726c7cce5,2026-03-09T01:15:00+00:00,0.980798898484538,1
site_e726c7cce5,2026-03-09T01:30:00+00:00,0.9879893550867596,1
site_e726c7cce5,2026-03-09T01:45:00+00:00,0.9811993309516026,1
site_e726c7cce5,2026-03-09T02:00:00+00:00,0.9808804279778325,1
site_e726c7cce5,2026-03-09T02:15:00+00:00,0.984612731710136,1
site_e726c7cce5,2026-03-09T02:30:00+00:00,0.9777530715465111,1
site_e726c7cce5,2026-03-09T02:45:00+00:00,0.9883721302063766,1
site_e726c7cce5,2026-03-09T03:00:00+00:00,0.9848633582765522,1
site_e726c7cce5,2026-03-09T03:15:00+00:00,0.9817310640216015,1
site_e726c7cce5,2026-03-09T03:30:00+00:00,0.9781192252166295,1
site_e726c7cce5,2026-03-09T03:45:00+00:00,0.9812773006214013,1
site_e726c7cce5,2026-03-09T04:00:00+00:00,0.9816570666855057,1
site_e726c7cce5,2026-03-09T04:15:00+00:00,0.9851053425475744,1
site_e726c7cce5,2026-03-09T04:30:00+00:00,0.9852232323206366,1
site_e726c7cce5,2026-03-09T04:45:00+00:00,0.9851645404164511,1
site_e726c7cce5,2026-03-09T05:00:00+00:00,0.9955086154873758,1
site_e726c7cce5,2026-03-09T05:15:00+00:00,0.9955086154873758,1
site_e726c7cce5,2026-03-09T05:30:00+00:00,0.9954796425770471,1
site_e726c7cce5,2026-03-09T05:45:00+00:00,0.9988984459958505,1
site_e726c7cce5,2026-03-09T06:00:00+00:00,0.9955086154873758,1
site_e726c7cce5,2026-03-09T06:15:00+00:00,0.9955789439211618,1
site_e726c7cce5,2026-03-09T06:30:00+00:00,0.9955789439211618,1
site_e726c7cce5,2026-03-09T06:45:00+00:00,0.9923140838559327,1
site_e726c7cce5,2026-03-09T07:00:00+00:00,0.9988984459958505,1
site_e726c7cce5,2026-03-09T07:15:00+00:00,0.9956595795990892,1
site_e726c7cce5,2026-03-09T07:30:00+00:00,0.9988984459958505,1
site_e726c7cce5,2026-03-09T07:45:00+00:00,0.9956197574712604,1
site_e726c7cce5,2026-03-09T08:00:00+00:00,0.9956197574712604,1
site_e726c7cce5,2026-03-09T08:15:00+00:00,0.9956595795990892,1
site_e726c7cce5,2026-03-09T08:30:00+00:00,0.9988984459958505,1
site_e726c7cce5,2026-03-09T08:45:00+00:00,0.9956197574712604,1
site_e726c7cce5,2026-03-09T09:00:00+00:00,0.9956464134755251,1
site_e726c7cce5,2026-03-09T09:15:00+00:00,0.9988984459958505,1
site_e726c7cce5,2026-03-09T09:30:00+00:00,0.9956595795990892,1
site_e726c7cce5,2026-03-09T09:45:00+00:00,0.9956331398734015,1
site_e726c7cce5,2026-03-09T10:00:00+00:00,0.9988984459958505,1
site_e726c7cce5,2026-03-09T10:15:00+00:00,0.9988984459958505,1
site_e726c7cce5,2026-03-09T10:30:00+00:00,0.9988984459958505,1
site_e726c7cce5,2026-03-09T10:45:00+00:00,0.9988984459958505,1
site_e726c7cce5,2026-03-09T11:00:00+00:00,0.9988984459958505,1
site_e726c7cce5,2026-03-09T11:15:00+00:00,0.9988984459958505,1
site_e726c7cce5,2026-03-09T11:30:00+00:00,0.9988984459958505,1
site_e726c7cce5,2026-03-09T11:45:00+00:00,0.9988984459958505,1
site_e726c7cce5,2026-03-09T12:00:00+00:00,0.9988984459958505,1
site_e726c7cce5,2026-03-09T12:15:00+00:00,0.9988984459958505,1
site_e726c7cce5,2026-03-09T12:30:00+00:00,0.9988984459958505,1
site_e726c7cce5,2026-03-09T12:45:00+00:00,0.9988984459958505,1
site_e726c7cce5,2026-03-09T13:00:00+00:00,0.9988984459958505,1
site_e726c7cce5,2026-03-09T13:15:00+00:00,0.9988984459958505,1
site_e726c7cce5,2026-03-09T13:30:00+00:00,0.9988984459958505,1
site_e726c7cce5,2026-03-09T13:45:00+00:00,0.9988984459958505,1
site_e726c7cce5,2026-03-09T14:00:00+00:00,0.9988984459958505,1
site_e726c7cce5,2026-03-09T14:15:00+00:00,0.9988984459958505,1
site_e726c7cce5,2026-03-09T14:30:00+00:00,0.9988984459958505,1
site_e726c7cce5,2026-03-09T14:45:00+00:00,0.9988984459958505,1
site_e726c7cce5,2026-03-09T15:00:00+00:00,0.9955789439211618,1
site_e726c7cce5,2026-03-09T15:15:00+00:00,0.9988984459958505,1
site_e726c7cce5,2026-03-09T15:30:00+00:00,0.9988984459958505,1
site_e726c7cce5,2026-03-09T15:45:00+00:00,0.9988984459958505,1
site_e726c7cce5,2026-03-09T16:00:00+00:00,0.9988984459958505,1
site_e726c7cce5,2026-03-09T16:15:00+00:00,0.9988984459958505,1
site_e726c7cce5,2026-03-09T16:30:00+00:00,0.9955086154873758,1
site_e726c7cce5,2026-03-09T16:45:00+00:00,0.9988984459958505,1
site_e726c7cce5,2026-03-09T17:00:00+00:00,0.9988984459958505,1
site_e726c7cce5,2026-03-09T17:15:00+00:00,0.9988984459958505,1
site_e726c7cce5,2026-03-09T17:30:00+00:00,0.9988984459958505,1
site_e726c7cce5,2026-03-09T17:45:00+00:00,0.9988984459958505,1
site_e726c7cce5,2026-03-09T18:00:00+00:00,0.9988984459958505,1
site_e726c7cce5,2026-03-09T18:15:00+00:00,0.9988984459958505,1
site_e726c7cce5,2026-03-09T18:30:00+00:00,0.9988984459958505,1
site_e726c7cce5,2026-03-09T18:45:00+00:00,0.9988984459958505,1
site_e726c7cce5,2026-03-09T19:00:00+00:00,0.9988984459958505,1
site_e726c7cce5,2026-03-09T19:15:00+00:00,0.9988984459958505,1
site_e726c7cce5,2026-03-09T19:30:00+00:00,0.9988984459958505,1
site_e726c7cce5,2026-03-09T19:45:00+00:00,0.9988984459958505,1
site_e726c7cce5,2026-03-09T20:00:00+00:00,0.9988984459958505,1
site_e726c7cce5,2026-03-09T20:15:00+00:00,0.9988984459958505,1
site_e726c7cce5,2026-03-09T20:30:00+00:00,0.9955371014580354,1
site_e726c7cce5,2026-03-09T20:45:00+00:00,0.9955086154873758,1
site_e726c7cce5,2026-03-09T21:00:00+00:00,0.9988984459958505,1
site_e726c7cce5,2026-03-09T21:15:00+00:00,0.9919720390694433,1
site_e726c7cce5,2026-03-09T21:30:00+00:00,0.9954501701337815,1
site_e726c7cce5,2026-03-09T21:45:00+00:00,0.9919419242567201,1
site_e726c7cce5,2026-03-09T22:00:00+00:00,0.9921187849789014,1
site_e726c7cce5,2026-03-09T22:15:00+00:00,0.9885980168113011,1
site_e726c7cce5,2026-03-09T22:30:00+00:00,0.9920018942717125,1
site_e726c7cce5,2026-03-09T22:45:00+00:00,0.9884636633871547,1
site_e726c7cce5,2026-03-09T23:00:00+00:00,0.9910166725968356,1
site_e726c7cce5,2026-03-09T23:15:00+00:00,0.990608290555436,1
site_e726c7cce5,2026-03-09T23:30:00+00:00,0.9870172578770386,1
site_e726c7cce5,2026-03-09T23:45:00+00:00,0.9870172578770386,1
site_e726c7cce5,2026-03-10T00:00:00+00:00,0.9723791089792758,1
site_e726c7cce5,2026-03-10T00:15:00+00:00,0.9759319388188168,1
site_e726c7cce5,2026-03-10T00:30:00+00:00,0.9835138306112349,1
site_e726c7cce5,2026-03-10T00:45:00+00:00,0.9833644654133262,1
site_e726c7cce5,2026-03-10T01:00:00+00:00,0.9765728646005016,1
site_e726c7cce5,2026-03-10T01:15:00+00:00,0.980798898484538,1
site_e726c7cce5,2026-03-10T01:30:00+00:00,0.9879893550867596,1
site_e726c7cce5,2026-03-10T01:45:00+00:00,0.9811993309516026,1
site_e726c7cce5,2026-03-10T02:00:00+00:00,0.9808804279778325,1
site_e726c7cce5,2026-03-10T02:15:00+00:00,0.984612731710136,1
site_e726c7cce5,2026-03-10T02:30:00+00:00,0.9777530715465111,1
site_e726c7cce5,2026-03-10T02:45:00+00:00,0.9883721302063766,1
site_e726c7cce5,2026-03-10T03:00:00+00:00,0.9848633582765522,1
site_e726c7cce5,2026-03-10T03:15:00+00:00,0.9817310640216015,1
site_e726c7cce5,2026-03-10T03:30:00+00:00,0.9781192252166295,1
site_e726c7cce5,2026-03-10T03:45:00+00:00,0.9812773006214013,1
site_e726c7cce5,2026-03-10T04:00:00+00:00,0.9816570666855057,1
site_e726c7cce5,2026-03-10T04:15:00+00:00,0.9851053425475744,1
site_e726c7cce5,2026-03-10T04:30:00+00:00,0.9852232323206366,1
site_e726c7cce5,2026-03-10T04:45:00+00:00,0.9851645404164511,1
site_e726c7cce5,2026-03-10T05:00:00+00:00,0.9955086154873758,1
site_e726c7cce5,2026-03-10T05:15:00+00:00,0.9955086154873758,1
site_e726c7cce5,2026-03-10T05:30:00+00:00,0.9954796425770471,1
site_e726c7cce5,2026-03-10T05:45:00+00:00,0.9988984459958505,1
site_e726c7cce5,2026-03-10T06:00:00+00:00,0.9955086154873758,1
site_e726c7cce5,2026-03-10T06:15:00+00:00,0.9955789439211618,1
site_e726c7cce5,2026-03-10T06:30:00+00:00,0.9955789439211618,1
site_e726c7cce5,2026-03-10T06:45:00+00:00,0.9923140838559327,1
site_e726c7cce5,2026-03-10T07:00:00+00:00,0.9988984459958505,1
site_e726c7cce5,2026-03-10T07:15:00+00:00,0.9956595795990892,1
site_e726c7cce5,2026-03-10T07:30:00+00:00,0.9988984459958505,1
site_e726c7cce5,2026-03-10T07:45:00+00:00,0.9956197574712604,1
site_e726c7cce5,2026-03-10T08:00:00+00:00,0.9956197574712604,1
site_e726c7cce5,2026-03-10T08:15:00+00:00,0.9956595795990892,1
site_e726c7cce5,2026-03-10T08:30:00+00:00,0.9988984459958505,1
site_e726c7cce5,2026-03-10T08:45:00+00:00,0.9956197574712604,1
site_e726c7cce5,2026-03-10T09:00:00+00:00,0.9956464134755251,1
site_e726c7cce5,2026-03-10T09:15:00+00:00,0.9988984459958505,1
site_e726c7cce5,2026-03-10T09:30:00+00:00,0.9956595795990892,1
site_e726c7cce5,2026-03-10T09:45:00+00:00,0.9956331398734015,1
site_e726c7cce5,2026-03-10T10:00:00+00:00,0.9988984459958505,1
site_e726c7cce5,2026-03-10T10:15:00+00:00,0.9988984459958505,1
site_e726c7cce5,2026-03-10T10:30:00+00:00,0.9988984459958505,1
site_e726c7cce5,2026-03-10T10:45:00+00:00,0.9988984459958505,1
site_e726c7cce5,2026-03-10T11:00:00+00:00,0.9988984459958505,1
site_e726c7cce5,2026-03-10T11:15:00+00:00,0.9988984459958505,1
site_e726c7cce5,2026-03-10T11:30:00+00:00,0.9988984459958505,1
site_e726c7cce5,2026-03-10T11:45:00+00:00,0.9988984459958505,1
site_e726c7cce5,2026-03-10T12:00:00+00:00,0.9988984459958505,1
site_e726c7cce5,2026-03-10T12:15:00+00:00,0.9988984459958505,1
site_e726c7cce5,2026-03-10T12:30:00+00:00,0.9988984459958505,1
site_e726c7cce5,2026-03-10T12:45:00+00:00,0.9988984459958505,1
site_e726c7cce5,2026-03-10T13:00:00+00:00,0.9988984459958505,1
site_e726c7cce5,2026-03-10T13:15:00+00:00,0.9988984459958505,1
site_e726c7cce5,2026-03-10T13:30:00+00:00,0.9988984459958505,1
site_e726c7cce5,2026-03-10T13:45:00+00:00,0.9988984459958505,1
site_e726c7cce5,2026-03-10T14:00:00+00:00,0.9988984459958505,1
site_e726c7cce5,2026-03-10T14:15:00+00:00,0.9988984459958505,1
site_e726c7cce5,2026-03-10T14:30:00+00:00,0.9988984459958505,1
site_e726c7cce5,2026-03-10T14:45:00+00:00,0.9988984459958505,1
site_e726c7cce5,2026-03-10T15:00:00+00:00,0.9955789439211618,1
site_e726c7cce5,2026-03-10T15:15:00+00:00,0.9988984459958505,1
site_e726c7cce5,2026-03-10T15:30:00+00:00,0.9988984459958505,1
site_e726c7cce5,2026-03-10T15:45:00+00:00,0.9988984459958505,1
site_e726c7cce5,2026-03-10T16:00:00+00:00,0.9988984459958505,1
site_e726c7cce5,2026-03-10T16:15:00+00:00,0.9988984459958505,1
site_e726c7cce5,2026-03-10T16:30:00+00:00,0.9955086154873758,1
site_e726c7cce5,2026-03-10T16:45:00+00:00,0.9988984459958505,1
site_e726c7cce5,2026-03-10T17:00:00+00:00,0.9988984459958505,1
site_e726c7cce5,2026-03-10T17:15:00+00:00,0.9988984459958505,1
site_e726c7cce5,2026-03-10T17:30:00+00:00,0.9988984459958505,1
site_e726c7cce5,2026-03-10T17:45:00+00:00,0.9988984459958505,1
site_e726c7cce5,2026-03-10T18:00:00+00:00,0.9988984459958505,1
site_e726c7cce5,2026-03-10T18:15:00+00:00,0.9988984459958505,1
site_e726c7cce5,2026-03-10T18:30:00+00:00,0.9988984459958505,1
site_e726c7cce5,2026-03-10T18:45:00+00:00,0.9988984459958505,1
site_e726c7cce5,2026-03-10T19:00:00+00:00,0.9988984459958505,1
site_e726c7cce5,2026-03-10T19:15:00+00:00,0.9988984459958505,1
site_e726c7cce5,2026-03-10T19:30:00+00:00,0.9988984459958505,1
site_e726c7cce5,2026-03-10T19:45:00+00:00,0.9988984459958505,1
site_e726c7cce5,2026-03-10T20:00:00+00:00,0.9988984459958505,1
site_e726c7cce5,2026-03-10T20:15:00+00:00,0.9988984459958505,1
site_e726c7cce5,2026-03-10T20:30:00+00:00,0.9955371014580354,1
site_e726c7cce5,2026-03-10T20:45:00+00:00,0.9955086154873758,1
site_e726c7cce5,2026-03-10T21:00:00+00:00,0.9988984459958505,1
site_e726c7cce5,2026-03-10T21:15:00+00:00,0.9919720390694433,1
site_e726c7cce5,2026-03-10T21:30:00+00:00,0.9954501701337815,1
site_e726c7cce5,2026-03-10T21:45:00+00:00,0.9919419242567201,1
site_e726c7cce5,2026-03-10T22:00:00+00:00,0.9921187849789014,1
site_e726c7cce5,2026-03-10T22:15:00+00:00,0.9885980168113011,1
site_e726c7cce5,2026-03-10T22:30:00+00:00,0.9920018942717125,1
site_e726c7cce5,2026-03-10T22:45:00+00:00,0.9884636633871547,1
site_e726c7cce5,2026-03-10T23:00:00+00:00,0.9910166725968356,1
site_e726c7cce5,2026-03-10T23:15:00+00:00,0.990608290555436,1
site_e726c7cce5,2026-03-10T23:30:00+00:00,0.9870172578770386,1
site_e726c7cce5,2026-03-10T23:45:00+00:00,0.9870172578770386,1
site_e726c7cce5,2026-03-11T00:00:00+00:00,0.9723791089792758,1
site_e726c7cce5,2026-03-11T00:15:00+00:00,0.9759319388188168,1
site_e726c7cce5,2026-03-11T00:30:00+00:00,0.9835138306112349,1
site_e726c7cce5,2026-03-11T00:45:00+00:00,0.9833644654133262,1
site_e726c7cce5,2026-03-11T01:00:00+00:00,0.9765728646005016,1
site_e726c7cce5,2026-03-11T01:15:00+00:00,0.980798898484538,1
site_e726c7cce5,2026-03-11T01:30:00+00:00,0.9879893550867596,1
site_e726c7cce5,2026-03-11T01:45:00+00:00,0.9811993309516026,1
site_e726c7cce5,2026-03-11T02:00:00+00:00,0.9808804279778325,1
site_e726c7cce5,2026-03-11T02:15:00+00:00,0.984612731710136,1
site_e726c7cce5,2026-03-11T02:30:00+00:00,0.9777530715465111,1
site_e726c7cce5,2026-03-11T02:45:00+00:00,0.9883721302063766,1
site_e726c7cce5,2026-03-11T03:00:00+00:00,0.9848633582765522,1
site_e726c7cce5,2026-03-11T03:15:00+00:00,0.9817310640216015,1
site_e726c7cce5,2026-03-11T03:30:00+00:00,0.9781192252166295,1
site_e726c7cce5,2026-03-11T03:45:00+00:00,0.9812773006214013,1
site_e726c7cce5,2026-03-11T04:00:00+00:00,0.9816570666855057,1
site_e726c7cce5,2026-03-11T04:15:00+00:00,0.9851053425475744,1
site_e726c7cce5,2026-03-11T04:30:00+00:00,0.9852232323206366,1
site_e726c7cce5,2026-03-11T04:45:00+00:00,0.9851645404164511,1
site_e726c7cce5,2026-03-11T05:00:00+00:00,0.9955086154873758,1
site_e726c7cce5,2026-03-11T05:15:00+00:00,0.9955086154873758,1
site_e726c7cce5,2026-03-11T05:30:00+00:00,0.9954796425770471,1
site_e726c7cce5,2026-03-11T05:45:00+00:00,0.9988984459958505,1
site_e726c7cce5,2026-03-11T06:00:00+00:00,0.9955086154873758,1
site_e726c7cce5,2026-03-11T06:15:00+00:00,0.9955789439211618,1
site_e726c7cce5,2026-03-11T06:30:00+00:00,0.9955789439211618,1
site_e726c7cce5,2026-03-11T06:45:00+00:00,0.9923140838559327,1
site_e726c7cce5,2026-03-11T07:00:00+00:00,0.9988984459958505,1
site_e726c7cce5,2026-03-11T07:15:00+00:00,0.9956595795990892,1
site_e726c7cce5,2026-03-11T07:30:00+00:00,0.9988984459958505,1
site_e726c7cce5,2026-03-11T07:45:00+00:00,0.9956197574712604,1
site_e726c7cce5,2026-03-11T08:00:00+00:00,0.9956197574712604,1
site_e726c7cce5,2026-03-11T08:15:00+00:00,0.9956595795990892,1
site_e726c7cce5,2026-03-11T08:30:00+00:00,0.9988984459958505,1
site_e726c7cce5,2026-03-11T08:45:00+00:00,0.9956197574712604,1
site_e726c7cce5,2026-03-11T09:00:00+00:00,0.9956464134755251,1
site_e726c7cce5,2026-03-11T09:15:00+00:00,0.9988984459958505,1
site_e726c7cce5,2026-03-11T09:30:00+00:00,0.9956595795990892,1
site_e726c7cce5,2026-03-11T09:45:00+00:00,0.9956331398734015,1
site_e726c7cce5,2026-03-11T10:00:00+00:00,0.9988984459958505,1
site_e726c7cce5,2026-03-11T10:15:00+00:00,0.9988984459958505,1
site_e726c7cce5,2026-03-11T10:30:00+00:00,0.9988984459958505,1
site_e726c7cce5,2026-03-11T10:45:00+00:00,0.9988984459958505,1
site_e726c7cce5,2026-03-11T11:00:00+00:00,0.9988984459958505,1
site_e726c7cce5,2026-03-11T11:15:00+00:00,0.9988984459958505,1
site_e726c7cce5,2026-03-11T11:30:00+00:00,0.9988984459958505,1
site_e726c7cce5,2026-03-11T11:45:00+00:00,0.9988984459958505,1
site_e726c7cce5,2026-03-11T12:00:00+00:00,0.9988984459958505,1
site_e726c7cce5,2026-03-11T12:15:00+00:00,0.9988984459958505,1
site_e726c7cce5,2026-03-11T12:30:00+00:00,0.9988984459958505,1
site_e726c7cce5,2026-03-11T12:45:00+00:00,0.9988984459958505,1
site_e726c7cce5,2026-03-11T13:00:00+00:00,0.9988984459958505,1
site_e726c7cce5,2026-03-11T13:15:00+00:00,0.9988984459958505,1
site_e726c7cce5,2026-03-11T13:30:00+00:00,0.9988984459958505,1
site_e726c7cce5,2026-03-11T13:45:00+00:00,0.9988984459958505,1
site_e726c7cce5,2026-03-11T14:00:00+00:00,0.9988984459958505,1
site_e726c7cce5,2026-03-11T14:15:00+00:00,0.9988984459958505,1
site_e726c7cce5,2026-03-11T14:30:00+00:00,0.9988984459958505,1
site_e726c7cce5,2026-03-11T14:45:00+00:00,0.9988984459958505,1
site_e726c7cce5,2026-03-11T15:00:00+00:00,0.9955789439211618,1
site_e726c7cce5,2026-03-11T15:15:00+00:00,0.9988984459958505,1
site_e726c7cce5,2026-03-11T15:30:00+00:00,0.9988984459958505,1
site_e726c7cce5,2026-03-11T15:45:00+00:00,0.9988984459958505,1
site_e726c7cce5,2026-03-11T16:00:00+00:00,0.9988984459958505,1
site_e726c7cce5,2026-03-11T16:15:00+00:00,0.9988984459958505,1
site_e726c7cce5,2026-03-11T16:30:00+00:00,0.9955086154873758,1
site_e726c7cce5,2026-03-11T16:45:00+00:00,0.9988984459958505,1
site_e726c7cce5,2026-03-11T17:00:00+00:00,0.9988984459958505,1
site_e726c7cce5,2026-03-11T17:15:00+00:00,0.9988984459958505,1
site_e726c7cce5,2026-03-11T17:30:00+00:00,0.9988984459958505,1
site_e726c7cce5,2026-03-11T17:45:00+00:00,0.9988984459958505,1
site_e726c7cce5,2026-03-11T18:00:00+00:00,0.9988984459958505,1
site_e726c7cce5,2026-03-11T18:15:00+00:00,0.9988984459958505,1
site_e726c7cce5,2026-03-11T18:30:00+00:00,0.9988984459958505,1
site_e726c7cce5,2026-03-11T18:45:00+00:00,0.9988984459958505,1
site_e726c7cce5,2026-03-11T19:00:00+00:00,0.9988984459958505,1
site_e726c7cce5,2026-03-11T19:15:00+00:00,0.9988984459958505,1
site_e726c7cce5,2026-03-11T19:30:00+00:00,0.9988984459958505,1
site_e726c7cce5,2026-03-11T19:45:00+00:00,0.9988984459958505,1
site_e726c7cce5,2026-03-11T20:00:00+00:00,0.9988984459958505,1
site_e726c7cce5,2026-03-11T20:15:00+00:00,0.9988984459958505,1
site_e726c7cce5,2026-03-11T20:30:00+00:00,0.9955371014580354,1
site_e726c7cce5,2026-03-11T20:45:00+00:00,0.9955086154873758,1
site_e726c7cce5,2026-03-11T21:00:00+00:00,0.9988984459958505,1
site_e726c7cce5,2026-03-11T21:15:00+00:00,0.9919720390694433,1
site_e726c7cce5,2026-03-11T21:30:00+00:00,0.9954501701337815,1
site_e726c7cce5,2026-03-11T21:45:00+00:00,0.9919419242567201,1
site_e726c7cce5,2026-03-11T22:00:00+00:00,0.9921187849789014,1
site_e726c7cce5,2026-03-11T22:15:00+00:00,0.9885980168113011,1
site_e726c7cce5,2026-03-11T22:30:00+00:00,0.9920018942717125,1
site_e726c7cce5,2026-03-11T22:45:00+00:00,0.9884636633871547,1
site_e726c7cce5,2026-03-11T23:00:00+00:00,0.9910166725968356,1
site_e726c7cce5,2026-03-11T23:15:00+00:00,0.990608290555436,1
site_e726c7cce5,2026-03-11T23:30:00+00:00,0.9870172578770386,1
site_e726c7cce5,2026-03-11T23:45:00+00:00,0.9870172578770386,1
site_e726c7cce5,2026-03-12T00:00:00+00:00,0.9723791089792758,1
site_e726c7cce5,2026-03-12T00:15:00+00:00,0.9759319388188168,1
site_e726c7cce5,2026-03-12T00:30:00+00:00,0.9835138306112349,1
site_e726c7cce5,2026-03-12T00:45:00+00:00,0.9833644654133262,1
site_e726c7cce5,2026-03-12T01:00:00+00:00,0.9765728646005016,1
site_e726c7cce5,2026-03-12T01:15:00+00:00,0.980798898484538,1
site_e726c7cce5,2026-03-12T01:30:00+00:00,0.9879893550867596,1
site_e726c7cce5,2026-03-12T01:45:00+00:00,0.9811993309516026,1
site_e726c7cce5,2026-03-12T02:00:00+00:00,0.9808804279778325,1
site_e726c7cce5,2026-03-12T02:15:00+00:00,0.984612731710136,1
site_e726c7cce5,2026-03-12T02:30:00+00:00,0.9777530715465111,1
site_e726c7cce5,2026-03-12T02:45:00+00:00,0.9883721302063766,1
site_e726c7cce5,2026-03-12T03:00:00+00:00,0.9848633582765522,1
site_e726c7cce5,2026-03-12T03:15:00+00:00,0.9817310640216015,1
site_e726c7cce5,2026-03-12T03:30:00+00:00,0.9781192252166295,1
site_e726c7cce5,2026-03-12T03:45:00+00:00,0.9812773006214013,1
site_e726c7cce5,2026-03-12T04:00:00+00:00,0.9816570666855057,1
site_e726c7cce5,2026-03-12T04:15:00+00:00,0.9851053425475744,1
site_e726c7cce5,2026-03-12T04:30:00+00:00,0.9852232323206366,1
site_e726c7cce5,2026-03-12T04:45:00+00:00,0.9851645404164511,1
site_e726c7cce5,2026-03-12T05:00:00+00:00,0.9955086154873758,1
site_e726c7cce5,2026-03-12T05:15:00+00:00,0.9955086154873758,1
site_e726c7cce5,2026-03-12T05:30:00+00:00,0.9954796425770471,1
site_e726c7cce5,2026-03-12T05:45:00+00:00,0.9988984459958505,1
site_e726c7cce5,2026-03-12T06:00:00+00:00,0.9955086154873758,1
site_e726c7cce5,2026-03-12T06:15:00+00:00,0.9955789439211618,1
site_e726c7cce5,2026-03-12T06:30:00+00:00,0.9955789439211618,1
site_e726c7cce5,2026-03-12T06:45:00+00:00,0.9923140838559327,1
site_e726c7cce5,2026-03-12T07:00:00+00:00,0.9988984459958505,1
site_e726c7cce5,2026-03-12T07:15:00+00:00,0.9956595795990892,1
site_e726c7cce5,2026-03-12T07:30:00+00:00,0.9988984459958505,1
site_e726c7cce5,2026-03-12T07:45:00+00:00,0.9956197574712604,1
site_e726c7cce5,2026-03-12T08:00:00+00:00,0.9956197574712604,1
site_e726c7cce5,2026-03-12T08:15:00+00:00,0.9956595795990892,1
site_e726c7cce5,2026-03-12T08:30:00+00:00,0.9988984459958505,1
site_e726c7cce5,2026-03-12T08:45:00+00:00,0.9956197574712604,1
site_e726c7cce5,2026-03-12T09:00:00+00:00,0.9956464134755251,1
site_e726c7cce5,2026-03-12T09:15:00+00:00,0.9988984459958505,1
site_e726c7cce5,2026-03-12T09:30:00+00:00,0.9956595795990892,1
site_e726c7cce5,2026-03-12T09:45:00+00:00,0.9956331398734015,1
site_e726c7cce5,2026-03-12T10:00:00+00:00,0.9988984459958505,1
site_e726c7cce5,2026-03-12T10:15:00+00:00,0.9988984459958505,1
site_e726c7cce5,2026-03-12T10:30:00+00:00,0.9988984459958505,1
site_e726c7cce5,2026-03-12T10:45:00+00:00,0.9988984459958505,1
site_e726c7cce5,2026-03-12T11:00:00+00:00,0.9988984459958505,1
site_e726c7cce5,2026-03-12T11:15:00+00:00,0.9988984459958505,1
site_e726c7cce5,2026-03-12T11:30:00+00:00,0.9988984459958505,1
site_e726c7cce5,2026-03-12T11:45:00+00:00,0.9988984459958505,1
site_e726c7cce5,2026-03-12T12:00:00+00:00,0.9988984459958505,1
site_e726c7cce5,2026-03-12T12:15:00+00:00,0.9988984459958505,1
site_e726c7cce5,2026-03-12T12:30:00+00:00,0.9988984459958505,1
site_e726c7cce5,2026-03-12T12:45:00+00:00,0.9988984459958505,1
site_e726c7cce5,2026-03-12T13:00:00+00:00,0.9988984459958505,1
site_e726c7cce5,2026-03-12T13:15:00+00:00,0.9988984459958505,1
site_e726c7cce5,2026-03-12T13:30:00+00:00,0.9988984459958505,1
site_e726c7cce5,2026-03-12T13:45:00+00:00,0.9988984459958505,1
site_e726c7cce5,2026-03-12T14:00:00+00:00,0.9988984459958505,1
site_e726c7cce5,2026-03-12T14:15:00+00:00,0.9988984459958505,1
site_e726c7cce5,2026-03-12T14:30:00+00:00,0.9988984459958505,1
site_e726c7cce5,2026-03-12T14:45:00+00:00,0.9988984459958505,1
site_e726c7cce5,2026-03-12T15:00:00+00:00,0.9955789439211618,1
site_e726c7cce5,2026-03-12T15:15:00+00:00,0.9988984459958505,1
site_e726c7cce5,2026-03-12T15:30:00+00:00,0.9988984459958505,1
site_e726c7cce5,2026-03-12T15:45:00+00:00,0.9988984459958505,1
site_e726c7cce5,2026-03-12T16:00:00+00:00,0.9988984459958505,1
site_e726c7cce5,2026-03-12T16:15:00+00:00,0.9988984459958505,1
site_e726c7cce5,2026-03-12T16:30:00+00:00,0.9955086154873758,1
site_e726c7cce5,2026-03-12T16:45:00+00:00,0.9988984459958505,1
site_e726c7cce5,2026-03-12T17:00:00+00:00,0.9988984459958505,1
site_f5bcf8a88a,2026-02-18T14:15:00+00:00,0.998520182902191,1
site_f5bcf8a88a,2026-02-18T14:30:00+00:00,0.998520182902191,1
site_f5bcf8a88a,2026-02-18T14:45:00+00:00,0.998520182902191,1
site_f5bcf8a88a,2026-02-18T15:00:00+00:00,0.9952006808275022,1
site_f5bcf8a88a,2026-02-18T15:15:00+00:00,0.998520182902191,1
site_f5bcf8a88a,2026-02-18T15:30:00+00:00,0.998520182902191,1
site_f5bcf8a88a,2026-02-18T15:45:00+00:00,0.998520182902191,1
site_f5bcf8a88a,2026-02-18T16:00:00+00:00,0.998520182902191,1
site_f5bcf8a88a,2026-02-18T16:15:00+00:00,0.998520182902191,1
site_f5bcf8a88a,2026-02-18T16:30:00+00:00,0.9951303523937163,1
site_f5bcf8a88a,2026-02-18T16:45:00+00:00,0.998520182902191,1
site_f5bcf8a88a,2026-02-18T17:00:00+00:00,0.998520182902191,1
site_f5bcf8a88a,2026-02-18T17:15:00+00:00,0.998520182902191,1
site_f5bcf8a88a,2026-02-18T17:30:00+00:00,0.998520182902191,1
site_f5bcf8a88a,2026-02-18T17:45:00+00:00,0.998520182902191,1
site_f5bcf8a88a,2026-02-18T18:00:00+00:00,0.998520182902191,1
site_f5bcf8a88a,2026-02-18T18:15:00+00:00,0.998520182902191,1
site_f5bcf8a88a,2026-02-18T18:30:00+00:00,0.998520182902191,1
site_f5bcf8a88a,2026-02-18T18:45:00+00:00,0.998520182902191,1
site_f5bcf8a88a,2026-02-18T19:00:00+00:00,0.998520182902191,1
site_f5bcf8a88a,2026-02-18T20:15:00+00:00,0.998520182902191,1
site_f5bcf8a88a,2026-02-18T20:30:00+00:00,0.9951588383643759,1
site_f5bcf8a88a,2026-02-18T23:15:00+00:00,0.9902300274617766,1
site_f5bcf8a88a,2026-02-19T13:45:00+00:00,0.998520182902191,1
site_f5bcf8a88a,2026-02-19T14:00:00+00:00,0.998520182902191,1
site_f5bcf8a88a,2026-02-19T14:15:00+00:00,0.998520182902191,1
site_f5bcf8a88a,2026-02-19T14:30:00+00:00,0.998520182902191,1
site_f5bcf8a88a,2026-02-19T14:45:00+00:00,0.998520182902191,1
site_f5bcf8a88a,2026-02-19T15:00:00+00:00,0.9952006808275022,1
site_f5bcf8a88a,2026-02-19T15:15:00+00:00,0.998520182902191,1
site_f5bcf8a88a,2026-02-19T15:30:00+00:00,0.998520182902191,1
site_f5bcf8a88a,2026-02-19T15:45:00+00:00,0.998520182902191,1
site_f5bcf8a88a,2026-02-19T16:00:00+00:00,0.998520182902191,1
site_f5bcf8a88a,2026-02-19T16:15:00+00:00,0.998520182902191,1
site_f5bcf8a88a,2026-02-19T16:30:00+00:00,0.9951303523937163,1
site_f5bcf8a88a,2026-02-19T16:45:00+00:00,0.998520182902191,1
site_f5bcf8a88a,2026-02-19T17:00:00+00:00,0.998520182902191,1
site_f5bcf8a88a,2026-02-19T17:15:00+00:00,0.998520182902191,1
site_f5bcf8a88a,2026-02-19T17:30:00+00:00,0.998520182902191,1
site_f5bcf8a88a,2026-02-19T17:45:00+00:00,0.998520182902191,1
site_f5bcf8a88a,2026-02-19T18:00:00+00:00,0.998520182902191,1
site_f5bcf8a88a,2026-02-19T18:15:00+00:00,0.998520182902191,1
site_f5bcf8a88a,2026-02-19T18:30:00+00:00,0.998520182902191,1
site_f5bcf8a88a,2026-02-19T18:45:00+00:00,0.998520182902191,1
site_f5bcf8a88a,2026-02-19T19:00:00+00:00,0.998520182902191,1
site_f5bcf8a88a,2026-02-19T19:15:00+00:00,0.998520182902191,1
site_f5bcf8a88a,2026-02-19T19:30:00+00:00,0.998520182902191,1
site_f5bcf8a88a,2026-02-19T19:45:00+00:00,0.998520182902191,1
site_f5bcf8a88a,2026-02-19T20:00:00+00:00,0.998520182902191,1
site_f5bcf8a88a,2026-02-19T20:15:00+00:00,0.998520182902191,1
site_f5bcf8a88a,2026-02-19T20:30:00+00:00,0.9951588383643759,1
site_f5bcf8a88a,2026-02-19T20:45:00+00:00,0.9951303523937163,1
site_f5bcf8a88a,2026-02-19T21:00:00+00:00,0.998520182902191,1
site_f5bcf8a88a,2026-02-19T21:15:00+00:00,0.9915937759757838,1
site_f5bcf8a88a,2026-02-19T21:30:00+00:00,0.995071907040122,1
site_f5bcf8a88a,2026-02-19T21:45:00+00:00,0.9915636611630607,1
site_f5bcf8a88a,2026-02-19T22:00:00+00:00,0.991740521885242,1
site_f5bcf8a88a,2026-02-19T22:15:00+00:00,0.9882197537176417,1
site_f5bcf8a88a,2026-02-19T22:30:00+00:00,0.991623631178053,1
site_f5bcf8a88a,2026-02-19T22:45:00+00:00,0.9880854002934953,1
site_f5bcf8a88a,2026-02-19T23:00:00+00:00,0.9906384095031762,1
site_f5bcf8a88a,2026-02-19T23:15:00+00:00,0.9902300274617766,1
site_f5bcf8a88a,2026-02-19T23:30:00+00:00,0.9866389947833791,1
site_f5bcf8a88a,2026-02-19T23:45:00+00:00,0.9866389947833791,1
site_f5bcf8a88a,2026-02-20T00:00:00+00:00,0.9720008458856164,1
site_f5bcf8a88a,2026-02-20T00:15:00+00:00,0.9755536757251573,1
site_f5bcf8a88a,2026-02-20T00:30:00+00:00,0.9831355675175754,1
site_f5bcf8a88a,2026-02-20T00:45:00+00:00,0.9829862023196668,1
site_f5bcf8a88a,2026-02-20T01:00:00+00:00,0.9761946015068421,1
site_f5bcf8a88a,2026-02-20T01:15:00+00:00,0.9804206353908785,1
site_f5bcf8a88a,2026-02-20T01:30:00+00:00,0.9876110919931002,1
site_f5bcf8a88a,2026-02-20T01:45:00+00:00,0.9808210678579432,1
site_f5bcf8a88a,2026-02-20T02:00:00+00:00,0.9805021648841731,1
site_f5bcf8a88a,2026-02-20T02:15:00+00:00,0.9842344686164765,1
site_f5bcf8a88a,2026-02-20T02:30:00+00:00,0.9773748084528517,1
site_f5bcf8a88a,2026-02-20T02:45:00+00:00,0.9879938671127171,1
site_f5bcf8a88a,2026-02-20T03:00:00+00:00,0.9844850951828927,1
site_f5bcf8a88a,2026-02-20T03:15:00+00:00,0.981352800927942,1
site_f5bcf8a88a,2026-02-20T03:30:00+00:00,0.9777409621229701,1
site_f5bcf8a88a,2026-02-20T03:45:00+00:00,0.9808990375277418,1
site_f5bcf8a88a,2026-02-20T04:00:00+00:00,0.9812788035918463,1
site_f5bcf8a88a,2026-02-20T04:15:00+00:00,0.9847270794539149,1
site_f5bcf8a88a,2026-02-20T04:30:00+00:00,0.9848449692269771,1
site_f5bcf8a88a,2026-02-20T04:45:00+00:00,0.9847862773227917,1
site_f5bcf8a88a,2026-02-20T05:00:00+00:00,0.9951303523937163,1
site_f5bcf8a88a,2026-02-20T05:15:00+00:00,0.9951303523937163,1
site_f5bcf8a88a,2026-02-20T05:30:00+00:00,0.9951013794833876,1
site_f5bcf8a88a,2026-02-20T05:45:00+00:00,0.998520182902191,1
site_f5bcf8a88a,2026-02-20T06:00:00+00:00,0.9951303523937163,1
site_f5bcf8a88a,2026-02-20T06:15:00+00:00,0.9952006808275022,1
site_f5bcf8a88a,2026-02-20T06:30:00+00:00,0.9952006808275022,1
site_f5bcf8a88a,2026-02-20T06:45:00+00:00,0.9919358207622733,1
site_f5bcf8a88a,2026-02-20T07:00:00+00:00,0.998520182902191,1
site_f5bcf8a88a,2026-02-20T07:15:00+00:00,0.9952813165054298,1
site_f5bcf8a88a,2026-02-20T07:30:00+00:00,0.998520182902191,1
site_f5bcf8a88a,2026-02-20T07:45:00+00:00,0.9952414943776009,1
site_f5bcf8a88a,2026-02-20T08:00:00+00:00,0.9952414943776009,1
site_f5bcf8a88a,2026-02-20T08:15:00+00:00,0.9952813165054298,1
site_f5bcf8a88a,2026-02-20T08:30:00+00:00,0.998520182902191,1
site_f5bcf8a88a,2026-02-20T08:45:00+00:00,0.9952414943776009,1
site_f5bcf8a88a,2026-02-20T09:00:00+00:00,0.9952681503818657,1
site_f5bcf8a88a,2026-02-20T09:15:00+00:00,0.998520182902191,1
site_f5bcf8a88a,2026-02-20T09:30:00+00:00,0.9952813165054298,1
site_f5bcf8a88a,2026-02-20T09:45:00+00:00,0.995254876779742,1
site_f5bcf8a88a,2026-02-20T10:00:00+00:00,0.998520182902191,1
site_f5bcf8a88a,2026-02-20T10:15:00+00:00,0.998520182902191,1
site_f5bcf8a88a,2026-02-20T10:30:00+00:00,0.998520182902191,1
site_f5bcf8a88a,2026-02-20T10:45:00+00:00,0.998520182902191,1
site_f5bcf8a88a,2026-02-20T11:00:00+00:00,0.998520182902191,1
site_f5bcf8a88a,2026-02-20T11:15:00+00:00,0.998520182902191,1
site_f5bcf8a88a,2026-02-20T11:30:00+00:00,0.998520182902191,1
site_f5bcf8a88a,2026-02-20T11:45:00+00:00,0.998520182902191,1
site_f5bcf8a88a,2026-02-20T12:00:00+00:00,0.998520182902191,1
site_f5bcf8a88a,2026-02-20T12:15:00+00:00,0.998520182902191,1
site_f5bcf8a88a,2026-02-20T12:30:00+00:00,0.998520182902191,1
site_f5bcf8a88a,2026-02-20T12:45:00+00:00,0.998520182902191,1
site_f5bcf8a88a,2026-02-20T13:00:00+00:00,0.998520182902191,1
site_f5bcf8a88a,2026-02-20T13:15:00+00:00,0.998520182902191,1
site_f5bcf8a88a,2026-02-20T13:30:00+00:00,0.998520182902191,1
site_f5bcf8a88a,2026-02-20T13:45:00+00:00,0.998520182902191,1
site_f5bcf8a88a,2026-02-20T14:00:00+00:00,0.998520182902191,1
site_f5bcf8a88a,2026-02-20T14:15:00+00:00,0.998520182902191,1
site_f5bcf8a88a,2026-02-20T14:30:00+00:00,0.998520182902191,1
site_f5bcf8a88a,2026-02-20T14:45:00+00:00,0.998520182902191,1
site_f5bcf8a88a,2026-02-20T15:00:00+00:00,0.9952006808275022,1
site_f5bcf8a88a,2026-02-20T15:15:00+00:00,0.998520182902191,1
site_f5bcf8a88a,2026-02-20T15:30:00+00:00,0.998520182902191,1
site_f5bcf8a88a,2026-02-20T15:45:00+00:00,0.998520182902191,1
site_f5bcf8a88a,2026-02-20T16:00:00+00:00,0.998520182902191,1
site_f5bcf8a88a,2026-02-20T16:15:00+00:00,0.998520182902191,1
site_f5bcf8a88a,2026-02-20T16:30:00+00:00,0.9951303523937163,1
site_f5bcf8a88a,2026-02-20T16:45:00+00:00,0.998520182902191,1
site_f5bcf8a88a,2026-02-20T17:00:00+00:00,0.998520182902191,1
site_f5bcf8a88a,2026-02-20T17:15:00+00:00,0.998520182902191,1
site_f5bcf8a88a,2026-02-20T17:30:00+00:00,0.998520182902191,1
site_f5bcf8a88a,2026-02-20T17:45:00+00:00,0.998520182902191,1
site_f5bcf8a88a,2026-02-20T18:00:00+00:00,0.998520182902191,1
site_f5bcf8a88a,2026-02-20T18:15:00+00:00,0.998520182902191,1
site_f5bcf8a88a,2026-02-20T18:30:00+00:00,0.998520182902191,1
site_f5bcf8a88a,2026-02-20T18:45:00+00:00,0.998520182902191,1
site_f5bcf8a88a,2026-02-20T19:00:00+00:00,0.998520182902191,1
site_f5bcf8a88a,2026-02-20T19:15:00+00:00,0.998520182902191,1
site_f5bcf8a88a,2026-02-20T19:30:00+00:00,0.998520182902191,1
site_f5bcf8a88a,2026-02-20T19:45:00+00:00,0.998520182902191,1
site_f5bcf8a88a,2026-02-20T20:00:00+00:00,0.998520182902191,1
site_f5bcf8a88a,2026-02-20T20:15:00+00:00,0.998520182902191,1
site_f5bcf8a88a,2026-02-20T20:30:00+00:00,0.9951588383643759,1
site_f5bcf8a88a,2026-02-20T20:45:00+00:00,0.9951303523937163,1
site_f5bcf8a88a,2026-02-20T21:00:00+00:00,0.998520182902191,1
site_f5bcf8a88a,2026-02-20T21:15:00+00:00,0.9915937759757838,1
site_f5bcf8a88a,2026-02-20T21:30:00+00:00,0.995071907040122,1
site_f5bcf8a88a,2026-02-20T21:45:00+00:00,0.9915636611630607,1
site_f5bcf8a88a,2026-02-20T22:00:00+00:00,0.991740521885242,1
site_f5bcf8a88a,2026-02-20T22:15:00+00:00,0.9882197537176417,1
site_f5bcf8a88a,2026-02-20T22:30:00+00:00,0.991623631178053,1
site_f5bcf8a88a,2026-02-20T22:45:00+00:00,0.9880854002934953,1
site_f5bcf8a88a,2026-02-20T23:00:00+00:00,0.9906384095031762,1
site_f5bcf8a88a,2026-02-20T23:15:00+00:00,0.9902300274617766,1
site_f5bcf8a88a,2026-02-20T23:30:00+00:00,0.9866389947833791,1
site_f5bcf8a88a,2026-02-20T23:45:00+00:00,0.9866389947833791,1
site_f5bcf8a88a,2026-02-21T00:00:00+00:00,0.9720008458856164,1
site_f5bcf8a88a,2026-02-21T00:15:00+00:00,0.9755536757251573,1
site_f5bcf8a88a,2026-02-21T00:30:00+00:00,0.9831355675175754,1
site_f5bcf8a88a,2026-02-21T00:45:00+00:00,0.9829862023196668,1
site_f5bcf8a88a,2026-02-21T01:00:00+00:00,0.9761946015068421,1
site_f5bcf8a88a,2026-02-21T01:15:00+00:00,0.9804206353908785,1
site_f5bcf8a88a,2026-02-21T01:30:00+00:00,0.9876110919931002,1
site_f5bcf8a88a,2026-02-21T01:45:00+00:00,0.9808210678579432,1
site_f5bcf8a88a,2026-02-21T02:00:00+00:00,0.9805021648841731,1
site_f5bcf8a88a,2026-02-21T02:15:00+00:00,0.9842344686164765,1
site_f5bcf8a88a,2026-02-21T02:30:00+00:00,0.9773748084528517,1
site_f5bcf8a88a,2026-02-21T02:45:00+00:00,0.9879938671127171,1
site_f5bcf8a88a,2026-02-21T03:00:00+00:00,0.9844850951828927,1
site_f5bcf8a88a,2026-02-21T03:15:00+00:00,0.981352800927942,1
site_f5bcf8a88a,2026-02-21T03:30:00+00:00,0.9777409621229701,1
site_f5bcf8a88a,2026-02-21T03:45:00+00:00,0.9808990375277418,1
site_f5bcf8a88a,2026-02-21T04:00:00+00:00,0.9812788035918463,1
site_f5bcf8a88a,2026-02-21T04:15:00+00:00,0.9847270794539149,1
site_f5bcf8a88a,2026-02-21T04:30:00+00:00,0.9848449692269771,1
site_f5bcf8a88a,2026-02-21T04:45:00+00:00,0.9847862773227917,1
site_f5bcf8a88a,2026-02-21T05:00:00+00:00,0.9951303523937163,1
site_f5bcf8a88a,2026-02-21T05:15:00+00:00,0.9951303523937163,1
site_f5bcf8a88a,2026-02-21T05:30:00+00:00,0.9951013794833876,1
site_f5bcf8a88a,2026-02-21T05:45:00+00:00,0.998520182902191,1
site_f5bcf8a88a,2026-02-21T06:00:00+00:00,0.9951303523937163,1
site_f5bcf8a88a,2026-02-21T06:15:00+00:00,0.9952006808275022,1
site_f5bcf8a88a,2026-02-21T06:30:00+00:00,0.9952006808275022,1
site_f5bcf8a88a,2026-02-21T06:45:00+00:00,0.9919358207622733,1
site_f5bcf8a88a,2026-02-21T07:00:00+00:00,0.998520182902191,1
site_f5bcf8a88a,2026-02-21T07:15:00+00:00,0.9952813165054298,1
site_f5bcf8a88a,2026-02-21T07:30:00+00:00,0.998520182902191,1
site_f5bcf8a88a,2026-02-21T07:45:00+00:00,0.9952414943776009,1
site_f5bcf8a88a,2026-02-21T08:00:00+00:00,0.9952414943776009,1
site_f5bcf8a88a,2026-02-21T08:15:00+00:00,0.9952813165054298,1
site_f5bcf8a88a,2026-02-21T08:30:00+00:00,0.998520182902191,1
site_f5bcf8a88a,2026-02-21T08:45:00+00:00,0.9952414943776009,1
site_f5bcf8a88a,2026-02-21T09:00:00+00:00,0.9952681503818657,1
site_f5bcf8a88a,2026-02-21T09:15:00+00:00,0.998520182902191,1
site_f5bcf8a88a,2026-02-21T09:30:00+00:00,0.9952813165054298,1
site_f5bcf8a88a,2026-02-21T09:45:00+00:00,0.995254876779742,1
site_f5bcf8a88a,2026-02-21T10:00:00+00:00,0.998520182902191,1
site_f5bcf8a88a,2026-02-21T10:15:00+00:00,0.998520182902191,1
site_f5bcf8a88a,2026-02-21T10:30:00+00:00,0.998520182902191,1
site_f5bcf8a88a,2026-02-21T10:45:00+00:00,0.998520182902191,1
site_f5bcf8a88a,2026-02-21T11:00:00+00:00,0.998520182902191,1
site_f5bcf8a88a,2026-02-21T11:15:00+00:00,0.998520182902191,1
site_f5bcf8a88a,2026-02-21T11:30:00+00:00,0.998520182902191,1
site_f5bcf8a88a,2026-02-21T11:45:00+00:00,0.998520182902191,1
site_f5bcf8a88a,2026-02-21T12:00:00+00:00,0.998520182902191,1
site_f5bcf8a88a,2026-02-21T12:15:00+00:00,0.998520182902191,1
site_f5bcf8a88a,2026-02-21T12:30:00+00:00,0.998520182902191,1
site_f5bcf8a88a,2026-02-21T12:45:00+00:00,0.998520182902191,1
site_f5bcf8a88a,2026-02-21T13:00:00+00:00,0.998520182902191,1
site_f5bcf8a88a,2026-02-21T13:15:00+00:00,0.998520182902191,1
site_f5bcf8a88a,2026-02-21T13:30:00+00:00,0.998520182902191,1
site_f5bcf8a88a,2026-02-21T13:45:00+00:00,0.998520182902191,1
site_f5bcf8a88a,2026-02-21T14:00:00+00:00,0.998520182902191,1
site_f5bcf8a88a,2026-02-21T14:15:00+00:00,0.998520182902191,1
site_f5bcf8a88a,2026-02-21T14:30:00+00:00,0.998520182902191,1
site_f5bcf8a88a,2026-02-21T14:45:00+00:00,0.998520182902191,1
site_f5bcf8a88a,2026-02-21T15:00:00+00:00,0.9952006808275022,1
site_f5bcf8a88a,2026-02-21T15:15:00+00:00,0.998520182902191,1
site_f5bcf8a88a,2026-02-21T15:30:00+00:00,0.998520182902191,1
site_f5bcf8a88a,2026-02-21T15:45:00+00:00,0.998520182902191,1
site_f5bcf8a88a,2026-02-21T16:00:00+00:00,0.998520182902191,1
site_f5bcf8a88a,2026-02-21T16:15:00+00:00,0.998520182902191,1
site_f5bcf8a88a,2026-02-21T16:30:00+00:00,0.9951303523937163,1
site_f5bcf8a88a,2026-02-21T16:45:00+00:00,0.998520182902191,1
site_f5bcf8a88a,2026-02-21T17:00:00+00:00,0.998520182902191,1
site_f5bcf8a88a,2026-02-21T17:15:00+00:00,0.998520182902191,1
site_f5bcf8a88a,2026-02-21T17:30:00+00:00,0.998520182902191,1
site_f5bcf8a88a,2026-02-21T17:45:00+00:00,0.998520182902191,1
site_f5bcf8a88a,2026-02-21T18:00:00+00:00,0.998520182902191,1
site_f5bcf8a88a,2026-02-21T18:15:00+00:00,0.998520182902191,1
site_f5bcf8a88a,2026-02-21T18:30:00+00:00,0.998520182902191,1
site_f5bcf8a88a,2026-02-21T18:45:00+00:00,0.998520182902191,1
site_f5bcf8a88a,2026-02-21T19:00:00+00:00,0.998520182902191,1
site_f5bcf8a88a,2026-02-21T19:15:00+00:00,0.998520182902191,1
site_f5bcf8a88a,2026-02-21T19:30:00+00:00,0.998520182902191,1
site_f5bcf8a88a,2026-02-21T19:45:00+00:00,0.998520182902191,1
site_f5bcf8a88a,2026-02-21T20:00:00+00:00,0.998520182902191,1
site_f5bcf8a88a,2026-02-21T20:15:00+00:00,0.998520182902191,1
site_f5bcf8a88a,2026-02-21T20:30:00+00:00,0.9951588383643759,1
site_f5bcf8a88a,2026-02-21T20:45:00+00:00,0.9951303523937163,1
site_f5bcf8a88a,2026-02-21T21:00:00+00:00,0.998520182902191,1
site_f5bcf8a88a,2026-02-21T21:15:00+00:00,0.9915937759757838,1
site_f5bcf8a88a,2026-02-21T21:30:00+00:00,0.995071907040122,1
site_f5bcf8a88a,2026-02-21T21:45:00+00:00,0.9915636611630607,1
site_f5bcf8a88a,2026-02-21T22:00:00+00:00,0.991740521885242,1
site_f5bcf8a88a,2026-02-21T22:15:00+00:00,0.9882197537176417,1
site_f5bcf8a88a,2026-02-21T22:30:00+00:00,0.991623631178053,1
site_f5bcf8a88a,2026-02-21T22:45:00+00:00,0.9880854002934953,1
site_f5bcf8a88a,2026-02-21T23:00:00+00:00,0.9906384095031762,1
site_f5bcf8a88a,2026-02-21T23:15:00+00:00,0.9902300274617766,1
site_f5bcf8a88a,2026-02-21T23:30:00+00:00,0.9866389947833791,1
site_f5bcf8a88a,2026-02-21T23:45:00+00:00,0.9866389947833791,1
site_f5bcf8a88a,2026-02-22T00:00:00+00:00,0.9720008458856164,1
site_f5bcf8a88a,2026-02-22T00:15:00+00:00,0.9755536757251573,1
site_f5bcf8a88a,2026-02-22T00:30:00+00:00,0.9831355675175754,1
site_f5bcf8a88a,2026-02-22T00:45:00+00:00,0.9829862023196668,1
site_f5bcf8a88a,2026-02-22T01:00:00+00:00,0.9761946015068421,1
site_f5bcf8a88a,2026-02-22T01:15:00+00:00,0.9804206353908785,1
site_f5bcf8a88a,2026-02-22T01:30:00+00:00,0.9876110919931002,1
site_f5bcf8a88a,2026-02-22T01:45:00+00:00,0.9808210678579432,1
site_f5bcf8a88a,2026-02-22T02:00:00+00:00,0.9805021648841731,1
site_f5bcf8a88a,2026-02-22T02:15:00+00:00,0.9842344686164765,1
site_f5bcf8a88a,2026-02-22T02:30:00+00:00,0.9773748084528517,1
site_f5bcf8a88a,2026-02-22T02:45:00+00:00,0.9879938671127171,1
site_f5bcf8a88a,2026-02-22T03:00:00+00:00,0.9844850951828927,1
site_f5bcf8a88a,2026-02-22T03:15:00+00:00,0.981352800927942,1
site_f5bcf8a88a,2026-02-22T03:30:00+00:00,0.9777409621229701,1
site_f5bcf8a88a,2026-02-22T03:45:00+00:00,0.9808990375277418,1
site_f5bcf8a88a,2026-02-22T04:00:00+00:00,0.9812788035918463,1
site_f5bcf8a88a,2026-02-22T04:15:00+00:00,0.9847270794539149,1
site_f5bcf8a88a,2026-02-22T04:30:00+00:00,0.9848449692269771,1
site_f5bcf8a88a,2026-02-22T04:45:00+00:00,0.9847862773227917,1
site_f5bcf8a88a,2026-02-22T05:00:00+00:00,0.9951303523937163,1
site_f5bcf8a88a,2026-02-22T05:15:00+00:00,0.9951303523937163,1
site_f5bcf8a88a,2026-02-22T05:30:00+00:00,0.9951013794833876,1
site_f5bcf8a88a,2026-02-22T05:45:00+00:00,0.998520182902191,1
site_f5bcf8a88a,2026-02-22T06:00:00+00:00,0.9951303523937163,1
site_f5bcf8a88a,2026-02-22T06:15:00+00:00,0.9952006808275022,1
site_f5bcf8a88a,2026-02-22T06:30:00+00:00,0.9952006808275022,1
site_f5bcf8a88a,2026-02-22T06:45:00+00:00,0.9919358207622733,1
site_f5bcf8a88a,2026-02-22T07:00:00+00:00,0.998520182902191,1
site_f5bcf8a88a,2026-02-22T07:15:00+00:00,0.9952813165054298,1
site_f5bcf8a88a,2026-02-22T07:30:00+00:00,0.998520182902191,1
site_f5bcf8a88a,2026-02-22T07:45:00+00:00,0.9952414943776009,1
site_f5bcf8a88a,2026-02-22T08:00:00+00:00,0.9952414943776009,1
site_f5bcf8a88a,2026-02-22T08:15:00+00:00,0.9952813165054298,1
site_f5bcf8a88a,2026-02-22T08:30:00+00:00,0.998520182902191,1
site_f5bcf8a88a,2026-02-22T08:45:00+00:00,0.9952414943776009,1
site_f5bcf8a88a,2026-02-22T09:00:00+00:00,0.9952681503818657,1
site_f5bcf8a88a,2026-02-22T09:15:00+00:00,0.998520182902191,1
site_f5bcf8a88a,2026-02-22T09:30:00+00:00,0.9952813165054298,1
site_f5bcf8a88a,2026-02-23T06:45:00+00:00,0.9919358207622733,1
site_f5bcf8a88a,2026-02-23T07:00:00+00:00,0.998520182902191,1
site_f5bcf8a88a,2026-02-23T07:15:00+00:00,0.9952813165054298,1
site_f5bcf8a88a,2026-02-23T07:30:00+00:00,0.998520182902191,1
site_f5bcf8a88a,2026-02-23T07:45:00+00:00,0.9952414943776009,1
site_f5bcf8a88a,2026-02-23T08:00:00+00:00,0.9952414943776009,1
site_f5bcf8a88a,2026-02-23T08:15:00+00:00,0.9952813165054298,1
site_f5bcf8a88a,2026-02-23T08:30:00+00:00,0.998520182902191,1
site_f5bcf8a88a,2026-02-23T08:45:00+00:00,0.9952414943776009,1
site_f5bcf8a88a,2026-02-23T09:00:00+00:00,0.9952681503818657,1
site_f5bcf8a88a,2026-02-23T09:15:00+00:00,0.998520182902191,1
site_f5bcf8a88a,2026-02-23T09:30:00+00:00,0.9952813165054298,1
site_f5bcf8a88a,2026-02-23T09:45:00+00:00,0.995254876779742,1
site_f5bcf8a88a,2026-02-23T10:00:00+00:00,0.998520182902191,1
site_f5bcf8a88a,2026-02-23T10:15:00+00:00,0.998520182902191,1
site_f5bcf8a88a,2026-02-23T10:30:00+00:00,0.998520182902191,1
site_f5bcf8a88a,2026-02-23T10:45:00+00:00,0.998520182902191,1
site_f5bcf8a88a,2026-02-23T11:00:00+00:00,0.998520182902191,1
site_f5bcf8a88a,2026-02-23T11:15:00+00:00,0.998520182902191,1
site_f5bcf8a88a,2026-02-23T12:15:00+00:00,0.998520182902191,1
site_f5bcf8a88a,2026-02-23T12:30:00+00:00,0.998520182902191,1
site_f5bcf8a88a,2026-02-23T12:45:00+00:00,0.998520182902191,1
site_f5bcf8a88a,2026-02-23T13:00:00+00:00,0.998520182902191,1
site_f5bcf8a88a,2026-02-23T13:15:00+00:00,0.998520182902191,1
site_f5bcf8a88a,2026-02-23T13:30:00+00:00,0.998520182902191,1
site_f5bcf8a88a,2026-02-23T13:45:00+00:00,0.998520182902191,1
site_f5bcf8a88a,2026-02-23T14:00:00+00:00,0.998520182902191,1
site_f5bcf8a88a,2026-02-23T14:15:00+00:00,0.998520182902191,1
site_f5bcf8a88a,2026-02-23T14:30:00+00:00,0.998520182902191,1
site_f5bcf8a88a,2026-02-23T14:45:00+00:00,0.998520182902191,1
site_f5bcf8a88a,2026-02-23T15:00:00+00:00,0.9952006808275022,1
site_f5bcf8a88a,2026-02-23T15:15:00+00:00,0.998520182902191,1
site_f5bcf8a88a,2026-02-23T15:30:00+00:00,0.998520182902191,1
site_f5bcf8a88a,2026-02-23T15:45:00+00:00,0.998520182902191,1
site_f5bcf8a88a,2026-02-23T16:00:00+00:00,0.998520182902191,1
site_f5bcf8a88a,2026-02-23T16:15:00+00:00,0.998520182902191,1
site_f5bcf8a88a,2026-02-23T16:30:00+00:00,0.9951303523937163,1
site_f5bcf8a88a,2026-02-23T16:45:00+00:00,0.998520182902191,1
site_f5bcf8a88a,2026-02-23T17:00:00+00:00,0.998520182902191,1
site_f5bcf8a88a,2026-02-23T17:15:00+00:00,0.998520182902191,1
site_f5bcf8a88a,2026-02-23T17:30:00+00:00,0.998520182902191,1
site_f5bcf8a88a,2026-02-23T17:45:00+00:00,0.998520182902191,1
site_f5bcf8a88a,2026-02-23T18:00:00+00:00,0.998520182902191,1
site_f5bcf8a88a,2026-02-23T18:15:00+00:00,0.998520182902191,1
site_f5bcf8a88a,2026-02-23T18:30:00+00:00,0.998520182902191,1
site_f5bcf8a88a,2026-02-23T18:45:00+00:00,0.998520182902191,1
site_f5bcf8a88a,2026-02-23T19:00:00+00:00,0.998520182902191,1
site_f5bcf8a88a,2026-02-23T19:15:00+00:00,0.998520182902191,1
site_f5bcf8a88a,2026-02-23T19:30:00+00:00,0.998520182902191,1
site_f5bcf8a88a,2026-02-23T19:45:00+00:00,0.998520182902191,1
site_f5bcf8a88a,2026-02-23T20:00:00+00:00,0.998520182902191,1
site_f5bcf8a88a,2026-02-23T20:15:00+00:00,0.998520182902191,1
site_f5bcf8a88a,2026-02-23T20:30:00+00:00,0.9951588383643759,1
site_f5bcf8a88a,2026-02-23T20:45:00+00:00,0.9951303523937163,1
site_f5bcf8a88a,2026-02-23T21:00:00+00:00,0.998520182902191,1
site_f5bcf8a88a,2026-02-23T21:15:00+00:00,0.9915937759757838,1
site_f5bcf8a88a,2026-02-23T21:30:00+00:00,0.995071907040122,1
site_f5bcf8a88a,2026-02-23T21:45:00+00:00,0.9915636611630607,1
site_f5bcf8a88a,2026-02-23T22:00:00+00:00,0.991740521885242,1
site_f5bcf8a88a,2026-02-23T22:15:00+00:00,0.9882197537176417,1
site_f5bcf8a88a,2026-02-23T22:30:00+00:00,0.991623631178053,1
site_f5bcf8a88a,2026-02-23T22:45:00+00:00,0.9880854002934953,1
site_f5bcf8a88a,2026-02-23T23:00:00+00:00,0.9906384095031762,1
site_f5bcf8a88a,2026-02-23T23:15:00+00:00,0.9902300274617766,1
site_f5bcf8a88a,2026-02-23T23:30:00+00:00,0.9866389947833791,1
site_f5bcf8a88a,2026-02-23T23:45:00+00:00,0.9866389947833791,1
site_f5bcf8a88a,2026-02-24T00:00:00+00:00,0.9720008458856164,1
site_f5bcf8a88a,2026-02-24T00:15:00+00:00,0.9755536757251573,1
site_f5bcf8a88a,2026-02-24T00:30:00+00:00,0.9831355675175754,1
site_f5bcf8a88a,2026-02-24T00:45:00+00:00,0.9829862023196668,1
site_f5bcf8a88a,2026-02-24T01:00:00+00:00,0.9761946015068421,1
site_f5bcf8a88a,2026-02-24T01:15:00+00:00,0.9804206353908785,1
site_f5bcf8a88a,2026-02-24T01:30:00+00:00,0.9876110919931002,1
site_f5bcf8a88a,2026-02-24T01:45:00+00:00,0.9808210678579432,1
site_f5bcf8a88a,2026-02-24T02:00:00+00:00,0.9805021648841731,1
site_f5bcf8a88a,2026-02-24T02:15:00+00:00,0.9842344686164765,1
site_f5bcf8a88a,2026-02-24T02:30:00+00:00,0.9773748084528517,1
site_f5bcf8a88a,2026-02-24T02:45:00+00:00,0.9879938671127171,1
site_f5bcf8a88a,2026-02-24T03:00:00+00:00,0.9844850951828927,1
site_f5bcf8a88a,2026-02-24T03:15:00+00:00,0.981352800927942,1
site_f5bcf8a88a,2026-02-24T03:30:00+00:00,0.9777409621229701,1
site_f5bcf8a88a,2026-02-24T03:45:00+00:00,0.9808990375277418,1
site_f5bcf8a88a,2026-02-24T04:00:00+00:00,0.9812788035918463,1
site_f5bcf8a88a,2026-02-24T04:15:00+00:00,0.9847270794539149,1
site_f5bcf8a88a,2026-02-24T04:30:00+00:00,0.9848449692269771,1
site_f5bcf8a88a,2026-02-24T04:45:00+00:00,0.9847862773227917,1
site_f5bcf8a88a,2026-02-24T05:00:00+00:00,0.9951303523937163,1
site_f5bcf8a88a,2026-02-24T05:15:00+00:00,0.9951303523937163,1
site_f5bcf8a88a,2026-02-24T05:30:00+00:00,0.9951013794833876,1
site_f5bcf8a88a,2026-02-24T05:45:00+00:00,0.998520182902191,1
site_f5bcf8a88a,2026-02-24T06:00:00+00:00,0.9951303523937163,1
site_f5bcf8a88a,2026-02-24T06:15:00+00:00,0.9952006808275022,1
site_f5bcf8a88a,2026-02-24T06:30:00+00:00,0.9952006808275022,1
site_f5bcf8a88a,2026-02-24T06:45:00+00:00,0.9919358207622733,1
site_f5bcf8a88a,2026-02-24T07:00:00+00:00,0.998520182902191,1
site_f5bcf8a88a,2026-02-24T07:15:00+00:00,0.9952813165054298,1
site_f5bcf8a88a,2026-02-24T07:30:00+00:00,0.998520182902191,1
site_f5bcf8a88a,2026-02-24T07:45:00+00:00,0.9952414943776009,1
site_f5bcf8a88a,2026-02-24T08:00:00+00:00,0.9952414943776009,1
site_f5bcf8a88a,2026-02-24T08:15:00+00:00,0.9952813165054298,1
site_f5bcf8a88a,2026-02-24T08:30:00+00:00,0.998520182902191,1
site_f5bcf8a88a,2026-02-24T08:45:00+00:00,0.9952414943776009,1
site_f5bcf8a88a,2026-02-24T09:00:00+00:00,0.9952681503818657,1
site_f5bcf8a88a,2026-02-24T09:15:00+00:00,0.998520182902191,1
site_f5bcf8a88a,2026-02-24T09:30:00+00:00,0.9952813165054298,1
site_f5bcf8a88a,2026-02-24T09:45:00+00:00,0.995254876779742,1
site_f5bcf8a88a,2026-02-24T10:00:00+00:00,0.998520182902191,1
site_f5bcf8a88a,2026-02-24T10:15:00+00:00,0.998520182902191,1
site_f5bcf8a88a,2026-02-24T10:30:00+00:00,0.998520182902191,1
site_f5bcf8a88a,2026-02-24T10:45:00+00:00,0.998520182902191,1
site_f5bcf8a88a,2026-02-24T11:00:00+00:00,0.998520182902191,1
site_f5bcf8a88a,2026-02-24T11:15:00+00:00,0.998520182902191,1
site_f5bcf8a88a,2026-02-24T11:30:00+00:00,0.998520182902191,1
site_f5bcf8a88a,2026-02-24T11:45:00+00:00,0.998520182902191,1
site_f5bcf8a88a,2026-02-24T12:00:00+00:00,0.998520182902191,1
site_f5bcf8a88a,2026-02-24T12:15:00+00:00,0.998520182902191,1
site_f5bcf8a88a,2026-02-24T12:30:00+00:00,0.998520182902191,1
site_f5bcf8a88a,2026-02-24T12:45:00+00:00,0.998520182902191,1
site_f5bcf8a88a,2026-02-24T13:00:00+00:00,0.998520182902191,1
site_f5bcf8a88a,2026-02-24T13:15:00+00:00,0.998520182902191,1
site_f5bcf8a88a,2026-02-24T13:30:00+00:00,0.998520182902191,1
site_f5bcf8a88a,2026-02-24T13:45:00+00:00,0.998520182902191,1
site_f5bcf8a88a,2026-02-24T14:00:00+00:00,0.998520182902191,1
site_f5bcf8a88a,2026-02-24T14:15:00+00:00,0.998520182902191,1
site_f5bcf8a88a,2026-02-24T14:30:00+00:00,0.998520182902191,1
site_f5bcf8a88a,2026-02-24T14:45:00+00:00,0.998520182902191,1
site_f5bcf8a88a,2026-02-24T15:00:00+00:00,0.9952006808275022,1
site_f5bcf8a88a,2026-02-24T15:15:00+00:00,0.998520182902191,1
site_f5bcf8a88a,2026-02-24T15:30:00+00:00,0.998520182902191,1
site_f5bcf8a88a,2026-02-24T15:45:00+00:00,0.998520182902191,1
site_f5bcf8a88a,2026-02-24T16:00:00+00:00,0.998520182902191,1
site_f5bcf8a88a,2026-02-24T16:15:00+00:00,0.998520182902191,1
site_f5bcf8a88a,2026-02-24T16:30:00+00:00,0.9951303523937163,1
site_f5bcf8a88a,2026-02-24T16:45:00+00:00,0.998520182902191,1
site_f5bcf8a88a,2026-02-24T17:00:00+00:00,0.998520182902191,1
site_f5bcf8a88a,2026-02-24T17:15:00+00:00,0.998520182902191,1
site_f5bcf8a88a,2026-02-24T17:30:00+00:00,0.998520182902191,1
site_f5bcf8a88a,2026-02-24T17:45:00+00:00,0.998520182902191,1
site_f5bcf8a88a,2026-02-24T18:00:00+00:00,0.998520182902191,1
site_f5bcf8a88a,2026-02-24T18:15:00+00:00,0.998520182902191,1
site_f5bcf8a88a,2026-02-24T18:30:00+00:00,0.998520182902191,1
site_f5bcf8a88a,2026-02-24T18:45:00+00:00,0.998520182902191,1
site_f5bcf8a88a,2026-02-24T19:00:00+00:00,0.998520182902191,1
site_f5bcf8a88a,2026-02-24T19:15:00+00:00,0.998520182902191,1
site_f5bcf8a88a,2026-02-24T19:30:00+00:00,0.998520182902191,1
site_f5bcf8a88a,2026-02-24T19:45:00+00:00,0.998520182902191,1
site_f5bcf8a88a,2026-02-24T20:00:00+00:00,0.998520182902191,1
site_f5bcf8a88a,2026-02-24T20:15:00+00:00,0.998520182902191,1
site_f5bcf8a88a,2026-02-24T20:30:00+00:00,0.9951588383643759,1
site_f5bcf8a88a,2026-02-24T20:45:00+00:00,0.9951303523937163,1
site_f5bcf8a88a,2026-02-24T21:00:00+00:00,0.998520182902191,1
site_f5bcf8a88a,2026-02-24T21:15:00+00:00,0.9915937759757838,1
site_f5bcf8a88a,2026-02-24T21:30:00+00:00,0.995071907040122,1
site_f5bcf8a88a,2026-02-24T21:45:00+00:00,0.9915636611630607,1
site_f5bcf8a88a,2026-02-24T22:00:00+00:00,0.991740521885242,1
site_f5bcf8a88a,2026-02-24T22:15:00+00:00,0.9882197537176417,1
site_f5bcf8a88a,2026-02-24T22:30:00+00:00,0.991623631178053,1
site_f5bcf8a88a,2026-02-24T22:45:00+00:00,0.9880854002934953,1
site_f5bcf8a88a,2026-02-24T23:00:00+00:00,0.9906384095031762,1
site_f5bcf8a88a,2026-02-24T23:15:00+00:00,0.9902300274617766,1
site_f5bcf8a88a,2026-02-24T23:30:00+00:00,0.9866389947833791,1
site_f5bcf8a88a,2026-02-24T23:45:00+00:00,0.9866389947833791,1
site_f5bcf8a88a,2026-02-25T00:00:00+00:00,0.9720008458856164,1
site_f5bcf8a88a,2026-02-25T00:15:00+00:00,0.9755536757251573,1
site_f5bcf8a88a,2026-02-25T00:30:00+00:00,0.9831355675175754,1
site_f5bcf8a88a,2026-02-25T00:45:00+00:00,0.9829862023196668,1
site_f5bcf8a88a,2026-02-25T01:00:00+00:00,0.9761946015068421,1
site_f5bcf8a88a,2026-02-25T01:15:00+00:00,0.9804206353908785,1
site_f5bcf8a88a,2026-02-25T01:30:00+00:00,0.9876110919931002,1
site_f5bcf8a88a,2026-02-25T01:45:00+00:00,0.9808210678579432,1
site_f5bcf8a88a,2026-02-25T02:00:00+00:00,0.9805021648841731,1
site_f5bcf8a88a,2026-02-25T02:15:00+00:00,0.9842344686164765,1
site_f5bcf8a88a,2026-02-25T02:30:00+00:00,0.9773748084528517,1
site_f5bcf8a88a,2026-02-25T02:45:00+00:00,0.9879938671127171,1
site_f5bcf8a88a,2026-02-25T03:00:00+00:00,0.9844850951828927,1
site_f5bcf8a88a,2026-02-25T03:15:00+00:00,0.981352800927942,1
site_f5bcf8a88a,2026-02-25T03:30:00+00:00,0.9777409621229701,1
site_f5bcf8a88a,2026-02-25T03:45:00+00:00,0.9808990375277418,1
site_f5bcf8a88a,2026-02-25T04:00:00+00:00,0.9812788035918463,1
site_f5bcf8a88a,2026-02-25T04:15:00+00:00,0.9847270794539149,1
site_f5bcf8a88a,2026-02-25T04:30:00+00:00,0.9848449692269771,1
site_f5bcf8a88a,2026-02-25T04:45:00+00:00,0.9847862773227917,1
site_f5bcf8a88a,2026-02-25T05:00:00+00:00,0.9951303523937163,1
site_f5bcf8a88a,2026-02-25T05:15:00+00:00,0.9951303523937163,1
site_f5bcf8a88a,2026-02-25T05:30:00+00:00,0.9951013794833876,1
site_f5bcf8a88a,2026-02-25T05:45:00+00:00,0.998520182902191,1
site_f5bcf8a88a,2026-02-25T06:00:00+00:00,0.9951303523937163,1
site_f5bcf8a88a,2026-02-25T06:15:00+00:00,0.9952006808275022,1
site_f5bcf8a88a,2026-02-25T06:30:00+00:00,0.9952006808275022,1
site_f5bcf8a88a,2026-02-25T06:45:00+00:00,0.9919358207622733,1
site_f5bcf8a88a,2026-02-25T07:00:00+00:00,0.998520182902191,1
site_f5bcf8a88a,2026-02-25T07:15:00+00:00,0.9952813165054298,1
site_f5bcf8a88a,2026-02-25T07:30:00+00:00,0.998520182902191,1
site_f5bcf8a88a,2026-02-25T07:45:00+00:00,0.9952414943776009,1
site_f5bcf8a88a,2026-02-25T08:00:00+00:00,0.9952414943776009,1
site_f5bcf8a88a,2026-02-25T08:15:00+00:00,0.9952813165054298,1
site_f5bcf8a88a,2026-02-25T08:30:00+00:00,0.998520182902191,1
site_f5bcf8a88a,2026-02-25T08:45:00+00:00,0.9952414943776009,1
site_f5bcf8a88a,2026-02-25T09:00:00+00:00,0.9952681503818657,1
site_f5bcf8a88a,2026-02-25T09:15:00+00:00,0.998520182902191,1
site_f5bcf8a88a,2026-02-25T09:30:00+00:00,0.9952813165054298,1
site_f5bcf8a88a,2026-02-25T09:45:00+00:00,0.995254876779742,1
site_f5bcf8a88a,2026-02-25T10:00:00+00:00,0.998520182902191,1
site_f5bcf8a88a,2026-02-25T10:15:00+00:00,0.998520182902191,1
site_f5bcf8a88a,2026-02-25T10:30:00+00:00,0.998520182902191,1
site_f5bcf8a88a,2026-02-25T10:45:00+00:00,0.998520182902191,1
site_f5bcf8a88a,2026-02-25T11:00:00+00:00,0.998520182902191,1
site_f5bcf8a88a,2026-02-25T11:15:00+00:00,0.998520182902191,1
site_f5bcf8a88a,2026-02-25T11:30:00+00:00,0.998520182902191,1
site_f5bcf8a88a,2026-02-25T11:45:00+00:00,0.998520182902191,1
site_f5bcf8a88a,2026-02-25T12:00:00+00:00,0.998520182902191,1
site_f5bcf8a88a,2026-02-25T12:15:00+00:00,0.998520182902191,1
site_f5bcf8a88a,2026-02-25T12:30:00+00:00,0.998520182902191,1
site_f5bcf8a88a,2026-02-25T12:45:00+00:00,0.998520182902191,1
site_f5bcf8a88a,2026-02-25T13:00:00+00:00,0.998520182902191,1
site_f5bcf8a88a,2026-02-25T13:15:00+00:00,0.998520182902191,1
site_f5bcf8a88a,2026-02-25T13:30:00+00:00,0.998520182902191,1
site_f5bcf8a88a,2026-02-25T13:45:00+00:00,0.998520182902191,1
site_f5bcf8a88a,2026-02-25T14:00:00+00:00,0.998520182902191,1
site_f5bcf8a88a,2026-02-25T14:15:00+00:00,0.998520182902191,1
site_f5bcf8a88a,2026-02-25T14:30:00+00:00,0.998520182902191,1
site_f5bcf8a88a,2026-02-25T14:45:00+00:00,0.998520182902191,1
site_f5bcf8a88a,2026-02-25T15:00:00+00:00,0.9952006808275022,1
site_f5bcf8a88a,2026-02-25T15:15:00+00:00,0.998520182902191,1
site_f5bcf8a88a,2026-02-25T15:30:00+00:00,0.998520182902191,1
site_f5bcf8a88a,2026-02-25T15:45:00+00:00,0.998520182902191,1
site_f5bcf8a88a,2026-02-25T16:00:00+00:00,0.998520182902191,1
site_f5bcf8a88a,2026-02-25T16:15:00+00:00,0.998520182902191,1
site_f5bcf8a88a,2026-02-25T16:30:00+00:00,0.9951303523937163,1
site_f5bcf8a88a,2026-02-25T16:45:00+00:00,0.998520182902191,1
site_f5bcf8a88a,2026-02-25T17:00:00+00:00,0.998520182902191,1
site_f5bcf8a88a,2026-02-25T17:15:00+00:00,0.998520182902191,1
site_f5bcf8a88a,2026-02-25T17:30:00+00:00,0.998520182902191,1
site_f5bcf8a88a,2026-02-25T17:45:00+00:00,0.998520182902191,1
site_f5bcf8a88a,2026-02-25T18:00:00+00:00,0.998520182902191,1
site_f5bcf8a88a,2026-02-25T18:15:00+00:00,0.998520182902191,1
site_f5bcf8a88a,2026-02-25T18:30:00+00:00,0.998520182902191,1
site_f5bcf8a88a,2026-02-25T18:45:00+00:00,0.998520182902191,1
site_f5bcf8a88a,2026-02-25T19:00:00+00:00,0.998520182902191,1
site_f5bcf8a88a,2026-02-25T19:15:00+00:00,0.998520182902191,1
site_f5bcf8a88a,2026-02-25T19:30:00+00:00,0.998520182902191,1
site_f5bcf8a88a,2026-02-25T19:45:00+00:00,0.998520182902191,1
site_f5bcf8a88a,2026-02-25T20:00:00+00:00,0.998520182902191,1
site_f5bcf8a88a,2026-02-25T20:15:00+00:00,0.998520182902191,1
site_f5bcf8a88a,2026-02-25T20:30:00+00:00,0.9951588383643759,1
site_f5bcf8a88a,2026-02-25T20:45:00+00:00,0.9951303523937163,1
site_f5bcf8a88a,2026-02-25T21:00:00+00:00,0.998520182902191,1
site_f5bcf8a88a,2026-02-25T21:15:00+00:00,0.9915937759757838,1
site_f5bcf8a88a,2026-02-25T21:30:00+00:00,0.995071907040122,1
site_f5bcf8a88a,2026-02-25T21:45:00+00:00,0.9915636611630607,1
site_f5bcf8a88a,2026-02-25T22:00:00+00:00,0.991740521885242,1
site_f5bcf8a88a,2026-02-25T22:15:00+00:00,0.9882197537176417,1
site_f5bcf8a88a,2026-02-25T22:30:00+00:00,0.991623631178053,1
site_f5bcf8a88a,2026-02-25T22:45:00+00:00,0.9880854002934953,1
site_f5bcf8a88a,2026-02-25T23:00:00+00:00,0.9906384095031762,1
site_f5bcf8a88a,2026-02-25T23:15:00+00:00,0.9902300274617766,1
site_f5bcf8a88a,2026-02-25T23:30:00+00:00,0.9866389947833791,1
site_f5bcf8a88a,2026-02-25T23:45:00+00:00,0.9866389947833791,1
site_f5bcf8a88a,2026-02-26T00:00:00+00:00,0.9720008458856164,1
site_f5bcf8a88a,2026-02-26T00:15:00+00:00,0.9755536757251573,1
site_f5bcf8a88a,2026-02-26T00:30:00+00:00,0.9831355675175754,1
site_f5bcf8a88a,2026-02-26T00:45:00+00:00,0.9829862023196668,1
site_f5bcf8a88a,2026-02-26T01:00:00+00:00,0.9761946015068421,1
site_f5bcf8a88a,2026-02-26T01:15:00+00:00,0.9804206353908785,1
site_f5bcf8a88a,2026-02-26T01:30:00+00:00,0.9876110919931002,1
site_f5bcf8a88a,2026-02-26T01:45:00+00:00,0.9808210678579432,1
site_f5bcf8a88a,2026-02-26T02:00:00+00:00,0.9805021648841731,1
site_f5bcf8a88a,2026-02-26T02:15:00+00:00,0.9842344686164765,1
site_f5bcf8a88a,2026-02-26T02:30:00+00:00,0.9773748084528517,1
site_f5bcf8a88a,2026-02-26T02:45:00+00:00,0.9879938671127171,1
site_f5bcf8a88a,2026-02-26T03:00:00+00:00,0.9844850951828927,1
site_f5bcf8a88a,2026-02-26T03:15:00+00:00,0.981352800927942,1
site_f5bcf8a88a,2026-02-26T03:30:00+00:00,0.9777409621229701,1
site_f5bcf8a88a,2026-02-26T03:45:00+00:00,0.9808990375277418,1
site_f5bcf8a88a,2026-02-26T04:00:00+00:00,0.9812788035918463,1
site_f5bcf8a88a,2026-02-26T04:15:00+00:00,0.9847270794539149,1
site_f5bcf8a88a,2026-02-26T04:30:00+00:00,0.9848449692269771,1
site_f5bcf8a88a,2026-02-26T04:45:00+00:00,0.9847862773227917,1
site_f5bcf8a88a,2026-02-26T05:00:00+00:00,0.9951303523937163,1
site_f5bcf8a88a,2026-02-26T05:15:00+00:00,0.9951303523937163,1
site_f5bcf8a88a,2026-02-26T05:30:00+00:00,0.9951013794833876,1
site_f5bcf8a88a,2026-02-26T05:45:00+00:00,0.998520182902191,1
site_f5bcf8a88a,2026-02-26T06:00:00+00:00,0.9951303523937163,1
site_f5bcf8a88a,2026-02-26T06:15:00+00:00,0.9952006808275022,1
site_f5bcf8a88a,2026-02-26T06:30:00+00:00,0.9952006808275022,1
site_f5bcf8a88a,2026-02-26T06:45:00+00:00,0.9919358207622733,1
site_f5bcf8a88a,2026-02-26T07:00:00+00:00,0.998520182902191,1
site_f5bcf8a88a,2026-02-26T07:15:00+00:00,0.9952813165054298,1
site_f5bcf8a88a,2026-02-26T07:30:00+00:00,0.998520182902191,1
site_f5bcf8a88a,2026-02-26T07:45:00+00:00,0.9952414943776009,1
site_f5bcf8a88a,2026-02-26T08:00:00+00:00,0.9952414943776009,1
site_f5bcf8a88a,2026-02-26T08:15:00+00:00,0.9952813165054298,1
site_f5bcf8a88a,2026-02-26T08:30:00+00:00,0.998520182902191,1
site_f5bcf8a88a,2026-02-26T08:45:00+00:00,0.9952414943776009,1
site_f5bcf8a88a,2026-02-26T09:00:00+00:00,0.9952681503818657,1
site_f5bcf8a88a,2026-02-26T09:15:00+00:00,0.998520182902191,1
site_f5bcf8a88a,2026-02-26T09:30:00+00:00,0.9952813165054298,1
site_f5bcf8a88a,2026-02-26T09:45:00+00:00,0.995254876779742,1
site_f5bcf8a88a,2026-02-26T10:00:00+00:00,0.998520182902191,1
site_f5bcf8a88a,2026-02-26T10:15:00+00:00,0.998520182902191,1
site_f5bcf8a88a,2026-02-26T10:30:00+00:00,0.998520182902191,1
site_f5bcf8a88a,2026-02-26T10:45:00+00:00,0.998520182902191,1
site_f5bcf8a88a,2026-02-26T11:00:00+00:00,0.998520182902191,1
site_f5bcf8a88a,2026-02-26T11:15:00+00:00,0.998520182902191,1
site_f5bcf8a88a,2026-02-26T11:30:00+00:00,0.998520182902191,1
site_f5bcf8a88a,2026-02-26T11:45:00+00:00,0.998520182902191,1
site_f5bcf8a88a,2026-02-26T12:00:00+00:00,0.998520182902191,1
site_f5bcf8a88a,2026-02-26T12:15:00+00:00,0.998520182902191,1
site_f5bcf8a88a,2026-02-26T12:30:00+00:00,0.998520182902191,1
site_f5bcf8a88a,2026-02-26T12:45:00+00:00,0.998520182902191,1
site_f5bcf8a88a,2026-02-26T13:00:00+00:00,0.998520182902191,1
site_f5bcf8a88a,2026-02-26T13:15:00+00:00,0.998520182902191,1
site_f5bcf8a88a,2026-02-26T13:30:00+00:00,0.998520182902191,1
site_f5bcf8a88a,2026-02-26T13:45:00+00:00,0.998520182902191,1
site_f5bcf8a88a,2026-02-26T14:00:00+00:00,0.998520182902191,1
site_f5bcf8a88a,2026-02-26T14:15:00+00:00,0.998520182902191,1
site_f5bcf8a88a,2026-02-26T14:30:00+00:00,0.998520182902191,1
site_f5bcf8a88a,2026-02-26T14:45:00+00:00,0.998520182902191,1
site_f5bcf8a88a,2026-02-26T15:00:00+00:00,0.9952006808275022,1
site_f5bcf8a88a,2026-02-26T15:15:00+00:00,0.998520182902191,1
site_f5bcf8a88a,2026-02-26T15:30:00+00:00,0.998520182902191,1
site_f5bcf8a88a,2026-02-26T15:45:00+00:00,0.998520182902191,1
site_f5bcf8a88a,2026-02-26T16:00:00+00:00,0.998520182902191,1
site_f5bcf8a88a,2026-02-26T16:15:00+00:00,0.998520182902191,1
site_f5bcf8a88a,2026-02-26T16:30:00+00:00,0.9951303523937163,1
site_f5bcf8a88a,2026-02-26T16:45:00+00:00,0.998520182902191,1
site_f5bcf8a88a,2026-02-26T17:00:00+00:00,0.998520182902191,1
site_f5bcf8a88a,2026-02-26T17:15:00+00:00,0.998520182902191,1
site_f5bcf8a88a,2026-02-26T17:30:00+00:00,0.998520182902191,1
site_f5bcf8a88a,2026-02-26T17:45:00+00:00,0.998520182902191,1
site_f5bcf8a88a,2026-02-26T18:00:00+00:00,0.998520182902191,1
site_f5bcf8a88a,2026-02-26T18:15:00+00:00,0.998520182902191,1
site_f5bcf8a88a,2026-02-26T18:30:00+00:00,0.998520182902191,1
site_f5bcf8a88a,2026-02-26T18:45:00+00:00,0.998520182902191,1
site_f5bcf8a88a,2026-02-26T19:00:00+00:00,0.998520182902191,1
site_f5bcf8a88a,2026-02-26T19:15:00+00:00,0.998520182902191,1
site_f5bcf8a88a,2026-02-26T19:30:00+00:00,0.998520182902191,1
site_f5bcf8a88a,2026-02-26T19:45:00+00:00,0.998520182902191,1
site_f5bcf8a88a,2026-02-26T20:00:00+00:00,0.998520182902191,1
site_f5bcf8a88a,2026-02-26T20:15:00+00:00,0.998520182902191,1
site_f5bcf8a88a,2026-02-26T20:30:00+00:00,0.9951588383643759,1
site_f5bcf8a88a,2026-02-26T20:45:00+00:00,0.9951303523937163,1
site_f5bcf8a88a,2026-02-26T21:00:00+00:00,0.998520182902191,1
site_f5bcf8a88a,2026-02-26T21:15:00+00:00,0.9915937759757838,1
site_f5bcf8a88a,2026-02-26T21:30:00+00:00,0.995071907040122,1
site_f5bcf8a88a,2026-02-26T21:45:00+00:00,0.9915636611630607,1
site_f5bcf8a88a,2026-02-26T22:00:00+00:00,0.991740521885242,1
site_f5bcf8a88a,2026-02-26T22:15:00+00:00,0.9882197537176417,1
site_f5bcf8a88a,2026-02-26T22:30:00+00:00,0.991623631178053,1
site_f5bcf8a88a,2026-02-26T22:45:00+00:00,0.9880854002934953,1
site_f5bcf8a88a,2026-02-26T23:00:00+00:00,0.9906384095031762,1
site_f5bcf8a88a,2026-02-26T23:15:00+00:00,0.9902300274617766,1
site_f5bcf8a88a,2026-02-26T23:30:00+00:00,0.9866389947833791,1
site_f5bcf8a88a,2026-02-26T23:45:00+00:00,0.9866389947833791,1
site_f5bcf8a88a,2026-02-27T00:00:00+00:00,0.9720008458856164,1
site_f5bcf8a88a,2026-02-27T00:15:00+00:00,0.9755536757251573,1
site_f5bcf8a88a,2026-02-27T00:30:00+00:00,0.9831355675175754,1
site_f5bcf8a88a,2026-02-27T00:45:00+00:00,0.9829862023196668,1
site_f5bcf8a88a,2026-02-27T01:00:00+00:00,0.9761946015068421,1
site_f5bcf8a88a,2026-02-27T01:15:00+00:00,0.9804206353908785,1
site_f5bcf8a88a,2026-02-27T01:30:00+00:00,0.9876110919931002,1
site_f5bcf8a88a,2026-02-27T01:45:00+00:00,0.9808210678579432,1
site_f5bcf8a88a,2026-02-27T02:00:00+00:00,0.9805021648841731,1
site_f5bcf8a88a,2026-02-27T02:15:00+00:00,0.9842344686164765,1
site_f5bcf8a88a,2026-02-27T02:30:00+00:00,0.9773748084528517,1
site_f5bcf8a88a,2026-02-27T02:45:00+00:00,0.9879938671127171,1
site_f5bcf8a88a,2026-02-27T03:00:00+00:00,0.9844850951828927,1
site_f5bcf8a88a,2026-02-27T03:15:00+00:00,0.981352800927942,1
site_f5bcf8a88a,2026-02-27T03:30:00+00:00,0.9777409621229701,1
site_f5bcf8a88a,2026-02-27T03:45:00+00:00,0.9808990375277418,1
site_f5bcf8a88a,2026-02-27T04:00:00+00:00,0.9812788035918463,1
site_f5bcf8a88a,2026-02-27T04:15:00+00:00,0.9847270794539149,1
site_f5bcf8a88a,2026-02-27T04:30:00+00:00,0.9848449692269771,1
site_f5bcf8a88a,2026-02-27T04:45:00+00:00,0.9847862773227917,1
site_f5bcf8a88a,2026-02-27T05:00:00+00:00,0.9951303523937163,1
site_f5bcf8a88a,2026-02-27T05:15:00+00:00,0.9951303523937163,1
site_f5bcf8a88a,2026-02-27T05:30:00+00:00,0.9951013794833876,1
site_f5bcf8a88a,2026-02-27T05:45:00+00:00,0.998520182902191,1
site_f5bcf8a88a,2026-02-27T06:00:00+00:00,0.9951303523937163,1
site_f5bcf8a88a,2026-02-27T06:15:00+00:00,0.9952006808275022,1
site_f5bcf8a88a,2026-02-27T06:30:00+00:00,0.9952006808275022,1
site_f5bcf8a88a,2026-02-27T06:45:00+00:00,0.9919358207622733,1
site_f5bcf8a88a,2026-02-27T07:00:00+00:00,0.998520182902191,1
site_f5bcf8a88a,2026-02-27T07:15:00+00:00,0.9952813165054298,1
site_f5bcf8a88a,2026-02-27T07:30:00+00:00,0.998520182902191,1
site_f5bcf8a88a,2026-02-27T07:45:00+00:00,0.9952414943776009,1
site_f5bcf8a88a,2026-02-27T08:00:00+00:00,0.9952414943776009,1
site_f5bcf8a88a,2026-02-27T08:15:00+00:00,0.9952813165054298,1
site_f5bcf8a88a,2026-02-27T08:30:00+00:00,0.998520182902191,1
site_f5bcf8a88a,2026-02-27T08:45:00+00:00,0.9952414943776009,1
site_f5bcf8a88a,2026-02-27T09:00:00+00:00,0.9952681503818657,1
site_f5bcf8a88a,2026-02-27T09:15:00+00:00,0.998520182902191,1
site_f5bcf8a88a,2026-02-27T09:30:00+00:00,0.9952813165054298,1
site_f5bcf8a88a,2026-02-27T09:45:00+00:00,0.995254876779742,1
site_f5bcf8a88a,2026-02-27T10:00:00+00:00,0.998520182902191,1
site_f5bcf8a88a,2026-02-27T10:15:00+00:00,0.998520182902191,1
site_f5bcf8a88a,2026-02-27T10:30:00+00:00,0.998520182902191,1
site_f5bcf8a88a,2026-02-27T10:45:00+00:00,0.998520182902191,1
site_f5bcf8a88a,2026-02-27T11:00:00+00:00,0.998520182902191,1
site_f5bcf8a88a,2026-02-27T11:15:00+00:00,0.998520182902191,1
site_f5bcf8a88a,2026-02-27T11:30:00+00:00,0.998520182902191,1
site_f5bcf8a88a,2026-02-27T11:45:00+00:00,0.998520182902191,1
site_f5bcf8a88a,2026-02-27T12:00:00+00:00,0.998520182902191,1
site_f5bcf8a88a,2026-02-27T12:15:00+00:00,0.998520182902191,1
site_f5bcf8a88a,2026-02-27T12:30:00+00:00,0.998520182902191,1
site_f5bcf8a88a,2026-02-27T12:45:00+00:00,0.998520182902191,1
site_f5bcf8a88a,2026-02-27T13:00:00+00:00,0.998520182902191,1
site_f5bcf8a88a,2026-02-27T13:15:00+00:00,0.998520182902191,1
site_f5bcf8a88a,2026-02-27T13:30:00+00:00,0.998520182902191,1
site_f5bcf8a88a,2026-02-27T13:45:00+00:00,0.998520182902191,1
site_f5bcf8a88a,2026-02-27T14:00:00+00:00,0.998520182902191,1
site_f5bcf8a88a,2026-02-27T14:15:00+00:00,0.998520182902191,1
site_f5bcf8a88a,2026-02-27T14:30:00+00:00,0.998520182902191,1
site_f5bcf8a88a,2026-02-27T14:45:00+00:00,0.998520182902191,1
site_f5bcf8a88a,2026-02-27T15:00:00+00:00,0.9952006808275022,1
site_f5bcf8a88a,2026-02-27T15:15:00+00:00,0.998520182902191,1
site_f5bcf8a88a,2026-02-27T15:30:00+00:00,0.998520182902191,1
site_f5bcf8a88a,2026-02-27T15:45:00+00:00,0.998520182902191,1
site_f5bcf8a88a,2026-02-27T16:00:00+00:00,0.998520182902191,1
site_f5bcf8a88a,2026-02-27T16:15:00+00:00,0.998520182902191,1
site_f5bcf8a88a,2026-02-27T16:30:00+00:00,0.9951303523937163,1
site_f5bcf8a88a,2026-02-27T16:45:00+00:00,0.998520182902191,1
site_f5bcf8a88a,2026-02-27T17:00:00+00:00,0.998520182902191,1
site_f5bcf8a88a,2026-02-27T17:15:00+00:00,0.998520182902191,1
site_f5bcf8a88a,2026-02-27T17:30:00+00:00,0.998520182902191,1
site_f5bcf8a88a,2026-02-27T17:45:00+00:00,0.998520182902191,1
site_f5bcf8a88a,2026-02-27T18:00:00+00:00,0.998520182902191,1
site_f5bcf8a88a,2026-02-27T18:15:00+00:00,0.998520182902191,1
site_f5bcf8a88a,2026-02-27T18:30:00+00:00,0.998520182902191,1
site_f5bcf8a88a,2026-02-27T18:45:00+00:00,0.998520182902191,1
site_f5bcf8a88a,2026-02-27T19:00:00+00:00,0.998520182902191,1
site_f5bcf8a88a,2026-02-27T19:15:00+00:00,0.998520182902191,1
site_f5bcf8a88a,2026-02-27T19:30:00+00:00,0.998520182902191,1
site_f5bcf8a88a,2026-02-27T19:45:00+00:00,0.998520182902191,1
site_f5bcf8a88a,2026-02-27T20:00:00+00:00,0.998520182902191,1
site_f5bcf8a88a,2026-02-27T20:15:00+00:00,0.998520182902191,1
site_f5bcf8a88a,2026-02-27T20:30:00+00:00,0.9951588383643759,1
site_f5bcf8a88a,2026-02-27T20:45:00+00:00,0.9951303523937163,1
site_f5bcf8a88a,2026-02-27T21:00:00+00:00,0.998520182902191,1
site_f5bcf8a88a,2026-02-27T21:15:00+00:00,0.9915937759757838,1
site_f5bcf8a88a,2026-02-27T21:30:00+00:00,0.995071907040122,1
site_f5bcf8a88a,2026-02-27T21:45:00+00:00,0.9915636611630607,1
site_f5bcf8a88a,2026-02-27T22:00:00+00:00,0.991740521885242,1
site_f5bcf8a88a,2026-02-27T22:15:00+00:00,0.9882197537176417,1
site_f5bcf8a88a,2026-02-27T22:30:00+00:00,0.991623631178053,1
site_f5bcf8a88a,2026-02-27T22:45:00+00:00,0.9880854002934953,1
site_f5bcf8a88a,2026-02-27T23:00:00+00:00,0.9906384095031762,1
site_f5bcf8a88a,2026-02-27T23:15:00+00:00,0.9902300274617766,1
site_f5bcf8a88a,2026-02-27T23:30:00+00:00,0.9866389947833791,1
site_f5bcf8a88a,2026-02-27T23:45:00+00:00,0.9866389947833791,1
site_f5bcf8a88a,2026-02-28T00:00:00+00:00,0.9720008458856164,1
site_f5bcf8a88a,2026-02-28T00:15:00+00:00,0.9755536757251573,1
site_f5bcf8a88a,2026-02-28T00:30:00+00:00,0.9831355675175754,1
site_f5bcf8a88a,2026-02-28T00:45:00+00:00,0.9829862023196668,1
site_f5bcf8a88a,2026-02-28T01:00:00+00:00,0.9761946015068421,1
site_f5bcf8a88a,2026-02-28T01:15:00+00:00,0.9804206353908785,1
site_f5bcf8a88a,2026-02-28T01:30:00+00:00,0.9876110919931002,1
site_f5bcf8a88a,2026-02-28T01:45:00+00:00,0.9808210678579432,1
site_f5bcf8a88a,2026-02-28T02:00:00+00:00,0.9805021648841731,1
site_f5bcf8a88a,2026-02-28T02:15:00+00:00,0.9842344686164765,1
site_f5bcf8a88a,2026-02-28T02:30:00+00:00,0.9773748084528517,1
site_f5bcf8a88a,2026-02-28T02:45:00+00:00,0.9879938671127171,1
site_f5bcf8a88a,2026-02-28T03:00:00+00:00,0.9844850951828927,1
site_f5bcf8a88a,2026-02-28T03:15:00+00:00,0.981352800927942,1
site_f5bcf8a88a,2026-02-28T03:30:00+00:00,0.9777409621229701,1
site_f5bcf8a88a,2026-02-28T03:45:00+00:00,0.9808990375277418,1
site_f5bcf8a88a,2026-02-28T04:00:00+00:00,0.9812788035918463,1
site_f5bcf8a88a,2026-02-28T04:15:00+00:00,0.9847270794539149,1
site_f5bcf8a88a,2026-02-28T04:30:00+00:00,0.9848449692269771,1
site_f5bcf8a88a,2026-02-28T04:45:00+00:00,0.9847862773227917,1
site_f5bcf8a88a,2026-02-28T05:00:00+00:00,0.9951303523937163,1
site_f5bcf8a88a,2026-02-28T05:15:00+00:00,0.9951303523937163,1
site_f5bcf8a88a,2026-02-28T05:30:00+00:00,0.9951013794833876,1
site_f5bcf8a88a,2026-02-28T05:45:00+00:00,0.998520182902191,1
site_f5bcf8a88a,2026-02-28T06:00:00+00:00,0.9951303523937163,1
site_f5bcf8a88a,2026-02-28T06:15:00+00:00,0.9952006808275022,1
site_f5bcf8a88a,2026-02-28T06:30:00+00:00,0.9952006808275022,1
site_f5bcf8a88a,2026-02-28T06:45:00+00:00,0.9919358207622733,1
site_f5bcf8a88a,2026-02-28T07:00:00+00:00,0.998520182902191,1
site_f5bcf8a88a,2026-02-28T07:15:00+00:00,0.9952813165054298,1
site_f5bcf8a88a,2026-02-28T07:30:00+00:00,0.998520182902191,1
site_f5bcf8a88a,2026-02-28T07:45:00+00:00,0.9952414943776009,1
site_f5bcf8a88a,2026-02-28T08:00:00+00:00,0.9952414943776009,1
site_f5bcf8a88a,2026-02-28T08:15:00+00:00,0.9952813165054298,1
site_f5bcf8a88a,2026-02-28T08:30:00+00:00,0.998520182902191,1
site_f5bcf8a88a,2026-02-28T08:45:00+00:00,0.9952414943776009,1
site_f5bcf8a88a,2026-02-28T09:00:00+00:00,0.9952681503818657,1
site_f5bcf8a88a,2026-02-28T09:15:00+00:00,0.998520182902191,1
site_f5bcf8a88a,2026-02-28T09:30:00+00:00,0.9952813165054298,1
site_f5bcf8a88a,2026-02-28T09:45:00+00:00,0.995254876779742,1
site_f5bcf8a88a,2026-02-28T10:00:00+00:00,0.998520182902191,1
site_f5bcf8a88a,2026-02-28T10:15:00+00:00,0.998520182902191,1
site_f5bcf8a88a,2026-02-28T10:30:00+00:00,0.998520182902191,1
site_f5bcf8a88a,2026-02-28T10:45:00+00:00,0.998520182902191,1
site_f5bcf8a88a,2026-02-28T11:00:00+00:00,0.998520182902191,1
site_f5bcf8a88a,2026-02-28T11:15:00+00:00,0.998520182902191,1
site_f5bcf8a88a,2026-02-28T11:30:00+00:00,0.998520182902191,1
site_f5bcf8a88a,2026-02-28T11:45:00+00:00,0.998520182902191,1
site_f5bcf8a88a,2026-02-28T12:00:00+00:00,0.998520182902191,1
site_f5bcf8a88a,2026-02-28T12:15:00+00:00,0.998520182902191,1
site_f5bcf8a88a,2026-02-28T12:30:00+00:00,0.998520182902191,1
site_f5bcf8a88a,2026-02-28T12:45:00+00:00,0.998520182902191,1
site_f5bcf8a88a,2026-02-28T13:00:00+00:00,0.998520182902191,1
site_f5bcf8a88a,2026-02-28T13:15:00+00:00,0.998520182902191,1
site_f5bcf8a88a,2026-02-28T13:30:00+00:00,0.998520182902191,1
site_f5bcf8a88a,2026-02-28T13:45:00+00:00,0.998520182902191,1
site_f5bcf8a88a,2026-02-28T14:00:00+00:00,0.998520182902191,1
site_f5bcf8a88a,2026-02-28T14:15:00+00:00,0.998520182902191,1
site_f5bcf8a88a,2026-02-28T14:30:00+00:00,0.998520182902191,1
site_f5bcf8a88a,2026-02-28T14:45:00+00:00,0.998520182902191,1
site_f5bcf8a88a,2026-02-28T15:00:00+00:00,0.9952006808275022,1
site_f5bcf8a88a,2026-02-28T15:15:00+00:00,0.998520182902191,1
site_f5bcf8a88a,2026-02-28T15:30:00+00:00,0.998520182902191,1
site_f5bcf8a88a,2026-02-28T15:45:00+00:00,0.998520182902191,1
site_f5bcf8a88a,2026-02-28T16:00:00+00:00,0.998520182902191,1
site_f5bcf8a88a,2026-02-28T16:15:00+00:00,0.998520182902191,1
site_f5bcf8a88a,2026-02-28T16:30:00+00:00,0.9951303523937163,1
site_f5bcf8a88a,2026-02-28T16:45:00+00:00,0.998520182902191,1
site_f5bcf8a88a,2026-02-28T17:00:00+00:00,0.998520182902191,1
site_f5bcf8a88a,2026-02-28T17:15:00+00:00,0.998520182902191,1
site_f5bcf8a88a,2026-02-28T17:30:00+00:00,0.998520182902191,1
site_f5bcf8a88a,2026-02-28T17:45:00+00:00,0.998520182902191,1
site_f5bcf8a88a,2026-02-28T18:00:00+00:00,0.998520182902191,1
site_f5bcf8a88a,2026-02-28T18:15:00+00:00,0.998520182902191,1
site_f5bcf8a88a,2026-02-28T18:30:00+00:00,0.998520182902191,1
site_f5bcf8a88a,2026-02-28T18:45:00+00:00,0.998520182902191,1
site_f5bcf8a88a,2026-02-28T19:00:00+00:00,0.998520182902191,1
site_f5bcf8a88a,2026-02-28T19:15:00+00:00,0.998520182902191,1
site_f5bcf8a88a,2026-02-28T19:30:00+00:00,0.998520182902191,1
site_f5bcf8a88a,2026-02-28T19:45:00+00:00,0.998520182902191,1
site_f5bcf8a88a,2026-02-28T20:00:00+00:00,0.998520182902191,1
site_f5bcf8a88a,2026-02-28T20:15:00+00:00,0.998520182902191,1
site_f5bcf8a88a,2026-02-28T20:30:00+00:00,0.9951588383643759,1
site_f5bcf8a88a,2026-02-28T20:45:00+00:00,0.9951303523937163,1
site_f5bcf8a88a,2026-02-28T21:00:00+00:00,0.998520182902191,1
site_f5bcf8a88a,2026-02-28T21:15:00+00:00,0.9915937759757838,1
site_f5bcf8a88a,2026-02-28T21:30:00+00:00,0.995071907040122,1
site_f5bcf8a88a,2026-02-28T21:45:00+00:00,0.9915636611630607,1
site_f5bcf8a88a,2026-02-28T22:00:00+00:00,0.991740521885242,1
site_f5bcf8a88a,2026-02-28T22:15:00+00:00,0.9882197537176417,1
site_f5bcf8a88a,2026-02-28T22:30:00+00:00,0.991623631178053,1
site_f5bcf8a88a,2026-02-28T22:45:00+00:00,0.9880854002934953,1
site_f5bcf8a88a,2026-02-28T23:00:00+00:00,0.9906384095031762,1
site_f5bcf8a88a,2026-02-28T23:15:00+00:00,0.9902300274617766,1
site_f5bcf8a88a,2026-02-28T23:30:00+00:00,0.9866389947833791,1
site_f5bcf8a88a,2026-02-28T23:45:00+00:00,0.9866389947833791,1
site_f5bcf8a88a,2026-03-01T00:00:00+00:00,0.9720008458856164,1
site_f5bcf8a88a,2026-03-01T00:15:00+00:00,0.9755536757251573,1
site_f5bcf8a88a,2026-03-01T00:30:00+00:00,0.9831355675175754,1
site_f5bcf8a88a,2026-03-01T00:45:00+00:00,0.9829862023196668,1
site_f5bcf8a88a,2026-03-01T01:00:00+00:00,0.9761946015068421,1
site_f5bcf8a88a,2026-03-01T01:15:00+00:00,0.9804206353908785,1
site_f5bcf8a88a,2026-03-01T01:30:00+00:00,0.9876110919931002,1
site_f5bcf8a88a,2026-03-01T01:45:00+00:00,0.9808210678579432,1
site_f5bcf8a88a,2026-03-01T02:00:00+00:00,0.9805021648841731,1
site_f5bcf8a88a,2026-03-01T02:15:00+00:00,0.9842344686164765,1
site_f5bcf8a88a,2026-03-01T02:30:00+00:00,0.9773748084528517,1
site_f5bcf8a88a,2026-03-01T02:45:00+00:00,0.9879938671127171,1
site_f5bcf8a88a,2026-03-01T03:00:00+00:00,0.9844850951828927,1
site_f5bcf8a88a,2026-03-01T03:15:00+00:00,0.981352800927942,1
site_f5bcf8a88a,2026-03-01T03:30:00+00:00,0.9777409621229701,1
site_f5bcf8a88a,2026-03-01T03:45:00+00:00,0.9808990375277418,1
site_f5bcf8a88a,2026-03-01T04:00:00+00:00,0.9812788035918463,1
site_f5bcf8a88a,2026-03-01T04:15:00+00:00,0.9847270794539149,1
site_f5bcf8a88a,2026-03-01T04:30:00+00:00,0.9848449692269771,1
site_f5bcf8a88a,2026-03-01T04:45:00+00:00,0.9847862773227917,1
site_f5bcf8a88a,2026-03-01T05:00:00+00:00,0.9951303523937163,1
site_f5bcf8a88a,2026-03-01T05:15:00+00:00,0.9951303523937163,1
site_f5bcf8a88a,2026-03-01T05:30:00+00:00,0.9951013794833876,1
site_f5bcf8a88a,2026-03-01T05:45:00+00:00,0.998520182902191,1
site_f5bcf8a88a,2026-03-01T06:00:00+00:00,0.9951303523937163,1
site_f5bcf8a88a,2026-03-01T06:15:00+00:00,0.9952006808275022,1
site_f5bcf8a88a,2026-03-01T06:30:00+00:00,0.9952006808275022,1
site_f5bcf8a88a,2026-03-01T06:45:00+00:00,0.9919358207622733,1
site_f5bcf8a88a,2026-03-01T07:00:00+00:00,0.998520182902191,1
site_f5bcf8a88a,2026-03-01T07:15:00+00:00,0.9952813165054298,1
site_f5bcf8a88a,2026-03-01T07:30:00+00:00,0.998520182902191,1
site_f5bcf8a88a,2026-03-01T07:45:00+00:00,0.9952414943776009,1
site_f5bcf8a88a,2026-03-01T08:00:00+00:00,0.9952414943776009,1
site_f5bcf8a88a,2026-03-01T08:15:00+00:00,0.9952813165054298,1
site_f5bcf8a88a,2026-03-01T08:30:00+00:00,0.998520182902191,1
site_f5bcf8a88a,2026-03-01T08:45:00+00:00,0.9952414943776009,1
site_f5bcf8a88a,2026-03-01T09:00:00+00:00,0.9952681503818657,1
site_f5bcf8a88a,2026-03-01T09:15:00+00:00,0.998520182902191,1
site_f5bcf8a88a,2026-03-01T09:30:00+00:00,0.9952813165054298,1
site_f5bcf8a88a,2026-03-01T09:45:00+00:00,0.995254876779742,1
site_f5bcf8a88a,2026-03-01T10:00:00+00:00,0.998520182902191,1
site_f5bcf8a88a,2026-03-01T10:15:00+00:00,0.998520182902191,1
site_f5bcf8a88a,2026-03-01T10:30:00+00:00,0.998520182902191,1
site_f5bcf8a88a,2026-03-01T10:45:00+00:00,0.998520182902191,1
site_f5bcf8a88a,2026-03-01T11:00:00+00:00,0.998520182902191,1
site_f5bcf8a88a,2026-03-01T11:15:00+00:00,0.998520182902191,1
site_f5bcf8a88a,2026-03-01T11:30:00+00:00,0.998520182902191,1
site_f5bcf8a88a,2026-03-01T11:45:00+00:00,0.998520182902191,1
site_f5bcf8a88a,2026-03-01T12:00:00+00:00,0.998520182902191,1
site_f5bcf8a88a,2026-03-01T12:15:00+00:00,0.998520182902191,1
site_f5bcf8a88a,2026-03-01T12:30:00+00:00,0.998520182902191,1
site_f5bcf8a88a,2026-03-01T12:45:00+00:00,0.998520182902191,1
site_f5bcf8a88a,2026-03-01T13:00:00+00:00,0.998520182902191,1
site_f5bcf8a88a,2026-03-01T13:15:00+00:00,0.998520182902191,1
site_f5bcf8a88a,2026-03-01T13:30:00+00:00,0.998520182902191,1
site_f5bcf8a88a,2026-03-01T13:45:00+00:00,0.998520182902191,1
site_f5bcf8a88a,2026-03-01T14:00:00+00:00,0.998520182902191,1
site_f5bcf8a88a,2026-03-01T14:15:00+00:00,0.998520182902191,1
site_f5bcf8a88a,2026-03-01T14:30:00+00:00,0.998520182902191,1
site_f5bcf8a88a,2026-03-01T14:45:00+00:00,0.998520182902191,1
site_f5bcf8a88a,2026-03-01T15:00:00+00:00,0.9952006808275022,1
site_f5bcf8a88a,2026-03-01T15:15:00+00:00,0.998520182902191,1
site_f5bcf8a88a,2026-03-01T15:30:00+00:00,0.998520182902191,1
site_f5bcf8a88a,2026-03-01T15:45:00+00:00,0.998520182902191,1
site_f5bcf8a88a,2026-03-01T16:00:00+00:00,0.998520182902191,1
site_f5bcf8a88a,2026-03-01T16:15:00+00:00,0.998520182902191,1
site_f5bcf8a88a,2026-03-01T16:30:00+00:00,0.9951303523937163,1
site_f5bcf8a88a,2026-03-01T16:45:00+00:00,0.998520182902191,1
site_f5bcf8a88a,2026-03-01T17:00:00+00:00,0.998520182902191,1
site_f5bcf8a88a,2026-03-01T17:15:00+00:00,0.998520182902191,1
site_f5bcf8a88a,2026-03-01T17:30:00+00:00,0.998520182902191,1
site_f5bcf8a88a,2026-03-01T17:45:00+00:00,0.998520182902191,1
site_f5bcf8a88a,2026-03-01T18:00:00+00:00,0.998520182902191,1
site_f5bcf8a88a,2026-03-01T18:15:00+00:00,0.998520182902191,1
site_f5bcf8a88a,2026-03-01T18:30:00+00:00,0.998520182902191,1
site_f5bcf8a88a,2026-03-01T18:45:00+00:00,0.998520182902191,1
site_f5bcf8a88a,2026-03-01T19:00:00+00:00,0.998520182902191,1
site_f5bcf8a88a,2026-03-01T19:15:00+00:00,0.998520182902191,1
site_f5bcf8a88a,2026-03-01T19:30:00+00:00,0.998520182902191,1
site_f5bcf8a88a,2026-03-01T19:45:00+00:00,0.998520182902191,1
site_f5bcf8a88a,2026-03-01T20:00:00+00:00,0.998520182902191,1
site_f5bcf8a88a,2026-03-01T20:15:00+00:00,0.998520182902191,1
site_f5bcf8a88a,2026-03-01T20:30:00+00:00,0.9951588383643759,1
site_f5bcf8a88a,2026-03-01T20:45:00+00:00,0.9951303523937163,1
site_f5bcf8a88a,2026-03-01T21:00:00+00:00,0.998520182902191,1
site_f5bcf8a88a,2026-03-01T21:15:00+00:00,0.9915937759757838,1
site_f5bcf8a88a,2026-03-01T21:30:00+00:00,0.995071907040122,1
site_f5bcf8a88a,2026-03-01T21:45:00+00:00,0.9915636611630607,1
site_f5bcf8a88a,2026-03-01T22:00:00+00:00,0.991740521885242,1
site_f5bcf8a88a,2026-03-01T22:15:00+00:00,0.9882197537176417,1
site_f5bcf8a88a,2026-03-01T22:30:00+00:00,0.991623631178053,1
site_f5bcf8a88a,2026-03-01T22:45:00+00:00,0.9880854002934953,1
site_f5bcf8a88a,2026-03-01T23:00:00+00:00,0.9906384095031762,1
site_f5bcf8a88a,2026-03-01T23:15:00+00:00,0.9902300274617766,1
site_f5bcf8a88a,2026-03-01T23:30:00+00:00,0.9866389947833791,1
site_f5bcf8a88a,2026-03-01T23:45:00+00:00,0.9866389947833791,1
site_f5bcf8a88a,2026-03-02T00:00:00+00:00,0.9720008458856164,1
site_f5bcf8a88a,2026-03-02T00:15:00+00:00,0.9755536757251573,1
site_f5bcf8a88a,2026-03-02T00:30:00+00:00,0.9831355675175754,1
site_f5bcf8a88a,2026-03-02T00:45:00+00:00,0.9829862023196668,1
site_f5bcf8a88a,2026-03-02T01:00:00+00:00,0.9761946015068421,1
site_f5bcf8a88a,2026-03-02T01:15:00+00:00,0.9804206353908785,1
site_f5bcf8a88a,2026-03-02T01:30:00+00:00,0.9876110919931002,1
site_f5bcf8a88a,2026-03-02T01:45:00+00:00,0.9808210678579432,1
site_f5bcf8a88a,2026-03-02T02:00:00+00:00,0.9805021648841731,1
site_f5bcf8a88a,2026-03-02T02:15:00+00:00,0.9842344686164765,1
site_f5bcf8a88a,2026-03-02T02:30:00+00:00,0.9773748084528517,1
site_f5bcf8a88a,2026-03-02T02:45:00+00:00,0.9879938671127171,1
site_f5bcf8a88a,2026-03-02T03:00:00+00:00,0.9844850951828927,1
site_f5bcf8a88a,2026-03-02T03:15:00+00:00,0.981352800927942,1
site_f5bcf8a88a,2026-03-02T03:30:00+00:00,0.9777409621229701,1
site_f5bcf8a88a,2026-03-02T03:45:00+00:00,0.9808990375277418,1
site_f5bcf8a88a,2026-03-02T04:00:00+00:00,0.9812788035918463,1
site_f5bcf8a88a,2026-03-02T04:15:00+00:00,0.9847270794539149,1
site_f5bcf8a88a,2026-03-02T04:30:00+00:00,0.9848449692269771,1
site_f5bcf8a88a,2026-03-02T04:45:00+00:00,0.9847862773227917,1
site_f5bcf8a88a,2026-03-02T05:00:00+00:00,0.9951303523937163,1
site_f5bcf8a88a,2026-03-02T05:15:00+00:00,0.9951303523937163,1
site_f5bcf8a88a,2026-03-02T05:30:00+00:00,0.9951013794833876,1
site_f5bcf8a88a,2026-03-02T05:45:00+00:00,0.998520182902191,1
site_f5bcf8a88a,2026-03-02T06:00:00+00:00,0.9951303523937163,1
site_f5bcf8a88a,2026-03-02T06:15:00+00:00,0.9952006808275022,1
site_f5bcf8a88a,2026-03-02T06:30:00+00:00,0.9952006808275022,1
site_f5bcf8a88a,2026-03-02T06:45:00+00:00,0.9919358207622733,1
site_f5bcf8a88a,2026-03-02T07:00:00+00:00,0.998520182902191,1
site_f5bcf8a88a,2026-03-02T07:15:00+00:00,0.9952813165054298,1
site_f5bcf8a88a,2026-03-02T07:30:00+00:00,0.998520182902191,1
site_f5bcf8a88a,2026-03-02T07:45:00+00:00,0.9952414943776009,1
site_f5bcf8a88a,2026-03-02T08:00:00+00:00,0.9952414943776009,1
site_f5bcf8a88a,2026-03-02T08:15:00+00:00,0.9952813165054298,1
site_f5bcf8a88a,2026-03-02T08:30:00+00:00,0.998520182902191,1
site_f5bcf8a88a,2026-03-02T08:45:00+00:00,0.9952414943776009,1
site_f5bcf8a88a,2026-03-02T09:00:00+00:00,0.9952681503818657,1
site_f5bcf8a88a,2026-03-02T09:15:00+00:00,0.998520182902191,1
site_f5bcf8a88a,2026-03-02T09:30:00+00:00,0.9952813165054298,1
site_f5bcf8a88a,2026-03-02T09:45:00+00:00,0.995254876779742,1
site_f5bcf8a88a,2026-03-02T10:00:00+00:00,0.998520182902191,1
site_f5bcf8a88a,2026-03-02T10:15:00+00:00,0.998520182902191,1
site_f5bcf8a88a,2026-03-02T10:30:00+00:00,0.998520182902191,1
site_f5bcf8a88a,2026-03-02T10:45:00+00:00,0.998520182902191,1
site_f5bcf8a88a,2026-03-02T11:00:00+00:00,0.998520182902191,1
site_f5bcf8a88a,2026-03-02T11:15:00+00:00,0.998520182902191,1
site_f5bcf8a88a,2026-03-02T11:30:00+00:00,0.998520182902191,1
site_f5bcf8a88a,2026-03-02T11:45:00+00:00,0.998520182902191,1
site_f5bcf8a88a,2026-03-02T12:00:00+00:00,0.998520182902191,1
site_f5bcf8a88a,2026-03-02T12:15:00+00:00,0.998520182902191,1
site_f5bcf8a88a,2026-03-02T12:30:00+00:00,0.998520182902191,1
site_f5bcf8a88a,2026-03-02T12:45:00+00:00,0.998520182902191,1
site_f5bcf8a88a,2026-03-02T13:00:00+00:00,0.998520182902191,1
site_f5bcf8a88a,2026-03-02T13:15:00+00:00,0.998520182902191,1
site_f5bcf8a88a,2026-03-02T13:30:00+00:00,0.998520182902191,1
site_f5bcf8a88a,2026-03-02T13:45:00+00:00,0.998520182902191,1
site_f5bcf8a88a,2026-03-02T14:00:00+00:00,0.998520182902191,1
site_f5bcf8a88a,2026-03-02T14:15:00+00:00,0.998520182902191,1
site_f5bcf8a88a,2026-03-02T14:30:00+00:00,0.998520182902191,1
site_f5bcf8a88a,2026-03-02T14:45:00+00:00,0.998520182902191,1
site_f5bcf8a88a,2026-03-02T15:00:00+00:00,0.9952006808275022,1
site_f5bcf8a88a,2026-03-02T15:15:00+00:00,0.998520182902191,1
site_f5bcf8a88a,2026-03-02T15:30:00+00:00,0.998520182902191,1
site_f5bcf8a88a,2026-03-02T15:45:00+00:00,0.998520182902191,1
site_f5bcf8a88a,2026-03-02T16:00:00+00:00,0.998520182902191,1
site_f5bcf8a88a,2026-03-02T16:15:00+00:00,0.998520182902191,1
site_f5bcf8a88a,2026-03-02T16:30:00+00:00,0.9951303523937163,1
site_f5bcf8a88a,2026-03-02T16:45:00+00:00,0.998520182902191,1
site_f5bcf8a88a,2026-03-02T17:00:00+00:00,0.998520182902191,1
site_f5bcf8a88a,2026-03-02T17:15:00+00:00,0.998520182902191,1
site_f5bcf8a88a,2026-03-02T17:30:00+00:00,0.998520182902191,1
site_f5bcf8a88a,2026-03-02T17:45:00+00:00,0.998520182902191,1
site_f5bcf8a88a,2026-03-02T18:00:00+00:00,0.998520182902191,1
site_f5bcf8a88a,2026-03-02T18:15:00+00:00,0.998520182902191,1
site_f5bcf8a88a,2026-03-02T18:30:00+00:00,0.998520182902191,1
site_f5bcf8a88a,2026-03-02T18:45:00+00:00,0.998520182902191,1
site_f5bcf8a88a,2026-03-02T19:00:00+00:00,0.998520182902191,1
site_f5bcf8a88a,2026-03-02T19:15:00+00:00,0.998520182902191,1
site_f5bcf8a88a,2026-03-02T19:30:00+00:00,0.998520182902191,1
site_f5bcf8a88a,2026-03-02T19:45:00+00:00,0.998520182902191,1
site_f5bcf8a88a,2026-03-02T20:00:00+00:00,0.998520182902191,1
site_f5bcf8a88a,2026-03-02T20:15:00+00:00,0.998520182902191,1
site_f5bcf8a88a,2026-03-02T20:30:00+00:00,0.9951588383643759,1
site_f5bcf8a88a,2026-03-02T20:45:00+00:00,0.9951303523937163,1
site_f5bcf8a88a,2026-03-02T21:00:00+00:00,0.998520182902191,1
site_f5bcf8a88a,2026-03-02T21:15:00+00:00,0.9915937759757838,1
site_f5bcf8a88a,2026-03-02T21:30:00+00:00,0.995071907040122,1
site_f5bcf8a88a,2026-03-02T21:45:00+00:00,0.9915636611630607,1
site_f5bcf8a88a,2026-03-02T22:00:00+00:00,0.991740521885242,1
site_f5bcf8a88a,2026-03-02T22:15:00+00:00,0.9882197537176417,1
site_f5bcf8a88a,2026-03-02T22:30:00+00:00,0.991623631178053,1
site_f5bcf8a88a,2026-03-02T22:45:00+00:00,0.9880854002934953,1
site_f5bcf8a88a,2026-03-02T23:00:00+00:00,0.9906384095031762,1
site_f5bcf8a88a,2026-03-02T23:15:00+00:00,0.9902300274617766,1
site_f5bcf8a88a,2026-03-02T23:30:00+00:00,0.9866389947833791,1
site_f5bcf8a88a,2026-03-02T23:45:00+00:00,0.9866389947833791,1
site_f5bcf8a88a,2026-03-03T00:00:00+00:00,0.9720008458856164,1
site_f5bcf8a88a,2026-03-03T00:15:00+00:00,0.9755536757251573,1
site_f5bcf8a88a,2026-03-03T00:30:00+00:00,0.9831355675175754,1
site_f5bcf8a88a,2026-03-03T00:45:00+00:00,0.9829862023196668,1
site_f5bcf8a88a,2026-03-03T01:00:00+00:00,0.9761946015068421,1
site_f5bcf8a88a,2026-03-03T01:15:00+00:00,0.9804206353908785,1
site_f5bcf8a88a,2026-03-03T01:30:00+00:00,0.9876110919931002,1
site_f5bcf8a88a,2026-03-03T01:45:00+00:00,0.9808210678579432,1
site_f5bcf8a88a,2026-03-03T02:00:00+00:00,0.9805021648841731,1
site_f5bcf8a88a,2026-03-03T02:15:00+00:00,0.9842344686164765,1
site_f5bcf8a88a,2026-03-03T02:30:00+00:00,0.9773748084528517,1
site_f5bcf8a88a,2026-03-03T02:45:00+00:00,0.9879938671127171,1
site_f5bcf8a88a,2026-03-03T03:00:00+00:00,0.9844850951828927,1
site_f5bcf8a88a,2026-03-03T03:15:00+00:00,0.981352800927942,1
site_f5bcf8a88a,2026-03-03T03:30:00+00:00,0.9777409621229701,1
site_f5bcf8a88a,2026-03-03T03:45:00+00:00,0.9808990375277418,1
site_f5bcf8a88a,2026-03-03T04:00:00+00:00,0.9812788035918463,1
site_f5bcf8a88a,2026-03-03T04:15:00+00:00,0.9847270794539149,1
site_f5bcf8a88a,2026-03-03T04:30:00+00:00,0.9848449692269771,1
site_f5bcf8a88a,2026-03-03T04:45:00+00:00,0.9847862773227917,1
site_f5bcf8a88a,2026-03-03T05:00:00+00:00,0.9951303523937163,1
site_f5bcf8a88a,2026-03-03T05:15:00+00:00,0.9951303523937163,1
site_f5bcf8a88a,2026-03-03T05:30:00+00:00,0.9951013794833876,1
site_f5bcf8a88a,2026-03-03T05:45:00+00:00,0.998520182902191,1
site_f5bcf8a88a,2026-03-03T06:00:00+00:00,0.9951303523937163,1
site_f5bcf8a88a,2026-03-03T06:15:00+00:00,0.9952006808275022,1
site_f5bcf8a88a,2026-03-03T06:30:00+00:00,0.9952006808275022,1
site_f5bcf8a88a,2026-03-03T06:45:00+00:00,0.9919358207622733,1
site_f5bcf8a88a,2026-03-03T07:00:00+00:00,0.998520182902191,1
site_f5bcf8a88a,2026-03-03T07:15:00+00:00,0.9952813165054298,1
site_f5bcf8a88a,2026-03-03T07:30:00+00:00,0.998520182902191,1
site_f5bcf8a88a,2026-03-03T07:45:00+00:00,0.9952414943776009,1
site_f5bcf8a88a,2026-03-03T08:00:00+00:00,0.9952414943776009,1
site_f5bcf8a88a,2026-03-03T08:15:00+00:00,0.9952813165054298,1
site_f5bcf8a88a,2026-03-03T08:30:00+00:00,0.998520182902191,1
site_f5bcf8a88a,2026-03-03T08:45:00+00:00,0.9952414943776009,1
site_f5bcf8a88a,2026-03-03T09:00:00+00:00,0.9952681503818657,1
site_f5bcf8a88a,2026-03-03T09:15:00+00:00,0.998520182902191,1
site_f5bcf8a88a,2026-03-03T09:30:00+00:00,0.9952813165054298,1
site_f5bcf8a88a,2026-03-03T09:45:00+00:00,0.995254876779742,1
site_f5bcf8a88a,2026-03-03T10:00:00+00:00,0.998520182902191,1
site_f5bcf8a88a,2026-03-03T10:15:00+00:00,0.998520182902191,1
site_f5bcf8a88a,2026-03-03T10:30:00+00:00,0.998520182902191,1
site_f5bcf8a88a,2026-03-03T10:45:00+00:00,0.998520182902191,1
site_f5bcf8a88a,2026-03-03T11:00:00+00:00,0.998520182902191,1
site_f5bcf8a88a,2026-03-03T11:15:00+00:00,0.998520182902191,1
site_f5bcf8a88a,2026-03-03T11:30:00+00:00,0.998520182902191,1
site_f5bcf8a88a,2026-03-03T11:45:00+00:00,0.998520182902191,1
site_f5bcf8a88a,2026-03-03T12:00:00+00:00,0.998520182902191,1
site_f5bcf8a88a,2026-03-03T12:15:00+00:00,0.998520182902191,1
site_f5bcf8a88a,2026-03-03T12:30:00+00:00,0.998520182902191,1
site_f5bcf8a88a,2026-03-03T12:45:00+00:00,0.998520182902191,1
site_f5bcf8a88a,2026-03-03T13:00:00+00:00,0.998520182902191,1
site_f5bcf8a88a,2026-03-03T13:15:00+00:00,0.998520182902191,1
site_f5bcf8a88a,2026-03-03T13:30:00+00:00,0.998520182902191,1
site_f5bcf8a88a,2026-03-03T13:45:00+00:00,0.998520182902191,1
site_f5bcf8a88a,2026-03-03T14:00:00+00:00,0.998520182902191,1
site_f5bcf8a88a,2026-03-03T14:15:00+00:00,0.998520182902191,1
site_f5bcf8a88a,2026-03-03T14:30:00+00:00,0.998520182902191,1
site_f5bcf8a88a,2026-03-03T14:45:00+00:00,0.998520182902191,1
site_f5bcf8a88a,2026-03-03T15:00:00+00:00,0.9952006808275022,1
site_f5bcf8a88a,2026-03-03T15:15:00+00:00,0.998520182902191,1
site_f5bcf8a88a,2026-03-03T15:30:00+00:00,0.998520182902191,1
site_f5bcf8a88a,2026-03-03T15:45:00+00:00,0.998520182902191,1
site_f5bcf8a88a,2026-03-03T16:00:00+00:00,0.998520182902191,1
site_f5bcf8a88a,2026-03-03T16:15:00+00:00,0.998520182902191,1
site_f5bcf8a88a,2026-03-03T16:30:00+00:00,0.9951303523937163,1
site_f5bcf8a88a,2026-03-03T16:45:00+00:00,0.998520182902191,1
site_f5bcf8a88a,2026-03-03T17:00:00+00:00,0.998520182902191,1
site_f5bcf8a88a,2026-03-03T17:15:00+00:00,0.998520182902191,1
site_f5bcf8a88a,2026-03-03T17:30:00+00:00,0.998520182902191,1
site_f5bcf8a88a,2026-03-03T17:45:00+00:00,0.998520182902191,1
site_f5bcf8a88a,2026-03-03T18:00:00+00:00,0.998520182902191,1
site_f5bcf8a88a,2026-03-03T18:15:00+00:00,0.998520182902191,1
site_f5bcf8a88a,2026-03-03T18:30:00+00:00,0.998520182902191,1
site_f5bcf8a88a,2026-03-03T18:45:00+00:00,0.998520182902191,1
site_f5bcf8a88a,2026-03-03T19:00:00+00:00,0.998520182902191,1
site_f5bcf8a88a,2026-03-03T19:15:00+00:00,0.998520182902191,1
site_f5bcf8a88a,2026-03-03T19:30:00+00:00,0.998520182902191,1
site_f5bcf8a88a,2026-03-03T19:45:00+00:00,0.998520182902191,1
site_f5bcf8a88a,2026-03-03T20:00:00+00:00,0.998520182902191,1
site_f5bcf8a88a,2026-03-03T20:15:00+00:00,0.998520182902191,1
site_f5bcf8a88a,2026-03-03T20:30:00+00:00,0.9951588383643759,1
site_f5bcf8a88a,2026-03-03T20:45:00+00:00,0.9951303523937163,1
site_f5bcf8a88a,2026-03-03T21:00:00+00:00,0.998520182902191,1
site_f5bcf8a88a,2026-03-03T21:15:00+00:00,0.9915937759757838,1
site_f5bcf8a88a,2026-03-03T21:30:00+00:00,0.995071907040122,1
site_f5bcf8a88a,2026-03-03T21:45:00+00:00,0.9915636611630607,1
site_f5bcf8a88a,2026-03-03T22:00:00+00:00,0.991740521885242,1
site_f5bcf8a88a,2026-03-03T22:15:00+00:00,0.9882197537176417,1
site_f5bcf8a88a,2026-03-03T22:30:00+00:00,0.991623631178053,1
site_f5bcf8a88a,2026-03-03T22:45:00+00:00,0.9880854002934953,1
site_f5bcf8a88a,2026-03-03T23:00:00+00:00,0.9906384095031762,1
site_f5bcf8a88a,2026-03-03T23:15:00+00:00,0.9902300274617766,1
site_f5bcf8a88a,2026-03-03T23:30:00+00:00,0.9866389947833791,1
site_f5bcf8a88a,2026-03-03T23:45:00+00:00,0.9866389947833791,1
site_f5bcf8a88a,2026-03-04T00:00:00+00:00,0.9720008458856164,1
site_f5bcf8a88a,2026-03-04T00:15:00+00:00,0.9755536757251573,1
site_f5bcf8a88a,2026-03-04T00:30:00+00:00,0.9831355675175754,1
site_f5bcf8a88a,2026-03-04T00:45:00+00:00,0.9829862023196668,1
site_f5bcf8a88a,2026-03-04T01:00:00+00:00,0.9761946015068421,1
site_f5bcf8a88a,2026-03-04T01:15:00+00:00,0.9804206353908785,1
site_f5bcf8a88a,2026-03-04T01:30:00+00:00,0.9876110919931002,1
site_f5bcf8a88a,2026-03-04T01:45:00+00:00,0.9808210678579432,1
site_f5bcf8a88a,2026-03-04T02:00:00+00:00,0.9805021648841731,1
site_f5bcf8a88a,2026-03-04T02:15:00+00:00,0.9842344686164765,1
site_f5bcf8a88a,2026-03-04T02:30:00+00:00,0.9773748084528517,1
site_f5bcf8a88a,2026-03-04T02:45:00+00:00,0.9879938671127171,1
site_f5bcf8a88a,2026-03-04T03:00:00+00:00,0.9844850951828927,1
site_f5bcf8a88a,2026-03-04T03:15:00+00:00,0.981352800927942,1
site_f5bcf8a88a,2026-03-04T03:30:00+00:00,0.9777409621229701,1
site_f5bcf8a88a,2026-03-04T03:45:00+00:00,0.9808990375277418,1
site_f5bcf8a88a,2026-03-04T04:00:00+00:00,0.9812788035918463,1
site_f5bcf8a88a,2026-03-04T04:15:00+00:00,0.9847270794539149,1
site_f5bcf8a88a,2026-03-04T04:30:00+00:00,0.9848449692269771,1
site_f5bcf8a88a,2026-03-04T04:45:00+00:00,0.9847862773227917,1
site_f5bcf8a88a,2026-03-04T05:00:00+00:00,0.9951303523937163,1
site_f5bcf8a88a,2026-03-04T05:15:00+00:00,0.9951303523937163,1
site_f5bcf8a88a,2026-03-04T05:30:00+00:00,0.9951013794833876,1
site_f5bcf8a88a,2026-03-04T05:45:00+00:00,0.998520182902191,1
site_f5bcf8a88a,2026-03-04T06:00:00+00:00,0.9951303523937163,1
site_f5bcf8a88a,2026-03-04T06:15:00+00:00,0.9952006808275022,1
site_f5bcf8a88a,2026-03-04T06:30:00+00:00,0.9952006808275022,1
site_f5bcf8a88a,2026-03-04T06:45:00+00:00,0.9919358207622733,1
site_f5bcf8a88a,2026-03-04T07:00:00+00:00,0.998520182902191,1
site_f5bcf8a88a,2026-03-04T07:15:00+00:00,0.9952813165054298,1
site_f5bcf8a88a,2026-03-04T07:30:00+00:00,0.998520182902191,1
site_f5bcf8a88a,2026-03-04T07:45:00+00:00,0.9952414943776009,1
site_f5bcf8a88a,2026-03-04T08:00:00+00:00,0.9952414943776009,1
site_f5bcf8a88a,2026-03-04T08:15:00+00:00,0.9952813165054298,1
site_f5bcf8a88a,2026-03-04T08:30:00+00:00,0.998520182902191,1
site_f5bcf8a88a,2026-03-04T08:45:00+00:00,0.9952414943776009,1
site_f5bcf8a88a,2026-03-04T09:00:00+00:00,0.9952681503818657,1
site_f5bcf8a88a,2026-03-04T09:15:00+00:00,0.998520182902191,1
site_f5bcf8a88a,2026-03-04T09:30:00+00:00,0.9952813165054298,1
site_f5bcf8a88a,2026-03-04T09:45:00+00:00,0.995254876779742,1
site_f5bcf8a88a,2026-03-04T10:00:00+00:00,0.998520182902191,1
site_f5bcf8a88a,2026-03-04T10:15:00+00:00,0.998520182902191,1
site_f5bcf8a88a,2026-03-04T10:30:00+00:00,0.998520182902191,1
site_f5bcf8a88a,2026-03-04T10:45:00+00:00,0.998520182902191,1
site_f5bcf8a88a,2026-03-04T11:00:00+00:00,0.998520182902191,1
site_f5bcf8a88a,2026-03-04T11:15:00+00:00,0.998520182902191,1
site_f5bcf8a88a,2026-03-04T11:30:00+00:00,0.998520182902191,1
site_f5bcf8a88a,2026-03-04T11:45:00+00:00,0.998520182902191,1
site_f5bcf8a88a,2026-03-04T12:00:00+00:00,0.998520182902191,1
site_f5bcf8a88a,2026-03-04T12:15:00+00:00,0.998520182902191,1
site_f5bcf8a88a,2026-03-04T12:30:00+00:00,0.998520182902191,1
site_f5bcf8a88a,2026-03-04T12:45:00+00:00,0.998520182902191,1
site_f5bcf8a88a,2026-03-04T13:00:00+00:00,0.998520182902191,1
site_f5bcf8a88a,2026-03-04T13:15:00+00:00,0.998520182902191,1
site_f5bcf8a88a,2026-03-04T13:30:00+00:00,0.998520182902191,1
site_f5bcf8a88a,2026-03-04T13:45:00+00:00,0.998520182902191,1
site_f5bcf8a88a,2026-03-04T14:00:00+00:00,0.998520182902191,1
site_f5bcf8a88a,2026-03-04T14:15:00+00:00,0.998520182902191,1
site_f5bcf8a88a,2026-03-04T14:30:00+00:00,0.998520182902191,1
site_f5bcf8a88a,2026-03-04T14:45:00+00:00,0.998520182902191,1
site_f5bcf8a88a,2026-03-04T15:00:00+00:00,0.9952006808275022,1
site_f5bcf8a88a,2026-03-04T15:15:00+00:00,0.998520182902191,1
site_f5bcf8a88a,2026-03-04T15:30:00+00:00,0.998520182902191,1
site_f5bcf8a88a,2026-03-04T15:45:00+00:00,0.998520182902191,1
site_f5bcf8a88a,2026-03-04T16:00:00+00:00,0.998520182902191,1
site_f5bcf8a88a,2026-03-04T16:15:00+00:00,0.998520182902191,1
site_f5bcf8a88a,2026-03-04T16:30:00+00:00,0.9951303523937163,1
site_f5bcf8a88a,2026-03-04T16:45:00+00:00,0.998520182902191,1
site_f5bcf8a88a,2026-03-04T17:00:00+00:00,0.998520182902191,1
site_f5bcf8a88a,2026-03-04T17:15:00+00:00,0.998520182902191,1
site_f5bcf8a88a,2026-03-04T17:30:00+00:00,0.998520182902191,1
site_f5bcf8a88a,2026-03-04T17:45:00+00:00,0.998520182902191,1
site_f5bcf8a88a,2026-03-04T18:00:00+00:00,0.998520182902191,1
site_f5bcf8a88a,2026-03-04T18:15:00+00:00,0.998520182902191,1
site_f5bcf8a88a,2026-03-04T18:30:00+00:00,0.998520182902191,1
site_f5bcf8a88a,2026-03-04T18:45:00+00:00,0.998520182902191,1
site_f5bcf8a88a,2026-03-04T19:00:00+00:00,0.998520182902191,1
site_f5bcf8a88a,2026-03-04T19:15:00+00:00,0.998520182902191,1
site_f5bcf8a88a,2026-03-04T19:30:00+00:00,0.998520182902191,1
site_f5bcf8a88a,2026-03-04T19:45:00+00:00,0.998520182902191,1
site_f5bcf8a88a,2026-03-04T20:00:00+00:00,0.998520182902191,1
site_f5bcf8a88a,2026-03-04T20:15:00+00:00,0.998520182902191,1
site_f5bcf8a88a,2026-03-04T20:30:00+00:00,0.9951588383643759,1
site_f5bcf8a88a,2026-03-04T20:45:00+00:00,0.9951303523937163,1
site_f5bcf8a88a,2026-03-04T21:00:00+00:00,0.998520182902191,1
site_f5bcf8a88a,2026-03-04T21:15:00+00:00,0.9915937759757838,1
site_f5bcf8a88a,2026-03-04T21:30:00+00:00,0.995071907040122,1
site_f5bcf8a88a,2026-03-04T21:45:00+00:00,0.9915636611630607,1
site_f5bcf8a88a,2026-03-04T22:00:00+00:00,0.991740521885242,1
site_f5bcf8a88a,2026-03-04T22:15:00+00:00,0.9882197537176417,1
site_f5bcf8a88a,2026-03-04T22:30:00+00:00,0.991623631178053,1
site_f5bcf8a88a,2026-03-04T22:45:00+00:00,0.9880854002934953,1
site_f5bcf8a88a,2026-03-04T23:00:00+00:00,0.9906384095031762,1
site_f5bcf8a88a,2026-03-04T23:15:00+00:00,0.9902300274617766,1
site_f5bcf8a88a,2026-03-04T23:30:00+00:00,0.9866389947833791,1
site_f5bcf8a88a,2026-03-04T23:45:00+00:00,0.9866389947833791,1
site_f5bcf8a88a,2026-03-05T00:00:00+00:00,0.9720008458856164,1
site_f5bcf8a88a,2026-03-05T00:15:00+00:00,0.9755536757251573,1
site_f5bcf8a88a,2026-03-05T00:30:00+00:00,0.9831355675175754,1
site_f5bcf8a88a,2026-03-05T00:45:00+00:00,0.9829862023196668,1
site_f5bcf8a88a,2026-03-05T01:00:00+00:00,0.9761946015068421,1
site_f5bcf8a88a,2026-03-05T01:15:00+00:00,0.9804206353908785,1
site_f5bcf8a88a,2026-03-05T01:30:00+00:00,0.9876110919931002,1
site_f5bcf8a88a,2026-03-05T01:45:00+00:00,0.9808210678579432,1
site_f5bcf8a88a,2026-03-05T02:00:00+00:00,0.9805021648841731,1
site_f5bcf8a88a,2026-03-05T02:15:00+00:00,0.9842344686164765,1
site_f5bcf8a88a,2026-03-05T02:30:00+00:00,0.9773748084528517,1
site_f5bcf8a88a,2026-03-05T02:45:00+00:00,0.9879938671127171,1
site_f5bcf8a88a,2026-03-05T03:00:00+00:00,0.9844850951828927,1
site_f5bcf8a88a,2026-03-05T03:15:00+00:00,0.981352800927942,1
site_f5bcf8a88a,2026-03-05T03:30:00+00:00,0.9777409621229701,1
site_f5bcf8a88a,2026-03-05T03:45:00+00:00,0.9808990375277418,1
site_f5bcf8a88a,2026-03-05T04:00:00+00:00,0.9812788035918463,1
site_f5bcf8a88a,2026-03-05T04:15:00+00:00,0.9847270794539149,1
site_f5bcf8a88a,2026-03-05T04:30:00+00:00,0.9848449692269771,1
site_f5bcf8a88a,2026-03-05T04:45:00+00:00,0.9847862773227917,1
site_f5bcf8a88a,2026-03-05T05:00:00+00:00,0.9951303523937163,1
site_f5bcf8a88a,2026-03-05T05:15:00+00:00,0.9951303523937163,1
site_f5bcf8a88a,2026-03-05T05:30:00+00:00,0.9951013794833876,1
site_f5bcf8a88a,2026-03-05T05:45:00+00:00,0.998520182902191,1
site_f5bcf8a88a,2026-03-05T06:00:00+00:00,0.9951303523937163,1
site_f5bcf8a88a,2026-03-05T06:15:00+00:00,0.9952006808275022,1
site_f5bcf8a88a,2026-03-05T06:30:00+00:00,0.9952006808275022,1
site_f5bcf8a88a,2026-03-05T06:45:00+00:00,0.9919358207622733,1
site_f5bcf8a88a,2026-03-05T07:00:00+00:00,0.998520182902191,1
site_f5bcf8a88a,2026-03-05T07:15:00+00:00,0.9952813165054298,1
site_f5bcf8a88a,2026-03-05T07:30:00+00:00,0.998520182902191,1
site_f5bcf8a88a,2026-03-05T07:45:00+00:00,0.9952414943776009,1
site_f5bcf8a88a,2026-03-05T08:00:00+00:00,0.9952414943776009,1
site_f5bcf8a88a,2026-03-05T08:15:00+00:00,0.9952813165054298,1
site_f5bcf8a88a,2026-03-05T08:30:00+00:00,0.998520182902191,1
site_f5bcf8a88a,2026-03-05T08:45:00+00:00,0.9952414943776009,1
site_f5bcf8a88a,2026-03-05T09:00:00+00:00,0.9952681503818657,1
site_f5bcf8a88a,2026-03-05T09:15:00+00:00,0.998520182902191,1
site_f5bcf8a88a,2026-03-05T09:30:00+00:00,0.9952813165054298,1
site_f5bcf8a88a,2026-03-05T09:45:00+00:00,0.995254876779742,1
site_f5bcf8a88a,2026-03-05T10:00:00+00:00,0.998520182902191,1
site_f5bcf8a88a,2026-03-05T10:15:00+00:00,0.998520182902191,1
site_f5bcf8a88a,2026-03-05T10:30:00+00:00,0.998520182902191,1
site_f5bcf8a88a,2026-03-05T10:45:00+00:00,0.998520182902191,1
site_f5bcf8a88a,2026-03-05T11:00:00+00:00,0.998520182902191,1
site_f5bcf8a88a,2026-03-05T11:15:00+00:00,0.998520182902191,1
site_f5bcf8a88a,2026-03-05T11:30:00+00:00,0.998520182902191,1
site_f5bcf8a88a,2026-03-05T11:45:00+00:00,0.998520182902191,1
site_f5bcf8a88a,2026-03-05T12:00:00+00:00,0.998520182902191,1
site_f5bcf8a88a,2026-03-05T12:15:00+00:00,0.998520182902191,1
site_f5bcf8a88a,2026-03-05T12:30:00+00:00,0.998520182902191,1
site_f5bcf8a88a,2026-03-05T12:45:00+00:00,0.998520182902191,1
site_f5bcf8a88a,2026-03-05T13:00:00+00:00,0.998520182902191,1
site_f5bcf8a88a,2026-03-05T13:15:00+00:00,0.998520182902191,1
site_f5bcf8a88a,2026-03-05T13:30:00+00:00,0.998520182902191,1
site_f5bcf8a88a,2026-03-05T13:45:00+00:00,0.998520182902191,1
site_f5bcf8a88a,2026-03-05T14:00:00+00:00,0.998520182902191,1
site_f5bcf8a88a,2026-03-05T14:15:00+00:00,0.998520182902191,1
site_f5bcf8a88a,2026-03-05T14:30:00+00:00,0.998520182902191,1
site_f5bcf8a88a,2026-03-05T14:45:00+00:00,0.998520182902191,1
site_f5bcf8a88a,2026-03-05T15:00:00+00:00,0.9952006808275022,1
site_f5bcf8a88a,2026-03-05T15:15:00+00:00,0.998520182902191,1
site_f5bcf8a88a,2026-03-05T15:30:00+00:00,0.998520182902191,1
site_f5bcf8a88a,2026-03-05T15:45:00+00:00,0.998520182902191,1
site_f5bcf8a88a,2026-03-05T16:00:00+00:00,0.998520182902191,1
site_f5bcf8a88a,2026-03-05T16:15:00+00:00,0.998520182902191,1
site_f5bcf8a88a,2026-03-05T16:30:00+00:00,0.9951303523937163,1
site_f5bcf8a88a,2026-03-05T16:45:00+00:00,0.998520182902191,1
site_f5bcf8a88a,2026-03-05T17:00:00+00:00,0.998520182902191,1
site_f5bcf8a88a,2026-03-05T17:15:00+00:00,0.998520182902191,1
site_f5bcf8a88a,2026-03-05T17:30:00+00:00,0.998520182902191,1
site_f5bcf8a88a,2026-03-05T17:45:00+00:00,0.998520182902191,1
site_f5bcf8a88a,2026-03-05T18:00:00+00:00,0.998520182902191,1
site_f5bcf8a88a,2026-03-05T18:15:00+00:00,0.998520182902191,1
site_f5bcf8a88a,2026-03-05T18:30:00+00:00,0.998520182902191,1
site_f5bcf8a88a,2026-03-05T18:45:00+00:00,0.998520182902191,1
site_f5bcf8a88a,2026-03-05T19:00:00+00:00,0.998520182902191,1
site_f5bcf8a88a,2026-03-05T19:15:00+00:00,0.998520182902191,1
site_f5bcf8a88a,2026-03-05T19:30:00+00:00,0.998520182902191,1
site_f5bcf8a88a,2026-03-05T19:45:00+00:00,0.998520182902191,1
site_f5bcf8a88a,2026-03-05T20:00:00+00:00,0.998520182902191,1
site_f5bcf8a88a,2026-03-05T20:15:00+00:00,0.998520182902191,1
site_f5bcf8a88a,2026-03-05T20:30:00+00:00,0.9951588383643759,1
site_f5bcf8a88a,2026-03-05T20:45:00+00:00,0.9951303523937163,1
site_f5bcf8a88a,2026-03-05T21:00:00+00:00,0.998520182902191,1
site_f5bcf8a88a,2026-03-05T21:15:00+00:00,0.9915937759757838,1
site_f5bcf8a88a,2026-03-05T21:30:00+00:00,0.995071907040122,1
site_f5bcf8a88a,2026-03-05T21:45:00+00:00,0.9915636611630607,1
site_f5bcf8a88a,2026-03-05T22:00:00+00:00,0.991740521885242,1
site_f5bcf8a88a,2026-03-05T22:15:00+00:00,0.9882197537176417,1
site_f5bcf8a88a,2026-03-05T22:30:00+00:00,0.991623631178053,1
site_f5bcf8a88a,2026-03-05T22:45:00+00:00,0.9880854002934953,1
site_f5bcf8a88a,2026-03-05T23:00:00+00:00,0.9906384095031762,1
site_f5bcf8a88a,2026-03-05T23:15:00+00:00,0.9902300274617766,1
site_f5bcf8a88a,2026-03-05T23:30:00+00:00,0.9866389947833791,1
site_f5bcf8a88a,2026-03-05T23:45:00+00:00,0.9866389947833791,1
site_f5bcf8a88a,2026-03-06T00:00:00+00:00,0.9720008458856164,1
site_f5bcf8a88a,2026-03-06T00:15:00+00:00,0.9755536757251573,1
site_f5bcf8a88a,2026-03-06T00:30:00+00:00,0.9831355675175754,1
site_f5bcf8a88a,2026-03-06T00:45:00+00:00,0.9829862023196668,1
site_f5bcf8a88a,2026-03-06T01:00:00+00:00,0.9761946015068421,1
site_f5bcf8a88a,2026-03-06T01:15:00+00:00,0.9804206353908785,1
site_f5bcf8a88a,2026-03-06T01:30:00+00:00,0.9876110919931002,1
site_f5bcf8a88a,2026-03-06T01:45:00+00:00,0.9808210678579432,1
site_f5bcf8a88a,2026-03-06T02:00:00+00:00,0.9805021648841731,1
site_f5bcf8a88a,2026-03-06T02:15:00+00:00,0.9842344686164765,1
site_f5bcf8a88a,2026-03-06T02:30:00+00:00,0.9773748084528517,1
site_f5bcf8a88a,2026-03-06T02:45:00+00:00,0.9879938671127171,1
site_f5bcf8a88a,2026-03-06T03:00:00+00:00,0.9844850951828927,1
site_f5bcf8a88a,2026-03-06T03:15:00+00:00,0.981352800927942,1
site_f5bcf8a88a,2026-03-06T03:30:00+00:00,0.9777409621229701,1
site_f5bcf8a88a,2026-03-06T03:45:00+00:00,0.9808990375277418,1
site_f5bcf8a88a,2026-03-06T04:00:00+00:00,0.9812788035918463,1
site_f5bcf8a88a,2026-03-06T04:15:00+00:00,0.9847270794539149,1
site_f5bcf8a88a,2026-03-06T04:30:00+00:00,0.9848449692269771,1
site_f5bcf8a88a,2026-03-06T04:45:00+00:00,0.9847862773227917,1
site_f5bcf8a88a,2026-03-06T05:00:00+00:00,0.9951303523937163,1
site_f5bcf8a88a,2026-03-06T05:15:00+00:00,0.9951303523937163,1
site_f5bcf8a88a,2026-03-06T05:30:00+00:00,0.9951013794833876,1
site_f5bcf8a88a,2026-03-06T05:45:00+00:00,0.998520182902191,1
site_f5bcf8a88a,2026-03-06T06:00:00+00:00,0.9951303523937163,1
site_f5bcf8a88a,2026-03-06T06:15:00+00:00,0.9952006808275022,1
site_f5bcf8a88a,2026-03-06T06:30:00+00:00,0.9952006808275022,1
site_f5bcf8a88a,2026-03-06T06:45:00+00:00,0.9919358207622733,1
site_f5bcf8a88a,2026-03-06T07:00:00+00:00,0.998520182902191,1
site_f5bcf8a88a,2026-03-06T07:15:00+00:00,0.9952813165054298,1
site_f5bcf8a88a,2026-03-06T07:30:00+00:00,0.998520182902191,1
site_f5bcf8a88a,2026-03-06T07:45:00+00:00,0.9952414943776009,1
site_f5bcf8a88a,2026-03-06T08:00:00+00:00,0.9952414943776009,1
site_f5bcf8a88a,2026-03-06T08:15:00+00:00,0.9952813165054298,1
site_f5bcf8a88a,2026-03-06T08:30:00+00:00,0.998520182902191,1
site_f5bcf8a88a,2026-03-06T08:45:00+00:00,0.9952414943776009,1
site_f5bcf8a88a,2026-03-06T09:00:00+00:00,0.9952681503818657,1
site_f5bcf8a88a,2026-03-06T09:15:00+00:00,0.998520182902191,1
site_f5bcf8a88a,2026-03-06T09:30:00+00:00,0.9952813165054298,1
site_f5bcf8a88a,2026-03-06T09:45:00+00:00,0.995254876779742,1
site_f5bcf8a88a,2026-03-06T10:00:00+00:00,0.998520182902191,1
site_f5bcf8a88a,2026-03-06T10:15:00+00:00,0.998520182902191,1
site_f5bcf8a88a,2026-03-06T10:30:00+00:00,0.998520182902191,1
site_f5bcf8a88a,2026-03-06T10:45:00+00:00,0.998520182902191,1
site_f5bcf8a88a,2026-03-06T11:00:00+00:00,0.998520182902191,1
site_f5bcf8a88a,2026-03-06T11:15:00+00:00,0.998520182902191,1
site_f5bcf8a88a,2026-03-06T11:30:00+00:00,0.998520182902191,1
site_f5bcf8a88a,2026-03-06T11:45:00+00:00,0.998520182902191,1
site_f5bcf8a88a,2026-03-06T12:00:00+00:00,0.998520182902191,1
site_f5bcf8a88a,2026-03-06T12:15:00+00:00,0.998520182902191,1
site_f5bcf8a88a,2026-03-06T12:30:00+00:00,0.998520182902191,1
site_f5bcf8a88a,2026-03-06T12:45:00+00:00,0.998520182902191,1
site_f5bcf8a88a,2026-03-06T13:00:00+00:00,0.998520182902191,1
site_f5bcf8a88a,2026-03-06T13:15:00+00:00,0.998520182902191,1
site_f5bcf8a88a,2026-03-06T13:30:00+00:00,0.998520182902191,1
site_f5bcf8a88a,2026-03-06T13:45:00+00:00,0.998520182902191,1
site_f5bcf8a88a,2026-03-06T14:00:00+00:00,0.998520182902191,1
site_f5bcf8a88a,2026-03-06T14:15:00+00:00,0.998520182902191,1
site_f5bcf8a88a,2026-03-06T14:30:00+00:00,0.998520182902191,1
site_f5bcf8a88a,2026-03-06T14:45:00+00:00,0.998520182902191,1
site_f5bcf8a88a,2026-03-06T15:00:00+00:00,0.9952006808275022,1
site_f5bcf8a88a,2026-03-06T15:15:00+00:00,0.998520182902191,1
site_f5bcf8a88a,2026-03-06T15:30:00+00:00,0.998520182902191,1
site_f5bcf8a88a,2026-03-06T15:45:00+00:00,0.998520182902191,1
site_f5bcf8a88a,2026-03-06T16:00:00+00:00,0.998520182902191,1
site_f5bcf8a88a,2026-03-06T16:15:00+00:00,0.998520182902191,1
site_f5bcf8a88a,2026-03-06T16:30:00+00:00,0.9951303523937163,1
site_f5bcf8a88a,2026-03-06T16:45:00+00:00,0.998520182902191,1
site_f5bcf8a88a,2026-03-06T17:00:00+00:00,0.998520182902191,1
site_f5bcf8a88a,2026-03-06T17:15:00+00:00,0.998520182902191,1
site_f5bcf8a88a,2026-03-06T17:30:00+00:00,0.998520182902191,1
site_f5bcf8a88a,2026-03-06T17:45:00+00:00,0.998520182902191,1
site_f5bcf8a88a,2026-03-06T18:00:00+00:00,0.998520182902191,1
site_f5bcf8a88a,2026-03-06T18:15:00+00:00,0.998520182902191,1
site_f5bcf8a88a,2026-03-06T18:30:00+00:00,0.998520182902191,1
site_f5bcf8a88a,2026-03-06T18:45:00+00:00,0.998520182902191,1
site_f5bcf8a88a,2026-03-06T19:00:00+00:00,0.998520182902191,1
site_f5bcf8a88a,2026-03-06T19:15:00+00:00,0.998520182902191,1
site_f5bcf8a88a,2026-03-06T19:30:00+00:00,0.998520182902191,1
site_f5bcf8a88a,2026-03-06T19:45:00+00:00,0.998520182902191,1
site_f5bcf8a88a,2026-03-06T20:00:00+00:00,0.998520182902191,1
site_f5bcf8a88a,2026-03-06T20:15:00+00:00,0.998520182902191,1
site_f5bcf8a88a,2026-03-06T20:30:00+00:00,0.9951588383643759,1
site_f5bcf8a88a,2026-03-06T20:45:00+00:00,0.9951303523937163,1
site_f5bcf8a88a,2026-03-06T21:00:00+00:00,0.998520182902191,1
site_f5bcf8a88a,2026-03-06T21:15:00+00:00,0.9915937759757838,1
site_f5bcf8a88a,2026-03-06T21:30:00+00:00,0.995071907040122,1
site_f5bcf8a88a,2026-03-06T21:45:00+00:00,0.9915636611630607,1
site_f5bcf8a88a,2026-03-06T22:00:00+00:00,0.991740521885242,1
site_f5bcf8a88a,2026-03-06T22:15:00+00:00,0.9882197537176417,1
site_f5bcf8a88a,2026-03-06T22:30:00+00:00,0.991623631178053,1
site_f5bcf8a88a,2026-03-06T22:45:00+00:00,0.9880854002934953,1
site_f5bcf8a88a,2026-03-06T23:00:00+00:00,0.9906384095031762,1
site_f5bcf8a88a,2026-03-06T23:15:00+00:00,0.9902300274617766,1
site_f5bcf8a88a,2026-03-06T23:30:00+00:00,0.9866389947833791,1
site_f5bcf8a88a,2026-03-06T23:45:00+00:00,0.9866389947833791,1
site_f5bcf8a88a,2026-03-07T00:00:00+00:00,0.9720008458856164,1
site_f5bcf8a88a,2026-03-07T00:15:00+00:00,0.9755536757251573,1
site_f5bcf8a88a,2026-03-07T00:30:00+00:00,0.9831355675175754,1
site_f5bcf8a88a,2026-03-07T00:45:00+00:00,0.9829862023196668,1
site_f5bcf8a88a,2026-03-07T01:00:00+00:00,0.9761946015068421,1
site_f5bcf8a88a,2026-03-07T01:15:00+00:00,0.9804206353908785,1
site_f5bcf8a88a,2026-03-07T01:30:00+00:00,0.9876110919931002,1
site_f5bcf8a88a,2026-03-07T01:45:00+00:00,0.9808210678579432,1
site_f5bcf8a88a,2026-03-07T02:00:00+00:00,0.9805021648841731,1
site_f5bcf8a88a,2026-03-07T02:15:00+00:00,0.9842344686164765,1
site_f5bcf8a88a,2026-03-07T02:30:00+00:00,0.9773748084528517,1
site_f5bcf8a88a,2026-03-07T02:45:00+00:00,0.9879938671127171,1
site_f5bcf8a88a,2026-03-07T03:00:00+00:00,0.9844850951828927,1
site_f5bcf8a88a,2026-03-07T03:15:00+00:00,0.981352800927942,1
site_f5bcf8a88a,2026-03-07T03:30:00+00:00,0.9777409621229701,1
site_f5bcf8a88a,2026-03-07T03:45:00+00:00,0.9808990375277418,1
site_f5bcf8a88a,2026-03-07T04:00:00+00:00,0.9812788035918463,1
site_f5bcf8a88a,2026-03-07T04:15:00+00:00,0.9847270794539149,1
site_f5bcf8a88a,2026-03-07T04:30:00+00:00,0.9848449692269771,1
site_f5bcf8a88a,2026-03-07T04:45:00+00:00,0.9847862773227917,1
site_f5bcf8a88a,2026-03-07T05:00:00+00:00,0.9951303523937163,1
site_f5bcf8a88a,2026-03-07T05:15:00+00:00,0.9951303523937163,1
site_f5bcf8a88a,2026-03-07T05:30:00+00:00,0.9951013794833876,1
site_f5bcf8a88a,2026-03-07T05:45:00+00:00,0.998520182902191,1
site_f5bcf8a88a,2026-03-07T06:00:00+00:00,0.9951303523937163,1
site_f5bcf8a88a,2026-03-07T06:15:00+00:00,0.9952006808275022,1
site_f5bcf8a88a,2026-03-07T06:30:00+00:00,0.9952006808275022,1
site_f5bcf8a88a,2026-03-07T06:45:00+00:00,0.9919358207622733,1
site_f5bcf8a88a,2026-03-07T07:00:00+00:00,0.998520182902191,1
site_f5bcf8a88a,2026-03-07T07:15:00+00:00,0.9952813165054298,1
site_f5bcf8a88a,2026-03-07T07:30:00+00:00,0.998520182902191,1
site_f5bcf8a88a,2026-03-07T07:45:00+00:00,0.9952414943776009,1
site_f5bcf8a88a,2026-03-07T08:00:00+00:00,0.9952414943776009,1
site_f5bcf8a88a,2026-03-07T08:15:00+00:00,0.9952813165054298,1
site_f5bcf8a88a,2026-03-07T08:30:00+00:00,0.998520182902191,1
site_f5bcf8a88a,2026-03-07T08:45:00+00:00,0.9952414943776009,1
site_f5bcf8a88a,2026-03-07T09:00:00+00:00,0.9952681503818657,1
site_f5bcf8a88a,2026-03-07T09:15:00+00:00,0.998520182902191,1
site_f5bcf8a88a,2026-03-07T09:30:00+00:00,0.9952813165054298,1
site_f5bcf8a88a,2026-03-07T09:45:00+00:00,0.995254876779742,1
site_f5bcf8a88a,2026-03-07T10:00:00+00:00,0.998520182902191,1
site_f5bcf8a88a,2026-03-07T10:15:00+00:00,0.998520182902191,1
site_f5bcf8a88a,2026-03-07T10:30:00+00:00,0.998520182902191,1
site_f5bcf8a88a,2026-03-07T10:45:00+00:00,0.998520182902191,1
site_f5bcf8a88a,2026-03-07T11:00:00+00:00,0.998520182902191,1
site_f5bcf8a88a,2026-03-07T11:15:00+00:00,0.998520182902191,1
site_f5bcf8a88a,2026-03-07T11:30:00+00:00,0.998520182902191,1
site_f5bcf8a88a,2026-03-07T11:45:00+00:00,0.998520182902191,1
site_f5bcf8a88a,2026-03-07T12:00:00+00:00,0.998520182902191,1
site_f5bcf8a88a,2026-03-07T12:15:00+00:00,0.998520182902191,1
site_f5bcf8a88a,2026-03-07T12:30:00+00:00,0.998520182902191,1
site_f5bcf8a88a,2026-03-07T12:45:00+00:00,0.998520182902191,1
site_f5bcf8a88a,2026-03-07T13:00:00+00:00,0.998520182902191,1
site_f5bcf8a88a,2026-03-07T13:15:00+00:00,0.998520182902191,1
site_f5bcf8a88a,2026-03-07T13:30:00+00:00,0.998520182902191,1
site_f5bcf8a88a,2026-03-07T13:45:00+00:00,0.998520182902191,1
site_f5bcf8a88a,2026-03-07T14:00:00+00:00,0.998520182902191,1
site_f5bcf8a88a,2026-03-07T14:15:00+00:00,0.998520182902191,1
site_f5bcf8a88a,2026-03-07T14:30:00+00:00,0.998520182902191,1
site_f5bcf8a88a,2026-03-07T14:45:00+00:00,0.998520182902191,1
site_f5bcf8a88a,2026-03-07T15:00:00+00:00,0.9952006808275022,1
site_f5bcf8a88a,2026-03-07T15:15:00+00:00,0.998520182902191,1
site_f5bcf8a88a,2026-03-07T15:30:00+00:00,0.998520182902191,1
site_f5bcf8a88a,2026-03-07T15:45:00+00:00,0.998520182902191,1
site_f5bcf8a88a,2026-03-07T16:00:00+00:00,0.998520182902191,1
site_f5bcf8a88a,2026-03-07T16:15:00+00:00,0.998520182902191,1
site_f5bcf8a88a,2026-03-07T16:30:00+00:00,0.9951303523937163,1
site_f5bcf8a88a,2026-03-07T16:45:00+00:00,0.998520182902191,1
site_f5bcf8a88a,2026-03-07T17:00:00+00:00,0.998520182902191,1
site_f5bcf8a88a,2026-03-07T17:15:00+00:00,0.998520182902191,1
site_f5bcf8a88a,2026-03-07T17:30:00+00:00,0.998520182902191,1
site_f5bcf8a88a,2026-03-07T17:45:00+00:00,0.998520182902191,1
site_f5bcf8a88a,2026-03-07T18:00:00+00:00,0.998520182902191,1
site_f5bcf8a88a,2026-03-07T18:15:00+00:00,0.998520182902191,1
site_f5bcf8a88a,2026-03-07T18:30:00+00:00,0.998520182902191,1
site_f5bcf8a88a,2026-03-07T18:45:00+00:00,0.998520182902191,1
site_f5bcf8a88a,2026-03-07T19:00:00+00:00,0.998520182902191,1
site_f5bcf8a88a,2026-03-07T19:15:00+00:00,0.998520182902191,1
site_f5bcf8a88a,2026-03-07T19:30:00+00:00,0.998520182902191,1
site_f5bcf8a88a,2026-03-07T19:45:00+00:00,0.998520182902191,1
site_f5bcf8a88a,2026-03-07T20:00:00+00:00,0.998520182902191,1
site_f5bcf8a88a,2026-03-07T20:15:00+00:00,0.998520182902191,1
site_f5bcf8a88a,2026-03-07T20:30:00+00:00,0.9951588383643759,1
site_f5bcf8a88a,2026-03-07T20:45:00+00:00,0.9951303523937163,1
site_f5bcf8a88a,2026-03-07T21:00:00+00:00,0.998520182902191,1
site_f5bcf8a88a,2026-03-07T21:15:00+00:00,0.9915937759757838,1
site_f5bcf8a88a,2026-03-07T21:30:00+00:00,0.995071907040122,1
site_f5bcf8a88a,2026-03-07T21:45:00+00:00,0.9915636611630607,1
site_f5bcf8a88a,2026-03-07T22:00:00+00:00,0.991740521885242,1
site_f5bcf8a88a,2026-03-07T22:15:00+00:00,0.9882197537176417,1
site_f5bcf8a88a,2026-03-07T22:30:00+00:00,0.991623631178053,1
site_f5bcf8a88a,2026-03-07T22:45:00+00:00,0.9880854002934953,1
site_f5bcf8a88a,2026-03-07T23:00:00+00:00,0.9906384095031762,1
site_f5bcf8a88a,2026-03-07T23:15:00+00:00,0.9902300274617766,1
site_f5bcf8a88a,2026-03-07T23:30:00+00:00,0.9866389947833791,1
site_f5bcf8a88a,2026-03-07T23:45:00+00:00,0.9866389947833791,1
site_f5bcf8a88a,2026-03-08T00:00:00+00:00,0.9720008458856164,1
site_f5bcf8a88a,2026-03-08T00:15:00+00:00,0.9755536757251573,1
site_f5bcf8a88a,2026-03-08T00:30:00+00:00,0.9831355675175754,1
site_f5bcf8a88a,2026-03-08T00:45:00+00:00,0.9829862023196668,1
site_f5bcf8a88a,2026-03-08T01:00:00+00:00,0.9761946015068421,1
site_f5bcf8a88a,2026-03-08T01:15:00+00:00,0.9804206353908785,1
site_f5bcf8a88a,2026-03-08T01:30:00+00:00,0.9876110919931002,1
site_f5bcf8a88a,2026-03-08T01:45:00+00:00,0.9808210678579432,1
site_f5bcf8a88a,2026-03-08T02:00:00+00:00,0.9805021648841731,1
site_f5bcf8a88a,2026-03-08T02:15:00+00:00,0.9842344686164765,1
site_f5bcf8a88a,2026-03-08T02:30:00+00:00,0.9773748084528517,1
site_f5bcf8a88a,2026-03-08T02:45:00+00:00,0.9879938671127171,1
site_f5bcf8a88a,2026-03-08T03:00:00+00:00,0.9844850951828927,1
site_f5bcf8a88a,2026-03-08T03:15:00+00:00,0.981352800927942,1
site_f5bcf8a88a,2026-03-08T03:30:00+00:00,0.9777409621229701,1
site_f5bcf8a88a,2026-03-08T03:45:00+00:00,0.9808990375277418,1
site_f5bcf8a88a,2026-03-08T04:00:00+00:00,0.9812788035918463,1
site_f5bcf8a88a,2026-03-08T04:15:00+00:00,0.9847270794539149,1
site_f5bcf8a88a,2026-03-08T04:30:00+00:00,0.9848449692269771,1
site_f5bcf8a88a,2026-03-08T04:45:00+00:00,0.9847862773227917,1
site_f5bcf8a88a,2026-03-08T05:00:00+00:00,0.9951303523937163,1
site_f5bcf8a88a,2026-03-08T05:15:00+00:00,0.9951303523937163,1
site_f5bcf8a88a,2026-03-08T05:30:00+00:00,0.9951013794833876,1
site_f5bcf8a88a,2026-03-08T05:45:00+00:00,0.998520182902191,1
site_f5bcf8a88a,2026-03-08T06:00:00+00:00,0.9951303523937163,1
site_f5bcf8a88a,2026-03-08T06:15:00+00:00,0.9952006808275022,1
site_f5bcf8a88a,2026-03-08T06:30:00+00:00,0.9952006808275022,1
site_f5bcf8a88a,2026-03-08T06:45:00+00:00,0.9919358207622733,1
site_f5bcf8a88a,2026-03-08T07:00:00+00:00,0.998520182902191,1
site_f5bcf8a88a,2026-03-08T07:15:00+00:00,0.9952813165054298,1
site_f5bcf8a88a,2026-03-08T07:30:00+00:00,0.998520182902191,1
site_f5bcf8a88a,2026-03-08T07:45:00+00:00,0.9952414943776009,1
site_f5bcf8a88a,2026-03-08T08:00:00+00:00,0.9952414943776009,1
site_f5bcf8a88a,2026-03-08T08:15:00+00:00,0.9952813165054298,1
site_f5bcf8a88a,2026-03-08T08:30:00+00:00,0.998520182902191,1
site_f5bcf8a88a,2026-03-08T08:45:00+00:00,0.9952414943776009,1
site_f5bcf8a88a,2026-03-08T09:00:00+00:00,0.9952681503818657,1
site_f5bcf8a88a,2026-03-08T09:15:00+00:00,0.998520182902191,1
site_f5bcf8a88a,2026-03-08T09:30:00+00:00,0.9952813165054298,1
site_f5bcf8a88a,2026-03-08T09:45:00+00:00,0.995254876779742,1
site_f5bcf8a88a,2026-03-08T10:00:00+00:00,0.998520182902191,1
site_f5bcf8a88a,2026-03-08T10:15:00+00:00,0.998520182902191,1
site_f5bcf8a88a,2026-03-08T10:30:00+00:00,0.998520182902191,1
site_f5bcf8a88a,2026-03-08T10:45:00+00:00,0.998520182902191,1
site_f5bcf8a88a,2026-03-08T11:00:00+00:00,0.998520182902191,1
site_f5bcf8a88a,2026-03-08T11:15:00+00:00,0.998520182902191,1
site_f5bcf8a88a,2026-03-08T11:30:00+00:00,0.998520182902191,1
site_f5bcf8a88a,2026-03-08T11:45:00+00:00,0.998520182902191,1
site_f5bcf8a88a,2026-03-08T12:00:00+00:00,0.998520182902191,1
site_f5bcf8a88a,2026-03-08T12:15:00+00:00,0.998520182902191,1
site_f5bcf8a88a,2026-03-08T12:30:00+00:00,0.998520182902191,1
site_f5bcf8a88a,2026-03-08T12:45:00+00:00,0.998520182902191,1
site_f5bcf8a88a,2026-03-08T13:00:00+00:00,0.998520182902191,1
site_f5bcf8a88a,2026-03-08T13:15:00+00:00,0.998520182902191,1
site_f5bcf8a88a,2026-03-08T13:30:00+00:00,0.998520182902191,1
site_f5bcf8a88a,2026-03-08T13:45:00+00:00,0.998520182902191,1
site_f5bcf8a88a,2026-03-08T14:00:00+00:00,0.998520182902191,1
site_f5bcf8a88a,2026-03-08T14:15:00+00:00,0.998520182902191,1
site_f5bcf8a88a,2026-03-08T14:30:00+00:00,0.998520182902191,1
site_f5bcf8a88a,2026-03-08T14:45:00+00:00,0.998520182902191,1
site_f5bcf8a88a,2026-03-08T15:00:00+00:00,0.9952006808275022,1
site_f5bcf8a88a,2026-03-08T15:15:00+00:00,0.998520182902191,1
site_f5bcf8a88a,2026-03-08T15:30:00+00:00,0.998520182902191,1
site_f5bcf8a88a,2026-03-08T15:45:00+00:00,0.998520182902191,1
site_f5bcf8a88a,2026-03-08T16:00:00+00:00,0.998520182902191,1
site_f5bcf8a88a,2026-03-08T16:15:00+00:00,0.998520182902191,1
site_f5bcf8a88a,2026-03-08T16:30:00+00:00,0.9951303523937163,1
site_f5bcf8a88a,2026-03-08T16:45:00+00:00,0.998520182902191,1
site_f5bcf8a88a,2026-03-08T17:00:00+00:00,0.998520182902191,1
site_f5bcf8a88a,2026-03-08T17:15:00+00:00,0.998520182902191,1
site_f5bcf8a88a,2026-03-08T17:30:00+00:00,0.998520182902191,1
site_f5bcf8a88a,2026-03-08T17:45:00+00:00,0.998520182902191,1
site_f5bcf8a88a,2026-03-08T18:00:00+00:00,0.998520182902191,1
site_f5bcf8a88a,2026-03-08T18:15:00+00:00,0.998520182902191,1
site_f5bcf8a88a,2026-03-08T18:30:00+00:00,0.998520182902191,1
site_f5bcf8a88a,2026-03-08T18:45:00+00:00,0.998520182902191,1
site_f5bcf8a88a,2026-03-08T19:00:00+00:00,0.998520182902191,1
site_f5bcf8a88a,2026-03-08T19:15:00+00:00,0.998520182902191,1
site_f5bcf8a88a,2026-03-08T19:30:00+00:00,0.998520182902191,1
site_f5bcf8a88a,2026-03-08T19:45:00+00:00,0.998520182902191,1
site_f5bcf8a88a,2026-03-08T20:00:00+00:00,0.998520182902191,1
site_f5bcf8a88a,2026-03-08T20:15:00+00:00,0.998520182902191,1
site_f5bcf8a88a,2026-03-08T20:30:00+00:00,0.9951588383643759,1
site_f5bcf8a88a,2026-03-08T20:45:00+00:00,0.9951303523937163,1
site_f5bcf8a88a,2026-03-08T21:00:00+00:00,0.998520182902191,1
site_f5bcf8a88a,2026-03-08T21:15:00+00:00,0.9915937759757838,1
site_f5bcf8a88a,2026-03-08T21:30:00+00:00,0.995071907040122,1
site_f5bcf8a88a,2026-03-08T21:45:00+00:00,0.9915636611630607,1
site_f5bcf8a88a,2026-03-08T22:00:00+00:00,0.991740521885242,1
site_f5bcf8a88a,2026-03-08T22:15:00+00:00,0.9882197537176417,1
site_f5bcf8a88a,2026-03-08T22:30:00+00:00,0.991623631178053,1
site_f5bcf8a88a,2026-03-08T22:45:00+00:00,0.9880854002934953,1
site_f5bcf8a88a,2026-03-08T23:00:00+00:00,0.9906384095031762,1
site_f5bcf8a88a,2026-03-08T23:15:00+00:00,0.9902300274617766,1
site_f5bcf8a88a,2026-03-08T23:30:00+00:00,0.9866389947833791,1
site_f5bcf8a88a,2026-03-08T23:45:00+00:00,0.9866389947833791,1
site_f5bcf8a88a,2026-03-09T00:00:00+00:00,0.9720008458856164,1
site_f5bcf8a88a,2026-03-09T00:15:00+00:00,0.9755536757251573,1
site_f5bcf8a88a,2026-03-09T00:30:00+00:00,0.9831355675175754,1
site_f5bcf8a88a,2026-03-09T00:45:00+00:00,0.9829862023196668,1
site_f5bcf8a88a,2026-03-09T01:00:00+00:00,0.9761946015068421,1
site_f5bcf8a88a,2026-03-09T01:15:00+00:00,0.9804206353908785,1
site_f5bcf8a88a,2026-03-09T01:30:00+00:00,0.9876110919931002,1
site_f5bcf8a88a,2026-03-09T01:45:00+00:00,0.9808210678579432,1
site_f5bcf8a88a,2026-03-09T02:00:00+00:00,0.9805021648841731,1
site_f5bcf8a88a,2026-03-09T02:15:00+00:00,0.9842344686164765,1
site_f5bcf8a88a,2026-03-09T02:30:00+00:00,0.9773748084528517,1
site_f5bcf8a88a,2026-03-09T02:45:00+00:00,0.9879938671127171,1
site_f5bcf8a88a,2026-03-09T03:00:00+00:00,0.9844850951828927,1
site_f5bcf8a88a,2026-03-09T03:15:00+00:00,0.981352800927942,1
site_f5bcf8a88a,2026-03-09T03:30:00+00:00,0.9777409621229701,1
site_f5bcf8a88a,2026-03-09T03:45:00+00:00,0.9808990375277418,1
site_f5bcf8a88a,2026-03-09T04:00:00+00:00,0.9812788035918463,1
site_f5bcf8a88a,2026-03-09T04:15:00+00:00,0.9847270794539149,1
site_f5bcf8a88a,2026-03-09T04:30:00+00:00,0.9848449692269771,1
site_f5bcf8a88a,2026-03-09T04:45:00+00:00,0.9847862773227917,1
site_f5bcf8a88a,2026-03-09T05:00:00+00:00,0.9951303523937163,1
site_f5bcf8a88a,2026-03-09T05:15:00+00:00,0.9951303523937163,1
site_f5bcf8a88a,2026-03-09T05:30:00+00:00,0.9951013794833876,1
site_f5bcf8a88a,2026-03-09T05:45:00+00:00,0.998520182902191,1
site_f5bcf8a88a,2026-03-09T06:00:00+00:00,0.9951303523937163,1
site_f5bcf8a88a,2026-03-09T06:15:00+00:00,0.9952006808275022,1
site_f5bcf8a88a,2026-03-09T06:30:00+00:00,0.9952006808275022,1
site_f5bcf8a88a,2026-03-09T06:45:00+00:00,0.9919358207622733,1
site_f5bcf8a88a,2026-03-09T07:00:00+00:00,0.998520182902191,1
site_f5bcf8a88a,2026-03-09T07:15:00+00:00,0.9952813165054298,1
site_f5bcf8a88a,2026-03-09T07:30:00+00:00,0.998520182902191,1
site_f5bcf8a88a,2026-03-09T07:45:00+00:00,0.9952414943776009,1
site_f5bcf8a88a,2026-03-09T08:00:00+00:00,0.9952414943776009,1
site_f5bcf8a88a,2026-03-09T08:15:00+00:00,0.9952813165054298,1
site_f5bcf8a88a,2026-03-09T08:30:00+00:00,0.998520182902191,1
site_f5bcf8a88a,2026-03-09T08:45:00+00:00,0.9952414943776009,1
site_f5bcf8a88a,2026-03-09T09:00:00+00:00,0.9952681503818657,1
site_f5bcf8a88a,2026-03-09T09:15:00+00:00,0.998520182902191,1
site_f5bcf8a88a,2026-03-09T09:30:00+00:00,0.9952813165054298,1
site_f5bcf8a88a,2026-03-09T09:45:00+00:00,0.995254876779742,1
site_f5bcf8a88a,2026-03-09T10:00:00+00:00,0.998520182902191,1
site_f5bcf8a88a,2026-03-09T10:15:00+00:00,0.998520182902191,1
site_f5bcf8a88a,2026-03-09T10:30:00+00:00,0.998520182902191,1
site_f5bcf8a88a,2026-03-09T10:45:00+00:00,0.998520182902191,1
site_f5bcf8a88a,2026-03-09T11:00:00+00:00,0.998520182902191,1
site_f5bcf8a88a,2026-03-09T11:15:00+00:00,0.998520182902191,1
site_f5bcf8a88a,2026-03-09T11:30:00+00:00,0.998520182902191,1
site_f5bcf8a88a,2026-03-09T11:45:00+00:00,0.998520182902191,1
site_f5bcf8a88a,2026-03-09T12:00:00+00:00,0.998520182902191,1
site_f5bcf8a88a,2026-03-09T12:15:00+00:00,0.998520182902191,1
site_f5bcf8a88a,2026-03-09T12:30:00+00:00,0.998520182902191,1
site_f5bcf8a88a,2026-03-09T12:45:00+00:00,0.998520182902191,1
site_f5bcf8a88a,2026-03-09T13:00:00+00:00,0.998520182902191,1
site_f5bcf8a88a,2026-03-09T13:15:00+00:00,0.998520182902191,1
site_f5bcf8a88a,2026-03-09T13:30:00+00:00,0.998520182902191,1
site_f5bcf8a88a,2026-03-09T13:45:00+00:00,0.998520182902191,1
site_f5bcf8a88a,2026-03-09T14:00:00+00:00,0.998520182902191,1
site_f5bcf8a88a,2026-03-09T14:15:00+00:00,0.998520182902191,1
site_f5bcf8a88a,2026-03-09T14:30:00+00:00,0.998520182902191,1
site_f5bcf8a88a,2026-03-09T14:45:00+00:00,0.998520182902191,1
site_f5bcf8a88a,2026-03-09T15:00:00+00:00,0.9952006808275022,1
site_f5bcf8a88a,2026-03-09T15:15:00+00:00,0.998520182902191,1
site_f5bcf8a88a,2026-03-09T15:30:00+00:00,0.998520182902191,1
site_f5bcf8a88a,2026-03-09T15:45:00+00:00,0.998520182902191,1
site_f5bcf8a88a,2026-03-09T16:00:00+00:00,0.998520182902191,1
site_f5bcf8a88a,2026-03-09T16:15:00+00:00,0.998520182902191,1
site_f5bcf8a88a,2026-03-09T16:30:00+00:00,0.9951303523937163,1
site_f5bcf8a88a,2026-03-09T16:45:00+00:00,0.998520182902191,1
site_f5bcf8a88a,2026-03-09T17:00:00+00:00,0.998520182902191,1
site_f5bcf8a88a,2026-03-09T17:15:00+00:00,0.998520182902191,1
site_f5bcf8a88a,2026-03-09T17:30:00+00:00,0.998520182902191,1
site_f5bcf8a88a,2026-03-09T17:45:00+00:00,0.998520182902191,1
site_f5bcf8a88a,2026-03-09T18:00:00+00:00,0.998520182902191,1
site_f5bcf8a88a,2026-03-09T18:15:00+00:00,0.998520182902191,1
site_f5bcf8a88a,2026-03-09T18:30:00+00:00,0.998520182902191,1
site_f5bcf8a88a,2026-03-09T18:45:00+00:00,0.998520182902191,1
site_f5bcf8a88a,2026-03-09T19:00:00+00:00,0.998520182902191,1
site_f5bcf8a88a,2026-03-09T19:15:00+00:00,0.998520182902191,1
site_f5bcf8a88a,2026-03-09T19:30:00+00:00,0.998520182902191,1
site_f5bcf8a88a,2026-03-09T19:45:00+00:00,0.998520182902191,1
site_f5bcf8a88a,2026-03-09T20:00:00+00:00,0.998520182902191,1
site_f5bcf8a88a,2026-03-09T20:15:00+00:00,0.998520182902191,1
site_f5bcf8a88a,2026-03-09T20:30:00+00:00,0.9951588383643759,1
site_f5bcf8a88a,2026-03-09T20:45:00+00:00,0.9951303523937163,1
site_f5bcf8a88a,2026-03-09T21:00:00+00:00,0.998520182902191,1
site_f5bcf8a88a,2026-03-09T21:15:00+00:00,0.9915937759757838,1
site_f5bcf8a88a,2026-03-09T21:30:00+00:00,0.995071907040122,1
site_f5bcf8a88a,2026-03-09T21:45:00+00:00,0.9915636611630607,1
site_f5bcf8a88a,2026-03-09T22:00:00+00:00,0.991740521885242,1
site_f5bcf8a88a,2026-03-09T22:15:00+00:00,0.9882197537176417,1
site_f5bcf8a88a,2026-03-09T22:30:00+00:00,0.991623631178053,1
site_f5bcf8a88a,2026-03-09T22:45:00+00:00,0.9880854002934953,1
site_f5bcf8a88a,2026-03-09T23:00:00+00:00,0.9906384095031762,1
site_f5bcf8a88a,2026-03-09T23:15:00+00:00,0.9902300274617766,1
site_f5bcf8a88a,2026-03-09T23:30:00+00:00,0.9866389947833791,1
site_f5bcf8a88a,2026-03-09T23:45:00+00:00,0.9866389947833791,1
site_f5bcf8a88a,2026-03-10T00:00:00+00:00,0.9720008458856164,1
site_f5bcf8a88a,2026-03-10T00:15:00+00:00,0.9755536757251573,1
site_f5bcf8a88a,2026-03-10T00:30:00+00:00,0.9831355675175754,1
site_f5bcf8a88a,2026-03-10T00:45:00+00:00,0.9829862023196668,1
site_f5bcf8a88a,2026-03-10T01:00:00+00:00,0.9761946015068421,1
site_f5bcf8a88a,2026-03-10T01:15:00+00:00,0.9804206353908785,1
site_f5bcf8a88a,2026-03-10T01:30:00+00:00,0.9876110919931002,1
site_f5bcf8a88a,2026-03-10T01:45:00+00:00,0.9808210678579432,1
site_f5bcf8a88a,2026-03-10T02:00:00+00:00,0.9805021648841731,1
site_f5bcf8a88a,2026-03-10T02:15:00+00:00,0.9842344686164765,1
site_f5bcf8a88a,2026-03-10T02:30:00+00:00,0.9773748084528517,1
site_f5bcf8a88a,2026-03-10T02:45:00+00:00,0.9879938671127171,1
site_f5bcf8a88a,2026-03-10T03:00:00+00:00,0.9844850951828927,1
site_f5bcf8a88a,2026-03-10T03:15:00+00:00,0.981352800927942,1
site_f5bcf8a88a,2026-03-10T03:30:00+00:00,0.9777409621229701,1
site_f5bcf8a88a,2026-03-10T03:45:00+00:00,0.9808990375277418,1
site_f5bcf8a88a,2026-03-10T04:00:00+00:00,0.9812788035918463,1
site_f5bcf8a88a,2026-03-10T04:15:00+00:00,0.9847270794539149,1
site_f5bcf8a88a,2026-03-10T04:30:00+00:00,0.9848449692269771,1
site_f5bcf8a88a,2026-03-10T04:45:00+00:00,0.9847862773227917,1
site_f5bcf8a88a,2026-03-10T05:00:00+00:00,0.9951303523937163,1
site_f5bcf8a88a,2026-03-10T05:15:00+00:00,0.9951303523937163,1
site_f5bcf8a88a,2026-03-10T05:30:00+00:00,0.9951013794833876,1
site_f5bcf8a88a,2026-03-10T05:45:00+00:00,0.998520182902191,1
site_f5bcf8a88a,2026-03-10T06:00:00+00:00,0.9951303523937163,1
site_f5bcf8a88a,2026-03-10T06:15:00+00:00,0.9952006808275022,1
site_f5bcf8a88a,2026-03-10T06:30:00+00:00,0.9952006808275022,1
site_f5bcf8a88a,2026-03-10T06:45:00+00:00,0.9919358207622733,1
site_f5bcf8a88a,2026-03-10T07:00:00+00:00,0.998520182902191,1
site_f5bcf8a88a,2026-03-10T07:15:00+00:00,0.9952813165054298,1
site_f5bcf8a88a,2026-03-10T07:30:00+00:00,0.998520182902191,1
site_f5bcf8a88a,2026-03-10T07:45:00+00:00,0.9952414943776009,1
site_f5bcf8a88a,2026-03-10T08:00:00+00:00,0.9952414943776009,1
site_f5bcf8a88a,2026-03-10T08:15:00+00:00,0.9952813165054298,1
site_f5bcf8a88a,2026-03-10T08:30:00+00:00,0.998520182902191,1
site_f5bcf8a88a,2026-03-10T08:45:00+00:00,0.9952414943776009,1
site_f5bcf8a88a,2026-03-10T09:00:00+00:00,0.9952681503818657,1
site_f5bcf8a88a,2026-03-10T09:15:00+00:00,0.998520182902191,1
site_f5bcf8a88a,2026-03-10T09:30:00+00:00,0.9952813165054298,1
site_f5bcf8a88a,2026-03-10T09:45:00+00:00,0.995254876779742,1
site_f5bcf8a88a,2026-03-10T10:00:00+00:00,0.998520182902191,1
site_f5bcf8a88a,2026-03-10T10:15:00+00:00,0.998520182902191,1
site_f5bcf8a88a,2026-03-10T10:30:00+00:00,0.998520182902191,1
site_f5bcf8a88a,2026-03-10T10:45:00+00:00,0.998520182902191,1
site_f5bcf8a88a,2026-03-10T11:00:00+00:00,0.998520182902191,1
site_f5bcf8a88a,2026-03-10T11:15:00+00:00,0.998520182902191,1
site_f5bcf8a88a,2026-03-10T11:30:00+00:00,0.998520182902191,1
site_f5bcf8a88a,2026-03-10T11:45:00+00:00,0.998520182902191,1
site_f5bcf8a88a,2026-03-10T12:00:00+00:00,0.998520182902191,1
site_f5bcf8a88a,2026-03-10T12:15:00+00:00,0.998520182902191,1
site_f5bcf8a88a,2026-03-10T12:30:00+00:00,0.998520182902191,1
site_f5bcf8a88a,2026-03-10T12:45:00+00:00,0.998520182902191,1
site_f5bcf8a88a,2026-03-10T13:00:00+00:00,0.998520182902191,1
site_f5bcf8a88a,2026-03-10T13:15:00+00:00,0.998520182902191,1
site_f5bcf8a88a,2026-03-10T13:30:00+00:00,0.998520182902191,1
site_f5bcf8a88a,2026-03-10T13:45:00+00:00,0.998520182902191,1
site_f5bcf8a88a,2026-03-10T14:00:00+00:00,0.998520182902191,1
site_f5bcf8a88a,2026-03-10T14:15:00+00:00,0.998520182902191,1
site_f5bcf8a88a,2026-03-10T14:30:00+00:00,0.998520182902191,1
site_f5bcf8a88a,2026-03-10T14:45:00+00:00,0.998520182902191,1
site_f5bcf8a88a,2026-03-10T15:00:00+00:00,0.9952006808275022,1
site_f5bcf8a88a,2026-03-10T15:15:00+00:00,0.998520182902191,1
site_f5bcf8a88a,2026-03-10T15:30:00+00:00,0.998520182902191,1
site_f5bcf8a88a,2026-03-10T15:45:00+00:00,0.998520182902191,1
site_f5bcf8a88a,2026-03-10T16:00:00+00:00,0.998520182902191,1
site_f5bcf8a88a,2026-03-10T16:15:00+00:00,0.998520182902191,1
site_f5bcf8a88a,2026-03-10T16:30:00+00:00,0.9951303523937163,1
site_f5bcf8a88a,2026-03-10T16:45:00+00:00,0.998520182902191,1
site_f5bcf8a88a,2026-03-10T17:00:00+00:00,0.998520182902191,1
site_f5bcf8a88a,2026-03-10T17:15:00+00:00,0.998520182902191,1
site_f5bcf8a88a,2026-03-10T17:30:00+00:00,0.998520182902191,1
site_f5bcf8a88a,2026-03-10T17:45:00+00:00,0.998520182902191,1
site_f5bcf8a88a,2026-03-10T18:00:00+00:00,0.998520182902191,1
site_f5bcf8a88a,2026-03-10T18:15:00+00:00,0.998520182902191,1
site_f5bcf8a88a,2026-03-10T18:30:00+00:00,0.998520182902191,1
site_f5bcf8a88a,2026-03-10T18:45:00+00:00,0.998520182902191,1
site_f5bcf8a88a,2026-03-10T19:00:00+00:00,0.998520182902191,1
site_f5bcf8a88a,2026-03-10T19:15:00+00:00,0.998520182902191,1
site_f5bcf8a88a,2026-03-10T19:30:00+00:00,0.998520182902191,1
site_f5bcf8a88a,2026-03-10T19:45:00+00:00,0.998520182902191,1
site_f5bcf8a88a,2026-03-10T20:00:00+00:00,0.998520182902191,1
site_f5bcf8a88a,2026-03-10T20:15:00+00:00,0.998520182902191,1
site_f5bcf8a88a,2026-03-10T20:30:00+00:00,0.9951588383643759,1
site_f5bcf8a88a,2026-03-10T20:45:00+00:00,0.9951303523937163,1
site_f5bcf8a88a,2026-03-10T21:00:00+00:00,0.998520182902191,1
site_f5bcf8a88a,2026-03-10T21:15:00+00:00,0.9915937759757838,1
site_f5bcf8a88a,2026-03-10T21:30:00+00:00,0.995071907040122,1
site_f5bcf8a88a,2026-03-10T21:45:00+00:00,0.9915636611630607,1
site_f5bcf8a88a,2026-03-10T22:00:00+00:00,0.991740521885242,1
site_f5bcf8a88a,2026-03-10T22:15:00+00:00,0.9882197537176417,1
site_f5bcf8a88a,2026-03-10T22:30:00+00:00,0.991623631178053,1
site_f5bcf8a88a,2026-03-10T22:45:00+00:00,0.9880854002934953,1
site_f5bcf8a88a,2026-03-10T23:00:00+00:00,0.9906384095031762,1
site_f5bcf8a88a,2026-03-10T23:15:00+00:00,0.9902300274617766,1
site_f5bcf8a88a,2026-03-10T23:30:00+00:00,0.9866389947833791,1
site_f5bcf8a88a,2026-03-10T23:45:00+00:00,0.9866389947833791,1
site_f5bcf8a88a,2026-03-11T00:00:00+00:00,0.9720008458856164,1
site_f5bcf8a88a,2026-03-11T00:15:00+00:00,0.9755536757251573,1
site_f5bcf8a88a,2026-03-11T00:30:00+00:00,0.9831355675175754,1
site_f5bcf8a88a,2026-03-11T00:45:00+00:00,0.9829862023196668,1
site_f5bcf8a88a,2026-03-11T01:00:00+00:00,0.9761946015068421,1
site_f5bcf8a88a,2026-03-11T01:15:00+00:00,0.9804206353908785,1
site_f5bcf8a88a,2026-03-11T01:30:00+00:00,0.9876110919931002,1
site_f5bcf8a88a,2026-03-11T01:45:00+00:00,0.9808210678579432,1
site_f5bcf8a88a,2026-03-11T02:00:00+00:00,0.9805021648841731,1
site_f5bcf8a88a,2026-03-11T02:15:00+00:00,0.9842344686164765,1
site_f5bcf8a88a,2026-03-11T02:30:00+00:00,0.9773748084528517,1
site_f5bcf8a88a,2026-03-11T02:45:00+00:00,0.9879938671127171,1
site_f5bcf8a88a,2026-03-11T03:00:00+00:00,0.9844850951828927,1
site_f5bcf8a88a,2026-03-11T03:15:00+00:00,0.981352800927942,1
site_f5bcf8a88a,2026-03-11T03:30:00+00:00,0.9777409621229701,1
site_f5bcf8a88a,2026-03-11T03:45:00+00:00,0.9808990375277418,1
site_f5bcf8a88a,2026-03-11T04:00:00+00:00,0.9812788035918463,1
site_f5bcf8a88a,2026-03-11T04:15:00+00:00,0.9847270794539149,1
site_f5bcf8a88a,2026-03-11T04:30:00+00:00,0.9848449692269771,1
site_f5bcf8a88a,2026-03-11T04:45:00+00:00,0.9847862773227917,1
site_f5bcf8a88a,2026-03-11T05:00:00+00:00,0.9951303523937163,1
site_f5bcf8a88a,2026-03-11T05:15:00+00:00,0.9951303523937163,1
site_f5bcf8a88a,2026-03-11T05:30:00+00:00,0.9951013794833876,1
site_f5bcf8a88a,2026-03-11T05:45:00+00:00,0.998520182902191,1
site_f5bcf8a88a,2026-03-11T06:00:00+00:00,0.9951303523937163,1
site_f5bcf8a88a,2026-03-11T06:15:00+00:00,0.9952006808275022,1
site_f5bcf8a88a,2026-03-11T06:30:00+00:00,0.9952006808275022,1
site_f5bcf8a88a,2026-03-11T06:45:00+00:00,0.9919358207622733,1
site_f5bcf8a88a,2026-03-11T07:00:00+00:00,0.998520182902191,1
site_f5bcf8a88a,2026-03-11T07:15:00+00:00,0.9952813165054298,1
site_f5bcf8a88a,2026-03-11T07:30:00+00:00,0.998520182902191,1
site_f5bcf8a88a,2026-03-11T07:45:00+00:00,0.9952414943776009,1
site_f5bcf8a88a,2026-03-11T08:00:00+00:00,0.9952414943776009,1
site_f5bcf8a88a,2026-03-11T08:15:00+00:00,0.9952813165054298,1
site_f5bcf8a88a,2026-03-11T08:30:00+00:00,0.998520182902191,1
site_f5bcf8a88a,2026-03-11T08:45:00+00:00,0.9952414943776009,1
site_f5bcf8a88a,2026-03-11T09:00:00+00:00,0.9952681503818657,1
site_f5bcf8a88a,2026-03-11T09:15:00+00:00,0.998520182902191,1
site_f5bcf8a88a,2026-03-11T09:30:00+00:00,0.9952813165054298,1
site_f5bcf8a88a,2026-03-11T09:45:00+00:00,0.995254876779742,1
site_f5bcf8a88a,2026-03-11T10:00:00+00:00,0.998520182902191,1
site_f5bcf8a88a,2026-03-11T10:15:00+00:00,0.998520182902191,1
site_f5bcf8a88a,2026-03-11T10:30:00+00:00,0.998520182902191,1
site_f5bcf8a88a,2026-03-11T10:45:00+00:00,0.998520182902191,1
site_f5bcf8a88a,2026-03-11T11:00:00+00:00,0.998520182902191,1
site_f5bcf8a88a,2026-03-11T11:15:00+00:00,0.998520182902191,1
site_f5bcf8a88a,2026-03-11T11:30:00+00:00,0.998520182902191,1
site_f5bcf8a88a,2026-03-11T11:45:00+00:00,0.998520182902191,1
site_f5bcf8a88a,2026-03-11T12:00:00+00:00,0.998520182902191,1
site_f5bcf8a88a,2026-03-11T12:15:00+00:00,0.998520182902191,1
site_f5bcf8a88a,2026-03-11T12:30:00+00:00,0.998520182902191,1
site_f5bcf8a88a,2026-03-11T12:45:00+00:00,0.998520182902191,1
site_f5bcf8a88a,2026-03-11T13:00:00+00:00,0.998520182902191,1
site_f5bcf8a88a,2026-03-11T13:15:00+00:00,0.998520182902191,1
site_f5bcf8a88a,2026-03-11T13:30:00+00:00,0.998520182902191,1
site_f5bcf8a88a,2026-03-11T13:45:00+00:00,0.998520182902191,1
site_f5bcf8a88a,2026-03-11T14:00:00+00:00,0.998520182902191,1
site_f5bcf8a88a,2026-03-11T14:15:00+00:00,0.998520182902191,1
site_f5bcf8a88a,2026-03-11T14:30:00+00:00,0.998520182902191,1
site_f5bcf8a88a,2026-03-11T14:45:00+00:00,0.998520182902191,1
site_f5bcf8a88a,2026-03-11T15:00:00+00:00,0.9952006808275022,1
site_f5bcf8a88a,2026-03-11T15:15:00+00:00,0.998520182902191,1
site_f5bcf8a88a,2026-03-11T15:30:00+00:00,0.998520182902191,1
site_f5bcf8a88a,2026-03-11T15:45:00+00:00,0.998520182902191,1
site_f5bcf8a88a,2026-03-11T16:00:00+00:00,0.998520182902191,1
site_f5bcf8a88a,2026-03-11T16:15:00+00:00,0.998520182902191,1
site_f5bcf8a88a,2026-03-11T16:30:00+00:00,0.9951303523937163,1
site_f5bcf8a88a,2026-03-11T16:45:00+00:00,0.998520182902191,1
site_f5bcf8a88a,2026-03-11T17:00:00+00:00,0.998520182902191,1
site_f5bcf8a88a,2026-03-11T17:15:00+00:00,0.998520182902191,1
site_f5bcf8a88a,2026-03-11T17:30:00+00:00,0.998520182902191,1
site_f5bcf8a88a,2026-03-11T17:45:00+00:00,0.998520182902191,1
site_f5bcf8a88a,2026-03-11T18:00:00+00:00,0.998520182902191,1
site_f5bcf8a88a,2026-03-11T18:15:00+00:00,0.998520182902191,1
site_f5bcf8a88a,2026-03-11T18:30:00+00:00,0.998520182902191,1
site_f5bcf8a88a,2026-03-11T18:45:00+00:00,0.998520182902191,1
site_f5bcf8a88a,2026-03-11T19:00:00+00:00,0.998520182902191,1
site_f5bcf8a88a,2026-03-11T19:15:00+00:00,0.998520182902191,1
site_f5bcf8a88a,2026-03-11T19:30:00+00:00,0.998520182902191,1
site_f5bcf8a88a,2026-03-11T19:45:00+00:00,0.998520182902191,1
site_f5bcf8a88a,2026-03-11T20:00:00+00:00,0.998520182902191,1
site_f5bcf8a88a,2026-03-11T20:15:00+00:00,0.998520182902191,1
site_f5bcf8a88a,2026-03-11T20:30:00+00:00,0.9951588383643759,1
site_f5bcf8a88a,2026-03-11T20:45:00+00:00,0.9951303523937163,1
site_f5bcf8a88a,2026-03-11T21:00:00+00:00,0.998520182902191,1
site_f5bcf8a88a,2026-03-11T21:15:00+00:00,0.9915937759757838,1
site_f5bcf8a88a,2026-03-11T21:30:00+00:00,0.995071907040122,1
site_f5bcf8a88a,2026-03-11T21:45:00+00:00,0.9915636611630607,1
site_f5bcf8a88a,2026-03-11T22:00:00+00:00,0.991740521885242,1
site_f5bcf8a88a,2026-03-11T22:15:00+00:00,0.9882197537176417,1
site_f5bcf8a88a,2026-03-11T22:30:00+00:00,0.991623631178053,1
site_f5bcf8a88a,2026-03-11T22:45:00+00:00,0.9880854002934953,1
site_f5bcf8a88a,2026-03-11T23:00:00+00:00,0.9906384095031762,1
site_f5bcf8a88a,2026-03-11T23:15:00+00:00,0.9902300274617766,1
site_f5bcf8a88a,2026-03-11T23:30:00+00:00,0.9866389947833791,1
site_f5bcf8a88a,2026-03-11T23:45:00+00:00,0.9866389947833791,1
site_f5bcf8a88a,2026-03-12T00:00:00+00:00,0.9720008458856164,1
site_f5bcf8a88a,2026-03-12T00:15:00+00:00,0.9755536757251573,1
site_f5bcf8a88a,2026-03-12T00:30:00+00:00,0.9831355675175754,1
site_f5bcf8a88a,2026-03-12T00:45:00+00:00,0.9829862023196668,1
site_f5bcf8a88a,2026-03-12T01:00:00+00:00,0.9761946015068421,1
site_f5bcf8a88a,2026-03-12T01:15:00+00:00,0.9804206353908785,1
site_f5bcf8a88a,2026-03-12T01:30:00+00:00,0.9876110919931002,1
site_f5bcf8a88a,2026-03-12T01:45:00+00:00,0.9808210678579432,1
site_f5bcf8a88a,2026-03-12T02:00:00+00:00,0.9805021648841731,1
site_f5bcf8a88a,2026-03-12T02:15:00+00:00,0.9842344686164765,1
site_f5bcf8a88a,2026-03-12T02:30:00+00:00,0.9773748084528517,1
site_f5bcf8a88a,2026-03-12T02:45:00+00:00,0.9879938671127171,1
site_f5bcf8a88a,2026-03-12T03:00:00+00:00,0.9844850951828927,1
site_f5bcf8a88a,2026-03-12T03:15:00+00:00,0.981352800927942,1
site_f5bcf8a88a,2026-03-12T03:30:00+00:00,0.9777409621229701,1
site_f5bcf8a88a,2026-03-12T03:45:00+00:00,0.9808990375277418,1
site_f5bcf8a88a,2026-03-12T04:00:00+00:00,0.9812788035918463,1
site_f5bcf8a88a,2026-03-12T04:15:00+00:00,0.9847270794539149,1
site_f5bcf8a88a,2026-03-12T04:30:00+00:00,0.9848449692269771,1
site_f5bcf8a88a,2026-03-12T04:45:00+00:00,0.9847862773227917,1
site_f5bcf8a88a,2026-03-12T05:00:00+00:00,0.9951303523937163,1
site_f5bcf8a88a,2026-03-12T05:15:00+00:00,0.9951303523937163,1
site_f5bcf8a88a,2026-03-12T05:30:00+00:00,0.9951013794833876,1
site_f5bcf8a88a,2026-03-12T05:45:00+00:00,0.998520182902191,1
site_f5bcf8a88a,2026-03-12T06:00:00+00:00,0.9951303523937163,1
site_f5bcf8a88a,2026-03-12T06:15:00+00:00,0.9952006808275022,1
site_f5bcf8a88a,2026-03-12T06:30:00+00:00,0.9952006808275022,1
site_f5bcf8a88a,2026-03-12T06:45:00+00:00,0.9919358207622733,1
site_f5bcf8a88a,2026-03-12T07:00:00+00:00,0.998520182902191,1
site_f5bcf8a88a,2026-03-12T07:15:00+00:00,0.9952813165054298,1
site_f5bcf8a88a,2026-03-12T07:30:00+00:00,0.998520182902191,1
site_f5bcf8a88a,2026-03-12T07:45:00+00:00,0.9952414943776009,1
site_f5bcf8a88a,2026-03-12T08:00:00+00:00,0.9952414943776009,1
site_f5bcf8a88a,2026-03-12T08:15:00+00:00,0.9952813165054298,1
site_f5bcf8a88a,2026-03-12T08:30:00+00:00,0.998520182902191,1
site_f5bcf8a88a,2026-03-12T08:45:00+00:00,0.9952414943776009,1
site_f5bcf8a88a,2026-03-12T09:00:00+00:00,0.9952681503818657,1
site_f5bcf8a88a,2026-03-12T09:15:00+00:00,0.998520182902191,1
site_f5bcf8a88a,2026-03-12T09:30:00+00:00,0.9952813165054298,1
site_f5bcf8a88a,2026-03-12T09:45:00+00:00,0.995254876779742,1
site_f5bcf8a88a,2026-03-12T10:00:00+00:00,0.998520182902191,1
site_f5bcf8a88a,2026-03-12T10:15:00+00:00,0.998520182902191,1
site_f5bcf8a88a,2026-03-12T10:30:00+00:00,0.998520182902191,1
site_f5bcf8a88a,2026-03-12T10:45:00+00:00,0.998520182902191,1
site_f5bcf8a88a,2026-03-12T11:00:00+00:00,0.998520182902191,1
site_f5bcf8a88a,2026-03-12T11:15:00+00:00,0.998520182902191,1
site_f5bcf8a88a,2026-03-12T11:30:00+00:00,0.998520182902191,1
site_f5bcf8a88a,2026-03-12T11:45:00+00:00,0.998520182902191,1
site_f5bcf8a88a,2026-03-12T12:00:00+00:00,0.998520182902191,1
site_f5bcf8a88a,2026-03-12T12:15:00+00:00,0.998520182902191,1
site_f5bcf8a88a,2026-03-12T12:30:00+00:00,0.998520182902191,1
site_f5bcf8a88a,2026-03-12T12:45:00+00:00,0.998520182902191,1
site_f5bcf8a88a,2026-03-12T13:00:00+00:00,0.998520182902191,1
site_f5bcf8a88a,2026-03-12T13:15:00+00:00,0.998520182902191,1
site_f5bcf8a88a,2026-03-12T13:30:00+00:00,0.998520182902191,1
site_f5bcf8a88a,2026-03-12T13:45:00+00:00,0.998520182902191,1
site_f5bcf8a88a,2026-03-12T14:00:00+00:00,0.998520182902191,1
site_f5bcf8a88a,2026-03-12T14:15:00+00:00,0.998520182902191,1
site_f5bcf8a88a,2026-03-12T14:30:00+00:00,0.998520182902191,1
site_f5bcf8a88a,2026-03-12T14:45:00+00:00,0.998520182902191,1
site_f5bcf8a88a,2026-03-12T15:00:00+00:00,0.9952006808275022,1
site_f5bcf8a88a,2026-03-12T15:15:00+00:00,0.998520182902191,1
site_f5bcf8a88a,2026-03-12T15:30:00+00:00,0.998520182902191,1
site_f5bcf8a88a,2026-03-12T15:45:00+00:00,0.998520182902191,1
site_f5bcf8a88a,2026-03-12T16:00:00+00:00,0.998520182902191,1
site_f5bcf8a88a,2026-03-12T16:15:00+00:00,0.998520182902191,1
site_f5bcf8a88a,2026-03-12T16:30:00+00:00,0.9951303523937163,1
site_f5bcf8a88a,2026-03-12T16:45:00+00:00,0.998520182902191,1
site_f5bcf8a88a,2026-03-12T17:00:00+00:00,0.998520182902191,1
