series_id,forecast_timestamp_utc,horizon_steps_15m,energy_wh_pred,cfp_g_pred
site_ad3433ffac,2026-02-18T15:15:00+00:00,4,126.30426346404403,85.26873826300047
site_ad3433ffac,2026-02-18T15:30:00+00:00,4,128.0660992772843,80.76640296284965
site_ad3433ffac,2026-02-18T15:45:00+00:00,4,130.8474770527479,81.96103718246887
site_ad3433ffac,2026-02-18T16:00:00+00:00,4,116.20307175045238,75.0394120906524
site_ad3433ffac,2026-02-18T16:15:00+00:00,4,115.20486926124283,72.78721891926791
site_ad3433ffac,2026-02-18T16:30:00+00:00,4,106.81792586149939,70.20348166765564
site_ad3433ffac,2026-02-18T16:45:00+00:00,4,108.94524083321812,70.83315334210158
site_ad3433ffac,2026-02-18T17:00:00+00:00,4,72.58448130631774,49.228414076823206
site_ad3433ffac,2026-02-18T17:15:00+00:00,4,51.49250545080718,35.33899145889448
site_ad3433ffac,2026-02-18T17:30:00+00:00,4,116.83610267707505,72.09502985821094
site_ad3433ffac,2026-02-18T17:45:00+00:00,4,60.480371537940606,38.24623820645836
site_ad3433ffac,2026-02-18T18:00:00+00:00,4,78.77578998146103,48.786781632860254
site_ad3433ffac,2026-02-18T18:15:00+00:00,4,101.90820983605039,64.06327315345413
site_ad3433ffac,2026-02-18T18:30:00+00:00,4,114.48663077546827,70.21516869186226
site_ad3433ffac,2026-02-18T18:45:00+00:00,4,63.630688851387234,42.3960109244371
site_ad3433ffac,2026-02-18T19:00:00+00:00,4,47.25262823343933,30.528752128952693
site_ad3433ffac,2026-02-18T21:15:00+00:00,4,23.588707931259492,13.469230306467095
site_ad3433ffac,2026-02-18T21:30:00+00:00,4,23.588707931259492,13.469230306467095
site_ad3433ffac,2026-02-19T10:30:00+00:00,4,3.327042456370738,3.1419095510438413
site_ad3433ffac,2026-02-19T14:15:00+00:00,96,142.89585196270534,93.55700825170223
site_ad3433ffac,2026-02-19T14:30:00+00:00,96,174.39018117215718,112.91527256125656
site_ad3433ffac,2026-02-19T14:45:00+00:00,4,2.9629117257477287,2.0588101676403556
site_ad3433ffac,2026-02-19T14:45:00+00:00,96,214.61314299648728,135.69456887259682
site_ad3433ffac,2026-02-19T15:00:00+00:00,4,15.701001178474941,9.27095031276216
site_ad3433ffac,2026-02-19T15:00:00+00:00,96,159.828052356119,104.40116176220221
site_ad3433ffac,2026-02-19T15:15:00+00:00,4,125.01559317120591,67.00855256273182
site_ad3433ffac,2026-02-19T15:15:00+00:00,96,120.22659340163155,80.83523454152062
site_ad3433ffac,2026-02-19T15:30:00+00:00,4,126.79217995506866,73.88312264765621
site_ad3433ffac,2026-02-19T15:30:00+00:00,96,123.59104627935508,83.57009463107302
site_ad3433ffac,2026-02-19T15:45:00+00:00,4,139.8600842739226,83.4230589984887
site_ad3433ffac,2026-02-19T15:45:00+00:00,96,174.70395378561116,116.3850966733719
site_ad3433ffac,2026-02-19T16:00:00+00:00,4,172.30911055901174,99.97269937584896
site_ad3433ffac,2026-02-19T16:00:00+00:00,96,138.96963324336443,98.16714554676722
site_ad3433ffac,2026-02-19T16:15:00+00:00,4,136.56362583115688,84.54436260004842
site_ad3433ffac,2026-02-19T16:15:00+00:00,96,121.19697778373612,84.35791697550505
site_ad3433ffac,2026-02-19T16:30:00+00:00,4,148.11833295720035,93.60796407503413
site_ad3433ffac,2026-02-19T16:30:00+00:00,96,192.7704783098178,121.6504119741252
site_ad3433ffac,2026-02-19T16:45:00+00:00,4,152.08856043304183,95.00019016587194
site_ad3433ffac,2026-02-19T16:45:00+00:00,96,117.93141462341285,83.35716927605829
site_ad3433ffac,2026-02-19T17:00:00+00:00,4,191.5189597454452,116.01724710510278
site_ad3433ffac,2026-02-19T17:00:00+00:00,96,156.38110663054255,96.66843196742188
site_ad3433ffac,2026-02-19T17:15:00+00:00,4,208.08206783569142,257.5545197718283
site_ad3433ffac,2026-02-19T17:15:00+00:00,96,208.79241911310982,131.68521219468485
site_ad3433ffac,2026-02-19T17:30:00+00:00,4,232.97308751766766,442.24653103034746
site_ad3433ffac,2026-02-19T17:30:00+00:00,96,228.47245961631023,140.45825223919215
site_ad3433ffac,2026-02-19T17:45:00+00:00,4,260.8432329904153,168.8431766991648
site_ad3433ffac,2026-02-19T17:45:00+00:00,96,130.8465084610818,89.95547259709068
site_ad3433ffac,2026-02-19T18:00:00+00:00,4,278.8742601872855,248.23525790288312
site_ad3433ffac,2026-02-19T18:00:00+00:00,96,151.80745178888577,97.54398904538597
site_ad3433ffac,2026-02-19T18:15:00+00:00,4,232.94687014873315,324.03458536889667
site_ad3433ffac,2026-02-19T18:15:00+00:00,96,167.87943583199132,110.14326020044616
site_ad3433ffac,2026-02-19T18:30:00+00:00,4,196.56415583304224,134.41357226433902
site_ad3433ffac,2026-02-19T18:30:00+00:00,96,109.61226636391625,80.71923004920576
site_ad3433ffac,2026-02-19T18:45:00+00:00,4,162.14270854180955,100.85912176203269
site_ad3433ffac,2026-02-19T18:45:00+00:00,96,160.62913847039965,96.57246983159693
site_ad3433ffac,2026-02-19T19:00:00+00:00,4,211.59471390154266,271.0654866821505
site_ad3433ffac,2026-02-19T19:00:00+00:00,96,187.06316664451026,110.28549839585308
site_ad3433ffac,2026-02-19T19:15:00+00:00,4,219.61237494566393,408.1492965343516
site_ad3433ffac,2026-02-19T19:30:00+00:00,4,239.1483879931019,610.5781285079893
site_ad3433ffac,2026-02-19T19:45:00+00:00,4,259.3219505351212,684.8196876978159
site_ad3433ffac,2026-02-19T20:00:00+00:00,4,212.28148828991232,577.5425634500293
site_ad3433ffac,2026-02-19T20:15:00+00:00,4,177.00531344150406,476.0569184624861
site_ad3433ffac,2026-02-19T20:15:00+00:00,96,187.06316664451026,110.28549839585308
site_ad3433ffac,2026-02-19T20:30:00+00:00,4,183.29078713494894,491.2042722152467
site_ad3433ffac,2026-02-19T20:30:00+00:00,96,187.06316664451026,110.28549839585308
site_ad3433ffac,2026-02-19T20:45:00+00:00,4,182.7500305456592,493.0422586185239
site_ad3433ffac,2026-02-19T21:00:00+00:00,4,145.08583911604103,408.59943087906476
site_ad3433ffac,2026-02-19T21:15:00+00:00,4,123.43229770804558,348.6832786832207
site_ad3433ffac,2026-02-19T21:15:00+00:00,96,97.16415211364412,278.1493890541959
site_ad3433ffac,2026-02-19T21:30:00+00:00,4,133.95904119872958,374.2468010573025
site_ad3433ffac,2026-02-19T21:30:00+00:00,96,118.1820947991695,332.9947479026971
site_ad3433ffac,2026-02-19T21:45:00+00:00,4,80.91859253794223,220.51491851930024
site_ad3433ffac,2026-02-19T22:00:00+00:00,4,63.74512420801383,178.7142112421744
site_ad3433ffac,2026-02-19T22:15:00+00:00,4,83.44105256285067,150.07481306250506
site_ad3433ffac,2026-02-19T22:30:00+00:00,4,59.117340521974,161.27802263457636
site_ad3433ffac,2026-02-19T22:45:00+00:00,4,46.29279661092733,130.65633585443732
site_ad3433ffac,2026-02-19T23:00:00+00:00,4,51.723686044904625,145.28356596327882
site_ad3433ffac,2026-02-19T23:15:00+00:00,4,72.63750726088875,202.5726929361128
site_ad3433ffac,2026-02-19T23:15:00+00:00,96,118.1820947991695,332.9947479026971
site_ad3433ffac,2026-02-19T23:30:00+00:00,4,65.49135339367133,185.7458832719084
site_ad3433ffac,2026-02-19T23:45:00+00:00,4,53.66658346881301,148.54155840517421
site_ad3433ffac,2026-02-20T00:00:00+00:00,4,60.052908635904664,166.53149245591777
site_ad3433ffac,2026-02-20T00:15:00+00:00,4,60.20592471239537,164.30869944749193
site_ad3433ffac,2026-02-20T00:30:00+00:00,4,57.43540357600139,158.31968372161768
site_ad3433ffac,2026-02-20T00:45:00+00:00,4,52.09041692919088,73.95733760444087
site_ad3433ffac,2026-02-20T01:00:00+00:00,4,53.00667338702244,42.437742314087515
site_ad3433ffac,2026-02-20T01:15:00+00:00,4,54.666622987910564,36.573431132137316
site_ad3433ffac,2026-02-20T01:15:00+00:00,96,118.1820947991695,332.9947479026971
site_ad3433ffac,2026-02-20T01:30:00+00:00,4,45.49758132035144,30.150628297209465
site_ad3433ffac,2026-02-20T01:45:00+00:00,4,66.67173611601025,41.84998527148661
site_ad3433ffac,2026-02-20T02:00:00+00:00,4,99.36356569156486,57.43602995875534
site_ad3433ffac,2026-02-20T02:15:00+00:00,4,70.18334057036833,42.49072923961165
site_ad3433ffac,2026-02-20T02:30:00+00:00,4,55.19093125730996,32.78703808929508
site_ad3433ffac,2026-02-20T02:45:00+00:00,4,87.22765302836132,49.819051170795305
site_ad3433ffac,2026-02-20T03:00:00+00:00,4,110.3852593451791,58.15649641351357
site_ad3433ffac,2026-02-20T03:15:00+00:00,4,123.41116539820034,64.73633169365029
site_ad3433ffac,2026-02-20T03:15:00+00:00,96,85.32923260141814,18.8298214873141
site_ad3433ffac,2026-02-20T03:30:00+00:00,4,118.75201986425161,61.79725564175099
site_ad3433ffac,2026-02-20T03:30:00+00:00,96,85.32923260141814,18.8298214873141
site_ad3433ffac,2026-02-20T03:45:00+00:00,4,132.62196251473173,69.67252897985098
site_ad3433ffac,2026-02-20T04:00:00+00:00,4,177.45142244478913,97.43974899558361
site_ad3433ffac,2026-02-20T04:15:00+00:00,4,157.68775670608431,84.54951441550685
site_ad3433ffac,2026-02-20T04:30:00+00:00,4,110.30799872222079,60.9385578945941
site_ad3433ffac,2026-02-20T04:45:00+00:00,4,122.01931947968802,67.70858876944355
site_ad3433ffac,2026-02-20T04:45:00+00:00,96,85.32923260141814,18.8298214873141
site_ad3433ffac,2026-02-20T05:00:00+00:00,4,102.98404126010696,59.39399242854513
site_ad3433ffac,2026-02-20T05:00:00+00:00,96,85.32923260141814,18.8298214873141
site_ad3433ffac,2026-02-20T05:15:00+00:00,4,124.07909731659629,70.82755976906658
site_ad3433ffac,2026-02-20T05:30:00+00:00,4,144.28608426797683,85.90119893926412
site_ad3433ffac,2026-02-20T05:30:00+00:00,96,85.32923260141814,18.8298214873141
site_ad3433ffac,2026-02-20T05:45:00+00:00,4,84.96408578987776,51.59340106817656
site_ad3433ffac,2026-02-20T06:00:00+00:00,4,98.62788976908776,54.96786637096767
site_ad3433ffac,2026-02-20T06:15:00+00:00,4,87.7745535709684,52.55719721111738
site_ad3433ffac,2026-02-20T06:30:00+00:00,4,125.54435535412951,72.8568576181846
site_ad3433ffac,2026-02-20T06:45:00+00:00,4,123.29010229424262,73.198630345851
site_ad3433ffac,2026-02-20T07:00:00+00:00,4,206.21302591314813,116.89190940194455
site_ad3433ffac,2026-02-20T07:15:00+00:00,4,231.34622692714507,133.57013609963616
site_ad3433ffac,2026-02-20T07:30:00+00:00,4,206.70815197237948,120.49582602583133
site_ad3433ffac,2026-02-20T07:45:00+00:00,4,173.59443629445266,100.64665734888865
site_ad3433ffac,2026-02-20T08:00:00+00:00,4,118.57546737725882,71.2628501072836
site_ad3433ffac,2026-02-20T08:15:00+00:00,4,160.78603514079796,94.32368529636261
site_ad3433ffac,2026-02-20T08:30:00+00:00,4,129.7501843481133,78.6389046730469
site_ad3433ffac,2026-02-20T08:45:00+00:00,4,149.7668010858748,88.71685326533468
site_ad3433ffac,2026-02-20T09:00:00+00:00,4,142.56611753837328,88.4297134314703
site_ad3433ffac,2026-02-20T09:00:00+00:00,96,75.73758788406242,14.444459248651388
site_ad3433ffac,2026-02-20T09:15:00+00:00,4,182.13034550368883,108.66994737160299
site_ad3433ffac,2026-02-20T09:30:00+00:00,4,209.9439436783494,129.1455399697284
site_ad3433ffac,2026-02-20T09:30:00+00:00,96,85.86984218584296,17.457314489883416
site_ad3433ffac,2026-02-20T09:45:00+00:00,4,204.14569984266797,128.84351306025923
site_ad3433ffac,2026-02-20T10:00:00+00:00,4,405.28100034685696,233.11300479199028
site_ad3433ffac,2026-02-20T10:15:00+00:00,4,271.0015183328614,173.9128126912832
site_ad3433ffac,2026-02-20T10:30:00+00:00,4,126.36100043797582,82.71369256375678
site_ad3433ffac,2026-02-20T10:30:00+00:00,96,84.65030781843552,13.569825560919256
site_ad3433ffac,2026-02-20T10:45:00+00:00,4,272.7803373532652,175.4245861257119
site_ad3433ffac,2026-02-20T10:45:00+00:00,96,84.65030781843552,13.569825560919256
site_ad3433ffac,2026-02-20T11:00:00+00:00,4,262.7463369756343,170.72293863106376
site_ad3433ffac,2026-02-20T11:15:00+00:00,4,293.852634417511,185.48802902658633
site_ad3433ffac,2026-02-20T11:30:00+00:00,4,249.86986907956856,152.5983926804618
site_ad3433ffac,2026-02-20T11:45:00+00:00,4,377.56737862469623,235.21523066144715
site_ad3433ffac,2026-02-20T12:00:00+00:00,4,417.046040439776,261.6472784192717
site_ad3433ffac,2026-02-20T12:15:00+00:00,4,319.7402288985728,209.2507844601746
site_ad3433ffac,2026-02-20T12:30:00+00:00,4,263.41974088668377,168.3474865542238
site_ad3433ffac,2026-02-20T12:45:00+00:00,4,369.2493351503636,234.57550600761658
site_ad3433ffac,2026-02-20T13:00:00+00:00,4,305.9836067646553,195.70699839367427
site_ad3433ffac,2026-02-20T13:15:00+00:00,4,326.35634831075555,206.84820551136804
site_ad3433ffac,2026-02-20T13:30:00+00:00,4,340.00686997242786,213.1352548295412
site_ad3433ffac,2026-02-20T13:45:00+00:00,4,338.89534813141717,198.619843323642
site_ad3433ffac,2026-02-20T13:45:00+00:00,96,84.65030781843552,13.569825560919256
site_ad3433ffac,2026-02-20T14:00:00+00:00,4,309.65668252231325,174.3627616307074
site_ad3433ffac,2026-02-20T14:00:00+00:00,96,111.4784351552286,71.83091652277287
site_ad3433ffac,2026-02-20T14:15:00+00:00,4,318.59992055459026,192.24668607429237
site_ad3433ffac,2026-02-20T14:15:00+00:00,96,392.699983437066,223.95286637643923
site_ad3433ffac,2026-02-20T14:30:00+00:00,4,189.10851274370208,119.91880733382916
site_ad3433ffac,2026-02-20T14:30:00+00:00,96,264.0253830702217,153.0266742975572
site_ad3433ffac,2026-02-20T14:45:00+00:00,4,209.68821965259622,128.78332100980393
site_ad3433ffac,2026-02-20T14:45:00+00:00,96,217.99125025919994,127.30860459771661
site_ad3433ffac,2026-02-20T15:00:00+00:00,4,133.24601953591062,79.49372199563005
site_ad3433ffac,2026-02-20T15:00:00+00:00,96,304.7375774862819,176.25417912929933
site_ad3433ffac,2026-02-20T15:15:00+00:00,4,113.19857890574507,68.53116709383207
site_ad3433ffac,2026-02-20T15:15:00+00:00,96,173.83134708508362,109.56449096134621
site_ad3433ffac,2026-02-20T15:30:00+00:00,4,155.50800708660643,96.28427461364036
site_ad3433ffac,2026-02-20T15:30:00+00:00,96,186.50319867700682,115.75513981559996
site_ad3433ffac,2026-02-20T15:45:00+00:00,4,179.10357950208146,121.92531194288927
site_ad3433ffac,2026-02-20T15:45:00+00:00,96,174.45825870626436,114.7009606164547
site_ad3433ffac,2026-02-20T16:00:00+00:00,4,218.21585585330172,140.56483690334875
site_ad3433ffac,2026-02-20T16:00:00+00:00,96,315.50707995245335,188.9824614328272
site_ad3433ffac,2026-02-20T16:15:00+00:00,4,283.92162721062266,176.21903110166627
site_ad3433ffac,2026-02-20T16:15:00+00:00,96,284.5356253209386,361.8730031791451
site_ad3433ffac,2026-02-20T16:30:00+00:00,4,206.85093257540134,128.39262717174353
site_ad3433ffac,2026-02-20T16:30:00+00:00,96,325.4872131343625,643.2986761948304
site_ad3433ffac,2026-02-20T16:45:00+00:00,4,230.0019235616973,134.486702262297
site_ad3433ffac,2026-02-20T16:45:00+00:00,96,170.85582065228039,100.2349233736995
site_ad3433ffac,2026-02-20T17:00:00+00:00,4,135.24962894221954,86.03690732366009
site_ad3433ffac,2026-02-20T17:00:00+00:00,96,273.1001403226382,231.57731835971992
site_ad3433ffac,2026-02-20T17:15:00+00:00,4,142.62732638186955,85.86926763179788
site_ad3433ffac,2026-02-20T17:15:00+00:00,96,192.31255979613442,264.2142487767067
site_ad3433ffac,2026-02-20T17:30:00+00:00,4,165.93957226663187,96.91706379702684
site_ad3433ffac,2026-02-20T17:30:00+00:00,96,138.09808207937192,85.78238424986944
site_ad3433ffac,2026-02-20T17:45:00+00:00,4,140.9484717422966,79.90260814869671
site_ad3433ffac,2026-02-20T17:45:00+00:00,96,121.93499545757714,74.33638288317897
site_ad3433ffac,2026-02-20T18:00:00+00:00,4,141.65671615457947,76.09238486609512
site_ad3433ffac,2026-02-20T18:00:00+00:00,96,207.07074355890967,254.9905789648954
site_ad3433ffac,2026-02-20T18:15:00+00:00,4,170.15672320019195,89.96296412356652
site_ad3433ffac,2026-02-20T18:15:00+00:00,96,166.9741494114778,304.899568531614
site_ad3433ffac,2026-02-20T18:30:00+00:00,4,205.6755801873818,102.99978679418089
site_ad3433ffac,2026-02-20T18:30:00+00:00,96,221.05316774852804,565.379353966586
site_ad3433ffac,2026-02-20T18:45:00+00:00,4,211.99582966805488,105.78570891776576
site_ad3433ffac,2026-02-20T18:45:00+00:00,96,241.13937471370775,643.8900221239855
site_ad3433ffac,2026-02-20T19:00:00+00:00,4,190.51922723096996,92.78565302780612
site_ad3433ffac,2026-02-20T19:00:00+00:00,96,113.26977083064423,306.8199897501288
site_ad3433ffac,2026-02-20T19:15:00+00:00,4,121.14107119509279,55.424713503162984
site_ad3433ffac,2026-02-20T19:15:00+00:00,96,117.11194723668126,317.05008217317027
site_ad3433ffac,2026-02-20T19:30:00+00:00,4,91.45861314392158,45.12128038878991
site_ad3433ffac,2026-02-20T19:30:00+00:00,96,132.9187187288922,356.10173880761346
site_ad3433ffac,2026-02-20T19:45:00+00:00,4,123.1523261772456,55.25914471057901
site_ad3433ffac,2026-02-20T19:45:00+00:00,96,156.7898405424894,420.7253009506403
site_ad3433ffac,2026-02-20T20:00:00+00:00,4,134.87037519452423,56.99490314438981
site_ad3433ffac,2026-02-20T20:00:00+00:00,96,88.83372998028838,239.8119662092224
site_ad3433ffac,2026-02-20T20:15:00+00:00,4,121.9351647795704,51.50334179396146
site_ad3433ffac,2026-02-20T20:15:00+00:00,96,105.1566394004308,282.5776473804716
site_ad3433ffac,2026-02-20T20:30:00+00:00,4,112.81140664164599,47.31289094911617
site_ad3433ffac,2026-02-20T20:30:00+00:00,96,101.08657503255034,272.01152530186107
site_ad3433ffac,2026-02-20T20:45:00+00:00,4,124.46450129964772,53.20128988999418
site_ad3433ffac,2026-02-20T20:45:00+00:00,96,68.13744308201797,184.72564229100584
site_ad3433ffac,2026-02-20T21:00:00+00:00,4,108.91899115663867,46.624480382724094
site_ad3433ffac,2026-02-20T21:00:00+00:00,96,60.65778618194065,166.00800326777795
site_ad3433ffac,2026-02-20T21:15:00+00:00,4,156.22765342949242,66.13919798565206
site_ad3433ffac,2026-02-20T21:15:00+00:00,96,66.97001959726026,113.46212640470513
site_ad3433ffac,2026-02-20T21:30:00+00:00,4,200.17557323099905,82.34620936012396
site_ad3433ffac,2026-02-20T21:30:00+00:00,96,62.01690761472313,169.20523579939046
site_ad3433ffac,2026-02-20T21:45:00+00:00,4,204.7778731196477,82.35422646108088
site_ad3433ffac,2026-02-20T21:45:00+00:00,96,55.980454237720274,153.32195700249483
site_ad3433ffac,2026-02-20T22:00:00+00:00,4,217.62383602634864,90.48713448587166
site_ad3433ffac,2026-02-20T22:00:00+00:00,96,44.51272050418394,121.5392694685143
site_ad3433ffac,2026-02-20T22:15:00+00:00,4,210.31115471610084,87.40308235557866
site_ad3433ffac,2026-02-20T22:15:00+00:00,96,80.01073391211284,218.99291634268997
site_ad3433ffac,2026-02-20T22:30:00+00:00,4,255.09331779153524,98.73618397630153
site_ad3433ffac,2026-02-20T22:30:00+00:00,96,49.63330372981089,136.06027808914428
site_ad3433ffac,2026-02-20T22:45:00+00:00,4,254.53509587671505,89.27061118104928
site_ad3433ffac,2026-02-20T22:45:00+00:00,96,44.9771422382334,124.86349826365924
site_ad3433ffac,2026-02-20T23:00:00+00:00,4,231.96328110071423,75.003289709884
site_ad3433ffac,2026-02-20T23:00:00+00:00,96,43.56169184674748,119.80738124996697
site_ad3433ffac,2026-02-20T23:15:00+00:00,4,237.8945110056131,76.39014530998892
site_ad3433ffac,2026-02-20T23:15:00+00:00,96,58.55416522641818,160.5048812323772
site_ad3433ffac,2026-02-20T23:30:00+00:00,4,234.47436166748346,75.12329273436374
site_ad3433ffac,2026-02-20T23:30:00+00:00,96,52.351134729088464,147.39242187226182
site_ad3433ffac,2026-02-20T23:45:00+00:00,4,213.84841688023693,60.633048681149916
site_ad3433ffac,2026-02-20T23:45:00+00:00,96,44.34156030550915,60.80840784520949
site_ad3433ffac,2026-02-21T00:00:00+00:00,4,126.66363122509334,36.107520074776986
site_ad3433ffac,2026-02-21T00:00:00+00:00,96,62.48159463523422,41.046315580319735
site_ad3433ffac,2026-02-21T00:15:00+00:00,4,189.35560465448867,45.623904926857634
site_ad3433ffac,2026-02-21T00:15:00+00:00,96,74.21212557091783,41.3354812719089
site_ad3433ffac,2026-02-21T00:30:00+00:00,4,310.9673681808873,68.32957023676394
site_ad3433ffac,2026-02-21T00:30:00+00:00,96,61.64019113066393,33.44053331162388
site_ad3433ffac,2026-02-21T00:45:00+00:00,4,254.7912503032399,49.037971799082825
site_ad3433ffac,2026-02-21T00:45:00+00:00,96,71.38631544921637,38.180031418433515
site_ad3433ffac,2026-02-21T01:00:00+00:00,4,258.4053609134058,46.879076611819684
site_ad3433ffac,2026-02-21T01:00:00+00:00,96,87.86840447780148,45.48325699273331
site_ad3433ffac,2026-02-21T01:15:00+00:00,4,223.9514407863248,41.152787920755195
site_ad3433ffac,2026-02-21T01:15:00+00:00,96,58.391445097994264,31.184120758814103
site_ad3433ffac,2026-02-21T01:30:00+00:00,4,214.48498435868606,40.26868636113395
site_ad3433ffac,2026-02-21T01:30:00+00:00,96,60.053369158711874,34.13528578956841
site_ad3433ffac,2026-02-21T01:45:00+00:00,4,216.773995375693,40.22256466976539
site_ad3433ffac,2026-02-21T01:45:00+00:00,96,75.18893042439606,41.333365645693945
site_ad3433ffac,2026-02-21T02:00:00+00:00,4,178.16890876256016,32.68441608184957
site_ad3433ffac,2026-02-21T02:00:00+00:00,96,112.50155485618916,57.25210228681713
site_ad3433ffac,2026-02-21T02:15:00+00:00,4,232.1889011450917,41.88520210834572
site_ad3433ffac,2026-02-21T02:15:00+00:00,96,119.87413087599182,57.51596878188831
site_ad3433ffac,2026-02-21T02:30:00+00:00,4,148.75658179717098,34.0744199905843
site_ad3433ffac,2026-02-21T02:30:00+00:00,96,136.74912245233892,65.74107984181187
site_ad3433ffac,2026-02-21T02:45:00+00:00,4,129.6099799119905,26.135730077968617
site_ad3433ffac,2026-02-21T02:45:00+00:00,96,163.91506192139667,79.33337066665378
site_ad3433ffac,2026-02-21T03:00:00+00:00,4,117.86797302422718,24.059044391975803
site_ad3433ffac,2026-02-21T03:00:00+00:00,96,241.1703190045934,124.27041415096743
site_ad3433ffac,2026-02-21T03:15:00+00:00,4,116.59160159740237,23.413494284268683
site_ad3433ffac,2026-02-21T03:15:00+00:00,96,154.23569815795778,79.79205044276704
site_ad3433ffac,2026-02-21T03:30:00+00:00,4,94.84693686102285,19.252892611274262
site_ad3433ffac,2026-02-21T03:30:00+00:00,96,68.50701567712184,36.5477248326016
site_ad3433ffac,2026-02-21T03:45:00+00:00,4,133.1354258443947,27.165159188810332
site_ad3433ffac,2026-02-21T03:45:00+00:00,96,85.03108415741863,43.908498318662
site_ad3433ffac,2026-02-21T04:00:00+00:00,4,132.67023344614205,30.576562326878545
site_ad3433ffac,2026-02-21T04:00:00+00:00,96,71.64848708207387,40.39505860768324
site_ad3433ffac,2026-02-21T04:15:00+00:00,4,132.38762874083267,31.176677248477738
site_ad3433ffac,2026-02-21T04:15:00+00:00,96,82.21802321849641,44.87863783876334
site_ad3433ffac,2026-02-21T04:45:00+00:00,4,85.1537721928291,18.78180239393989
site_ad3433ffac,2026-02-21T04:45:00+00:00,96,60.36003881170992,37.567666594703844
site_ad3433ffac,2026-02-21T05:00:00+00:00,4,167.93418249887833,34.420147157362806
site_ad3433ffac,2026-02-21T05:00:00+00:00,96,68.16138928978052,38.8466079367081
site_ad3433ffac,2026-02-21T05:15:00+00:00,4,91.6152429074272,28.03618092282214
site_ad3433ffac,2026-02-21T05:15:00+00:00,96,81.13743948059764,45.2042044343145
site_ad3433ffac,2026-02-21T05:30:00+00:00,4,91.6152429074272,28.03618092282214
site_ad3433ffac,2026-02-21T05:30:00+00:00,96,79.88844271566334,43.204393492006204
site_ad3433ffac,2026-02-21T05:45:00+00:00,4,83.41506902169274,19.272137815666763
site_ad3433ffac,2026-02-21T05:45:00+00:00,96,81.2131174328395,44.35566376275701
site_ad3433ffac,2026-02-21T06:00:00+00:00,4,69.41967561843813,17.009706283319943
site_ad3433ffac,2026-02-21T06:00:00+00:00,96,178.15302468709913,93.73602670739423
site_ad3433ffac,2026-02-21T06:15:00+00:00,4,92.5430867198447,21.425113774759186
site_ad3433ffac,2026-02-21T06:15:00+00:00,96,234.05500361619858,126.84322671652151
site_ad3433ffac,2026-02-21T06:30:00+00:00,4,100.12116142168698,22.80194360547758
site_ad3433ffac,2026-02-21T06:30:00+00:00,96,192.69153531405283,104.21978872598642
site_ad3433ffac,2026-02-21T06:45:00+00:00,4,153.9862214052023,37.063022007928495
site_ad3433ffac,2026-02-21T06:45:00+00:00,96,88.47030115307302,50.250335293202326
site_ad3433ffac,2026-02-21T07:00:00+00:00,4,117.60900647645134,29.097984136380184
site_ad3433ffac,2026-02-21T07:00:00+00:00,96,59.309158048870025,35.495493357487995
site_ad3433ffac,2026-02-21T07:15:00+00:00,4,124.45900878642014,30.419155384633108
site_ad3433ffac,2026-02-21T07:15:00+00:00,96,118.26345341647226,67.69419429798361
site_ad3433ffac,2026-02-21T07:30:00+00:00,4,129.89449203681698,33.75248022406276
site_ad3433ffac,2026-02-21T07:30:00+00:00,96,69.45238362930243,41.63867495211094
site_ad3433ffac,2026-02-21T07:45:00+00:00,4,108.96599947891086,24.05031641628331
site_ad3433ffac,2026-02-21T07:45:00+00:00,96,137.51187458348502,79.39368920663196
site_ad3433ffac,2026-02-21T08:00:00+00:00,4,113.64335453921697,28.220045406903225
site_ad3433ffac,2026-02-21T08:00:00+00:00,96,91.0219651314446,55.54319500151564
site_ad3433ffac,2026-02-21T08:15:00+00:00,4,102.7051121555789,27.261003283275436
site_ad3433ffac,2026-02-21T08:15:00+00:00,96,127.64399737416083,73.5325073796857
site_ad3433ffac,2026-02-21T08:30:00+00:00,4,93.51482152035227,21.545264774538193
site_ad3433ffac,2026-02-21T08:30:00+00:00,96,242.89482543742267,135.44242692234852
site_ad3433ffac,2026-02-21T08:45:00+00:00,4,78.24807131085957,20.27237897748558
site_ad3433ffac,2026-02-21T08:45:00+00:00,96,191.6801653693696,109.494439176113
site_ad3433ffac,2026-02-21T09:00:00+00:00,4,93.24265885435061,23.270641430919927
site_ad3433ffac,2026-02-21T09:00:00+00:00,96,1343.493712161258,740.0745325149934
site_ad3433ffac,2026-02-21T09:15:00+00:00,4,103.31554813675147,24.100252401977265
site_ad3433ffac,2026-02-21T09:15:00+00:00,96,123.48168583785477,73.11520638956917
site_ad3433ffac,2026-02-21T09:30:00+00:00,4,115.21442894335632,28.00436923744928
site_ad3433ffac,2026-02-21T09:30:00+00:00,96,65.24994185909132,42.43842264005184
site_ad3433ffac,2026-02-21T09:45:00+00:00,4,108.34588883522973,27.79015577673249
site_ad3433ffac,2026-02-21T09:45:00+00:00,96,254.73288389089504,144.0963102864239
site_ad3433ffac,2026-02-21T10:00:00+00:00,4,72.20912519256919,18.805873687826416
site_ad3433ffac,2026-02-21T10:00:00+00:00,96,138.7907296720633,81.31803524124399
site_ad3433ffac,2026-02-21T10:15:00+00:00,4,62.35091255688816,15.422896830567167
site_ad3433ffac,2026-02-21T10:15:00+00:00,96,133.82225752202027,78.49594522841939
site_ad3433ffac,2026-02-21T10:30:00+00:00,4,55.62932429727419,11.408192090031044
site_ad3433ffac,2026-02-21T10:30:00+00:00,96,114.58708803375548,68.08898421779966
site_ad3433ffac,2026-02-21T10:45:00+00:00,4,53.10456581470635,12.706788960469407
site_ad3433ffac,2026-02-21T10:45:00+00:00,96,498.6662120788385,281.77584526089385
site_ad3433ffac,2026-02-21T11:00:00+00:00,4,69.05967169641362,19.341356755121055
site_ad3433ffac,2026-02-21T11:00:00+00:00,96,453.25205687808955,257.8776741837823
site_ad3433ffac,2026-02-21T11:15:00+00:00,4,62.46420150529179,15.91230789323064
site_ad3433ffac,2026-02-21T11:15:00+00:00,96,151.8958105571821,89.63344777762113
site_ad3433ffac,2026-02-21T11:30:00+00:00,4,65.28070885162495,15.920420377713024
site_ad3433ffac,2026-02-21T11:30:00+00:00,96,132.55045614229994,79.14966247437779
site_ad3433ffac,2026-02-21T11:45:00+00:00,4,77.17021902136845,19.732582152326962
site_ad3433ffac,2026-02-21T11:45:00+00:00,96,314.92229559987163,179.54187212859162
site_ad3433ffac,2026-02-21T12:00:00+00:00,4,94.139147717989,23.793928688879753
site_ad3433ffac,2026-02-21T12:00:00+00:00,96,174.1205419088681,103.6973480385328
site_ad3433ffac,2026-02-21T12:15:00+00:00,4,96.38541254680499,25.960604034314848
site_ad3433ffac,2026-02-21T12:15:00+00:00,96,239.2175737809472,139.35550345833565
site_ad3433ffac,2026-02-21T12:30:00+00:00,4,108.8007471508796,28.922908083047762
site_ad3433ffac,2026-02-21T12:30:00+00:00,96,302.1664748651101,175.30123586747547
site_ad3433ffac,2026-02-21T12:45:00+00:00,4,107.31809324923583,27.080700953026835
site_ad3433ffac,2026-02-21T12:45:00+00:00,96,209.60276062025005,117.01028083312477
site_ad3433ffac,2026-02-21T13:00:00+00:00,4,101.41183797653045,23.065012515619696
site_ad3433ffac,2026-02-21T13:00:00+00:00,96,160.85687811986818,83.36711922043487
site_ad3433ffac,2026-02-21T13:15:00+00:00,4,92.29446973408359,23.778564299979145
site_ad3433ffac,2026-02-21T13:15:00+00:00,96,210.14394917165583,117.8351584981696
site_ad3433ffac,2026-02-21T13:30:00+00:00,4,85.45550898114708,16.19722548387344
site_ad3433ffac,2026-02-21T13:30:00+00:00,96,90.46672881385831,57.697200585779356
site_ad3433ffac,2026-02-21T13:45:00+00:00,4,73.01028559073193,15.18007910240019
site_ad3433ffac,2026-02-21T13:45:00+00:00,96,85.306786247467,55.42118914575631
site_ad3433ffac,2026-02-21T14:00:00+00:00,4,84.06885333051204,15.357289662689208
site_ad3433ffac,2026-02-21T14:00:00+00:00,96,86.22924917844819,52.643904049984855
site_ad3433ffac,2026-02-21T14:15:00+00:00,4,71.10066680103238,12.457988411210044
site_ad3433ffac,2026-02-21T14:15:00+00:00,96,95.22551124481419,57.34558508933238
site_ad3433ffac,2026-02-21T14:30:00+00:00,4,59.27137593441984,9.86076230476516
site_ad3433ffac,2026-02-21T14:30:00+00:00,96,131.10623737099203,84.94896009871769
site_ad3433ffac,2026-02-21T14:45:00+00:00,4,54.79242499105138,8.133108226328817
site_ad3433ffac,2026-02-21T14:45:00+00:00,96,118.58512845143714,82.32133724427328
site_ad3433ffac,2026-02-21T15:15:00+00:00,4,62.092255697693815,9.85889580949755
site_ad3433ffac,2026-02-21T15:15:00+00:00,96,296.7633013843308,178.25261344871478
site_ad3433ffac,2026-02-21T15:30:00+00:00,4,56.02523538998577,8.265894074226635
site_ad3433ffac,2026-02-21T15:30:00+00:00,96,141.01941878724872,88.91495480114524
site_ad3433ffac,2026-02-21T15:45:00+00:00,4,42.26731820322178,7.940057064668395
site_ad3433ffac,2026-02-21T15:45:00+00:00,96,225.1475296580465,126.86834150345925
site_ad3433ffac,2026-02-21T16:00:00+00:00,4,42.26731820322178,7.940057064668395
site_ad3433ffac,2026-02-21T16:00:00+00:00,96,102.3593780842699,66.17751372030293
site_ad3433ffac,2026-02-21T16:15:00+00:00,4,62.29751714165142,12.52462840442643
site_ad3433ffac,2026-02-21T16:15:00+00:00,96,121.8952378827401,70.89686747047672
site_ad3433ffac,2026-02-21T16:30:00+00:00,4,67.79582919322587,13.076897483664315
site_ad3433ffac,2026-02-21T16:30:00+00:00,96,145.69207099089718,85.16953422608091
site_ad3433ffac,2026-02-21T16:45:00+00:00,4,73.66604651256009,21.463277579662538
site_ad3433ffac,2026-02-21T16:45:00+00:00,96,96.99947776798007,56.58966177950892
site_ad3433ffac,2026-02-21T17:00:00+00:00,4,70.94103493632923,21.96480438812733
site_ad3433ffac,2026-02-21T17:00:00+00:00,96,141.69566230165617,75.06444752612002
site_ad3433ffac,2026-02-21T17:15:00+00:00,4,55.05582326010359,15.688616270090844
site_ad3433ffac,2026-02-21T17:15:00+00:00,96,140.4450714254961,73.84017094356933
site_ad3433ffac,2026-02-21T17:30:00+00:00,4,126.27026142593918,35.13541983957197
site_ad3433ffac,2026-02-21T17:30:00+00:00,96,193.4123732728522,92.50737974315727
site_ad3433ffac,2026-02-21T17:45:00+00:00,4,110.71936764346538,37.5393854436058
site_ad3433ffac,2026-02-21T17:45:00+00:00,96,157.54028423313105,79.38462742386247
site_ad3433ffac,2026-02-21T18:00:00+00:00,4,91.74773991980342,31.646641742295312
site_ad3433ffac,2026-02-21T18:00:00+00:00,96,160.0066269121537,77.4946777337447
site_ad3433ffac,2026-02-21T18:15:00+00:00,4,88.8168669727382,29.95107873020652
site_ad3433ffac,2026-02-21T18:15:00+00:00,96,83.0719870055188,42.42732157576421
site_ad3433ffac,2026-02-21T18:30:00+00:00,4,86.42212762736582,31.517927879634783
site_ad3433ffac,2026-02-21T18:30:00+00:00,96,73.5456899224802,40.742551423161615
site_ad3433ffac,2026-02-21T18:45:00+00:00,4,113.79768049498927,37.95950727154805
site_ad3433ffac,2026-02-21T18:45:00+00:00,96,95.21975457771654,44.87909293405953
site_ad3433ffac,2026-02-21T19:00:00+00:00,4,109.68270636244561,36.54431467785973
site_ad3433ffac,2026-02-21T19:00:00+00:00,96,150.3139397225228,62.51326072510303
site_ad3433ffac,2026-02-21T19:15:00+00:00,4,116.7143687316521,37.102284045973995
site_ad3433ffac,2026-02-21T19:15:00+00:00,96,89.99055257115018,39.08603995443031
site_ad3433ffac,2026-02-21T19:30:00+00:00,4,218.4171840774837,66.33402083206003
site_ad3433ffac,2026-02-21T19:30:00+00:00,96,149.2225103658892,58.65995701469231
site_ad3433ffac,2026-02-21T19:45:00+00:00,4,210.6701306393582,67.60022221488475
site_ad3433ffac,2026-02-21T19:45:00+00:00,96,126.57327283680827,53.15663909724754
site_ad3433ffac,2026-02-21T20:00:00+00:00,4,177.1630250081628,59.80909973036049
site_ad3433ffac,2026-02-21T20:00:00+00:00,96,78.48185810270923,34.627114027670835
site_ad3433ffac,2026-02-21T20:15:00+00:00,4,125.56748868216476,43.03940882330221
site_ad3433ffac,2026-02-21T20:15:00+00:00,96,187.66212835639135,74.07900949257004
site_ad3433ffac,2026-02-21T20:30:00+00:00,4,107.95501106386965,38.199207992525615
site_ad3433ffac,2026-02-21T20:30:00+00:00,96,241.14915722192563,91.0812190956729
site_ad3433ffac,2026-02-21T20:45:00+00:00,4,113.19231219436276,36.114427364827534
site_ad3433ffac,2026-02-21T20:45:00+00:00,96,294.17784959865975,103.76507987332297
site_ad3433ffac,2026-02-21T21:00:00+00:00,4,83.71950441866503,27.206227824837868
site_ad3433ffac,2026-02-21T21:00:00+00:00,96,247.75962347024236,89.04606578044398
site_ad3433ffac,2026-02-21T21:15:00+00:00,4,90.3051540847431,29.342722385300245
site_ad3433ffac,2026-02-21T21:15:00+00:00,96,254.9252469527153,94.06570974693904
site_ad3433ffac,2026-02-21T21:30:00+00:00,4,81.71283233076794,25.83181990052389
site_ad3433ffac,2026-02-21T21:30:00+00:00,96,254.21494561261315,88.11571296665001
site_ad3433ffac,2026-02-21T21:45:00+00:00,4,144.43156015552458,45.290191449349976
site_ad3433ffac,2026-02-21T21:45:00+00:00,96,205.69754288536075,67.88926754758948
site_ad3433ffac,2026-02-21T22:00:00+00:00,4,110.99770383722583,34.91330234178669
site_ad3433ffac,2026-02-21T22:00:00+00:00,96,170.15804278815267,55.82554798410661
site_ad3433ffac,2026-02-21T22:15:00+00:00,4,66.95812711092917,22.430021832767935
site_ad3433ffac,2026-02-21T22:15:00+00:00,96,165.70973583029718,54.30404061580903
site_ad3433ffac,2026-02-21T22:30:00+00:00,4,50.12318274402796,16.490718237841875
site_ad3433ffac,2026-02-21T22:30:00+00:00,96,137.50973411675247,45.14723855036502
site_ad3433ffac,2026-02-21T22:45:00+00:00,4,55.48102965500934,16.57275294286541
site_ad3433ffac,2026-02-21T22:45:00+00:00,96,122.17273629575355,35.53287424426354
site_ad3433ffac,2026-02-21T23:00:00+00:00,4,59.75144318144376,16.92105476048214
site_ad3433ffac,2026-02-21T23:00:00+00:00,96,69.0694057920543,22.56808545224193
site_ad3433ffac,2026-02-21T23:15:00+00:00,4,68.97999424916624,21.65941621114717
site_ad3433ffac,2026-02-21T23:15:00+00:00,96,175.93346192171072,40.027256363815404
site_ad3433ffac,2026-02-21T23:30:00+00:00,4,60.509890562060086,18.20450201028726
site_ad3433ffac,2026-02-21T23:30:00+00:00,96,274.9588311751175,57.399720595524876
site_ad3433ffac,2026-02-21T23:45:00+00:00,4,41.63715171023172,14.280433376662945
site_ad3433ffac,2026-02-21T23:45:00+00:00,96,188.5878611063348,34.26250131422549
site_ad3433ffac,2026-02-22T00:00:00+00:00,4,41.68041252570516,13.28988301964375
site_ad3433ffac,2026-02-22T00:00:00+00:00,96,286.2721231453536,47.860596232742346
site_ad3433ffac,2026-02-22T00:15:00+00:00,4,47.446568926869254,14.650861949639497
site_ad3433ffac,2026-02-22T00:15:00+00:00,96,154.85400386916243,27.945638765019265
site_ad3433ffac,2026-02-22T00:30:00+00:00,4,38.32752004512742,11.718358040172111
site_ad3433ffac,2026-02-22T00:30:00+00:00,96,136.34482945208674,26.094286043183168
site_ad3433ffac,2026-02-22T00:45:00+00:00,4,42.84024652396262,12.513536625944273
site_ad3433ffac,2026-02-22T00:45:00+00:00,96,146.88009779918056,27.47404514867609
site_ad3433ffac,2026-02-22T01:00:00+00:00,4,30.646988295806395,8.649698058508195
site_ad3433ffac,2026-02-22T01:00:00+00:00,96,105.11714843925077,19.800045290050832
site_ad3433ffac,2026-02-22T01:15:00+00:00,4,40.81539438486776,9.392139613265257
site_ad3433ffac,2026-02-22T01:15:00+00:00,96,163.74963252549884,30.644549259717355
site_ad3433ffac,2026-02-22T01:30:00+00:00,4,66.70886652962554,15.725962812985014
site_ad3433ffac,2026-02-22T01:30:00+00:00,96,75.01800862286312,18.836448990520502
site_ad3433ffac,2026-02-22T01:45:00+00:00,4,86.54765092399698,20.245232459097807
site_ad3433ffac,2026-02-22T01:45:00+00:00,96,80.88142332554925,17.903407720909755
site_ad3433ffac,2026-02-22T02:00:00+00:00,4,68.82018677844788,16.484428141022477
site_ad3433ffac,2026-02-22T02:00:00+00:00,96,88.62261948092251,20.225022610872017
site_ad3433ffac,2026-02-22T02:15:00+00:00,4,66.93821051393046,16.1579139153053
site_ad3433ffac,2026-02-22T02:15:00+00:00,96,69.38428695349033,15.662919308253588
site_ad3433ffac,2026-02-22T02:30:00+00:00,4,54.40972465859503,7.01783252367549
site_ad3433ffac,2026-02-22T02:30:00+00:00,96,71.62853888692905,16.356961779072083
site_ad3433ffac,2026-02-22T02:45:00+00:00,4,52.952536751860826,9.761084806852661
site_ad3433ffac,2026-02-22T02:45:00+00:00,96,137.0405768488186,28.766647200594285
site_ad3433ffac,2026-02-22T03:00:00+00:00,4,47.16172969416426,6.779710432851257
site_ad3433ffac,2026-02-22T03:00:00+00:00,96,141.17971106423698,33.596864316043956
site_ad3433ffac,2026-02-22T03:15:00+00:00,4,59.45774090552086,9.167095081968059
site_ad3433ffac,2026-02-22T03:15:00+00:00,96,126.31272521356362,30.10683512329456
site_ad3433ffac,2026-02-22T03:30:00+00:00,4,86.87348718609701,12.76720686389288
site_ad3433ffac,2026-02-22T03:30:00+00:00,96,66.04085118428381,17.2632449204344
site_ad3433ffac,2026-02-22T03:45:00+00:00,4,106.28973877129286,15.381637886291283
site_ad3433ffac,2026-02-22T03:45:00+00:00,96,61.553603322031535,16.208005912831123
site_ad3433ffac,2026-02-22T04:00:00+00:00,4,109.78251457436248,14.982150064318738
site_ad3433ffac,2026-02-22T04:00:00+00:00,96,442.05747415080117,87.96695779840921
site_ad3433ffac,2026-02-22T04:15:00+00:00,4,117.04192466707305,14.4358058985419
site_ad3433ffac,2026-02-22T04:15:00+00:00,96,119.757773589833,29.453661149412348
site_ad3433ffac,2026-02-22T04:30:00+00:00,4,80.88424876177118,10.733435049063424
site_ad3433ffac,2026-02-22T04:30:00+00:00,96,119.757773589833,29.453661149412348
site_ad3433ffac,2026-02-22T04:45:00+00:00,4,93.67366898857841,15.936101952714104
site_ad3433ffac,2026-02-22T04:45:00+00:00,96,68.73719531313168,19.460378883472735
site_ad3433ffac,2026-02-22T05:00:00+00:00,4,100.23644943673092,19.75304293081546
site_ad3433ffac,2026-02-22T05:00:00+00:00,96,80.11553158440621,21.175338393301836
site_ad3433ffac,2026-02-22T05:15:00+00:00,4,68.84646892475538,12.975037449218775
site_ad3433ffac,2026-02-22T05:15:00+00:00,96,80.51709607891291,21.68404869638326
site_ad3433ffac,2026-02-22T05:30:00+00:00,4,61.12705561561141,11.224033332310999
site_ad3433ffac,2026-02-22T05:30:00+00:00,96,69.27862194833902,19.47700827234119
site_ad3433ffac,2026-02-22T05:45:00+00:00,4,100.11620343936673,18.63937591608034
site_ad3433ffac,2026-02-22T05:45:00+00:00,96,193.0318758728262,44.111874394893334
site_ad3433ffac,2026-02-22T06:00:00+00:00,4,107.49154918799175,20.83720055614038
site_ad3433ffac,2026-02-22T06:00:00+00:00,96,128.15349826114294,30.20588589602861
site_ad3433ffac,2026-02-22T06:15:00+00:00,4,74.48810735567565,13.248145204522388
site_ad3433ffac,2026-02-22T06:15:00+00:00,96,118.80043522326126,30.89830845192344
site_ad3433ffac,2026-02-22T06:30:00+00:00,4,63.56516349829995,11.988000233157408
site_ad3433ffac,2026-02-22T06:30:00+00:00,96,127.41268575204754,34.33012906483712
site_ad3433ffac,2026-02-22T06:45:00+00:00,4,124.87761527437482,24.772355338397
site_ad3433ffac,2026-02-22T06:45:00+00:00,96,86.72219654989922,25.45050554829441
site_ad3433ffac,2026-02-22T07:00:00+00:00,4,120.3530536614515,24.047197002456457
site_ad3433ffac,2026-02-22T07:00:00+00:00,96,95.3244628954821,25.617759274030757
site_ad3433ffac,2026-02-22T07:15:00+00:00,4,89.67657632205047,17.26467536808979
site_ad3433ffac,2026-02-22T07:15:00+00:00,96,75.90018516238437,22.123184325588305
site_ad3433ffac,2026-02-22T07:30:00+00:00,4,136.75406517697397,24.904284038015103
site_ad3433ffac,2026-02-22T07:30:00+00:00,96,72.78564255014088,19.60883869043854
site_ad3433ffac,2026-02-22T07:45:00+00:00,4,138.75289731984782,25.57907993253453
site_ad3433ffac,2026-02-22T07:45:00+00:00,96,80.46007149198246,20.83521083550865
site_ad3433ffac,2026-02-22T08:00:00+00:00,4,100.59731180369681,17.975814824757016
site_ad3433ffac,2026-02-22T08:00:00+00:00,96,99.04594873797109,24.853322922271982
site_ad3433ffac,2026-02-22T08:15:00+00:00,4,64.83551156096924,11.127845376061915
site_ad3433ffac,2026-02-22T08:15:00+00:00,96,88.24256732036109,21.338018470319103
site_ad3433ffac,2026-02-22T08:30:00+00:00,4,77.99135161934093,13.225727252149452
site_ad3433ffac,2026-02-22T08:30:00+00:00,96,111.83789567853076,27.552101356172155
site_ad3433ffac,2026-02-22T08:45:00+00:00,4,120.27912097741468,20.286177324924388
site_ad3433ffac,2026-02-22T08:45:00+00:00,96,125.03499538929381,30.46492966236078
site_ad3433ffac,2026-02-22T09:00:00+00:00,4,101.64174535486308,15.553182305191799
site_ad3433ffac,2026-02-22T09:00:00+00:00,96,69.11771901142701,18.712525000193672
site_ad3433ffac,2026-02-22T09:15:00+00:00,4,85.61578474278963,13.862795374079738
site_ad3433ffac,2026-02-22T09:15:00+00:00,96,51.773156823881536,14.720803011231798
site_ad3433ffac,2026-02-22T09:30:00+00:00,4,68.67497909781412,11.294297957156578
site_ad3433ffac,2026-02-22T09:30:00+00:00,96,52.5658167954785,12.625050575755495
site_ad3433ffac,2026-02-23T04:15:00+00:00,96,90.54423853813692,18.051591571304943
site_ad3433ffac,2026-02-23T06:45:00+00:00,96,169.40803167313322,28.798650313563872
site_ad3433ffac,2026-02-23T07:00:00+00:00,96,94.74048668209542,17.361138111473274
site_ad3433ffac,2026-02-23T07:15:00+00:00,96,92.56262780656333,16.32014818666046
site_ad3433ffac,2026-02-23T07:30:00+00:00,96,98.9163514350731,17.58488843513413
site_ad3433ffac,2026-02-23T07:45:00+00:00,4,141.0650322440711,211.75781644718336
site_ad3433ffac,2026-02-23T07:45:00+00:00,96,151.65209808579434,23.70211205682425
site_ad3433ffac,2026-02-23T08:00:00+00:00,4,147.28880037151902,225.5163313392395
site_ad3433ffac,2026-02-23T08:00:00+00:00,96,107.7291111663523,16.846361611565957
site_ad3433ffac,2026-02-23T08:15:00+00:00,4,134.91548906735133,321.13464752654636
site_ad3433ffac,2026-02-23T08:15:00+00:00,96,107.01089617840448,16.98350091874792
site_ad3433ffac,2026-02-23T08:30:00+00:00,4,171.59510097042985,271.7273439762208
site_ad3433ffac,2026-02-23T08:30:00+00:00,96,107.02404143212388,17.70615368648729
site_ad3433ffac,2026-02-23T08:45:00+00:00,4,140.3100481542829,226.91795156105354
site_ad3433ffac,2026-02-23T08:45:00+00:00,96,90.87901497381225,15.103567181156633
site_ad3433ffac,2026-02-23T09:00:00+00:00,4,173.28500385562745,152.36004106265932
site_ad3433ffac,2026-02-23T09:00:00+00:00,96,93.84279546375286,15.768528923042439
site_ad3433ffac,2026-02-23T09:15:00+00:00,4,176.49647246562293,137.75173372927202
site_ad3433ffac,2026-02-23T09:15:00+00:00,96,97.53124580942895,16.65369969859538
site_ad3433ffac,2026-02-23T09:30:00+00:00,4,198.44563044208633,88.44911846259369
site_ad3433ffac,2026-02-23T09:30:00+00:00,96,91.31037054112844,16.074326886280655
site_ad3433ffac,2026-02-23T09:45:00+00:00,4,266.94214454716194,80.29196276107557
site_ad3433ffac,2026-02-23T10:00:00+00:00,4,214.5996534264427,40.31618420876045
site_ad3433ffac,2026-02-23T10:15:00+00:00,4,245.33769658131675,50.93520071855334
site_ad3433ffac,2026-02-23T10:30:00+00:00,4,287.796492221129,60.517131999216986
site_ad3433ffac,2026-02-23T10:45:00+00:00,4,298.89793180465284,65.60991236394563
site_ad3433ffac,2026-02-23T11:00:00+00:00,4,313.7754887025718,66.76234644318787
site_ad3433ffac,2026-02-23T11:15:00+00:00,4,332.639094760847,69.71729639877353
site_ad3433ffac,2026-02-23T11:30:00+00:00,4,241.34524649412668,51.48466171626338
site_ad3433ffac,2026-02-23T11:45:00+00:00,4,324.717098386596,74.85796458472112
site_ad3433ffac,2026-02-23T12:00:00+00:00,4,267.27391541114935,62.341772943763964
site_ad3433ffac,2026-02-23T12:15:00+00:00,4,348.945556014166,90.74444847906756
site_ad3433ffac,2026-02-23T12:30:00+00:00,4,291.93221546567776,94.34059844338378
site_ad3433ffac,2026-02-23T12:45:00+00:00,4,243.76053599119874,57.9289109993368
site_ad3433ffac,2026-02-23T13:00:00+00:00,4,335.4054356278263,148.4285446099099
site_ad3433ffac,2026-02-23T13:15:00+00:00,4,326.47042628138774,149.9807377430518
site_ad3433ffac,2026-02-23T13:30:00+00:00,4,314.31196184785153,87.9333860769667
site_ad3433ffac,2026-02-23T13:45:00+00:00,4,239.16600194939613,63.07451489303561
site_ad3433ffac,2026-02-23T14:00:00+00:00,4,236.11089604930783,62.5044777877679
site_ad3433ffac,2026-02-23T14:15:00+00:00,4,223.3878849132871,110.78977295245393
site_ad3433ffac,2026-02-23T14:30:00+00:00,4,269.67561135450046,109.91037129883168
site_ad3433ffac,2026-02-23T14:45:00+00:00,4,180.7933748776836,42.80127370817735
site_ad3433ffac,2026-02-23T15:00:00+00:00,4,138.70425971322913,33.26038828616655
site_ad3433ffac,2026-02-23T15:15:00+00:00,4,209.28640198691838,46.95885851606881
site_ad3433ffac,2026-02-23T15:30:00+00:00,4,229.12127589329708,49.4243790956651
site_ad3433ffac,2026-02-23T15:45:00+00:00,4,317.3764398187826,67.4453694837299
site_ad3433ffac,2026-02-23T16:00:00+00:00,4,219.3616640139853,48.27964609595142
site_ad3433ffac,2026-02-23T16:15:00+00:00,4,288.4699061037357,59.22153881775958
site_ad3433ffac,2026-02-23T16:30:00+00:00,4,246.89908609334813,48.462665085023474
site_ad3433ffac,2026-02-23T16:45:00+00:00,4,255.8830569584041,49.90734677078713
site_ad3433ffac,2026-02-23T17:00:00+00:00,4,234.9652622929404,47.59082535976063
site_ad3433ffac,2026-02-23T17:15:00+00:00,4,312.4911139891331,59.61659156744619
site_ad3433ffac,2026-02-23T17:30:00+00:00,4,326.5300829094319,62.68476657031367
site_ad3433ffac,2026-02-23T17:45:00+00:00,4,346.39106821319683,66.87255465614778
site_ad3433ffac,2026-02-23T18:00:00+00:00,4,358.8200375506611,68.64053109969984
site_ad3433ffac,2026-02-23T18:15:00+00:00,4,331.5494251214526,63.15172893107294
site_ad3433ffac,2026-02-23T18:30:00+00:00,4,293.8996762118059,58.30258848563932
site_ad3433ffac,2026-02-23T18:45:00+00:00,4,281.9654233575551,58.99112279928947
site_ad3433ffac,2026-02-23T19:00:00+00:00,4,235.7330583831494,52.16785503709515
site_ad3433ffac,2026-02-23T19:15:00+00:00,4,255.87470983329092,52.979902139014726
site_ad3433ffac,2026-02-23T19:30:00+00:00,4,296.4253758367616,75.95764495401183
site_ad3433ffac,2026-02-23T19:45:00+00:00,4,289.5591755132413,73.52517887476107
site_ad3433ffac,2026-02-23T20:00:00+00:00,4,261.3560080142297,67.30625334323146
site_ad3433ffac,2026-02-23T20:15:00+00:00,4,283.1346705211146,91.42348986556765
site_ad3433ffac,2026-02-23T20:30:00+00:00,4,252.63580465584033,82.71127683157802
site_ad3433ffac,2026-02-23T20:45:00+00:00,4,240.72406082367607,85.45843965853015
site_ad3433ffac,2026-02-23T21:00:00+00:00,4,169.673050712541,57.00345713220031
site_ad3433ffac,2026-02-23T21:15:00+00:00,4,235.94688980887727,87.30953758811567
site_ad3433ffac,2026-02-23T21:30:00+00:00,4,303.11199982169387,123.76565866869966
site_ad3433ffac,2026-02-23T21:45:00+00:00,4,246.890053472612,117.3101058792719
site_ad3433ffac,2026-02-23T22:00:00+00:00,4,240.68367466941277,94.93315335956497
site_ad3433ffac,2026-02-23T22:15:00+00:00,4,321.61768828988056,116.425423281963
site_ad3433ffac,2026-02-23T22:30:00+00:00,4,199.17736667610032,71.20257192190675
site_ad3433ffac,2026-02-23T22:45:00+00:00,4,175.95850994427423,56.79810000984387
site_ad3433ffac,2026-02-23T23:00:00+00:00,4,230.48474859797423,73.68229364781006
site_ad3433ffac,2026-02-23T23:15:00+00:00,4,271.9203254236718,81.95841323032745
site_ad3433ffac,2026-02-23T23:30:00+00:00,4,224.89729003931328,67.75416957499131
site_ad3433ffac,2026-02-23T23:45:00+00:00,4,234.63819426555938,70.56882953423737
site_ad3433ffac,2026-02-24T00:00:00+00:00,4,219.0743398978246,72.23889100629195
site_ad3433ffac,2026-02-24T00:15:00+00:00,4,165.88227812697576,50.15755943312343
site_ad3433ffac,2026-02-24T00:30:00+00:00,4,174.97265100787035,56.49525078389668
site_ad3433ffac,2026-02-24T00:45:00+00:00,4,200.08989834742889,63.99753909798647
site_ad3433ffac,2026-02-24T01:00:00+00:00,4,331.1951126443809,119.7101018922345
site_ad3433ffac,2026-02-24T01:15:00+00:00,4,245.6559088754685,82.65130557349246
site_ad3433ffac,2026-02-24T01:30:00+00:00,4,245.65790583024847,82.01505610060455
site_ad3433ffac,2026-02-24T01:45:00+00:00,4,293.01401847865486,113.20719929318037
site_ad3433ffac,2026-02-24T02:00:00+00:00,4,257.7181267609438,104.4131574570014
site_ad3433ffac,2026-02-24T02:15:00+00:00,4,268.58433817560046,114.88486899565106
site_ad3433ffac,2026-02-24T02:30:00+00:00,4,170.69605445908894,75.11458597996315
site_ad3433ffac,2026-02-24T02:45:00+00:00,4,228.43545743089578,110.1682094646697
site_ad3433ffac,2026-02-24T03:00:00+00:00,4,214.44550093747185,93.30550637428124
site_ad3433ffac,2026-02-24T03:15:00+00:00,4,205.98048855597813,91.35836506461203
site_ad3433ffac,2026-02-24T03:30:00+00:00,4,221.57037572898585,101.1737624777737
site_ad3433ffac,2026-02-24T03:45:00+00:00,4,215.92289663614196,106.36067939020452
site_ad3433ffac,2026-02-24T04:00:00+00:00,4,157.08457227805548,79.04125678154901
site_ad3433ffac,2026-02-24T04:00:00+00:00,96,91.31037054112844,16.074326886280655
site_ad3433ffac,2026-02-24T04:15:00+00:00,4,206.65605870245912,107.28344835450197
site_ad3433ffac,2026-02-24T04:15:00+00:00,96,153.09111807522552,234.12780731857558
site_ad3433ffac,2026-02-24T04:30:00+00:00,4,193.06388174900312,110.52196353656589
site_ad3433ffac,2026-02-24T04:45:00+00:00,4,200.15701599059224,112.35331586923638
site_ad3433ffac,2026-02-24T05:00:00+00:00,4,199.73555930459005,120.76740124665855
site_ad3433ffac,2026-02-24T05:15:00+00:00,4,218.9168947104422,143.1824114857076
site_ad3433ffac,2026-02-24T05:30:00+00:00,4,223.278791281118,144.96727909183255
site_ad3433ffac,2026-02-24T05:45:00+00:00,4,259.01410311937354,167.4254985561576
site_ad3433ffac,2026-02-24T06:00:00+00:00,4,251.30544264422298,172.45759357477195
site_ad3433ffac,2026-02-24T06:15:00+00:00,4,275.0086575840144,194.6572498165641
site_ad3433ffac,2026-02-24T06:30:00+00:00,4,246.82592513673285,175.4788668137917
site_ad3433ffac,2026-02-24T06:45:00+00:00,4,220.97376171572554,157.90064825396826
site_ad3433ffac,2026-02-24T06:45:00+00:00,96,224.7778823686548,353.5297025933896
site_ad3433ffac,2026-02-24T07:00:00+00:00,4,171.42725505399062,161.75568921698803
site_ad3433ffac,2026-02-24T07:00:00+00:00,96,163.53592291431136,251.002759425369
site_ad3433ffac,2026-02-24T07:15:00+00:00,4,219.8052374783344,170.10638074220356
site_ad3433ffac,2026-02-24T07:15:00+00:00,96,172.6803297170703,417.11496602719814
site_ad3433ffac,2026-02-24T07:30:00+00:00,4,258.5069366556608,249.4691953250121
site_ad3433ffac,2026-02-24T07:30:00+00:00,96,246.2792664382751,382.9175335521992
site_ad3433ffac,2026-02-24T07:45:00+00:00,4,261.02346786790395,299.51972227746734
site_ad3433ffac,2026-02-24T07:45:00+00:00,96,186.79155571235907,286.724701159357
site_ad3433ffac,2026-02-24T08:00:00+00:00,4,215.9129019333168,252.4183408243178
site_ad3433ffac,2026-02-24T08:00:00+00:00,96,252.52601121678262,196.68596384182229
site_ad3433ffac,2026-02-24T08:15:00+00:00,4,264.6824649609239,244.56981811054925
site_ad3433ffac,2026-02-24T08:15:00+00:00,96,231.0703527883033,162.9335689447261
site_ad3433ffac,2026-02-24T08:30:00+00:00,4,191.4566400135145,153.75708415124976
site_ad3433ffac,2026-02-24T08:30:00+00:00,96,370.69354764500883,138.75699755408948
site_ad3433ffac,2026-02-24T08:45:00+00:00,4,228.57191765699577,181.49081329260233
site_ad3433ffac,2026-02-24T08:45:00+00:00,96,514.6772542524898,120.86988921766746
site_ad3433ffac,2026-02-24T09:00:00+00:00,4,248.31006479458225,197.22927975061643
site_ad3433ffac,2026-02-24T09:00:00+00:00,96,167.82077886565182,33.5620474241486
site_ad3433ffac,2026-02-24T09:15:00+00:00,4,290.8090127327997,228.5205153865807
site_ad3433ffac,2026-02-24T09:15:00+00:00,96,222.97150227674146,44.51723257476693
site_ad3433ffac,2026-02-24T09:30:00+00:00,4,275.8888116699923,219.90378432108503
site_ad3433ffac,2026-02-24T09:30:00+00:00,96,256.76099391686546,54.57757359762611
site_ad3433ffac,2026-02-24T09:45:00+00:00,4,248.94425706659118,205.17444359095097
site_ad3433ffac,2026-02-24T09:45:00+00:00,96,349.58707154472177,72.20660639774296
site_ad3433ffac,2026-02-24T10:00:00+00:00,4,311.30127256418876,243.60076953462595
site_ad3433ffac,2026-02-24T10:00:00+00:00,96,263.21745666636986,57.46821092034676
site_ad3433ffac,2026-02-24T10:15:00+00:00,4,274.0978783407498,215.77179360224162
site_ad3433ffac,2026-02-24T10:15:00+00:00,96,290.2500585809477,64.91319298772696
site_ad3433ffac,2026-02-24T10:30:00+00:00,4,187.36393875230783,141.59770541214854
site_ad3433ffac,2026-02-24T10:30:00+00:00,96,160.82910643426388,40.14663409744638
site_ad3433ffac,2026-02-24T10:45:00+00:00,4,239.98471647288434,196.68097263655528
site_ad3433ffac,2026-02-24T10:45:00+00:00,96,298.2470837519413,67.59388997756517
site_ad3433ffac,2026-02-24T11:00:00+00:00,4,284.3837592170074,220.6733128546207
site_ad3433ffac,2026-02-24T11:00:00+00:00,96,190.76952872605145,49.22139693012496
site_ad3433ffac,2026-02-24T11:15:00+00:00,4,334.14263854681053,252.5517424785121
site_ad3433ffac,2026-02-24T11:15:00+00:00,96,594.8150268809683,139.02820173448495
site_ad3433ffac,2026-02-24T11:30:00+00:00,4,261.7672798933556,203.38023607804752
site_ad3433ffac,2026-02-24T11:30:00+00:00,96,291.9014816862495,90.7279899082698
site_ad3433ffac,2026-02-24T11:45:00+00:00,4,271.6167352326739,218.80443797592721
site_ad3433ffac,2026-02-24T11:45:00+00:00,96,155.99614104597987,43.00641321917347
site_ad3433ffac,2026-02-24T12:00:00+00:00,4,335.184818911773,259.59087291240553
site_ad3433ffac,2026-02-24T12:00:00+00:00,96,331.9356808717275,149.38540633801355
site_ad3433ffac,2026-02-24T12:15:00+00:00,4,205.32041980442597,160.58816450807632
site_ad3433ffac,2026-02-24T12:15:00+00:00,96,358.1666538945961,163.68949593615946
site_ad3433ffac,2026-02-24T12:30:00+00:00,4,213.33738693418596,163.32305325791697
site_ad3433ffac,2026-02-24T12:30:00+00:00,96,323.24256193768736,88.69422262695181
site_ad3433ffac,2026-02-24T12:45:00+00:00,4,234.35267416218645,170.69705063208016
site_ad3433ffac,2026-02-24T12:45:00+00:00,96,197.8589303801912,52.303672712247774
site_ad3433ffac,2026-02-24T13:00:00+00:00,4,209.04454477950873,153.32094814034994
site_ad3433ffac,2026-02-24T13:00:00+00:00,96,179.99799266706822,49.08449426243065
site_ad3433ffac,2026-02-24T13:15:00+00:00,4,248.45531668190753,177.95194182083716
site_ad3433ffac,2026-02-24T13:15:00+00:00,96,206.80895952512148,103.13296582883211
site_ad3433ffac,2026-02-24T13:30:00+00:00,4,259.84371358508355,186.06715578354098
site_ad3433ffac,2026-02-24T13:30:00+00:00,96,252.47382558398797,102.87367566373668
site_ad3433ffac,2026-02-24T13:45:00+00:00,4,327.7358606020801,232.99323094888032
site_ad3433ffac,2026-02-24T13:45:00+00:00,96,165.55267619979944,41.67532959498179
site_ad3433ffac,2026-02-24T14:00:00+00:00,4,211.34898557724338,150.23468898521818
site_ad3433ffac,2026-02-24T14:00:00+00:00,96,127.5089614472441,31.5565129155056
site_ad3433ffac,2026-02-24T14:15:00+00:00,4,296.7366146213287,208.28851003290205
site_ad3433ffac,2026-02-24T14:15:00+00:00,96,279.6410558762,60.0294196280729
site_ad3433ffac,2026-02-24T14:30:00+00:00,4,254.25355617326414,184.15011889019533
site_ad3433ffac,2026-02-24T14:30:00+00:00,96,207.18231506733997,50.87961851639376
site_ad3433ffac,2026-02-24T14:45:00+00:00,4,235.76712474365598,166.3505793457247
site_ad3433ffac,2026-02-24T14:45:00+00:00,96,505.43353515004776,100.08780745933578
site_ad3433ffac,2026-02-24T15:00:00+00:00,4,275.70908756491065,196.90426806720507
site_ad3433ffac,2026-02-24T15:00:00+00:00,96,220.32730549276266,48.788959709850616
site_ad3433ffac,2026-02-24T15:15:00+00:00,4,282.96272800856616,196.79638693534267
site_ad3433ffac,2026-02-24T15:15:00+00:00,96,326.57025894278513,66.54551994879826
site_ad3433ffac,2026-02-24T15:30:00+00:00,4,254.66275956935254,173.8963600350525
site_ad3433ffac,2026-02-24T15:30:00+00:00,96,282.3689519111158,58.23138213959733
site_ad3433ffac,2026-02-24T15:45:00+00:00,4,276.32188526098963,188.73244161679474
site_ad3433ffac,2026-02-24T15:45:00+00:00,96,274.1285217029156,56.11493227675323
site_ad3433ffac,2026-02-24T16:00:00+00:00,4,285.5402719419114,193.30297414332202
site_ad3433ffac,2026-02-24T16:00:00+00:00,96,207.63820535587865,43.67116895648944
site_ad3433ffac,2026-02-24T16:15:00+00:00,4,312.2502824599578,209.34046872192104
site_ad3433ffac,2026-02-24T16:15:00+00:00,96,251.57959351542564,51.07304262500553
site_ad3433ffac,2026-02-24T16:30:00+00:00,4,322.2934721443661,208.75574415481816
site_ad3433ffac,2026-02-24T16:30:00+00:00,96,292.058412417347,57.544960009216986
site_ad3433ffac,2026-02-24T16:45:00+00:00,4,296.4805760731389,192.85637863164558
site_ad3433ffac,2026-02-24T16:45:00+00:00,96,329.81811540809827,65.1145498322442
site_ad3433ffac,2026-02-24T17:00:00+00:00,4,340.2914547944311,222.8442593016101
site_ad3433ffac,2026-02-24T17:00:00+00:00,96,321.2290636858825,62.26924181196226
site_ad3433ffac,2026-02-24T17:15:00+00:00,4,273.20594734500366,186.7647748927788
site_ad3433ffac,2026-02-24T17:15:00+00:00,96,259.1722367660508,51.6162411783382
site_ad3433ffac,2026-02-24T17:30:00+00:00,4,209.65883321084814,141.95631579710113
site_ad3433ffac,2026-02-24T17:30:00+00:00,96,256.8941321225584,52.9616380385053
site_ad3433ffac,2026-02-24T17:45:00+00:00,4,224.16381348512937,151.1941308044817
site_ad3433ffac,2026-02-24T17:45:00+00:00,96,259.72177225763664,55.25467790473724
site_ad3433ffac,2026-02-24T18:00:00+00:00,4,219.35893561229838,151.56885930373303
site_ad3433ffac,2026-02-24T18:00:00+00:00,96,238.26741384430355,55.26078812399646
site_ad3433ffac,2026-02-24T18:15:00+00:00,4,252.4468388957412,172.4387427578837
site_ad3433ffac,2026-02-24T18:15:00+00:00,96,245.2772471034114,53.10110591075386
site_ad3433ffac,2026-02-24T18:30:00+00:00,4,271.16274340651825,184.71993457702814
site_ad3433ffac,2026-02-24T18:30:00+00:00,96,348.52034386366114,84.4478145034377
site_ad3433ffac,2026-02-24T18:45:00+00:00,4,248.2214345233948,174.97734566476572
site_ad3433ffac,2026-02-24T18:45:00+00:00,96,261.0867103686031,66.72822010710682
site_ad3433ffac,2026-02-24T19:00:00+00:00,4,347.72087627426464,231.41636244864696
site_ad3433ffac,2026-02-24T19:00:00+00:00,96,212.8356915654625,57.47103175724356
site_ad3433ffac,2026-02-24T19:15:00+00:00,4,299.42148090556685,203.28782890956464
site_ad3433ffac,2026-02-24T19:15:00+00:00,96,274.200566348602,88.44893170465829
site_ad3433ffac,2026-02-24T19:30:00+00:00,4,298.39860847897603,201.9863339623701
site_ad3433ffac,2026-02-24T19:30:00+00:00,96,220.94944496079557,71.86631848129474
site_ad3433ffac,2026-02-24T19:45:00+00:00,4,226.8674288669713,151.6334803550897
site_ad3433ffac,2026-02-24T19:45:00+00:00,96,228.54686566388546,80.30262382397167
site_ad3433ffac,2026-02-24T20:00:00+00:00,4,238.13178286237064,160.96470342431112
site_ad3433ffac,2026-02-24T20:00:00+00:00,96,157.2817586347707,52.73851139711522
site_ad3433ffac,2026-02-24T20:15:00+00:00,4,218.15557244006334,148.5284739895326
site_ad3433ffac,2026-02-24T20:15:00+00:00,96,222.44283041965053,81.7575064240119
site_ad3433ffac,2026-02-24T20:30:00+00:00,4,134.15664666719923,86.98198160466553
site_ad3433ffac,2026-02-24T20:30:00+00:00,96,332.2151143018113,133.34040328910174
site_ad3433ffac,2026-02-24T20:45:00+00:00,4,151.62085033948873,100.16360362992198
site_ad3433ffac,2026-02-24T20:45:00+00:00,96,253.96650097711307,118.36196961331628
site_ad3433ffac,2026-02-24T21:00:00+00:00,4,118.82070233198853,77.13780237328866
site_ad3433ffac,2026-02-24T21:00:00+00:00,96,294.8099311290975,111.59312068456961
site_ad3433ffac,2026-02-24T21:15:00+00:00,4,146.75036801404516,97.36250076820534
site_ad3433ffac,2026-02-24T21:15:00+00:00,96,463.0462252635812,158.5025580318068
site_ad3433ffac,2026-02-24T21:30:00+00:00,4,145.61368288339563,95.45560553214388
site_ad3433ffac,2026-02-24T21:30:00+00:00,96,187.06064552850782,64.69618523867445
site_ad3433ffac,2026-02-24T21:45:00+00:00,4,168.69538471602408,109.8016525280458
site_ad3433ffac,2026-02-24T21:45:00+00:00,96,151.5715712069204,47.0065027589148
site_ad3433ffac,2026-02-24T22:00:00+00:00,4,143.2655706708632,94.58926937441078
site_ad3433ffac,2026-02-24T22:00:00+00:00,96,257.20863860719976,75.15449442004405
site_ad3433ffac,2026-02-24T22:15:00+00:00,4,165.306193530831,106.64345240143999
site_ad3433ffac,2026-02-24T22:15:00+00:00,96,242.57665313339777,71.09576679103847
site_ad3433ffac,2026-02-24T22:30:00+00:00,4,145.85819682323682,97.67503555316135
site_ad3433ffac,2026-02-24T22:30:00+00:00,96,167.81073712479014,49.93976916562396
site_ad3433ffac,2026-02-24T22:45:00+00:00,4,107.16087354057277,70.03893760871404
site_ad3433ffac,2026-02-24T22:45:00+00:00,96,191.11603531118436,56.35416806964919
site_ad3433ffac,2026-02-24T23:00:00+00:00,4,71.32080475982926,49.05231753088955
site_ad3433ffac,2026-02-24T23:00:00+00:00,96,172.28006214140925,56.60455237574066
site_ad3433ffac,2026-02-24T23:15:00+00:00,4,89.11449512970503,58.93110653725547
site_ad3433ffac,2026-02-24T23:15:00+00:00,96,103.9777468248208,31.70110080802175
site_ad3433ffac,2026-02-24T23:30:00+00:00,4,65.93866943314093,41.871415208549124
site_ad3433ffac,2026-02-24T23:30:00+00:00,96,152.07281507447667,47.563617672327226
site_ad3433ffac,2026-02-24T23:45:00+00:00,4,62.232308329608024,38.714219104329665
site_ad3433ffac,2026-02-24T23:45:00+00:00,96,161.81849433862288,50.615979677017464
site_ad3433ffac,2026-02-25T00:00:00+00:00,4,55.41795741775954,37.521251950983356
site_ad3433ffac,2026-02-25T00:00:00+00:00,96,368.5566289759544,125.98922992307887
site_ad3433ffac,2026-02-25T00:15:00+00:00,4,61.12984220940629,40.870084257185624
site_ad3433ffac,2026-02-25T00:15:00+00:00,96,200.05057900350087,65.85443156882431
site_ad3433ffac,2026-02-25T00:30:00+00:00,4,58.00028044094915,38.7800210123398
site_ad3433ffac,2026-02-25T00:30:00+00:00,96,130.84693040087237,43.88187479676442
site_ad3433ffac,2026-02-25T00:45:00+00:00,4,92.23492597614037,55.842849043605966
site_ad3433ffac,2026-02-25T00:45:00+00:00,96,217.55098689226014,81.8671490815135
site_ad3433ffac,2026-02-25T01:00:00+00:00,4,108.50037217116677,70.32058812296295
site_ad3433ffac,2026-02-25T01:00:00+00:00,96,182.70036360370057,71.59150043304511
site_ad3433ffac,2026-02-25T01:15:00+00:00,4,111.15974376330553,71.49343617941179
site_ad3433ffac,2026-02-25T01:15:00+00:00,96,222.40180766553664,90.89625321524224
site_ad3433ffac,2026-02-25T01:30:00+00:00,4,145.0035223084768,88.72644846022898
site_ad3433ffac,2026-02-25T01:30:00+00:00,96,102.2099673424484,44.429114391934
site_ad3433ffac,2026-02-25T01:45:00+00:00,4,167.09198168358432,102.35129827093414
site_ad3433ffac,2026-02-25T01:45:00+00:00,96,221.04580698851944,103.62468166396147
site_ad3433ffac,2026-02-25T02:00:00+00:00,4,182.94202228346145,115.32754780396493
site_ad3433ffac,2026-02-25T02:00:00+00:00,96,122.45745967131697,52.85924010251109
site_ad3433ffac,2026-02-25T02:15:00+00:00,4,203.41609282872358,124.06804471666867
site_ad3433ffac,2026-02-25T02:15:00+00:00,96,126.08931899406291,55.769944604029384
site_ad3433ffac,2026-02-25T02:30:00+00:00,4,241.54287151229093,141.29895552059068
site_ad3433ffac,2026-02-25T02:30:00+00:00,96,173.24837385456937,77.64668733650133
site_ad3433ffac,2026-02-25T02:45:00+00:00,4,188.15040619967195,113.13339356251683
site_ad3433ffac,2026-02-25T02:45:00+00:00,96,123.87222961445883,59.82977761213681
site_ad3433ffac,2026-02-25T03:00:00+00:00,4,155.0536249279033,96.79430256789098
site_ad3433ffac,2026-02-25T03:00:00+00:00,96,104.96727276603113,52.35906320668592
site_ad3433ffac,2026-02-25T03:15:00+00:00,4,197.04057769771464,121.78489644442183
site_ad3433ffac,2026-02-25T03:15:00+00:00,96,209.45178039915712,104.31136020157817
site_ad3433ffac,2026-02-25T03:30:00+00:00,4,160.65764093081233,98.06233459238584
site_ad3433ffac,2026-02-25T03:30:00+00:00,96,147.91497003376332,83.6888590593128
site_ad3433ffac,2026-02-25T03:45:00+00:00,4,106.6306501888661,65.96835340582776
site_ad3433ffac,2026-02-25T03:45:00+00:00,96,141.32835169766895,78.71141197465897
site_ad3433ffac,2026-02-25T04:00:00+00:00,4,155.58313502660647,93.40489403781484
site_ad3433ffac,2026-02-25T04:00:00+00:00,96,148.7670940007319,88.09437224215661
site_ad3433ffac,2026-02-25T04:15:00+00:00,4,181.60297799675018,114.08127846854345
site_ad3433ffac,2026-02-25T04:15:00+00:00,96,164.95117406541044,103.17138781487341
site_ad3433ffac,2026-02-25T04:30:00+00:00,4,140.9454004733495,92.10248106410985
site_ad3433ffac,2026-02-25T04:30:00+00:00,96,246.25856779669652,149.3554141765778
site_ad3433ffac,2026-02-25T04:45:00+00:00,4,91.26915246854726,59.64463836962628
site_ad3433ffac,2026-02-25T04:45:00+00:00,96,258.33486295925553,157.76872774421298
site_ad3433ffac,2026-02-25T05:00:00+00:00,4,101.92823421715399,65.16201485503409
site_ad3433ffac,2026-02-25T05:00:00+00:00,96,198.83963726526298,130.0445308260702
site_ad3433ffac,2026-02-25T05:15:00+00:00,4,157.35397591837926,98.46151831488052
site_ad3433ffac,2026-02-25T05:15:00+00:00,96,239.8344331759841,160.19791769140673
site_ad3433ffac,2026-02-25T05:30:00+00:00,4,210.42968625438652,124.91576383809394
site_ad3433ffac,2026-02-25T05:30:00+00:00,96,169.69826945904023,115.50472339064164
site_ad3433ffac,2026-02-25T05:45:00+00:00,4,251.1490465652823,148.9513551952188
site_ad3433ffac,2026-02-25T05:45:00+00:00,96,160.12041080958207,108.26329378953822
site_ad3433ffac,2026-02-25T06:00:00+00:00,4,248.57814618796476,151.56776943930225
site_ad3433ffac,2026-02-25T06:00:00+00:00,96,131.01113847149722,120.71827733979399
site_ad3433ffac,2026-02-25T06:15:00+00:00,4,248.27199672603496,153.66721576874926
site_ad3433ffac,2026-02-25T06:15:00+00:00,96,188.8604782292581,135.20562508087787
site_ad3433ffac,2026-02-25T06:30:00+00:00,4,261.46410837143117,163.8490502236553
site_ad3433ffac,2026-02-25T06:30:00+00:00,96,278.274122760324,260.03811689158067
site_ad3433ffac,2026-02-25T06:45:00+00:00,4,237.48282272252675,149.4243677594694
site_ad3433ffac,2026-02-25T06:45:00+00:00,96,282.3657373186113,322.299070706324
site_ad3433ffac,2026-02-25T07:00:00+00:00,4,180.5990950108617,112.55712523237572
site_ad3433ffac,2026-02-25T07:00:00+00:00,96,208.63667106264967,241.6211779841292
site_ad3433ffac,2026-02-25T07:15:00+00:00,4,226.75580760559836,143.50767849850484
site_ad3433ffac,2026-02-25T07:15:00+00:00,96,262.60088896185147,237.3585515686518
site_ad3433ffac,2026-02-25T07:30:00+00:00,4,253.43503204314442,153.15794705849902
site_ad3433ffac,2026-02-25T07:30:00+00:00,96,160.1764684279511,123.50420789356676
site_ad3433ffac,2026-02-25T07:45:00+00:00,4,280.19559626908335,168.10499195563753
site_ad3433ffac,2026-02-25T07:45:00+00:00,96,204.77133639115783,155.95054153240227
site_ad3433ffac,2026-02-25T08:00:00+00:00,4,266.2744237491349,153.43270973210628
site_ad3433ffac,2026-02-25T08:00:00+00:00,96,232.411554030547,176.05994525581053
site_ad3433ffac,2026-02-25T08:15:00+00:00,4,271.9439287475922,161.29144108328043
site_ad3433ffac,2026-02-25T08:15:00+00:00,96,295.2783835599857,221.3940565241703
site_ad3433ffac,2026-02-25T08:30:00+00:00,4,201.12372501389694,120.8331202703285
site_ad3433ffac,2026-02-25T08:30:00+00:00,96,312.52190629575574,235.4333381816603
site_ad3433ffac,2026-02-25T08:45:00+00:00,4,186.5197373993384,111.87714220631528
site_ad3433ffac,2026-02-25T08:45:00+00:00,96,189.6355859588415,144.71431904099825
site_ad3433ffac,2026-02-25T09:00:00+00:00,4,235.79666766427815,136.92811017773482
site_ad3433ffac,2026-02-25T09:00:00+00:00,96,271.0392873068558,194.7314232550954
site_ad3433ffac,2026-02-25T09:15:00+00:00,4,275.8376680181597,162.03186738130236
site_ad3433ffac,2026-02-25T09:15:00+00:00,96,210.9582764799618,154.60093034286305
site_ad3433ffac,2026-02-25T09:30:00+00:00,4,299.7044877237482,171.83648220957872
site_ad3433ffac,2026-02-25T09:30:00+00:00,96,144.61512974018788,107.33945167749192
site_ad3433ffac,2026-02-25T09:45:00+00:00,4,240.11169485545545,136.133081170855
site_ad3433ffac,2026-02-25T09:45:00+00:00,96,231.5400590474768,172.30157243079174
site_ad3433ffac,2026-02-25T10:00:00+00:00,4,282.66030837647565,159.77721944259363
site_ad3433ffac,2026-02-25T10:00:00+00:00,96,229.70349232678632,170.28843877226146
site_ad3433ffac,2026-02-25T10:15:00+00:00,4,280.5269433130869,165.84090651885757
site_ad3433ffac,2026-02-25T10:15:00+00:00,96,352.3073782754949,250.94693162761305
site_ad3433ffac,2026-02-25T10:30:00+00:00,4,265.109894636627,158.0365946365296
site_ad3433ffac,2026-02-25T10:30:00+00:00,96,196.94072841436747,145.58661478102817
site_ad3433ffac,2026-02-25T10:45:00+00:00,4,261.98947540101426,151.13188948801775
site_ad3433ffac,2026-02-25T10:45:00+00:00,96,204.00498575425388,152.2291627884239
site_ad3433ffac,2026-02-25T11:00:00+00:00,4,258.5026813696742,149.83490823974884
site_ad3433ffac,2026-02-25T11:00:00+00:00,96,307.19279270061656,221.41753471905787
site_ad3433ffac,2026-02-25T11:15:00+00:00,4,250.32886250941792,145.07096597181084
site_ad3433ffac,2026-02-25T11:15:00+00:00,96,153.76582694940402,116.32646924278872
site_ad3433ffac,2026-02-25T11:30:00+00:00,4,292.88849519804063,161.77014408821978
site_ad3433ffac,2026-02-25T11:30:00+00:00,96,201.94269942813776,146.8320391903893
site_ad3433ffac,2026-02-25T11:45:00+00:00,4,351.6279826786009,195.53070270218964
site_ad3433ffac,2026-02-25T11:45:00+00:00,96,216.82520432197398,155.4898503885792
site_ad3433ffac,2026-02-25T12:00:00+00:00,4,255.36051622451967,143.00934490595083
site_ad3433ffac,2026-02-25T12:00:00+00:00,96,161.05326664060098,119.08650562636427
site_ad3433ffac,2026-02-25T12:15:00+00:00,4,257.50503819319056,144.3835934075039
site_ad3433ffac,2026-02-25T12:15:00+00:00,96,253.6355001064041,174.33847024062874
site_ad3433ffac,2026-02-25T12:30:00+00:00,4,179.59884479870254,101.17263357950736
site_ad3433ffac,2026-02-25T12:30:00+00:00,96,188.07652347554597,134.1408623957313
site_ad3433ffac,2026-02-25T12:45:00+00:00,4,214.85998005399085,122.00182655458681
site_ad3433ffac,2026-02-25T12:45:00+00:00,96,318.25573277765034,218.9896180421984
site_ad3433ffac,2026-02-25T13:00:00+00:00,4,311.1915213846604,171.12371102403446
site_ad3433ffac,2026-02-25T13:00:00+00:00,96,142.2389687941815,103.33139758381954
site_ad3433ffac,2026-02-25T13:15:00+00:00,4,349.91320699240663,188.66992664043235
site_ad3433ffac,2026-02-25T13:15:00+00:00,96,250.98046294513594,167.14453232200148
site_ad3433ffac,2026-02-25T13:30:00+00:00,4,331.9833520376992,178.58750773924285
site_ad3433ffac,2026-02-25T13:30:00+00:00,96,176.418179738139,125.14942803177767
site_ad3433ffac,2026-02-25T13:45:00+00:00,4,346.60787708384964,186.7105894073245
site_ad3433ffac,2026-02-25T13:45:00+00:00,96,154.09934053278576,109.47645181484897
site_ad3433ffac,2026-02-25T14:00:00+00:00,4,346.6724939014224,192.86958035523236
site_ad3433ffac,2026-02-25T14:00:00+00:00,96,215.02328165248002,147.9030092830192
site_ad3433ffac,2026-02-25T14:15:00+00:00,4,379.81660901363466,197.602489511172
site_ad3433ffac,2026-02-25T14:15:00+00:00,96,275.2124104944671,181.11829983243246
site_ad3433ffac,2026-02-25T14:30:00+00:00,4,282.56850097501206,154.31429806007972
site_ad3433ffac,2026-02-25T14:30:00+00:00,96,193.5027779915522,128.37114335576524
site_ad3433ffac,2026-02-25T14:45:00+00:00,4,240.32845889405735,132.5189867583791
site_ad3433ffac,2026-02-25T14:45:00+00:00,96,210.30637563834017,141.73955248984353
site_ad3433ffac,2026-02-25T15:00:00+00:00,4,273.113417954729,122.9728920288938
site_ad3433ffac,2026-02-25T15:00:00+00:00,96,242.7973912487127,159.19542893309745
site_ad3433ffac,2026-02-25T15:15:00+00:00,4,313.86378413392714,146.0149388265311
site_ad3433ffac,2026-02-25T15:15:00+00:00,96,269.4870984895874,174.83710423060694
site_ad3433ffac,2026-02-25T15:30:00+00:00,4,292.76816759128855,148.8677568254476
site_ad3433ffac,2026-02-25T15:30:00+00:00,96,343.6072899052831,213.31412707899992
site_ad3433ffac,2026-02-25T15:45:00+00:00,4,231.72833866615937,114.5600538041345
site_ad3433ffac,2026-02-25T15:45:00+00:00,96,245.60604152875237,155.98469201130362
site_ad3433ffac,2026-02-25T16:00:00+00:00,4,282.9274282345201,131.4630692724395
site_ad3433ffac,2026-02-25T16:00:00+00:00,96,492.6130830325095,306.8843586575654
site_ad3433ffac,2026-02-25T16:15:00+00:00,4,314.7040750610868,149.88024896584676
site_ad3433ffac,2026-02-25T16:15:00+00:00,96,241.69012403599754,160.4659169004354
site_ad3433ffac,2026-02-25T16:30:00+00:00,4,333.01036549555363,144.81819121580222
site_ad3433ffac,2026-02-25T16:30:00+00:00,96,159.82768654792042,112.6667527185261
site_ad3433ffac,2026-02-25T16:45:00+00:00,4,214.4012937573326,103.81627856675166
site_ad3433ffac,2026-02-25T16:45:00+00:00,96,147.76035282038697,104.41486437325271
site_ad3433ffac,2026-02-25T17:00:00+00:00,4,206.32524859432016,96.6921838324451
site_ad3433ffac,2026-02-25T17:00:00+00:00,96,180.77435670707519,124.59747383112929
site_ad3433ffac,2026-02-25T17:15:00+00:00,4,228.72641160228204,99.46660187311343
site_ad3433ffac,2026-02-25T17:15:00+00:00,96,203.73533886684362,138.9755701071469
site_ad3433ffac,2026-02-25T17:30:00+00:00,4,228.39581069093802,97.39843147325462
site_ad3433ffac,2026-02-25T17:30:00+00:00,96,222.4064092832108,151.76365358449902
site_ad3433ffac,2026-02-25T17:45:00+00:00,4,231.69968387589282,100.99470717896476
site_ad3433ffac,2026-02-25T17:45:00+00:00,96,195.50990300186317,136.82444315261426
site_ad3433ffac,2026-02-25T18:00:00+00:00,4,216.7537161278405,79.64682920244996
site_ad3433ffac,2026-02-25T18:00:00+00:00,96,397.2754708364736,259.0812106470616
site_ad3433ffac,2026-02-25T18:15:00+00:00,4,214.51821218244746,98.52942839573073
site_ad3433ffac,2026-02-25T18:15:00+00:00,96,263.9386062552298,176.46926748265304
site_ad3433ffac,2026-02-25T18:30:00+00:00,4,213.64774691365272,94.05063334761519
site_ad3433ffac,2026-02-25T18:30:00+00:00,96,257.89785332686654,171.6390433119011
site_ad3433ffac,2026-02-25T18:45:00+00:00,4,201.8871109966361,100.45739320486794
site_ad3433ffac,2026-02-25T18:45:00+00:00,96,155.64232095990783,108.41561689737122
site_ad3433ffac,2026-02-25T19:00:00+00:00,4,191.14767215749646,89.6307733464663
site_ad3433ffac,2026-02-25T19:00:00+00:00,96,176.5665859880549,119.85320694908393
site_ad3433ffac,2026-02-25T19:15:00+00:00,4,197.46107261848005,90.74448448574296
site_ad3433ffac,2026-02-25T19:15:00+00:00,96,179.66749462036796,123.38712376891527
site_ad3433ffac,2026-02-25T19:30:00+00:00,4,186.6410846450816,92.11474017130976
site_ad3433ffac,2026-02-25T19:30:00+00:00,96,101.17582381135392,73.11359034196548
site_ad3433ffac,2026-02-25T19:45:00+00:00,4,195.8773605060633,103.43885207796063
site_ad3433ffac,2026-02-25T19:45:00+00:00,96,178.97609367183986,120.39731247672756
site_ad3433ffac,2026-02-25T20:00:00+00:00,4,162.71237208704525,85.1620447958704
site_ad3433ffac,2026-02-25T20:00:00+00:00,96,106.58080623984713,76.06181557009947
site_ad3433ffac,2026-02-25T20:15:00+00:00,4,166.19175592645684,87.46198453578558
site_ad3433ffac,2026-02-25T20:15:00+00:00,96,183.40697136329246,122.03033354501214
site_ad3433ffac,2026-02-25T20:30:00+00:00,4,200.58300124138862,121.44221184127015
site_ad3433ffac,2026-02-25T20:30:00+00:00,96,178.67505256527227,122.72868320868434
site_ad3433ffac,2026-02-25T20:45:00+00:00,4,189.87969713038618,107.13807216319225
site_ad3433ffac,2026-02-25T20:45:00+00:00,96,194.22815232818166,128.62354313457635
site_ad3433ffac,2026-02-25T21:00:00+00:00,4,202.88011324797813,128.34632962876702
site_ad3433ffac,2026-02-25T21:00:00+00:00,96,153.70462865583252,104.33590553936007
site_ad3433ffac,2026-02-25T21:15:00+00:00,4,183.50541157297138,105.66576629876715
site_ad3433ffac,2026-02-25T21:15:00+00:00,96,176.79400023494247,116.84508745885111
site_ad3433ffac,2026-02-25T21:30:00+00:00,4,180.62054926633087,99.43629367057306
site_ad3433ffac,2026-02-25T21:30:00+00:00,96,174.92691186040375,111.14226523970625
site_ad3433ffac,2026-02-25T21:45:00+00:00,4,140.05209458370385,78.1175590383861
site_ad3433ffac,2026-02-25T21:45:00+00:00,96,93.88733310237696,63.82875488530725
site_ad3433ffac,2026-02-25T22:00:00+00:00,4,129.75137810787456,84.72608366472208
site_ad3433ffac,2026-02-25T22:00:00+00:00,96,84.36216693030991,59.263309199480545
site_ad3433ffac,2026-02-25T22:15:00+00:00,4,99.2090266022948,54.955916895604915
site_ad3433ffac,2026-02-25T22:15:00+00:00,96,97.55454060088691,67.3920583677885
site_ad3433ffac,2026-02-25T22:30:00+00:00,4,96.7944995365263,55.52629382230435
site_ad3433ffac,2026-02-25T22:30:00+00:00,96,70.0146929140595,49.49140654179314
site_ad3433ffac,2026-02-25T22:45:00+00:00,4,73.6677016244837,83.44731062130657
site_ad3433ffac,2026-02-25T22:45:00+00:00,96,95.64521421052495,64.67544688994604
site_ad3433ffac,2026-02-25T23:00:00+00:00,4,129.71670896121137,126.08243941685737
site_ad3433ffac,2026-02-25T23:00:00+00:00,96,84.2051223176642,59.89909180508653
site_ad3433ffac,2026-02-25T23:15:00+00:00,4,96.03970072168016,165.77301950159577
site_ad3433ffac,2026-02-25T23:15:00+00:00,96,91.39979693906136,60.22765367449491
site_ad3433ffac,2026-02-25T23:30:00+00:00,4,102.52301683984011,172.3806759919981
site_ad3433ffac,2026-02-25T23:30:00+00:00,96,95.87589089244456,64.43751135977364
site_ad3433ffac,2026-02-25T23:45:00+00:00,4,132.33481227110087,199.98634779470257
site_ad3433ffac,2026-02-25T23:45:00+00:00,96,151.21613064262954,91.98664828998307
site_ad3433ffac,2026-02-26T00:00:00+00:00,4,137.62861208974186,131.68867852569423
site_ad3433ffac,2026-02-26T00:00:00+00:00,96,120.91895536286202,77.0387843041434
site_ad3433ffac,2026-02-26T00:15:00+00:00,4,122.25553101950322,83.65096611398535
site_ad3433ffac,2026-02-26T00:15:00+00:00,96,177.7402928763812,103.62851743310412
site_ad3433ffac,2026-02-26T00:30:00+00:00,4,139.71038966186003,141.95062650958144
site_ad3433ffac,2026-02-26T00:30:00+00:00,96,258.8288497253843,147.85937196532186
site_ad3433ffac,2026-02-26T00:45:00+00:00,4,116.74737860658787,64.4898385352933
site_ad3433ffac,2026-02-26T00:45:00+00:00,96,312.6824821400811,179.1417368222429
site_ad3433ffac,2026-02-26T01:00:00+00:00,4,108.87211553887187,152.71759199962457
site_ad3433ffac,2026-02-26T01:00:00+00:00,96,220.28817987633354,128.47539471653002
site_ad3433ffac,2026-02-26T01:15:00+00:00,4,123.59356626863563,55.97503204213918
site_ad3433ffac,2026-02-26T01:15:00+00:00,96,221.18090157549358,128.68615981261897
site_ad3433ffac,2026-02-26T01:30:00+00:00,4,111.41338451780936,154.74175598260643
site_ad3433ffac,2026-02-26T01:30:00+00:00,96,325.45377683389347,183.6211156542827
site_ad3433ffac,2026-02-26T01:45:00+00:00,4,81.57367120489586,61.26707303463577
site_ad3433ffac,2026-02-26T01:45:00+00:00,96,175.94844117171638,103.15263363405687
site_ad3433ffac,2026-02-26T02:00:00+00:00,4,85.10162459219596,80.18741258817982
site_ad3433ffac,2026-02-26T02:00:00+00:00,96,121.77915367220027,72.40302246657012
site_ad3433ffac,2026-02-26T02:15:00+00:00,4,92.18787648370302,121.58975621293303
site_ad3433ffac,2026-02-26T02:15:00+00:00,96,149.95385362699105,87.38475776860489
site_ad3433ffac,2026-02-26T02:30:00+00:00,4,86.93391559517889,44.78768898908333
site_ad3433ffac,2026-02-26T02:30:00+00:00,96,134.28577906908598,86.09068170648338
site_ad3433ffac,2026-02-26T02:45:00+00:00,4,84.89306027590519,37.23158522132
site_ad3433ffac,2026-02-26T02:45:00+00:00,96,79.10204575998338,50.05846730038528
site_ad3433ffac,2026-02-26T03:00:00+00:00,4,66.61472517967393,32.43888128248414
site_ad3433ffac,2026-02-26T03:00:00+00:00,96,132.1750507884149,77.7261893466709
site_ad3433ffac,2026-02-26T03:15:00+00:00,4,93.55203853460871,37.703888312822336
site_ad3433ffac,2026-02-26T03:15:00+00:00,96,159.03860791435488,97.72724503492586
site_ad3433ffac,2026-02-26T03:30:00+00:00,4,85.64704702844656,31.523316993267354
site_ad3433ffac,2026-02-26T03:30:00+00:00,96,127.22368642213901,82.84062408289851
site_ad3433ffac,2026-02-26T03:45:00+00:00,4,110.91485541341005,35.49023827173657
site_ad3433ffac,2026-02-26T03:45:00+00:00,96,115.40297181006372,75.92924803418185
site_ad3433ffac,2026-02-26T04:00:00+00:00,4,107.43551119250893,44.07690142138788
site_ad3433ffac,2026-02-26T04:00:00+00:00,96,145.21835043027153,89.16275578857491
site_ad3433ffac,2026-02-26T04:15:00+00:00,4,104.05231775826635,45.757566440209175
site_ad3433ffac,2026-02-26T04:15:00+00:00,96,219.59413231873253,132.02513629803414
site_ad3433ffac,2026-02-26T04:30:00+00:00,4,94.77969810480806,42.13471362686903
site_ad3433ffac,2026-02-26T04:30:00+00:00,96,448.768533107069,245.56505374662575
site_ad3433ffac,2026-02-26T04:45:00+00:00,4,119.33642428582726,54.54855804389053
site_ad3433ffac,2026-02-26T04:45:00+00:00,96,516.0580781400474,280.1925505744916
site_ad3433ffac,2026-02-26T05:00:00+00:00,4,106.33105003830629,45.55722943972397
site_ad3433ffac,2026-02-26T05:00:00+00:00,96,305.90804405960887,176.74906074878058
site_ad3433ffac,2026-02-26T05:15:00+00:00,4,101.24674458949507,43.42286499676964
site_ad3433ffac,2026-02-26T05:15:00+00:00,96,190.33517084251548,115.48202695496124
site_ad3433ffac,2026-02-26T05:30:00+00:00,4,153.93776957188513,64.03027997715664
site_ad3433ffac,2026-02-26T05:30:00+00:00,96,244.46762030440536,141.32432921636234
site_ad3433ffac,2026-02-26T05:45:00+00:00,4,158.69453459446098,68.95296935484882
site_ad3433ffac,2026-02-26T05:45:00+00:00,96,212.73995007163614,123.99492584538363
site_ad3433ffac,2026-02-26T06:00:00+00:00,4,163.7116090005542,71.07477482944024
site_ad3433ffac,2026-02-26T06:00:00+00:00,96,148.8041693610266,89.74950442402067
site_ad3433ffac,2026-02-26T06:15:00+00:00,4,172.68957474868256,72.3960574700969
site_ad3433ffac,2026-02-26T06:15:00+00:00,96,247.53995129036755,144.89689829647236
site_ad3433ffac,2026-02-26T06:30:00+00:00,4,187.33830124471973,79.87497167967157
site_ad3433ffac,2026-02-26T06:30:00+00:00,96,273.86814271432735,156.63599442447827
site_ad3433ffac,2026-02-26T06:45:00+00:00,4,186.5653589939955,77.61424536464645
site_ad3433ffac,2026-02-26T06:45:00+00:00,96,329.60965719327214,185.61088434100722
site_ad3433ffac,2026-02-26T07:00:00+00:00,4,168.74621047011016,63.84889671111675
site_ad3433ffac,2026-02-26T07:00:00+00:00,96,196.0138285277116,114.39410634100953
site_ad3433ffac,2026-02-26T07:15:00+00:00,4,174.9269702550398,64.70809663229076
site_ad3433ffac,2026-02-26T07:15:00+00:00,96,227.97920548543266,129.1888639243714
site_ad3433ffac,2026-02-26T07:30:00+00:00,4,178.3738705009699,71.27489710210865
site_ad3433ffac,2026-02-26T07:30:00+00:00,96,145.9144219124538,88.29941029624773
site_ad3433ffac,2026-02-26T07:45:00+00:00,4,199.0130446012438,95.84532150714165
site_ad3433ffac,2026-02-26T07:45:00+00:00,96,176.6956486570798,105.82940081646993
site_ad3433ffac,2026-02-26T08:00:00+00:00,4,205.4952635054946,83.44888912236678
site_ad3433ffac,2026-02-26T08:00:00+00:00,96,201.12480466711452,113.42502871941161
site_ad3433ffac,2026-02-26T08:15:00+00:00,4,188.1305300221727,76.02109533752899
site_ad3433ffac,2026-02-26T08:15:00+00:00,96,245.74613915184227,135.33278756034773
site_ad3433ffac,2026-02-26T08:30:00+00:00,4,161.38275586682045,61.46555770054148
site_ad3433ffac,2026-02-26T08:30:00+00:00,96,380.1854444682371,203.45410447817645
site_ad3433ffac,2026-02-26T08:45:00+00:00,4,166.77885362218922,63.78477751595066
site_ad3433ffac,2026-02-26T08:45:00+00:00,96,175.13310538667503,99.48018832297814
site_ad3433ffac,2026-02-26T09:00:00+00:00,4,159.36563168605696,62.045414103676634
site_ad3433ffac,2026-02-26T09:00:00+00:00,96,321.2125864115966,170.1855139493511
site_ad3433ffac,2026-02-26T09:15:00+00:00,4,163.2450941974582,64.55684459644317
site_ad3433ffac,2026-02-26T09:15:00+00:00,96,221.4089982472752,120.08431622754154
site_ad3433ffac,2026-02-26T09:30:00+00:00,4,132.03840558906163,54.5382551376796
site_ad3433ffac,2026-02-26T09:30:00+00:00,96,204.56024066289217,111.68863412290158
site_ad3433ffac,2026-02-26T09:45:00+00:00,4,116.63726238928459,47.06601001821998
site_ad3433ffac,2026-02-26T09:45:00+00:00,96,207.25141984380565,113.86139191000768
site_ad3433ffac,2026-02-26T10:00:00+00:00,4,142.53633369160465,53.050679773736405
site_ad3433ffac,2026-02-26T10:00:00+00:00,96,282.9028901084959,150.91660888614143
site_ad3433ffac,2026-02-26T10:15:00+00:00,4,145.7852423901298,55.90695250440057
site_ad3433ffac,2026-02-26T10:15:00+00:00,96,195.40854157250422,108.11277183386328
site_ad3433ffac,2026-02-26T10:30:00+00:00,4,166.03222888098838,58.6240941797825
site_ad3433ffac,2026-02-26T10:30:00+00:00,96,320.66461056037156,160.80583325425965
site_ad3433ffac,2026-02-26T10:45:00+00:00,4,171.54816084184557,61.319821999870065
site_ad3433ffac,2026-02-26T10:45:00+00:00,96,535.0496038181296,268.18978344058723
site_ad3433ffac,2026-02-26T11:00:00+00:00,4,179.99653037819115,67.86609887066876
site_ad3433ffac,2026-02-26T11:00:00+00:00,96,191.988161847298,105.66384591971948
site_ad3433ffac,2026-02-26T11:15:00+00:00,4,177.03158692407166,65.05263891926387
site_ad3433ffac,2026-02-26T11:15:00+00:00,96,201.00503843929613,105.73853322811402
site_ad3433ffac,2026-02-26T11:30:00+00:00,4,179.25204332622587,67.14261948115488
site_ad3433ffac,2026-02-26T11:30:00+00:00,96,126.87111971261923,69.41467465549206
site_ad3433ffac,2026-02-26T11:45:00+00:00,4,217.05805026228495,76.65770514856484
site_ad3433ffac,2026-02-26T11:45:00+00:00,96,208.37529014537677,110.08450729296054
site_ad3433ffac,2026-02-26T12:00:00+00:00,4,200.811834240746,71.56113894771211
site_ad3433ffac,2026-02-26T12:00:00+00:00,96,246.65972820920535,128.1027347694549
site_ad3433ffac,2026-02-26T12:15:00+00:00,4,211.5746232466236,68.20017496639318
site_ad3433ffac,2026-02-26T12:15:00+00:00,96,419.2946362780695,205.554876761599
site_ad3433ffac,2026-02-26T12:30:00+00:00,4,211.9233728173342,64.99251221561678
site_ad3433ffac,2026-02-26T12:30:00+00:00,96,389.6596321878819,195.88448426098685
site_ad3433ffac,2026-02-26T12:45:00+00:00,4,246.1623886566474,81.18129157991396
site_ad3433ffac,2026-02-26T12:45:00+00:00,96,385.6691787017682,193.93353572605307
site_ad3433ffac,2026-02-26T13:00:00+00:00,4,228.51355284322767,80.43040036093338
site_ad3433ffac,2026-02-26T13:00:00+00:00,96,253.5158393596856,129.3590619631542
site_ad3433ffac,2026-02-26T13:15:00+00:00,4,282.08894377668247,101.00781017672892
site_ad3433ffac,2026-02-26T13:15:00+00:00,96,362.03590812886563,168.32574868602748
site_ad3433ffac,2026-02-26T13:30:00+00:00,4,289.1687808602456,92.31209538312993
site_ad3433ffac,2026-02-26T13:30:00+00:00,96,159.4166469097393,84.3238879685735
site_ad3433ffac,2026-02-26T13:45:00+00:00,4,231.48777886532295,81.57900951826976
site_ad3433ffac,2026-02-26T13:45:00+00:00,96,138.11687970998906,74.31612171651807
site_ad3433ffac,2026-02-26T14:00:00+00:00,4,160.36253180781895,58.37482644058001
site_ad3433ffac,2026-02-26T14:00:00+00:00,96,272.1259531224151,112.35036894036767
site_ad3433ffac,2026-02-26T14:15:00+00:00,4,165.9269166081815,58.41627746309147
site_ad3433ffac,2026-02-26T14:15:00+00:00,96,298.35604908015074,130.66703557373722
site_ad3433ffac,2026-02-26T14:30:00+00:00,4,140.58324936694248,41.536151673903746
site_ad3433ffac,2026-02-26T14:30:00+00:00,96,239.66577351877334,119.46854628225734
site_ad3433ffac,2026-02-26T14:45:00+00:00,4,160.1978784188516,51.97908057138782
site_ad3433ffac,2026-02-26T14:45:00+00:00,96,121.58130839620665,61.84232522797305
site_ad3433ffac,2026-02-26T15:00:00+00:00,4,157.11574230511766,49.51996157232039
site_ad3433ffac,2026-02-26T15:00:00+00:00,96,273.3123053438228,115.65044545427385
site_ad3433ffac,2026-02-26T15:15:00+00:00,4,207.33729196728157,78.27612085051257
site_ad3433ffac,2026-02-26T15:15:00+00:00,96,254.64608203041888,115.50876010395875
site_ad3433ffac,2026-02-26T15:30:00+00:00,4,234.0106580775293,56.783205771468744
site_ad3433ffac,2026-02-26T15:30:00+00:00,96,276.16585669875127,115.52801273598227
site_ad3433ffac,2026-02-26T15:45:00+00:00,4,222.5580273143823,55.27300002149989
site_ad3433ffac,2026-02-26T15:45:00+00:00,96,150.55887761448196,67.9680707872471
site_ad3433ffac,2026-02-26T16:00:00+00:00,4,219.2492373923129,49.96681417665983
site_ad3433ffac,2026-02-26T16:00:00+00:00,96,144.86848878057123,64.84197956058456
site_ad3433ffac,2026-02-26T16:15:00+00:00,4,142.4881052883266,36.57390597676001
site_ad3433ffac,2026-02-26T16:15:00+00:00,96,166.10723719661004,67.36074615947204
site_ad3433ffac,2026-02-26T16:30:00+00:00,4,163.5697864612475,34.384046365874994
site_ad3433ffac,2026-02-26T16:30:00+00:00,96,171.05805858991988,69.18800512403345
site_ad3433ffac,2026-02-26T16:45:00+00:00,4,186.72293218436613,34.09534971856233
site_ad3433ffac,2026-02-26T16:45:00+00:00,96,234.7986039070976,94.49143114911895
site_ad3433ffac,2026-02-26T17:00:00+00:00,4,217.80497665267973,42.08325353676747
site_ad3433ffac,2026-02-26T17:00:00+00:00,96,167.01198698004185,57.18959849671468
site_ad3433ffac,2026-02-26T17:15:00+00:00,4,169.1782072619495,43.21903232805153
site_ad3433ffac,2026-02-26T17:15:00+00:00,96,183.53475284933853,79.28412224617712
site_ad3433ffac,2026-02-26T17:30:00+00:00,4,165.4006613343194,29.140181972841948
site_ad3433ffac,2026-02-26T17:30:00+00:00,96,179.3146451961334,74.30943417058938
site_ad3433ffac,2026-02-26T17:45:00+00:00,4,156.3732009895786,28.089709206418384
site_ad3433ffac,2026-02-26T17:45:00+00:00,96,171.4538520776824,80.68614232649243
site_ad3433ffac,2026-02-26T18:00:00+00:00,4,157.68310359673544,26.482528506637586
site_ad3433ffac,2026-02-26T18:00:00+00:00,96,178.90036134601394,80.76306438198374
site_ad3433ffac,2026-02-26T18:15:00+00:00,4,153.2820899167191,25.80504552299465
site_ad3433ffac,2026-02-26T18:15:00+00:00,96,181.11672147458881,77.89464040279879
site_ad3433ffac,2026-02-26T18:30:00+00:00,4,187.5354254621765,33.3355413055863
site_ad3433ffac,2026-02-26T18:30:00+00:00,96,152.84669605391196,71.44402091642178
site_ad3433ffac,2026-02-26T18:45:00+00:00,4,172.37216835569586,30.14946095533077
site_ad3433ffac,2026-02-26T18:45:00+00:00,96,216.21560678009615,107.0399313221979
site_ad3433ffac,2026-02-26T19:00:00+00:00,4,172.85250161736096,35.173642054330024
site_ad3433ffac,2026-02-26T19:00:00+00:00,96,127.7930539652939,66.52377756367126
site_ad3433ffac,2026-02-26T19:15:00+00:00,4,234.44947094142094,39.48442867992802
site_ad3433ffac,2026-02-26T19:15:00+00:00,96,133.02524270498557,70.63629177432318
site_ad3433ffac,2026-02-26T19:30:00+00:00,4,155.68898052664906,32.08727543163009
site_ad3433ffac,2026-02-26T19:30:00+00:00,96,289.58048769107705,165.66110723907494
site_ad3433ffac,2026-02-26T19:45:00+00:00,4,131.0707477310423,21.232649475888085
site_ad3433ffac,2026-02-26T19:45:00+00:00,96,177.37066784873514,91.83045173873212
site_ad3433ffac,2026-02-26T20:00:00+00:00,4,135.0792228693255,21.027233005920362
site_ad3433ffac,2026-02-26T20:00:00+00:00,96,287.19813821511434,171.0073170343942
site_ad3433ffac,2026-02-26T20:15:00+00:00,4,130.43228041574216,22.605144885370414
site_ad3433ffac,2026-02-26T20:15:00+00:00,96,195.39180531027228,106.57219919051283
site_ad3433ffac,2026-02-26T20:30:00+00:00,4,137.28485009857448,19.909583917783443
site_ad3433ffac,2026-02-26T20:30:00+00:00,96,162.13497546813238,86.87941813372854
site_ad3433ffac,2026-02-26T20:45:00+00:00,4,134.0656530844784,22.316818382504778
site_ad3433ffac,2026-02-26T20:45:00+00:00,96,102.18079265390514,56.983489305702975
site_ad3433ffac,2026-02-26T21:00:00+00:00,4,135.21231614694324,16.633885452924922
site_ad3433ffac,2026-02-26T21:00:00+00:00,96,108.15301996483774,68.98106351961653
site_ad3433ffac,2026-02-26T21:15:00+00:00,4,151.2970144259377,15.887045988126518
site_ad3433ffac,2026-02-26T21:15:00+00:00,96,83.84749067580968,48.55188353087428
site_ad3433ffac,2026-02-26T21:30:00+00:00,4,116.69603496751623,7.308330636459115
site_ad3433ffac,2026-02-26T21:30:00+00:00,96,77.10757735026775,43.62107035889384
site_ad3433ffac,2026-02-26T21:45:00+00:00,4,141.12307421841925,10.94985475135955
site_ad3433ffac,2026-02-26T21:45:00+00:00,96,76.74422287170957,87.2257356340453
site_ad3433ffac,2026-02-26T22:00:00+00:00,4,91.87367732995446,5.763318767009116
site_ad3433ffac,2026-02-26T22:00:00+00:00,96,193.916749355607,185.04608942868026
site_ad3433ffac,2026-02-26T22:15:00+00:00,4,83.41966966424974,5.5370504666154945
site_ad3433ffac,2026-02-26T22:15:00+00:00,96,89.41086719152032,155.77636561916933
site_ad3433ffac,2026-02-26T22:30:00+00:00,4,55.28029917638217,5.464730435256717
site_ad3433ffac,2026-02-26T22:30:00+00:00,96,131.52228479850442,221.9208543497248
site_ad3433ffac,2026-02-26T22:45:00+00:00,4,82.1274592736469,11.850018880187498
site_ad3433ffac,2026-02-26T22:45:00+00:00,96,201.45974900868742,302.1332491421672
site_ad3433ffac,2026-02-26T23:00:00+00:00,4,73.52080448192935,14.94950076283975
site_ad3433ffac,2026-02-26T23:00:00+00:00,96,156.76851421392564,141.7643337833204
site_ad3433ffac,2026-02-26T23:15:00+00:00,4,98.01343293363033,22.788018221900806
site_ad3433ffac,2026-02-26T23:15:00+00:00,96,123.65390894565124,79.67566968018174
site_ad3433ffac,2026-02-26T23:30:00+00:00,4,85.1413771841733,20.369887543383946
site_ad3433ffac,2026-02-26T23:30:00+00:00,96,133.7344573072081,129.1337320740313
site_ad3433ffac,2026-02-26T23:45:00+00:00,4,67.70828347858031,15.918947648816204
site_ad3433ffac,2026-02-26T23:45:00+00:00,96,95.39876519314741,49.635774494599026
site_ad3433ffac,2026-02-27T00:00:00+00:00,4,66.02685387236944,34.53104623251375
site_ad3433ffac,2026-02-27T00:00:00+00:00,96,58.90623052658345,82.98054295152613
site_ad3433ffac,2026-02-27T00:15:00+00:00,4,148.0964159725363,51.63897638460147
site_ad3433ffac,2026-02-27T00:15:00+00:00,96,130.45002566561521,54.35506450745349
site_ad3433ffac,2026-02-27T00:30:00+00:00,4,62.804728298555126,12.81799972821846
site_ad3433ffac,2026-02-27T00:30:00+00:00,96,94.13758470044175,132.5192783748731
site_ad3433ffac,2026-02-27T00:45:00+00:00,4,41.710287334576115,84.90785096552554
site_ad3433ffac,2026-02-27T00:45:00+00:00,96,91.25070458196144,66.58569156168569
site_ad3433ffac,2026-02-27T01:00:00+00:00,4,45.27551146293149,10.555807395872279
site_ad3433ffac,2026-02-27T01:00:00+00:00,96,90.48384886447661,85.49189993525873
site_ad3433ffac,2026-02-27T01:15:00+00:00,4,42.968842409931796,10.715147026347825
site_ad3433ffac,2026-02-27T01:15:00+00:00,96,78.81957665041531,107.13981309659961
site_ad3433ffac,2026-02-27T01:30:00+00:00,4,103.23313145396811,121.39061831766199
site_ad3433ffac,2026-02-27T01:30:00+00:00,96,80.58094179649608,39.24897823603081
site_ad3433ffac,2026-02-27T01:45:00+00:00,4,113.54936685801553,68.55620705066129
site_ad3433ffac,2026-02-27T01:45:00+00:00,96,88.6950542405892,37.25147201517773
site_ad3433ffac,2026-02-27T02:00:00+00:00,4,80.65062059801204,102.09988538972183
site_ad3433ffac,2026-02-27T02:00:00+00:00,96,77.64204887182512,33.39204608370632
site_ad3433ffac,2026-02-27T02:15:00+00:00,4,144.8102641647497,33.73174278445302
site_ad3433ffac,2026-02-27T02:15:00+00:00,96,148.2654013437494,54.03643861429635
site_ad3433ffac,2026-02-27T02:30:00+00:00,4,122.22241944601664,30.06610833004516
site_ad3433ffac,2026-02-27T02:30:00+00:00,96,72.68198288570272,24.578660066715095
site_ad3433ffac,2026-02-27T02:45:00+00:00,4,100.32602736948148,24.80594476042191
site_ad3433ffac,2026-02-27T02:45:00+00:00,96,86.40412862143023,26.426084817092757
site_ad3433ffac,2026-02-27T03:00:00+00:00,4,109.86060943983438,25.94591409749302
site_ad3433ffac,2026-02-27T03:00:00+00:00,96,170.70592983034015,67.56650209563497
site_ad3433ffac,2026-02-27T03:15:00+00:00,4,152.61526376374735,42.09090780097491
site_ad3433ffac,2026-02-27T03:15:00+00:00,96,132.72681463069563,55.78539539957219
site_ad3433ffac,2026-02-27T03:30:00+00:00,4,123.91754167470577,28.580559758994724
site_ad3433ffac,2026-02-27T03:30:00+00:00,96,86.12408184149399,36.94411312637428
site_ad3433ffac,2026-02-27T03:45:00+00:00,4,135.45563286834482,33.109805327845486
site_ad3433ffac,2026-02-27T03:45:00+00:00,96,97.44638832761149,42.45146030888051
site_ad3433ffac,2026-02-27T04:00:00+00:00,4,130.2866060138418,63.791363072581674
site_ad3433ffac,2026-02-27T04:00:00+00:00,96,101.74787822529935,42.227874819908784
site_ad3433ffac,2026-02-27T04:15:00+00:00,4,139.22858959837637,92.88210781869745
site_ad3433ffac,2026-02-27T04:15:00+00:00,96,95.3018630240085,41.434083285085094
site_ad3433ffac,2026-02-27T04:30:00+00:00,4,129.750979339862,45.75199206758808
site_ad3433ffac,2026-02-27T04:30:00+00:00,96,141.0255754727537,59.60481729531334
site_ad3433ffac,2026-02-27T04:45:00+00:00,4,143.9623564361422,39.33715801687843
site_ad3433ffac,2026-02-27T04:45:00+00:00,96,128.0892435478272,57.0727176433649
site_ad3433ffac,2026-02-27T05:00:00+00:00,4,151.85585094291568,40.41675272063414
site_ad3433ffac,2026-02-27T05:00:00+00:00,96,157.12312959928832,66.38851888360394
site_ad3433ffac,2026-02-27T05:15:00+00:00,4,210.72413616082156,56.44828020082059
site_ad3433ffac,2026-02-27T05:15:00+00:00,96,160.70085479576548,66.15018344771832
site_ad3433ffac,2026-02-27T05:30:00+00:00,4,237.108141910298,63.2664281996952
site_ad3433ffac,2026-02-27T05:30:00+00:00,96,206.68415049419457,84.6538377662533
site_ad3433ffac,2026-02-27T05:45:00+00:00,4,267.224754495083,69.52901682436477
site_ad3433ffac,2026-02-27T05:45:00+00:00,96,172.24390231848932,68.57290965165382
site_ad3433ffac,2026-02-27T06:00:00+00:00,4,275.4439770685449,72.75816372365338
site_ad3433ffac,2026-02-27T06:00:00+00:00,96,135.844386614462,48.95618925094941
site_ad3433ffac,2026-02-27T06:15:00+00:00,4,275.4160099845377,73.19104799949355
site_ad3433ffac,2026-02-27T06:15:00+00:00,96,148.47148214395273,53.54351419324691
site_ad3433ffac,2026-02-27T06:30:00+00:00,4,269.81504193778596,67.88198797168795
site_ad3433ffac,2026-02-27T06:30:00+00:00,96,182.74216635569604,69.27056920418707
site_ad3433ffac,2026-02-27T06:45:00+00:00,4,261.64484810597486,68.3247024088137
site_ad3433ffac,2026-02-27T06:45:00+00:00,96,193.68356115206058,89.10244196056269
site_ad3433ffac,2026-02-27T07:00:00+00:00,4,268.66078165346687,70.08525892373478
site_ad3433ffac,2026-02-27T07:00:00+00:00,96,211.7263654617284,83.15452396055359
site_ad3433ffac,2026-02-27T07:15:00+00:00,4,294.88964267482464,80.60291784524392
site_ad3433ffac,2026-02-27T07:15:00+00:00,96,157.3498354524086,61.62225317546008
site_ad3433ffac,2026-02-27T07:30:00+00:00,4,281.10607804229164,81.97705679120955
site_ad3433ffac,2026-02-27T07:30:00+00:00,96,127.97629203007438,47.34331590199653
site_ad3433ffac,2026-02-27T07:45:00+00:00,4,323.3458124316794,98.07478336901951
site_ad3433ffac,2026-02-27T07:45:00+00:00,96,160.93343862659538,57.66827710396343
site_ad3433ffac,2026-02-27T08:00:00+00:00,4,243.73491312866014,76.7059725640953
site_ad3433ffac,2026-02-27T08:00:00+00:00,96,154.23810712735806,59.23730014781487
site_ad3433ffac,2026-02-27T08:15:00+00:00,4,210.81863532543977,66.1149374509657
site_ad3433ffac,2026-02-27T08:15:00+00:00,96,165.43422343777547,63.7792512584635
site_ad3433ffac,2026-02-27T08:30:00+00:00,4,232.5714946312517,69.80119074440802
site_ad3433ffac,2026-02-27T08:30:00+00:00,96,119.30235467012865,48.405115527329436
site_ad3433ffac,2026-02-27T08:45:00+00:00,4,224.16150439244538,65.10618453890358
site_ad3433ffac,2026-02-27T08:45:00+00:00,96,106.48460881771247,41.119649209173076
site_ad3433ffac,2026-02-27T09:00:00+00:00,4,237.61560447201936,70.1162727559457
site_ad3433ffac,2026-02-27T09:00:00+00:00,96,185.46391459267141,66.87871144075878
site_ad3433ffac,2026-02-27T09:15:00+00:00,4,225.32547368985922,66.65039941957856
site_ad3433ffac,2026-02-27T09:15:00+00:00,96,138.91984997272155,50.297136019207805
site_ad3433ffac,2026-02-27T09:30:00+00:00,4,211.77844306030485,61.83885002714644
site_ad3433ffac,2026-02-27T09:30:00+00:00,96,224.8893774252264,73.5256570451528
site_ad3433ffac,2026-02-27T09:45:00+00:00,4,175.3046146703732,49.736619013507514
site_ad3433ffac,2026-02-27T09:45:00+00:00,96,221.2730302499566,73.16574790882365
site_ad3433ffac,2026-02-27T10:00:00+00:00,4,193.11380908187851,56.41764918519324
site_ad3433ffac,2026-02-27T10:00:00+00:00,96,166.33760942663528,57.5919903722025
site_ad3433ffac,2026-02-27T10:15:00+00:00,4,237.26517549382083,64.17462570461791
site_ad3433ffac,2026-02-27T10:15:00+00:00,96,190.66409075535987,65.57213005933977
site_ad3433ffac,2026-02-27T10:30:00+00:00,4,252.8667888249895,71.3483617486101
site_ad3433ffac,2026-02-27T10:30:00+00:00,96,187.5494061222303,65.05841112900589
site_ad3433ffac,2026-02-27T10:45:00+00:00,4,251.76548533196814,69.6015044137125
site_ad3433ffac,2026-02-27T10:45:00+00:00,96,212.17730306392335,68.87442252776184
site_ad3433ffac,2026-02-27T11:00:00+00:00,4,235.28259194928958,66.55266166747478
site_ad3433ffac,2026-02-27T11:00:00+00:00,96,187.63955705621126,60.7239388004516
site_ad3433ffac,2026-02-27T11:15:00+00:00,4,214.8763150519605,58.731631789622526
site_ad3433ffac,2026-02-27T11:15:00+00:00,96,203.85451399176554,61.222133704670725
site_ad3433ffac,2026-02-27T11:30:00+00:00,4,184.66485147604362,51.4737694953169
site_ad3433ffac,2026-02-27T11:30:00+00:00,96,175.2964561340924,50.92622445830603
site_ad3433ffac,2026-02-27T11:45:00+00:00,4,185.93578918238478,51.79554859323706
site_ad3433ffac,2026-02-27T11:45:00+00:00,96,217.49201536548776,69.0714300290205
site_ad3433ffac,2026-02-27T12:00:00+00:00,4,181.67206177763987,49.50570893999097
site_ad3433ffac,2026-02-27T12:00:00+00:00,96,194.87942150575736,63.65437582981126
site_ad3433ffac,2026-02-27T12:15:00+00:00,4,187.14844840697782,52.85554779495378
site_ad3433ffac,2026-02-27T12:15:00+00:00,96,246.1333864314085,82.63056987784843
site_ad3433ffac,2026-02-27T12:30:00+00:00,4,199.38744500043666,52.6812577170694
site_ad3433ffac,2026-02-27T12:30:00+00:00,96,372.32488934736523,106.91785660339404
site_ad3433ffac,2026-02-27T12:45:00+00:00,4,141.85811921317332,39.878448806126826
site_ad3433ffac,2026-02-27T12:45:00+00:00,96,249.77076183549866,81.99398903582406
site_ad3433ffac,2026-02-27T13:00:00+00:00,4,186.57920755799745,84.25378124466044
site_ad3433ffac,2026-02-27T13:00:00+00:00,96,145.17471133782567,49.181741368556715
site_ad3433ffac,2026-02-27T13:15:00+00:00,4,214.63717593222415,96.88159515165911
site_ad3433ffac,2026-02-27T13:15:00+00:00,96,172.84997122654258,56.0865935556249
site_ad3433ffac,2026-02-27T13:30:00+00:00,4,204.45151366439538,59.054753302589205
site_ad3433ffac,2026-02-27T13:30:00+00:00,96,143.33052174368018,47.88466535153062
site_ad3433ffac,2026-02-27T13:45:00+00:00,4,165.2597831084343,47.36952104073294
site_ad3433ffac,2026-02-27T13:45:00+00:00,96,138.05504347823324,50.808362040462605
site_ad3433ffac,2026-02-27T14:00:00+00:00,4,136.73641668810976,39.848744915214105
site_ad3433ffac,2026-02-27T14:00:00+00:00,96,182.8282183246907,63.41909875103673
site_ad3433ffac,2026-02-27T14:15:00+00:00,4,158.23727445052367,53.869636843036965
site_ad3433ffac,2026-02-27T14:15:00+00:00,96,287.33541220673305,111.16324155013386
site_ad3433ffac,2026-02-27T14:30:00+00:00,4,165.91153056929204,68.03104174366028
site_ad3433ffac,2026-02-27T14:30:00+00:00,96,270.8795755651268,64.31888912543066
site_ad3433ffac,2026-02-27T14:45:00+00:00,4,159.4742674910822,126.74708566853116
site_ad3433ffac,2026-02-27T14:45:00+00:00,96,187.08898166238012,50.47650717977442
site_ad3433ffac,2026-02-27T15:00:00+00:00,4,166.14210841086103,51.41919420759777
site_ad3433ffac,2026-02-27T15:00:00+00:00,96,253.2748570086431,58.47583367761663
site_ad3433ffac,2026-02-27T15:15:00+00:00,4,148.98207505245796,47.30970458965064
site_ad3433ffac,2026-02-27T15:15:00+00:00,96,150.06986137940518,45.82433065469816
site_ad3433ffac,2026-02-27T15:30:00+00:00,4,153.3180107482587,60.994379400144766
site_ad3433ffac,2026-02-27T15:30:00+00:00,96,229.61278564448685,51.63909926288601
site_ad3433ffac,2026-02-27T15:45:00+00:00,4,159.08485464778568,62.20983391843478
site_ad3433ffac,2026-02-27T15:45:00+00:00,96,240.50071199702148,47.17736499210062
site_ad3433ffac,2026-02-27T16:00:00+00:00,4,199.8547895351029,94.23527378744356
site_ad3433ffac,2026-02-27T16:00:00+00:00,96,290.7376751157012,58.811978547649616
site_ad3433ffac,2026-02-27T16:15:00+00:00,4,215.43651651792655,97.35037021829038
site_ad3433ffac,2026-02-27T16:15:00+00:00,96,179.80354378249933,52.229884453011415
site_ad3433ffac,2026-02-27T16:30:00+00:00,4,183.1315133692769,83.62469836837035
site_ad3433ffac,2026-02-27T16:30:00+00:00,96,179.60277605475005,37.1390591971319
site_ad3433ffac,2026-02-27T16:45:00+00:00,4,204.644679375172,121.5215032121478
site_ad3433ffac,2026-02-27T16:45:00+00:00,96,156.7402917766489,34.67155263800356
site_ad3433ffac,2026-02-27T17:00:00+00:00,4,187.89765021240385,94.34600068305957
site_ad3433ffac,2026-02-27T17:00:00+00:00,96,159.69413553347937,32.74068697271859
site_ad3433ffac,2026-02-27T17:15:00+00:00,4,163.165352419405,93.99063219033681
site_ad3433ffac,2026-02-27T17:15:00+00:00,96,192.64086011918585,39.934013565256706
site_ad3433ffac,2026-02-27T17:30:00+00:00,4,144.87839203270246,113.73939668829006
site_ad3433ffac,2026-02-27T17:30:00+00:00,96,275.44959875736475,53.36197753622858
site_ad3433ffac,2026-02-27T17:45:00+00:00,4,152.78441737142174,171.48587227072701
site_ad3433ffac,2026-02-27T17:45:00+00:00,96,231.67895438140067,44.01111716586425
site_ad3433ffac,2026-02-27T18:00:00+00:00,4,141.87630981354368,49.23309464863457
site_ad3433ffac,2026-02-27T18:00:00+00:00,96,203.84585686320173,45.67826224654769
site_ad3433ffac,2026-02-27T18:15:00+00:00,4,134.96598513398968,44.77171325931569
site_ad3433ffac,2026-02-27T18:15:00+00:00,96,394.24954316899243,67.58784501437748
site_ad3433ffac,2026-02-27T18:30:00+00:00,4,160.4011443246938,99.45538402245712
site_ad3433ffac,2026-02-27T18:30:00+00:00,96,109.08720632826343,29.12900765599446
site_ad3433ffac,2026-02-27T18:45:00+00:00,4,160.74367461553092,119.79170121247748
site_ad3433ffac,2026-02-27T18:45:00+00:00,96,107.37008558468443,22.767265280084942
site_ad3433ffac,2026-02-27T19:00:00+00:00,4,145.1408346486477,46.89809357222556
site_ad3433ffac,2026-02-27T19:00:00+00:00,96,101.9518011708735,20.976449874190415
site_ad3433ffac,2026-02-27T19:15:00+00:00,4,142.24619830044605,75.6460309148347
site_ad3433ffac,2026-02-27T19:15:00+00:00,96,138.99499771676273,27.9617342132602
site_ad3433ffac,2026-02-27T19:30:00+00:00,4,136.65542988481485,50.84401425183867
site_ad3433ffac,2026-02-27T19:30:00+00:00,96,122.29876853428487,21.560812413808947
site_ad3433ffac,2026-02-27T19:45:00+00:00,4,143.60238543619698,52.46773475352404
site_ad3433ffac,2026-02-27T19:45:00+00:00,96,127.37305687074237,24.299299533129506
site_ad3433ffac,2026-02-27T20:00:00+00:00,4,123.18679247034173,39.3361716403016
site_ad3433ffac,2026-02-27T20:00:00+00:00,96,130.06617654283463,20.305337007369477
site_ad3433ffac,2026-02-27T20:15:00+00:00,4,116.82971854437356,36.99722259090755
site_ad3433ffac,2026-02-27T20:15:00+00:00,96,136.2525614431137,18.48854763183274
site_ad3433ffac,2026-02-27T20:30:00+00:00,4,114.19857632713074,46.31896379970976
site_ad3433ffac,2026-02-27T20:30:00+00:00,96,111.006581386058,11.355735029721956
site_ad3433ffac,2026-02-27T20:45:00+00:00,4,115.92799792755433,52.35336490848234
site_ad3433ffac,2026-02-27T20:45:00+00:00,96,163.70923390284068,16.374650339844145
site_ad3433ffac,2026-02-27T21:00:00+00:00,4,108.43644419008875,38.80952225209866
site_ad3433ffac,2026-02-27T21:00:00+00:00,96,66.50867195040593,8.44956588262044
site_ad3433ffac,2026-02-27T21:15:00+00:00,4,89.6444406401229,34.6834444100209
site_ad3433ffac,2026-02-27T21:15:00+00:00,96,60.293137418135,7.763746149507406
site_ad3433ffac,2026-02-27T21:30:00+00:00,4,75.70819312926369,31.559939971533474
site_ad3433ffac,2026-02-27T21:30:00+00:00,96,60.27658702358484,9.681089942657625
site_ad3433ffac,2026-02-27T21:45:00+00:00,4,53.898504665393325,24.402319233787395
site_ad3433ffac,2026-02-27T21:45:00+00:00,96,69.37858863007705,12.83464516281144
site_ad3433ffac,2026-02-27T22:00:00+00:00,4,58.59692103853353,25.286816170459385
site_ad3433ffac,2026-02-27T22:00:00+00:00,96,90.04715999143113,20.2620233337441
site_ad3433ffac,2026-02-27T22:15:00+00:00,4,71.07333296013775,26.565547519982857
site_ad3433ffac,2026-02-27T22:15:00+00:00,96,154.51400205933484,36.31824591053949
site_ad3433ffac,2026-02-27T22:30:00+00:00,4,25.42978900478157,10.613281052314177
site_ad3433ffac,2026-02-27T22:30:00+00:00,96,83.56868056007517,23.128277761227203
site_ad3433ffac,2026-02-27T22:45:00+00:00,4,30.135094767856806,11.778383748344552
site_ad3433ffac,2026-02-27T22:45:00+00:00,96,61.10416643635705,17.2339606268886
site_ad3433ffac,2026-02-27T23:00:00+00:00,4,25.495181240377686,9.142102193105634
site_ad3433ffac,2026-02-27T23:00:00+00:00,96,72.74697145995599,40.94218523164252
site_ad3433ffac,2026-02-27T23:15:00+00:00,4,30.274670522536244,11.584490342905866
site_ad3433ffac,2026-02-27T23:15:00+00:00,96,473.84521699543,166.12152431666604
site_ad3433ffac,2026-02-27T23:30:00+00:00,4,31.858108057859614,11.877108464030695
site_ad3433ffac,2026-02-27T23:30:00+00:00,96,63.23880149903535,14.031710077568599
site_ad3433ffac,2026-02-27T23:45:00+00:00,4,29.208643323625434,11.906311326911467
site_ad3433ffac,2026-02-27T23:45:00+00:00,96,38.38755707383432,81.83575126440925
site_ad3433ffac,2026-02-28T00:00:00+00:00,4,60.80293653242934,25.34460968188076
site_ad3433ffac,2026-02-28T00:00:00+00:00,96,68.78091762173818,16.54506484867282
site_ad3433ffac,2026-02-28T00:15:00+00:00,4,33.82646756479699,13.992059491410897
site_ad3433ffac,2026-02-28T00:15:00+00:00,96,85.31317960420257,19.62274854794203
site_ad3433ffac,2026-02-28T00:30:00+00:00,4,54.10634394423172,23.6371193271244
site_ad3433ffac,2026-02-28T00:30:00+00:00,96,136.0909881942339,165.75156693167088
site_ad3433ffac,2026-02-28T00:45:00+00:00,4,43.01827575747679,17.585396236400328
site_ad3433ffac,2026-02-28T00:45:00+00:00,96,111.05071548229294,66.91185222926208
site_ad3433ffac,2026-02-28T01:00:00+00:00,4,81.10645217200144,32.500945017451315
site_ad3433ffac,2026-02-28T01:00:00+00:00,96,58.20452583119059,76.00838332784198
site_ad3433ffac,2026-02-28T01:15:00+00:00,4,46.047663216718526,19.00647190522416
site_ad3433ffac,2026-02-28T01:15:00+00:00,96,202.02600446471402,42.45990661604872
site_ad3433ffac,2026-02-28T01:30:00+00:00,4,110.02421703572253,42.08371278428039
site_ad3433ffac,2026-02-28T01:30:00+00:00,96,114.09646819710659,25.087759589289774
site_ad3433ffac,2026-02-28T01:45:00+00:00,4,100.40201734273887,41.57976262218621
site_ad3433ffac,2026-02-28T01:45:00+00:00,96,73.644207376263,16.581026554474814
site_ad3433ffac,2026-02-28T02:00:00+00:00,4,82.63348479408785,36.42417414594747
site_ad3433ffac,2026-02-28T02:00:00+00:00,96,124.80577612671644,26.68029267877207
site_ad3433ffac,2026-02-28T02:15:00+00:00,4,72.24891042118773,29.920726292171132
site_ad3433ffac,2026-02-28T02:15:00+00:00,96,147.0903869559951,37.24949991535588
site_ad3433ffac,2026-02-28T02:30:00+00:00,4,121.68372832894364,50.13803616907725
site_ad3433ffac,2026-02-28T02:30:00+00:00,96,92.96429424685991,19.741874458796186
site_ad3433ffac,2026-02-28T02:45:00+00:00,4,87.65829699555358,36.000736788903325
site_ad3433ffac,2026-02-28T02:45:00+00:00,96,156.6431179362855,34.05339504462587
site_ad3433ffac,2026-02-28T03:00:00+00:00,4,72.31761503433484,30.565509908712077
site_ad3433ffac,2026-02-28T03:00:00+00:00,96,103.25557110921099,50.96275145213097
site_ad3433ffac,2026-02-28T03:15:00+00:00,4,68.99137150256603,30.31788569989023
site_ad3433ffac,2026-02-28T03:15:00+00:00,96,77.68586084072327,52.91648575209618
site_ad3433ffac,2026-02-28T03:30:00+00:00,4,88.04790766127628,34.202369710744804
site_ad3433ffac,2026-02-28T03:30:00+00:00,96,104.13928334592447,34.455485063805945
site_ad3433ffac,2026-02-28T03:45:00+00:00,4,73.28915973484168,30.97042005382485
site_ad3433ffac,2026-02-28T03:45:00+00:00,96,137.93936557709765,34.83990177325034
site_ad3433ffac,2026-02-28T04:00:00+00:00,4,90.30196231041303,35.18859064137488
site_ad3433ffac,2026-02-28T04:00:00+00:00,96,132.2847000057531,32.498371531397765
site_ad3433ffac,2026-02-28T04:15:00+00:00,4,92.21257833053153,33.23517803144101
site_ad3433ffac,2026-02-28T04:15:00+00:00,96,337.10788776716527,81.52751054333737
site_ad3433ffac,2026-02-28T04:30:00+00:00,4,93.67649152033174,74.21894227413715
site_ad3433ffac,2026-02-28T04:30:00+00:00,96,260.2639273259484,63.37746781243795
site_ad3433ffac,2026-02-28T05:15:00+00:00,4,61.28967125515138,20.59009841731784
site_ad3433ffac,2026-02-28T05:15:00+00:00,96,146.00395285279347,35.26299585357186
site_ad3433ffac,2026-02-28T05:30:00+00:00,4,53.756529313689995,17.83341589929491
site_ad3433ffac,2026-02-28T05:30:00+00:00,96,161.56522411701164,36.464272594969366
site_ad3433ffac,2026-02-28T05:45:00+00:00,4,53.756529313689995,17.83341589929491
site_ad3433ffac,2026-02-28T05:45:00+00:00,96,146.87188292983006,34.59656040326429
site_ad3433ffac,2026-02-28T06:00:00+00:00,4,53.756529313689995,17.83341589929491
site_ad3433ffac,2026-02-28T06:00:00+00:00,96,133.5118016868726,31.799686822981922
site_ad3433ffac,2026-02-28T06:15:00+00:00,4,41.62864073009391,14.704007756583252
site_ad3433ffac,2026-02-28T06:15:00+00:00,96,149.472757486052,37.65096114606057
site_ad3433ffac,2026-02-28T06:30:00+00:00,4,82.495728377079,31.615610118915697
site_ad3433ffac,2026-02-28T06:30:00+00:00,96,141.6866394893243,38.37072267796638
site_ad3433ffac,2026-02-28T06:45:00+00:00,4,125.60172383329612,45.86284677435921
site_ad3433ffac,2026-02-28T06:45:00+00:00,96,275.344049873858,75.1291035466415
site_ad3433ffac,2026-02-28T07:00:00+00:00,4,121.00015895946042,44.90256456963468
site_ad3433ffac,2026-02-28T07:00:00+00:00,96,160.44305701669754,45.70526986938718
site_ad3433ffac,2026-02-28T07:15:00+00:00,4,115.49680733555309,44.99024101851708
site_ad3433ffac,2026-02-28T07:15:00+00:00,96,124.66580199797403,35.66528532519579
site_ad3433ffac,2026-02-28T07:30:00+00:00,4,119.24280667222264,45.21234949399256
site_ad3433ffac,2026-02-28T07:30:00+00:00,96,131.36349126116295,36.720976066086095
site_ad3433ffac,2026-02-28T07:45:00+00:00,4,101.66272867854833,38.20304938999574
site_ad3433ffac,2026-02-28T07:45:00+00:00,96,176.8223816248393,49.07288272824146
site_ad3433ffac,2026-02-28T08:00:00+00:00,4,115.6962887822674,40.92856785466051
site_ad3433ffac,2026-02-28T08:00:00+00:00,96,154.26168167160614,43.063402821559265
site_ad3433ffac,2026-02-28T08:15:00+00:00,4,126.07153082070165,41.27146754314327
site_ad3433ffac,2026-02-28T08:15:00+00:00,96,172.4080646748153,48.20085846077942
site_ad3433ffac,2026-02-28T08:30:00+00:00,4,147.28601261449023,63.80755280353842
site_ad3433ffac,2026-02-28T08:30:00+00:00,96,139.27882441696266,38.828257058473326
site_ad3433ffac,2026-02-28T08:45:00+00:00,4,145.22851119381374,40.32773594912495
site_ad3433ffac,2026-02-28T08:45:00+00:00,96,89.16891830735761,24.55870257598943
site_ad3433ffac,2026-02-28T09:00:00+00:00,4,169.18437681998796,42.626083604276204
site_ad3433ffac,2026-02-28T09:00:00+00:00,96,120.78893265577199,33.80735027464142
site_ad3433ffac,2026-02-28T09:15:00+00:00,4,165.26949207868648,42.39662961065598
site_ad3433ffac,2026-02-28T09:15:00+00:00,96,264.7889520696601,66.31901546295265
site_ad3433ffac,2026-02-28T09:30:00+00:00,4,172.6163555923844,49.142230146362095
site_ad3433ffac,2026-02-28T09:30:00+00:00,96,238.9706264561912,61.62514103120872
site_ad3433ffac,2026-02-28T09:45:00+00:00,4,147.5956564586762,37.677071645347425
site_ad3433ffac,2026-02-28T09:45:00+00:00,96,197.70653332142228,51.31070884910259
site_ad3433ffac,2026-02-28T10:00:00+00:00,4,128.52483211379084,36.01192577818586
site_ad3433ffac,2026-02-28T10:00:00+00:00,96,171.05219420361107,45.99103652938113
site_ad3433ffac,2026-02-28T10:15:00+00:00,4,107.70702480725313,50.51058020739868
site_ad3433ffac,2026-02-28T10:15:00+00:00,96,121.38114597119065,32.29830672959847
site_ad3433ffac,2026-02-28T10:30:00+00:00,4,139.81043136864614,81.01632388241019
site_ad3433ffac,2026-02-28T10:30:00+00:00,96,109.15325584526448,30.663019231990674
site_ad3433ffac,2026-02-28T10:45:00+00:00,4,164.1811113804643,73.81721714680936
site_ad3433ffac,2026-02-28T10:45:00+00:00,96,142.21326082955852,38.32834136843621
site_ad3433ffac,2026-02-28T11:00:00+00:00,4,188.56584132836366,76.16169855794693
site_ad3433ffac,2026-02-28T11:00:00+00:00,96,130.23383818984584,34.27058270635817
site_ad3433ffac,2026-02-28T11:15:00+00:00,4,211.88968762725722,38.86487000839588
site_ad3433ffac,2026-02-28T11:15:00+00:00,96,160.25185566173633,41.201565148938656
site_ad3433ffac,2026-02-28T11:30:00+00:00,4,212.2396473782902,38.12398326587657
site_ad3433ffac,2026-02-28T11:30:00+00:00,96,134.06651801779591,33.694508602656065
site_ad3433ffac,2026-02-28T11:45:00+00:00,4,202.4571132973888,36.105814023062464
site_ad3433ffac,2026-02-28T11:45:00+00:00,96,94.98096693869026,25.483542152741336
site_ad3433ffac,2026-02-28T12:00:00+00:00,4,207.31406363556118,35.76233824520736
site_ad3433ffac,2026-02-28T12:00:00+00:00,96,189.1380340649577,83.68701644925562
site_ad3433ffac,2026-02-28T12:15:00+00:00,4,173.25546481966416,30.727224401457796
site_ad3433ffac,2026-02-28T12:15:00+00:00,96,179.88172976761334,80.7512128116239
site_ad3433ffac,2026-02-28T12:30:00+00:00,4,223.92547164619108,34.61395338177806
site_ad3433ffac,2026-02-28T12:30:00+00:00,96,211.8527546855712,56.28891585854944
site_ad3433ffac,2026-02-28T12:45:00+00:00,4,246.32533749928012,35.98895525534348
site_ad3433ffac,2026-02-28T12:45:00+00:00,96,172.56896239490538,46.07242153819504
site_ad3433ffac,2026-02-28T13:00:00+00:00,4,246.67761569116257,35.12571047317917
site_ad3433ffac,2026-02-28T13:00:00+00:00,96,94.49025970292462,25.678779045308666
site_ad3433ffac,2026-02-28T13:15:00+00:00,4,229.25676816483585,32.99048311101771
site_ad3433ffac,2026-02-28T13:15:00+00:00,96,195.3229168967315,61.57830769270479
site_ad3433ffac,2026-02-28T13:30:00+00:00,4,263.0259231520095,58.03022820343086
site_ad3433ffac,2026-02-28T13:30:00+00:00,96,173.52128922662996,67.4087990872035
site_ad3433ffac,2026-02-28T13:45:00+00:00,4,178.78260991975623,71.66308033094813
site_ad3433ffac,2026-02-28T13:45:00+00:00,96,161.35672930837268,123.92352785524453
site_ad3433ffac,2026-02-28T14:00:00+00:00,4,137.00645012027155,106.14519797387354
site_ad3433ffac,2026-02-28T14:00:00+00:00,96,153.65443910633084,41.80349067672962
site_ad3433ffac,2026-02-28T14:15:00+00:00,4,148.993644843566,89.59135227521502
site_ad3433ffac,2026-02-28T14:15:00+00:00,96,141.43147637648048,40.63898446609636
site_ad3433ffac,2026-02-28T14:30:00+00:00,4,199.15285636990504,48.96663407360048
site_ad3433ffac,2026-02-28T14:30:00+00:00,96,180.53949865724832,68.1453614821845
site_ad3433ffac,2026-02-28T14:45:00+00:00,4,247.9254209614906,50.06257299720124
site_ad3433ffac,2026-02-28T14:45:00+00:00,96,154.55835221464395,55.767407750525365
site_ad3433ffac,2026-02-28T15:00:00+00:00,4,252.1931638648109,50.61097996161271
site_ad3433ffac,2026-02-28T15:00:00+00:00,96,247.99978846527324,108.73462664878217
site_ad3433ffac,2026-02-28T15:15:00+00:00,4,196.09421319100474,39.431206576572905
site_ad3433ffac,2026-02-28T15:15:00+00:00,96,271.441044210071,113.82194463595881
site_ad3433ffac,2026-02-28T15:30:00+00:00,4,147.7177649932544,29.373439063752613
site_ad3433ffac,2026-02-28T15:30:00+00:00,96,202.3607916955852,85.13315434925951
site_ad3433ffac,2026-02-28T15:45:00+00:00,4,99.22726986522228,23.843201079844103
site_ad3433ffac,2026-02-28T15:45:00+00:00,96,203.85870192088265,111.62610061521733
site_ad3433ffac,2026-02-28T16:00:00+00:00,4,122.10730517815983,30.14294084163245
site_ad3433ffac,2026-02-28T16:00:00+00:00,96,150.50337513067382,69.44026278835129
site_ad3433ffac,2026-02-28T16:15:00+00:00,4,165.06425165614462,42.48993947724874
site_ad3433ffac,2026-02-28T16:15:00+00:00,96,117.1602134014371,61.991934135423186
site_ad3433ffac,2026-02-28T16:30:00+00:00,4,175.18589253004077,45.11497921723884
site_ad3433ffac,2026-02-28T16:30:00+00:00,96,105.79630161111214,78.3714815475661
site_ad3433ffac,2026-02-28T16:45:00+00:00,4,184.15315558390833,47.0430047460178
site_ad3433ffac,2026-02-28T16:45:00+00:00,96,115.61370560460563,123.27384818665051
site_ad3433ffac,2026-02-28T17:00:00+00:00,4,179.4483179574798,45.01490823288259
site_ad3433ffac,2026-02-28T17:00:00+00:00,96,100.14276442030864,31.049442936800837
site_ad3433ffac,2026-02-28T17:15:00+00:00,4,215.82434180553034,52.158900282660845
site_ad3433ffac,2026-02-28T17:15:00+00:00,96,138.54940524819142,40.4527275340256
site_ad3433ffac,2026-02-28T17:30:00+00:00,4,210.66423464550363,50.61607242953032
site_ad3433ffac,2026-02-28T17:30:00+00:00,96,161.9410114573236,98.48119878445198
site_ad3433ffac,2026-02-28T17:45:00+00:00,4,187.25090092261274,38.331006032657086
site_ad3433ffac,2026-02-28T17:45:00+00:00,96,178.72991988004503,124.45621416972001
site_ad3433ffac,2026-02-28T18:00:00+00:00,4,166.64010304507568,34.94091292425437
site_ad3433ffac,2026-02-28T18:00:00+00:00,96,122.4900966209207,35.83309602045759
site_ad3433ffac,2026-02-28T18:15:00+00:00,4,151.96650505010572,34.024265462603715
site_ad3433ffac,2026-02-28T18:15:00+00:00,96,127.80676807819926,66.36292239939812
site_ad3433ffac,2026-02-28T18:30:00+00:00,4,127.72188983808952,26.5084101159481
site_ad3433ffac,2026-02-28T18:30:00+00:00,96,145.7909681975919,48.781233542546424
site_ad3433ffac,2026-02-28T18:45:00+00:00,4,126.71714946661231,24.086326075525733
site_ad3433ffac,2026-02-28T18:45:00+00:00,96,124.68167946601383,41.94282267053359
site_ad3433ffac,2026-02-28T19:00:00+00:00,4,129.14945328357229,26.015289797948476
site_ad3433ffac,2026-02-28T19:00:00+00:00,96,81.89945123903752,24.961868225235396
site_ad3433ffac,2026-02-28T19:15:00+00:00,4,75.7880122047019,15.061444508202046
site_ad3433ffac,2026-02-28T19:15:00+00:00,96,119.459520616162,33.39810435183427
site_ad3433ffac,2026-02-28T19:30:00+00:00,4,68.82986166180207,12.07047605025531
site_ad3433ffac,2026-02-28T19:30:00+00:00,96,77.96640090022525,30.88622477719346
site_ad3433ffac,2026-02-28T19:45:00+00:00,4,90.9744604595809,17.36558729106063
site_ad3433ffac,2026-02-28T19:45:00+00:00,96,99.46939368541916,42.540822267718845
site_ad3433ffac,2026-02-28T20:00:00+00:00,4,86.50044191741858,21.939856792918324
site_ad3433ffac,2026-02-28T20:00:00+00:00,96,99.93258122894711,33.54906847136721
site_ad3433ffac,2026-02-28T20:15:00+00:00,4,97.490644100884,20.45633893548399
site_ad3433ffac,2026-02-28T20:15:00+00:00,96,85.93353282091323,30.75386623205302
site_ad3433ffac,2026-02-28T20:30:00+00:00,4,74.97209016772932,17.376576235611594
site_ad3433ffac,2026-02-28T20:30:00+00:00,96,69.6978312149266,26.988241422885906
site_ad3433ffac,2026-02-28T20:45:00+00:00,4,76.52608245141823,18.00225979824031
site_ad3433ffac,2026-02-28T20:45:00+00:00,96,43.203871248332106,18.136438484424843
site_ad3433ffac,2026-02-28T21:00:00+00:00,4,56.75379704499047,10.193035153561333
site_ad3433ffac,2026-02-28T21:00:00+00:00,96,37.26145029772839,15.147671779746892
site_ad3433ffac,2026-02-28T21:15:00+00:00,4,39.88516779389569,8.924469716617718
site_ad3433ffac,2026-02-28T21:15:00+00:00,96,77.4740798538856,27.055424599695844
site_ad3433ffac,2026-02-28T21:30:00+00:00,4,54.7932663411618,14.53514486916405
site_ad3433ffac,2026-02-28T21:30:00+00:00,96,19.924338889747844,8.60712492393009
site_ad3433ffac,2026-02-28T21:45:00+00:00,4,37.19141318662165,9.493852715632041
site_ad3433ffac,2026-02-28T21:45:00+00:00,96,25.843220908351153,10.172087667195907
site_ad3433ffac,2026-02-28T22:00:00+00:00,4,43.09387926911352,13.493011476085872
site_ad3433ffac,2026-02-28T22:00:00+00:00,96,56.16490940865396,19.616268147355598
site_ad3433ffac,2026-02-28T22:15:00+00:00,4,51.95782863721728,15.352964801097727
site_ad3433ffac,2026-02-28T22:15:00+00:00,96,42.16571999628675,15.262477966718375
site_ad3433ffac,2026-02-28T22:30:00+00:00,4,53.17960461780022,15.980073832884255
site_ad3433ffac,2026-02-28T22:30:00+00:00,96,57.64466725714644,21.171517040010706
site_ad3433ffac,2026-02-28T22:45:00+00:00,4,44.536198157210976,12.868324981282939
site_ad3433ffac,2026-02-28T22:45:00+00:00,96,52.063603096638815,20.027485469003242
site_ad3433ffac,2026-02-28T23:00:00+00:00,4,47.26656648616651,11.438820904444754
site_ad3433ffac,2026-02-28T23:00:00+00:00,96,77.35955509005683,29.996772478392014
site_ad3433ffac,2026-02-28T23:15:00+00:00,4,47.07093761161183,11.660855749450025
site_ad3433ffac,2026-02-28T23:15:00+00:00,96,73.7135606266322,30.84270274067756
site_ad3433ffac,2026-02-28T23:30:00+00:00,4,48.20283058440759,12.791989014884884
site_ad3433ffac,2026-02-28T23:30:00+00:00,96,102.04694866982038,43.77016121169632
site_ad3433ffac,2026-02-28T23:45:00+00:00,4,45.970140861624095,13.86159223477248
site_ad3433ffac,2026-02-28T23:45:00+00:00,96,46.897021134099894,19.907578418112525
site_ad3433ffac,2026-03-01T00:00:00+00:00,4,58.70199653188222,19.686806167897185
site_ad3433ffac,2026-03-01T00:00:00+00:00,96,155.28921230492637,58.6142198066052
site_ad3433ffac,2026-03-01T00:15:00+00:00,4,47.74595099717315,9.69411391765404
site_ad3433ffac,2026-03-01T00:15:00+00:00,96,61.82395289164315,25.30746159650282
site_ad3433ffac,2026-03-01T00:30:00+00:00,4,41.49637188148838,11.471208177121797
site_ad3433ffac,2026-03-01T00:30:00+00:00,96,268.47982207453623,103.38262368009426
site_ad3433ffac,2026-03-01T00:45:00+00:00,4,47.00193376010727,12.195282618473746
site_ad3433ffac,2026-03-01T00:45:00+00:00,96,136.23347549289787,53.08222471129576
site_ad3433ffac,2026-03-01T01:00:00+00:00,4,55.84099896188488,13.226191687299812
site_ad3433ffac,2026-03-01T01:00:00+00:00,96,66.00139244436275,27.4120354175793
site_ad3433ffac,2026-03-01T01:15:00+00:00,4,52.53727314231732,12.870866534062099
site_ad3433ffac,2026-03-01T01:15:00+00:00,96,100.59567042880822,40.19008684401031
site_ad3433ffac,2026-03-01T01:30:00+00:00,4,72.0903625311969,23.11941247373358
site_ad3433ffac,2026-03-01T01:30:00+00:00,96,286.34469419275655,108.66386078586501
site_ad3433ffac,2026-03-01T01:45:00+00:00,4,78.53606210014082,23.01144576956595
site_ad3433ffac,2026-03-01T01:45:00+00:00,96,73.4552455466431,29.93057208908421
site_ad3433ffac,2026-03-01T02:00:00+00:00,4,78.08692195147718,29.411780216898027
site_ad3433ffac,2026-03-01T02:00:00+00:00,96,47.941923049017085,19.836759477773157
site_ad3433ffac,2026-03-01T02:15:00+00:00,4,73.41161999994794,27.762958511014226
site_ad3433ffac,2026-03-01T02:15:00+00:00,96,54.480262924773186,23.849232418003535
site_ad3433ffac,2026-03-01T02:30:00+00:00,4,90.81199099811273,29.172080813372077
site_ad3433ffac,2026-03-01T02:30:00+00:00,96,61.33715707990405,23.768225339357837
site_ad3433ffac,2026-03-01T02:45:00+00:00,4,104.20429196469756,32.75821263709919
site_ad3433ffac,2026-03-01T02:45:00+00:00,96,56.92969617571987,22.733811678316254
site_ad3433ffac,2026-03-01T03:00:00+00:00,4,94.54485892089048,26.401627461161638
site_ad3433ffac,2026-03-01T03:00:00+00:00,96,58.04340387500676,22.565681800693884
site_ad3433ffac,2026-03-01T03:15:00+00:00,4,96.6037216178478,24.704615402662853
site_ad3433ffac,2026-03-01T03:15:00+00:00,96,66.81849927737755,22.85113588969447
site_ad3433ffac,2026-03-01T03:30:00+00:00,4,107.31121331374075,33.05297178934996
site_ad3433ffac,2026-03-01T03:30:00+00:00,96,98.361082885856,76.58598941264752
site_ad3433ffac,2026-03-01T03:45:00+00:00,4,115.79930001877135,36.64670816949939
site_ad3433ffac,2026-03-01T03:45:00+00:00,96,80.85731530070623,28.04836571429875
site_ad3433ffac,2026-03-01T04:00:00+00:00,4,118.347122614288,36.47668029637607
site_ad3433ffac,2026-03-01T04:00:00+00:00,96,68.95496288921193,22.81383805554272
site_ad3433ffac,2026-03-01T04:15:00+00:00,4,144.33511194585094,34.93503892831951
site_ad3433ffac,2026-03-01T04:15:00+00:00,96,53.49777060791628,18.245146827888455
site_ad3433ffac,2026-03-01T04:30:00+00:00,4,175.01037961636558,40.96008486964237
site_ad3433ffac,2026-03-01T04:30:00+00:00,96,62.72732278502807,21.942525159419553
site_ad3433ffac,2026-03-01T04:45:00+00:00,4,91.41986083920041,21.546028035191252
site_ad3433ffac,2026-03-01T04:45:00+00:00,96,62.72732278502807,21.942525159419553
site_ad3433ffac,2026-03-01T05:00:00+00:00,4,135.60170200494815,25.432648945691184
site_ad3433ffac,2026-03-01T05:00:00+00:00,96,62.72732278502807,21.942525159419553
site_ad3433ffac,2026-03-01T05:15:00+00:00,4,169.54229034535317,34.24726456873233
site_ad3433ffac,2026-03-01T05:15:00+00:00,96,68.16809251177429,23.681882797147956
site_ad3433ffac,2026-03-01T05:30:00+00:00,4,175.07082056179635,37.66305421648905
site_ad3433ffac,2026-03-01T05:30:00+00:00,96,93.74722443677234,32.4682110930524
site_ad3433ffac,2026-03-01T05:45:00+00:00,4,157.94055926781817,27.488088851926076
site_ad3433ffac,2026-03-01T05:45:00+00:00,96,138.77385150157164,45.50753276066784
site_ad3433ffac,2026-03-01T06:00:00+00:00,4,183.8140038846005,46.93122190931969
site_ad3433ffac,2026-03-01T06:00:00+00:00,96,106.62762927799739,36.67277817235338
site_ad3433ffac,2026-03-01T06:15:00+00:00,4,234.28142598940875,59.15144699780551
site_ad3433ffac,2026-03-01T06:15:00+00:00,96,119.25405868987283,40.96269176553212
site_ad3433ffac,2026-03-01T06:30:00+00:00,4,192.69702111893824,40.87928108213892
site_ad3433ffac,2026-03-01T06:30:00+00:00,96,125.63453367528328,42.195258480544354
site_ad3433ffac,2026-03-01T06:45:00+00:00,4,190.93303918143098,47.380180134273715
site_ad3433ffac,2026-03-01T06:45:00+00:00,96,137.6288081419636,45.069149024562584
site_ad3433ffac,2026-03-01T07:00:00+00:00,4,211.9463478183024,63.823731107144155
site_ad3433ffac,2026-03-01T07:00:00+00:00,96,122.26401798921687,39.18907154065872
site_ad3433ffac,2026-03-01T07:15:00+00:00,4,222.6778389618022,67.36503630907902
site_ad3433ffac,2026-03-01T07:15:00+00:00,96,176.24558045409896,51.74478213246895
site_ad3433ffac,2026-03-01T07:30:00+00:00,4,220.3797151686008,68.88252416463187
site_ad3433ffac,2026-03-01T07:30:00+00:00,96,224.9419125556904,92.04495648906773
site_ad3433ffac,2026-03-01T07:45:00+00:00,4,187.81666391908698,59.91800169735982
site_ad3433ffac,2026-03-01T07:45:00+00:00,96,193.3823836100213,46.845142833939406
site_ad3433ffac,2026-03-01T08:00:00+00:00,4,172.39018968253765,53.98839537142689
site_ad3433ffac,2026-03-01T08:00:00+00:00,96,244.16263005228603,55.79543788243099
site_ad3433ffac,2026-03-01T08:15:00+00:00,4,169.60413539994147,52.162671774315825
site_ad3433ffac,2026-03-01T08:15:00+00:00,96,163.4871389815026,37.15844260024606
site_ad3433ffac,2026-03-01T08:30:00+00:00,4,163.05468830039058,50.73247758063219
site_ad3433ffac,2026-03-01T08:30:00+00:00,96,185.52022441477405,48.33684931121653
site_ad3433ffac,2026-03-01T08:45:00+00:00,4,141.50122105712887,41.75209453291789
site_ad3433ffac,2026-03-01T08:45:00+00:00,96,156.85640187461172,36.53135719012994
site_ad3433ffac,2026-03-01T09:00:00+00:00,4,112.64264153134744,34.003440703639974
site_ad3433ffac,2026-03-01T09:00:00+00:00,96,123.66833558164589,34.79770072357732
site_ad3433ffac,2026-03-01T09:15:00+00:00,4,137.48017024196474,40.93381272356605
site_ad3433ffac,2026-03-01T09:15:00+00:00,96,99.49310223191542,45.82237896255651
site_ad3433ffac,2026-03-01T09:30:00+00:00,4,130.70774818046505,37.70337668135713
site_ad3433ffac,2026-03-01T09:30:00+00:00,96,181.6606907736395,104.80912277031806
site_ad3433ffac,2026-03-01T09:45:00+00:00,4,149.70125848840348,38.766704719727386
site_ad3433ffac,2026-03-01T09:45:00+00:00,96,148.87567200469738,63.34196071506312
site_ad3433ffac,2026-03-01T10:00:00+00:00,4,154.84907853176364,43.92624867469952
site_ad3433ffac,2026-03-01T10:00:00+00:00,96,244.55921846587663,92.87499988782855
site_ad3433ffac,2026-03-01T10:15:00+00:00,4,175.14832517994836,39.80941649828906
site_ad3433ffac,2026-03-01T10:15:00+00:00,96,196.36066886356537,32.192996626570284
site_ad3433ffac,2026-03-01T10:30:00+00:00,4,174.98531895223195,43.294616263700746
site_ad3433ffac,2026-03-01T10:30:00+00:00,96,191.198811276915,30.958089084384593
site_ad3433ffac,2026-03-01T10:45:00+00:00,4,177.54429378424132,40.262021049843014
site_ad3433ffac,2026-03-01T10:45:00+00:00,96,154.99913819363837,26.16013277062599
site_ad3433ffac,2026-03-01T11:00:00+00:00,4,166.49567872514996,38.82780916353576
site_ad3433ffac,2026-03-01T11:00:00+00:00,96,156.39857420218738,24.733271645900373
site_ad3433ffac,2026-03-01T11:15:00+00:00,4,159.6958380219411,32.31835221830111
site_ad3433ffac,2026-03-01T11:15:00+00:00,96,164.14615481196728,25.979507227711814
site_ad3433ffac,2026-03-01T11:30:00+00:00,4,152.81755803924395,29.701316049584946
site_ad3433ffac,2026-03-01T11:30:00+00:00,96,226.1319623369779,31.017353238022952
site_ad3433ffac,2026-03-01T11:45:00+00:00,4,174.59351745179663,28.333624723096918
site_ad3433ffac,2026-03-01T11:45:00+00:00,96,227.9897023687456,30.055250687332368
site_ad3433ffac,2026-03-01T12:00:00+00:00,4,227.51149371022404,31.66595531129144
site_ad3433ffac,2026-03-01T12:00:00+00:00,96,185.60352424494016,25.094977278481586
site_ad3433ffac,2026-03-01T12:15:00+00:00,4,246.58921585931637,34.49784661673925
site_ad3433ffac,2026-03-01T12:15:00+00:00,96,163.68009617690774,22.112816780115477
site_ad3433ffac,2026-03-01T12:30:00+00:00,4,280.6142921648268,31.11810458819196
site_ad3433ffac,2026-03-01T12:30:00+00:00,96,184.73815780074568,40.05793825339023
site_ad3433ffac,2026-03-01T12:45:00+00:00,4,288.6942554606706,28.36848748789768
site_ad3433ffac,2026-03-01T12:45:00+00:00,96,129.9347008267179,52.11861553583251
site_ad3433ffac,2026-03-01T13:00:00+00:00,4,191.40703771945414,18.067005583449895
site_ad3433ffac,2026-03-01T13:00:00+00:00,96,121.7247209198343,95.8685717452862
site_ad3433ffac,2026-03-01T13:15:00+00:00,4,182.43930056023322,15.92994096574519
site_ad3433ffac,2026-03-01T13:15:00+00:00,96,144.68607224542765,86.17825144991401
site_ad3433ffac,2026-03-01T13:30:00+00:00,4,204.5624710326053,18.3708847227781
site_ad3433ffac,2026-03-01T13:30:00+00:00,96,187.8026791665868,42.193042815992506
site_ad3433ffac,2026-03-01T13:45:00+00:00,4,187.62484153650266,17.791158432563172
site_ad3433ffac,2026-03-01T13:45:00+00:00,96,344.4514822203457,63.854153211918906
site_ad3433ffac,2026-03-01T14:00:00+00:00,4,255.5653202558878,26.41605160316007
site_ad3433ffac,2026-03-01T14:00:00+00:00,96,268.44341964527456,50.213572797142696
site_ad3433ffac,2026-03-01T14:15:00+00:00,4,210.83001866947583,50.86471968710524
site_ad3433ffac,2026-03-01T14:15:00+00:00,96,128.48520571414826,26.531905115952082
site_ad3433ffac,2026-03-01T14:30:00+00:00,4,153.0929896123922,54.059535803110315
site_ad3433ffac,2026-03-01T14:30:00+00:00,96,87.91679024462927,18.182494706323276
site_ad3433ffac,2026-03-01T14:45:00+00:00,4,136.1049146658337,16.517662861291317
site_ad3433ffac,2026-03-01T14:45:00+00:00,96,84.90905394251656,19.997938869129076
site_ad3433ffac,2026-03-01T15:00:00+00:00,4,145.040569108248,17.011474575006893
site_ad3433ffac,2026-03-01T15:00:00+00:00,96,109.35223235550629,28.641661389357278
site_ad3433ffac,2026-03-01T15:15:00+00:00,4,155.0216768918975,24.377087859414267
site_ad3433ffac,2026-03-01T15:15:00+00:00,96,197.64930323336765,48.71439481921085
site_ad3433ffac,2026-03-01T15:30:00+00:00,4,160.2228693978822,133.5297131425187
site_ad3433ffac,2026-03-01T15:30:00+00:00,96,198.5473109246317,49.65297607504763
site_ad3433ffac,2026-03-01T15:45:00+00:00,4,156.89035619051654,44.7741188195041
site_ad3433ffac,2026-03-01T15:45:00+00:00,96,203.57608473056888,49.90746361746879
site_ad3433ffac,2026-03-01T16:00:00+00:00,4,144.39363634296436,280.36092388842394
site_ad3433ffac,2026-03-01T16:00:00+00:00,96,145.62102070058643,36.20716406299179
site_ad3433ffac,2026-03-01T16:15:00+00:00,4,145.73639172994356,377.6280811425412
site_ad3433ffac,2026-03-01T16:15:00+00:00,96,271.0979999304522,63.86428119252147
site_ad3433ffac,2026-03-01T16:30:00+00:00,4,154.3883831319687,407.9391661688827
site_ad3433ffac,2026-03-01T16:30:00+00:00,96,164.38921808533576,39.33059054204966
site_ad3433ffac,2026-03-01T16:45:00+00:00,4,155.709071076351,413.57124678834316
site_ad3433ffac,2026-03-01T16:45:00+00:00,96,132.64976344182236,27.1566194141353
site_ad3433ffac,2026-03-01T17:00:00+00:00,4,165.16545873348105,443.5597548945336
site_ad3433ffac,2026-03-01T17:00:00+00:00,96,151.7915683337477,31.662497678091224
site_ad3433ffac,2026-03-01T17:15:00+00:00,4,167.9864642586546,453.16711581565767
site_ad3433ffac,2026-03-01T17:15:00+00:00,96,149.652978506046,33.277231778829034
site_ad3433ffac,2026-03-01T17:30:00+00:00,4,162.96795059447598,439.1729642905698
site_ad3433ffac,2026-03-01T17:30:00+00:00,96,88.03363310149537,20.081973599203142
site_ad3433ffac,2026-03-01T17:45:00+00:00,4,138.31059398578753,383.2692248610761
site_ad3433ffac,2026-03-01T17:45:00+00:00,96,113.634980380817,22.453563573141604
site_ad3433ffac,2026-03-01T18:00:00+00:00,4,116.5716386806962,327.8988310419522
site_ad3433ffac,2026-03-01T18:00:00+00:00,96,102.08795499913427,23.151857009326008
site_ad3433ffac,2026-03-01T18:15:00+00:00,4,121.22384766686382,343.8411873117532
site_ad3433ffac,2026-03-01T18:15:00+00:00,96,101.63684031885818,23.534796164474763
site_ad3433ffac,2026-03-01T18:30:00+00:00,4,116.66201916589911,334.45172099680013
site_ad3433ffac,2026-03-01T18:30:00+00:00,96,93.06229327471067,18.90859142327119
site_ad3433ffac,2026-03-01T18:45:00+00:00,4,136.35688352698008,381.3338524341622
site_ad3433ffac,2026-03-01T18:45:00+00:00,96,109.75255967620846,23.926569219942778
site_ad3433ffac,2026-03-01T19:00:00+00:00,4,115.15340013241209,331.6116263909236
site_ad3433ffac,2026-03-01T19:00:00+00:00,96,106.73221089741594,28.19444065733152
site_ad3433ffac,2026-03-01T19:15:00+00:00,4,115.97180527089151,333.9095734067774
site_ad3433ffac,2026-03-01T19:15:00+00:00,96,117.35153151972523,25.294298075603177
site_ad3433ffac,2026-03-01T19:30:00+00:00,4,101.92865396969555,303.4474450952436
site_ad3433ffac,2026-03-01T19:30:00+00:00,96,83.8654410930649,19.334971451198097
site_ad3433ffac,2026-03-01T19:45:00+00:00,4,95.41314839084747,274.42708836509246
site_ad3433ffac,2026-03-01T19:45:00+00:00,96,103.4857854899782,23.141599926991624
site_ad3433ffac,2026-03-01T20:00:00+00:00,4,114.09547971434999,323.4731019848738
site_ad3433ffac,2026-03-01T20:00:00+00:00,96,71.21317487290743,13.375924436338215
site_ad3433ffac,2026-03-01T20:15:00+00:00,4,120.25566165103258,349.96639583052496
site_ad3433ffac,2026-03-01T20:15:00+00:00,96,76.87017685134188,16.4929288718088
site_ad3433ffac,2026-03-01T20:30:00+00:00,4,133.03104793574835,381.8149994527428
site_ad3433ffac,2026-03-01T20:30:00+00:00,96,123.82293888001803,30.602738196807564
site_ad3433ffac,2026-03-01T20:45:00+00:00,4,133.261866106321,378.765534124093
site_ad3433ffac,2026-03-01T20:45:00+00:00,96,57.944997982124825,14.60646932379329
site_ad3433ffac,2026-03-01T21:00:00+00:00,4,145.68271672934793,411.5677709776445
site_ad3433ffac,2026-03-01T21:00:00+00:00,96,68.10259300643077,18.752683240927077
site_ad3433ffac,2026-03-01T21:15:00+00:00,4,104.6416908502313,314.93125088862763
site_ad3433ffac,2026-03-01T21:15:00+00:00,96,100.53417949595922,25.318853965154954
site_ad3433ffac,2026-03-01T21:30:00+00:00,4,129.3542466263644,369.91281415567033
site_ad3433ffac,2026-03-01T21:30:00+00:00,96,66.47592799487428,18.078216831548406
site_ad3433ffac,2026-03-01T21:45:00+00:00,4,100.74864995845458,294.6086051597984
site_ad3433ffac,2026-03-01T21:45:00+00:00,96,56.33992541592053,15.416592451138591
site_ad3433ffac,2026-03-01T22:00:00+00:00,4,82.95085426954972,244.53681720369204
site_ad3433ffac,2026-03-01T22:00:00+00:00,96,51.59315516800257,12.054298095028424
site_ad3433ffac,2026-03-01T22:15:00+00:00,4,79.7036156980021,232.91168071595555
site_ad3433ffac,2026-03-01T22:15:00+00:00,96,59.24564170220303,13.557007916604718
site_ad3433ffac,2026-03-01T22:30:00+00:00,4,88.26235088686718,261.6055014575666
site_ad3433ffac,2026-03-01T22:30:00+00:00,96,61.62071313073439,14.496045176835203
site_ad3433ffac,2026-03-01T22:45:00+00:00,4,71.3678874924809,215.04330472205038
site_ad3433ffac,2026-03-01T22:45:00+00:00,96,70.97589424638852,19.28865696589081
site_ad3433ffac,2026-03-01T23:00:00+00:00,4,57.00335420036796,160.31761877182592
site_ad3433ffac,2026-03-01T23:00:00+00:00,96,76.47213518631314,23.22830992522651
site_ad3433ffac,2026-03-01T23:15:00+00:00,4,61.24542934116685,168.3331156453757
site_ad3433ffac,2026-03-01T23:15:00+00:00,96,32.798013545326185,7.726793976464268
site_ad3433ffac,2026-03-01T23:30:00+00:00,4,65.77802194845457,183.3201897822729
site_ad3433ffac,2026-03-01T23:30:00+00:00,96,32.50555044030937,9.990927581337628
site_ad3433ffac,2026-03-01T23:45:00+00:00,4,55.48240801452284,157.077455414916
site_ad3433ffac,2026-03-01T23:45:00+00:00,96,54.64774635199584,14.138963134596818
site_ad3433ffac,2026-03-02T00:00:00+00:00,4,64.92126863770206,174.24577901885232
site_ad3433ffac,2026-03-02T00:00:00+00:00,96,65.46403971545968,15.969953287117136
site_ad3433ffac,2026-03-02T00:15:00+00:00,4,72.273633248649,202.6806788328399
site_ad3433ffac,2026-03-02T00:15:00+00:00,96,65.82968031814238,16.23864690776836
site_ad3433ffac,2026-03-02T00:30:00+00:00,4,81.08140222514272,141.10019768424607
site_ad3433ffac,2026-03-02T00:30:00+00:00,96,93.83621481927435,30.12647510397773
site_ad3433ffac,2026-03-02T00:45:00+00:00,4,72.70509589647324,44.87913691971782
site_ad3433ffac,2026-03-02T00:45:00+00:00,96,89.48747379554577,26.870776634528912
site_ad3433ffac,2026-03-02T01:00:00+00:00,4,79.78191864112605,32.90987510658126
site_ad3433ffac,2026-03-02T01:00:00+00:00,96,130.345461911511,47.847374268277015
site_ad3433ffac,2026-03-02T01:15:00+00:00,4,85.11824440756307,30.377668216840803
site_ad3433ffac,2026-03-02T01:15:00+00:00,96,102.27204796533644,36.66688843700923
site_ad3433ffac,2026-03-02T01:30:00+00:00,4,73.65897197662032,23.55502842804593
site_ad3433ffac,2026-03-02T01:30:00+00:00,96,128.04216099436053,37.212299385817246
site_ad3433ffac,2026-03-02T01:45:00+00:00,4,72.72288073205537,16.49784661535001
site_ad3433ffac,2026-03-02T01:45:00+00:00,96,164.21134729092245,44.380748446862384
site_ad3433ffac,2026-03-02T02:00:00+00:00,4,87.54350183446941,22.4229221125616
site_ad3433ffac,2026-03-02T02:00:00+00:00,96,159.94331149501414,40.2639596262859
site_ad3433ffac,2026-03-02T02:15:00+00:00,4,74.38892032009868,18.055435380068303
site_ad3433ffac,2026-03-02T02:15:00+00:00,96,111.64524465713014,26.34815892691585
site_ad3433ffac,2026-03-02T02:30:00+00:00,4,64.85751631779182,54.67230035217811
site_ad3433ffac,2026-03-02T02:30:00+00:00,96,149.89237998251357,41.640181899510274
site_ad3433ffac,2026-03-02T02:45:00+00:00,4,58.19203031549209,17.229545451071957
site_ad3433ffac,2026-03-02T02:45:00+00:00,96,156.29853118819403,44.253583690695045
site_ad3433ffac,2026-03-02T03:00:00+00:00,4,56.87425172428689,18.4477895959364
site_ad3433ffac,2026-03-02T03:00:00+00:00,96,130.17382466603814,36.900546922006235
site_ad3433ffac,2026-03-02T03:15:00+00:00,4,53.09393698639804,16.80410340614636
site_ad3433ffac,2026-03-02T03:15:00+00:00,96,283.41498592921045,62.33936136616768
site_ad3433ffac,2026-03-02T03:30:00+00:00,4,74.20763252968412,17.058397918168062
site_ad3433ffac,2026-03-02T03:30:00+00:00,96,360.1366212289476,72.83881830408716
site_ad3433ffac,2026-03-02T03:45:00+00:00,4,88.21244976962168,16.30850910984144
site_ad3433ffac,2026-03-02T03:45:00+00:00,96,90.09346368657879,20.99639783119498
site_ad3433ffac,2026-03-02T04:00:00+00:00,4,92.05543648163878,15.411622711747704
site_ad3433ffac,2026-03-02T04:00:00+00:00,96,147.0634252162552,25.689241870830124
site_ad3433ffac,2026-03-02T04:15:00+00:00,4,117.11060039934226,19.293776465802097
site_ad3433ffac,2026-03-02T04:15:00+00:00,96,186.265829070488,33.97199707867602
site_ad3433ffac,2026-03-02T04:30:00+00:00,4,112.63113409316118,17.983748943770888
site_ad3433ffac,2026-03-02T04:30:00+00:00,96,146.51651399522657,29.585128606456422
site_ad3433ffac,2026-03-02T04:45:00+00:00,4,128.69416477272395,21.562377573992972
site_ad3433ffac,2026-03-02T04:45:00+00:00,96,123.77554969952905,22.202640875511996
site_ad3433ffac,2026-03-02T05:00:00+00:00,4,174.03078507182138,33.06608043054034
site_ad3433ffac,2026-03-02T05:00:00+00:00,96,165.08688741199228,38.461881322591836
site_ad3433ffac,2026-03-02T05:15:00+00:00,4,173.2480403196483,36.926444614912974
site_ad3433ffac,2026-03-02T05:15:00+00:00,96,168.2988095813986,40.38509682263196
site_ad3433ffac,2026-03-02T05:30:00+00:00,4,181.5182182263846,42.04310491541395
site_ad3433ffac,2026-03-02T05:30:00+00:00,96,131.8746403803555,28.60915158518104
site_ad3433ffac,2026-03-02T05:45:00+00:00,4,182.1413906685465,44.52618139068824
site_ad3433ffac,2026-03-02T05:45:00+00:00,96,153.02737817775002,36.663626513427346
site_ad3433ffac,2026-03-02T06:00:00+00:00,4,234.27576459569445,55.50959364184397
site_ad3433ffac,2026-03-02T06:00:00+00:00,96,193.2244580247079,53.355380888010856
site_ad3433ffac,2026-03-02T06:15:00+00:00,4,259.8253888794379,66.29819908291219
site_ad3433ffac,2026-03-02T06:15:00+00:00,96,172.89162695936494,49.16883720983785
site_ad3433ffac,2026-03-02T06:30:00+00:00,4,217.6384788579217,49.85571743917478
site_ad3433ffac,2026-03-02T06:30:00+00:00,96,226.27300179591705,64.16004490262746
site_ad3433ffac,2026-03-02T06:45:00+00:00,4,139.35162735907218,34.724733116661966
site_ad3433ffac,2026-03-02T06:45:00+00:00,96,191.43633535801015,55.30406991960322
site_ad3433ffac,2026-03-02T07:00:00+00:00,4,140.13520111550287,36.55414431722008
site_ad3433ffac,2026-03-02T07:00:00+00:00,96,164.07458319715403,49.17798052879748
site_ad3433ffac,2026-03-02T07:15:00+00:00,4,161.85471194501918,39.31872569107666
site_ad3433ffac,2026-03-02T07:15:00+00:00,96,161.9131969037357,49.514730550108744
site_ad3433ffac,2026-03-02T07:30:00+00:00,4,177.8825725968231,37.99159280610908
site_ad3433ffac,2026-03-02T07:30:00+00:00,96,186.73552603567322,56.331189652264506
site_ad3433ffac,2026-03-02T07:45:00+00:00,4,183.03752222721585,43.96961428554543
site_ad3433ffac,2026-03-02T07:45:00+00:00,96,143.4966678549641,42.56656051152852
site_ad3433ffac,2026-03-02T08:00:00+00:00,4,199.87129556434124,54.836812666037744
site_ad3433ffac,2026-03-02T08:00:00+00:00,96,127.88691696274736,38.59781175877026
site_ad3433ffac,2026-03-02T08:15:00+00:00,4,142.54048016172146,40.21966090512836
site_ad3433ffac,2026-03-02T08:15:00+00:00,96,135.32911080548692,38.805385552510586
site_ad3433ffac,2026-03-02T08:30:00+00:00,4,169.83294056362035,49.46292283217089
site_ad3433ffac,2026-03-02T08:30:00+00:00,96,130.0965506766311,36.72542196503457
site_ad3433ffac,2026-03-02T08:45:00+00:00,4,197.88148173772478,54.97506849660136
site_ad3433ffac,2026-03-02T08:45:00+00:00,96,167.37494240853863,38.93697189762548
site_ad3433ffac,2026-03-02T09:00:00+00:00,4,190.0999020565394,48.60876384173001
site_ad3433ffac,2026-03-02T09:00:00+00:00,96,153.20982480708153,41.40423460188978
site_ad3433ffac,2026-03-02T09:15:00+00:00,4,188.91425059714493,45.90757952372318
site_ad3433ffac,2026-03-02T09:15:00+00:00,96,256.3765479569329,52.821591250405376
site_ad3433ffac,2026-03-02T09:30:00+00:00,4,178.69992990742261,45.41548003824418
site_ad3433ffac,2026-03-02T09:30:00+00:00,96,171.45897528602615,40.91199408118239
site_ad3433ffac,2026-03-02T09:45:00+00:00,4,169.32019993130336,39.72952115025663
site_ad3433ffac,2026-03-02T09:45:00+00:00,96,175.5312840425101,37.24525295334833
site_ad3433ffac,2026-03-02T10:00:00+00:00,4,151.61498422004723,35.71074489256376
site_ad3433ffac,2026-03-02T10:00:00+00:00,96,144.21715265011565,33.5680288498795
site_ad3433ffac,2026-03-02T10:15:00+00:00,4,159.31990927382603,36.82971938656046
site_ad3433ffac,2026-03-02T10:15:00+00:00,96,154.59883076230662,29.68986918702809
site_ad3433ffac,2026-03-02T10:30:00+00:00,4,160.6430993347833,50.634542633499464
site_ad3433ffac,2026-03-02T10:30:00+00:00,96,154.97839617636862,28.56940536163389
site_ad3433ffac,2026-03-02T10:45:00+00:00,4,164.53598678293633,52.976950875548155
site_ad3433ffac,2026-03-02T10:45:00+00:00,96,224.82356481883747,32.815923229095176
site_ad3433ffac,2026-03-02T11:00:00+00:00,4,172.74223861968352,44.259649298961946
site_ad3433ffac,2026-03-02T11:00:00+00:00,96,399.3180400714215,46.82886583391893
site_ad3433ffac,2026-03-02T11:15:00+00:00,4,196.85091356515267,56.185503502230176
site_ad3433ffac,2026-03-02T11:15:00+00:00,96,283.1688331579976,35.710631667511485
site_ad3433ffac,2026-03-02T11:30:00+00:00,4,140.06027017404986,39.96029199670958
site_ad3433ffac,2026-03-02T11:30:00+00:00,96,304.58461959009827,30.42285948093795
site_ad3433ffac,2026-03-02T11:45:00+00:00,4,143.62424718586806,47.80225356456167
site_ad3433ffac,2026-03-02T11:45:00+00:00,96,233.71214912042797,21.886475086058642
site_ad3433ffac,2026-03-02T12:00:00+00:00,4,152.62859431694912,49.13354432533051
site_ad3433ffac,2026-03-02T12:00:00+00:00,96,135.51487080207394,13.600225316480866
site_ad3433ffac,2026-03-02T12:15:00+00:00,4,103.10999315191368,35.650146711210276
site_ad3433ffac,2026-03-02T12:15:00+00:00,96,124.07511949251037,12.402516325649874
site_ad3433ffac,2026-03-02T12:30:00+00:00,4,121.04694363463472,40.45441680842248
site_ad3433ffac,2026-03-02T12:30:00+00:00,96,170.29696809035968,17.23543619745119
site_ad3433ffac,2026-03-02T12:45:00+00:00,4,116.38492431081738,41.585594862083504
site_ad3433ffac,2026-03-02T12:45:00+00:00,96,139.2702344979733,14.729168505596325
site_ad3433ffac,2026-03-02T13:00:00+00:00,4,143.68621500167976,47.17471370089696
site_ad3433ffac,2026-03-02T13:00:00+00:00,96,225.30790944755694,23.00507713217374
site_ad3433ffac,2026-03-02T13:15:00+00:00,4,136.75242984496427,47.14375043691747
site_ad3433ffac,2026-03-02T13:15:00+00:00,96,152.79618466859182,37.378435460076695
site_ad3433ffac,2026-03-02T13:30:00+00:00,4,120.72727254057928,47.91113148414939
site_ad3433ffac,2026-03-02T13:30:00+00:00,96,117.37499799732952,41.25698903284476
site_ad3433ffac,2026-03-02T13:45:00+00:00,4,158.01056536185536,107.75750395051661
site_ad3433ffac,2026-03-02T13:45:00+00:00,96,120.04315577168958,14.169728255134785
site_ad3433ffac,2026-03-02T14:00:00+00:00,4,138.22554390428286,57.63271200649575
site_ad3433ffac,2026-03-02T14:00:00+00:00,96,125.67514138431277,14.897210594298542
site_ad3433ffac,2026-03-02T14:15:00+00:00,4,151.526780430439,92.35006810082132
site_ad3433ffac,2026-03-02T14:15:00+00:00,96,146.65885310997885,23.102071004364227
site_ad3433ffac,2026-03-02T14:30:00+00:00,4,147.90920916269943,99.53873616389212
site_ad3433ffac,2026-03-02T14:30:00+00:00,96,169.93470522202284,147.3662954825494
site_ad3433ffac,2026-03-02T14:45:00+00:00,4,138.51317633999972,97.59406433222054
site_ad3433ffac,2026-03-02T14:45:00+00:00,96,143.00726003835615,39.40405450783992
site_ad3433ffac,2026-03-02T15:00:00+00:00,4,148.91100755016691,107.61674691616619
site_ad3433ffac,2026-03-02T15:00:00+00:00,96,178.1312453305365,359.24937146078366
site_ad3433ffac,2026-03-02T15:15:00+00:00,4,149.93635230965162,205.95470083742848
site_ad3433ffac,2026-03-02T15:15:00+00:00,96,206.91765364733465,550.3131073540867
site_ad3433ffac,2026-03-02T15:30:00+00:00,4,152.16995298501826,123.72260800817782
site_ad3433ffac,2026-03-02T15:30:00+00:00,96,216.56215151342872,584.1974468882075
site_ad3433ffac,2026-03-02T15:45:00+00:00,4,175.62732507086162,118.04995397433774
site_ad3433ffac,2026-03-02T15:45:00+00:00,96,199.49480319167037,540.6175445182585
site_ad3433ffac,2026-03-02T16:00:00+00:00,4,201.4148634896158,135.97659096127245
site_ad3433ffac,2026-03-02T16:00:00+00:00,96,211.49018397615208,570.4376975581841
site_ad3433ffac,2026-03-02T16:15:00+00:00,4,163.95857876074905,175.2777272768252
site_ad3433ffac,2026-03-02T16:15:00+00:00,96,197.94339324527434,536.7291498368197
site_ad3433ffac,2026-03-02T16:30:00+00:00,4,161.68902627411595,181.58035119372195
site_ad3433ffac,2026-03-02T16:30:00+00:00,96,211.18380011215652,569.9050999728286
site_ad3433ffac,2026-03-02T16:45:00+00:00,4,206.36270967895237,345.24018867555543
site_ad3433ffac,2026-03-02T16:45:00+00:00,96,148.36509040025544,405.36575505910326
site_ad3433ffac,2026-03-02T17:00:00+00:00,4,166.4150702014512,319.50209451605343
site_ad3433ffac,2026-03-02T17:00:00+00:00,96,139.48876392553774,381.70942329387907
site_ad3433ffac,2026-03-02T17:15:00+00:00,4,172.74582324599265,200.85848493578928
site_ad3433ffac,2026-03-02T17:15:00+00:00,96,165.80685589092406,451.4016610221362
site_ad3433ffac,2026-03-02T17:30:00+00:00,4,195.84712090828373,314.9277246995021
site_ad3433ffac,2026-03-02T17:30:00+00:00,96,152.88116078539554,416.85476769304995
site_ad3433ffac,2026-03-02T17:45:00+00:00,4,226.54384444863845,49.64399618671868
site_ad3433ffac,2026-03-02T17:45:00+00:00,96,207.9456969513608,562.8999833077245
site_ad3433ffac,2026-03-02T18:00:00+00:00,4,210.287801643291,29.081507859075845
site_ad3433ffac,2026-03-02T18:00:00+00:00,96,150.16596638921445,409.6913550901385
site_ad3433ffac,2026-03-02T18:15:00+00:00,4,246.85013979864948,35.621883907362495
site_ad3433ffac,2026-03-02T18:15:00+00:00,96,133.73298589795724,366.8922724739429
site_ad3433ffac,2026-03-02T18:30:00+00:00,4,272.90083690829147,101.75220771364994
site_ad3433ffac,2026-03-02T18:30:00+00:00,96,136.05148848469798,371.73839134909514
site_ad3433ffac,2026-03-02T18:45:00+00:00,4,169.01784480619065,25.54905321167896
site_ad3433ffac,2026-03-02T18:45:00+00:00,96,129.62086860175495,354.9279313057817
site_ad3433ffac,2026-03-02T19:00:00+00:00,4,102.50812473082237,14.893910057142598
site_ad3433ffac,2026-03-02T19:00:00+00:00,96,202.6064684481093,546.497907617172
site_ad3433ffac,2026-03-02T19:15:00+00:00,4,140.7780373607925,109.44457310382829
site_ad3433ffac,2026-03-02T19:15:00+00:00,96,162.64759449237692,440.59119700158084
site_ad3433ffac,2026-03-02T19:30:00+00:00,4,144.86409143949052,21.22613166961258
site_ad3433ffac,2026-03-02T19:30:00+00:00,96,204.55979280213126,547.9808168129036
site_ad3433ffac,2026-03-02T19:45:00+00:00,4,142.23358249085052,16.744975464688387
site_ad3433ffac,2026-03-02T19:45:00+00:00,96,228.5178527985795,610.862677704741
site_ad3433ffac,2026-03-02T20:00:00+00:00,4,112.01184979212354,137.92971214230576
site_ad3433ffac,2026-03-02T20:00:00+00:00,96,237.05078149596585,633.373886111885
site_ad3433ffac,2026-03-02T20:15:00+00:00,4,128.13998493533788,211.21774459403537
site_ad3433ffac,2026-03-02T20:15:00+00:00,96,154.61284620955607,416.05735084802103
site_ad3433ffac,2026-03-02T20:30:00+00:00,4,148.5566741106425,383.2280802758914
site_ad3433ffac,2026-03-02T20:30:00+00:00,96,202.34531080129744,541.3428295259905
site_ad3433ffac,2026-03-02T20:45:00+00:00,4,148.51845034083982,385.6687108587109
site_ad3433ffac,2026-03-02T20:45:00+00:00,96,130.2366780239455,350.39361324773915
site_ad3433ffac,2026-03-02T21:00:00+00:00,4,139.12725466804775,364.9043907886619
site_ad3433ffac,2026-03-02T21:00:00+00:00,96,112.99622504945378,304.64276250587926
site_ad3433ffac,2026-03-02T21:15:00+00:00,4,92.46253136375817,185.26941077003406
site_ad3433ffac,2026-03-02T21:15:00+00:00,96,111.1446912946052,300.01345574652794
site_ad3433ffac,2026-03-02T21:30:00+00:00,4,96.02069078075534,261.4292375801096
site_ad3433ffac,2026-03-02T21:30:00+00:00,96,120.1421208924643,323.20470948683663
site_ad3433ffac,2026-03-02T21:45:00+00:00,4,98.73755962603998,266.29920584421234
site_ad3433ffac,2026-03-02T21:45:00+00:00,96,97.14099737505157,263.1141316006796
site_ad3433ffac,2026-03-02T22:00:00+00:00,4,96.97128929460537,263.4333080415058
site_ad3433ffac,2026-03-02T22:00:00+00:00,96,80.7341188230298,220.17355088010694
site_ad3433ffac,2026-03-02T22:15:00+00:00,4,97.12067012376727,267.4526665495787
site_ad3433ffac,2026-03-02T22:15:00+00:00,96,77.15991976254811,210.6063377404749
site_ad3433ffac,2026-03-02T22:30:00+00:00,4,104.92127318197598,294.5447052346768
site_ad3433ffac,2026-03-02T22:30:00+00:00,96,85.51000879513936,232.71067606118865
site_ad3433ffac,2026-03-02T22:45:00+00:00,4,71.51892542297756,201.61113738983693
site_ad3433ffac,2026-03-02T22:45:00+00:00,96,76.94603501705338,211.77353043124947
site_ad3433ffac,2026-03-02T23:00:00+00:00,4,84.58571874453455,236.439505563733
site_ad3433ffac,2026-03-02T23:00:00+00:00,96,62.39169936354338,172.0520177237689
site_ad3433ffac,2026-03-02T23:15:00+00:00,4,51.6529876251984,141.0737524826451
site_ad3433ffac,2026-03-02T23:15:00+00:00,96,85.1544236968009,230.94054837446438
site_ad3433ffac,2026-03-02T23:30:00+00:00,4,53.32345089398105,146.36706983239148
site_ad3433ffac,2026-03-02T23:30:00+00:00,96,126.49024801781378,202.60972699937417
site_ad3433ffac,2026-03-02T23:45:00+00:00,4,57.80669109670279,159.4601163849497
site_ad3433ffac,2026-03-02T23:45:00+00:00,96,130.24405034658372,62.31204618562132
site_ad3433ffac,2026-03-03T00:00:00+00:00,4,51.32200760379932,139.68090323464784
site_ad3433ffac,2026-03-03T00:00:00+00:00,96,92.93808656049184,39.39628872867807
site_ad3433ffac,2026-03-03T00:15:00+00:00,4,47.3491886740716,41.549202291326154
site_ad3433ffac,2026-03-03T00:15:00+00:00,96,98.8970935147166,37.60497850304759
site_ad3433ffac,2026-03-03T00:30:00+00:00,4,52.692906908343545,46.538497874312625
site_ad3433ffac,2026-03-03T00:30:00+00:00,96,115.3209619366738,41.04330557477827
site_ad3433ffac,2026-03-03T00:45:00+00:00,4,56.16037202693822,55.595683047779346
site_ad3433ffac,2026-03-03T00:45:00+00:00,96,95.8970504878045,27.0231353958562
site_ad3433ffac,2026-03-03T01:00:00+00:00,4,68.23352408040014,36.2636058607108
site_ad3433ffac,2026-03-03T01:00:00+00:00,96,129.86446605496687,39.68886468208692
site_ad3433ffac,2026-03-03T01:15:00+00:00,4,81.30276872156898,52.46908188912151
site_ad3433ffac,2026-03-03T01:15:00+00:00,96,125.4826870177135,37.6096895016166
site_ad3433ffac,2026-03-03T01:30:00+00:00,4,65.42976719368679,55.220723933135076
site_ad3433ffac,2026-03-03T01:30:00+00:00,96,95.38340195178328,82.89095915877674
site_ad3433ffac,2026-03-03T01:45:00+00:00,4,82.6180672216826,77.08012780422058
site_ad3433ffac,2026-03-03T01:45:00+00:00,96,100.9217068644403,33.17325447366612
site_ad3433ffac,2026-03-03T02:00:00+00:00,4,90.72115386840727,75.10365481928335
site_ad3433ffac,2026-03-03T02:00:00+00:00,96,118.78642853428552,42.82935669196254
site_ad3433ffac,2026-03-03T02:15:00+00:00,4,53.63825697930364,31.14772864337689
site_ad3433ffac,2026-03-03T02:15:00+00:00,96,100.58962447949304,34.59155441457943
site_ad3433ffac,2026-03-03T02:30:00+00:00,4,50.00965448583859,27.717841113149888
site_ad3433ffac,2026-03-03T02:30:00+00:00,96,108.21535222742908,29.21130477974922
site_ad3433ffac,2026-03-03T02:45:00+00:00,4,63.64080608533579,33.20070209708738
site_ad3433ffac,2026-03-03T02:45:00+00:00,96,129.53014253604124,30.511729316605454
site_ad3433ffac,2026-03-03T03:00:00+00:00,4,112.1986278437205,107.77215057600888
site_ad3433ffac,2026-03-03T03:00:00+00:00,96,126.98050433991622,44.221596800653906
site_ad3433ffac,2026-03-03T03:15:00+00:00,4,104.26525630452998,78.61698961019155
site_ad3433ffac,2026-03-03T03:15:00+00:00,96,172.05032055631312,46.7257139852504
site_ad3433ffac,2026-03-03T03:30:00+00:00,4,109.59838266468282,62.12331153191908
site_ad3433ffac,2026-03-03T03:30:00+00:00,96,155.89384050676622,35.69634914138668
site_ad3433ffac,2026-03-03T03:45:00+00:00,4,108.64768086803012,164.88311088493904
site_ad3433ffac,2026-03-03T03:45:00+00:00,96,189.26224244081033,38.17482505790927
site_ad3433ffac,2026-03-03T04:00:00+00:00,4,116.40724096327972,77.59106757224174
site_ad3433ffac,2026-03-03T04:00:00+00:00,96,323.5003667345939,68.6270610636463
site_ad3433ffac,2026-03-03T04:15:00+00:00,4,131.2117513570544,82.10657066656019
site_ad3433ffac,2026-03-03T04:15:00+00:00,96,222.6738495708194,53.8882094319918
site_ad3433ffac,2026-03-03T04:30:00+00:00,4,137.27950387146242,196.93245646301608
site_ad3433ffac,2026-03-03T04:30:00+00:00,96,178.38143107920996,47.80293704448779
site_ad3433ffac,2026-03-03T04:45:00+00:00,4,98.47663895011058,59.931906974007504
site_ad3433ffac,2026-03-03T04:45:00+00:00,96,221.18478115886052,58.75926460442516
site_ad3433ffac,2026-03-03T05:00:00+00:00,4,109.19250075191754,68.26875291461536
site_ad3433ffac,2026-03-03T05:00:00+00:00,96,271.21605560178887,72.2016665357244
site_ad3433ffac,2026-03-03T05:15:00+00:00,4,103.645760756493,61.91474300080469
site_ad3433ffac,2026-03-03T05:15:00+00:00,96,426.7170206751631,112.50464540000488
site_ad3433ffac,2026-03-03T05:30:00+00:00,4,95.15055573601613,103.09826096262671
site_ad3433ffac,2026-03-03T05:30:00+00:00,96,197.0909411935851,53.28538446455726
site_ad3433ffac,2026-03-03T05:45:00+00:00,4,99.69050693540187,78.9308525489281
site_ad3433ffac,2026-03-03T05:45:00+00:00,96,162.2789054898334,49.837817006966226
site_ad3433ffac,2026-03-03T06:00:00+00:00,4,115.04613372126843,79.67601941904215
site_ad3433ffac,2026-03-03T06:00:00+00:00,96,184.37717682315187,59.88243805049625
site_ad3433ffac,2026-03-03T06:15:00+00:00,4,131.81727586672378,77.86413292962743
site_ad3433ffac,2026-03-03T06:15:00+00:00,96,220.75588770589036,62.90267514560173
site_ad3433ffac,2026-03-03T06:30:00+00:00,4,126.35442594372192,89.87647383081672
site_ad3433ffac,2026-03-03T06:30:00+00:00,96,188.75242308034188,53.71052572179961
site_ad3433ffac,2026-03-03T06:45:00+00:00,4,136.06797747193238,97.85872710570771
site_ad3433ffac,2026-03-03T06:45:00+00:00,96,217.56636943998427,62.939518250676535
site_ad3433ffac,2026-03-03T07:00:00+00:00,4,141.64224602988423,106.10879649022287
site_ad3433ffac,2026-03-03T07:00:00+00:00,96,228.85652936698875,69.83507015866947
site_ad3433ffac,2026-03-03T07:15:00+00:00,4,148.5217598891996,130.91715521865078
site_ad3433ffac,2026-03-03T07:15:00+00:00,96,159.47154083223512,56.75824114289944
site_ad3433ffac,2026-03-03T07:30:00+00:00,4,172.19279850980493,174.11994799288178
site_ad3433ffac,2026-03-03T07:30:00+00:00,96,267.7707459486842,84.03700929483435
site_ad3433ffac,2026-03-03T07:45:00+00:00,4,177.5198815095494,170.9810070595145
site_ad3433ffac,2026-03-03T07:45:00+00:00,96,238.5110359040985,77.29723325353756
site_ad3433ffac,2026-03-03T08:00:00+00:00,4,174.5171346960934,198.45086549204044
site_ad3433ffac,2026-03-03T08:00:00+00:00,96,181.72269919677333,59.47610278001679
site_ad3433ffac,2026-03-03T08:15:00+00:00,4,178.05950496985346,123.05220850874305
site_ad3433ffac,2026-03-03T08:15:00+00:00,96,198.70652337005106,59.979614556409246
site_ad3433ffac,2026-03-03T08:30:00+00:00,4,162.28470531714606,110.35705630877587
site_ad3433ffac,2026-03-03T08:30:00+00:00,96,250.85347521111518,67.70045868428788
site_ad3433ffac,2026-03-03T08:45:00+00:00,4,164.51299957733,114.74462839899856
site_ad3433ffac,2026-03-03T08:45:00+00:00,96,202.15918824429377,57.5607503781892
site_ad3433ffac,2026-03-03T09:00:00+00:00,4,180.44985587586956,117.69427452196261
site_ad3433ffac,2026-03-03T09:00:00+00:00,96,197.48061286702514,54.79473022553811
site_ad3433ffac,2026-03-03T09:15:00+00:00,4,208.0482416328535,124.29527926835569
site_ad3433ffac,2026-03-03T09:15:00+00:00,96,230.02646549108377,59.47285665364626
site_ad3433ffac,2026-03-03T09:30:00+00:00,4,250.67030849358062,137.83820332251656
site_ad3433ffac,2026-03-03T09:30:00+00:00,96,230.3642308338396,78.34347343540973
site_ad3433ffac,2026-03-03T09:45:00+00:00,4,260.11159157138746,146.06219737519066
site_ad3433ffac,2026-03-03T09:45:00+00:00,96,263.51653938030177,89.77282485227892
site_ad3433ffac,2026-03-03T10:00:00+00:00,4,231.96499750627015,131.73608401853295
site_ad3433ffac,2026-03-03T10:00:00+00:00,96,215.9020286807115,58.61790672161162
site_ad3433ffac,2026-03-03T10:15:00+00:00,4,253.26259034145926,138.74822363426617
site_ad3433ffac,2026-03-03T10:15:00+00:00,96,319.9709073806744,93.02262849063902
site_ad3433ffac,2026-03-03T10:30:00+00:00,4,221.06403520960598,126.63691871826434
site_ad3433ffac,2026-03-03T10:30:00+00:00,96,172.2957676646009,56.408876958383956
site_ad3433ffac,2026-03-03T10:45:00+00:00,4,252.84420342924713,139.54563186443193
site_ad3433ffac,2026-03-03T10:45:00+00:00,96,201.5407896309427,70.28239407267137
site_ad3433ffac,2026-03-03T11:00:00+00:00,4,286.44871108629087,148.19353808093214
site_ad3433ffac,2026-03-03T11:00:00+00:00,96,204.01964047506777,71.43758647086513
site_ad3433ffac,2026-03-03T11:15:00+00:00,4,301.4502530955588,156.5908586004859
site_ad3433ffac,2026-03-03T11:15:00+00:00,96,161.09299986698335,61.29688840153851
site_ad3433ffac,2026-03-03T11:30:00+00:00,4,282.1130168154027,143.7913058983725
site_ad3433ffac,2026-03-03T11:30:00+00:00,96,176.42007561221982,63.79385297209853
site_ad3433ffac,2026-03-03T11:45:00+00:00,4,297.0781863167605,151.45960130690563
site_ad3433ffac,2026-03-03T11:45:00+00:00,96,183.59251322733576,68.51218682345157
site_ad3433ffac,2026-03-03T12:00:00+00:00,4,293.51961238360866,144.3817539402257
site_ad3433ffac,2026-03-03T12:00:00+00:00,96,199.72081556367093,72.93030198589801
site_ad3433ffac,2026-03-03T12:15:00+00:00,4,334.4437173078908,163.59597231126628
site_ad3433ffac,2026-03-03T12:15:00+00:00,96,172.71437647371346,68.5705639578864
site_ad3433ffac,2026-03-03T12:30:00+00:00,4,288.01616843635674,144.32853497419256
site_ad3433ffac,2026-03-03T12:30:00+00:00,96,174.55681939761706,73.57561200986576
site_ad3433ffac,2026-03-03T12:45:00+00:00,4,319.01848777303843,158.58686224689447
site_ad3433ffac,2026-03-03T12:45:00+00:00,96,308.0767121568126,222.1663608884376
site_ad3433ffac,2026-03-03T13:00:00+00:00,4,332.84336886742284,162.43859414097585
site_ad3433ffac,2026-03-03T13:00:00+00:00,96,210.01715300992697,89.98588741430845
site_ad3433ffac,2026-03-03T13:15:00+00:00,4,359.2297802545819,176.0294686868198
site_ad3433ffac,2026-03-03T13:15:00+00:00,96,173.1352177581795,111.37217626794774
site_ad3433ffac,2026-03-03T13:30:00+00:00,4,284.34246768708886,137.8814074899376
site_ad3433ffac,2026-03-03T13:30:00+00:00,96,215.05590175110683,148.68309565801135
site_ad3433ffac,2026-03-03T13:45:00+00:00,4,277.2890848085885,140.20158399322275
site_ad3433ffac,2026-03-03T13:45:00+00:00,96,202.27007398773543,145.57002433833574
site_ad3433ffac,2026-03-03T14:00:00+00:00,4,361.24907021231166,184.57402032857192
site_ad3433ffac,2026-03-03T14:00:00+00:00,96,232.80351754653958,167.90314025561145
site_ad3433ffac,2026-03-03T14:15:00+00:00,4,302.48281233536756,160.80207414995675
site_ad3433ffac,2026-03-03T14:15:00+00:00,96,211.95655393471463,304.10400007482735
site_ad3433ffac,2026-03-03T14:30:00+00:00,4,189.0222071959121,106.54068451641399
site_ad3433ffac,2026-03-03T14:30:00+00:00,96,211.17784987363603,175.49640645373657
site_ad3433ffac,2026-03-03T14:45:00+00:00,4,200.0301333903864,107.7347507338421
site_ad3433ffac,2026-03-03T14:45:00+00:00,96,319.04861961934284,208.68021763845218
site_ad3433ffac,2026-03-03T15:00:00+00:00,4,280.1909497460978,154.4719159087752
site_ad3433ffac,2026-03-03T15:00:00+00:00,96,349.9082530561721,234.41948835170652
site_ad3433ffac,2026-03-03T15:15:00+00:00,4,302.2704050076328,167.25149991145662
site_ad3433ffac,2026-03-03T15:15:00+00:00,96,244.17798146458802,274.8450065085523
site_ad3433ffac,2026-03-03T15:30:00+00:00,4,323.8514946220352,190.5867567359256
site_ad3433ffac,2026-03-03T15:30:00+00:00,96,230.13316708902397,267.4876208391611
site_ad3433ffac,2026-03-03T15:45:00+00:00,4,342.5058126306231,200.8079465521592
site_ad3433ffac,2026-03-03T15:45:00+00:00,96,306.56427914418737,531.5899639626381
site_ad3433ffac,2026-03-03T16:00:00+00:00,4,313.7045773419503,187.0204769458292
site_ad3433ffac,2026-03-03T16:00:00+00:00,96,223.72742962279736,444.6755668478752
site_ad3433ffac,2026-03-03T16:15:00+00:00,4,318.5468203164775,194.3422028618284
site_ad3433ffac,2026-03-03T16:15:00+00:00,96,252.32073622669031,293.7611769775789
site_ad3433ffac,2026-03-03T16:30:00+00:00,4,264.0597326257789,169.87190320452154
site_ad3433ffac,2026-03-03T16:30:00+00:00,96,259.68835247113833,429.8302613211261
site_ad3433ffac,2026-03-03T16:45:00+00:00,4,261.7101969514354,180.6863392647537
site_ad3433ffac,2026-03-03T16:45:00+00:00,96,230.13924869119958,53.74876080715704
site_ad3433ffac,2026-03-03T17:00:00+00:00,4,298.61861987696415,200.0625475156686
site_ad3433ffac,2026-03-03T17:00:00+00:00,96,286.10239145662337,49.18917367338434
site_ad3433ffac,2026-03-03T17:15:00+00:00,4,283.3721156273105,168.82539341964042
site_ad3433ffac,2026-03-03T17:15:00+00:00,96,386.6546303185045,57.26596087348892
site_ad3433ffac,2026-03-03T17:30:00+00:00,4,290.65358287536606,173.5146494435291
site_ad3433ffac,2026-03-03T17:30:00+00:00,96,379.60167275120546,145.37682686045926
site_ad3433ffac,2026-03-03T17:45:00+00:00,4,312.66826006426294,207.45627982499147
site_ad3433ffac,2026-03-03T17:45:00+00:00,96,231.11174368129485,45.27248233898462
site_ad3433ffac,2026-03-03T18:00:00+00:00,4,380.2119711891937,342.4635138891511
site_ad3433ffac,2026-03-03T18:00:00+00:00,96,177.7631850626731,39.44957040700053
site_ad3433ffac,2026-03-03T18:15:00+00:00,4,398.43907071500183,554.2815784359951
site_ad3433ffac,2026-03-03T18:15:00+00:00,96,251.4695120325382,207.17005360595425
site_ad3433ffac,2026-03-03T18:30:00+00:00,4,283.6036605987714,395.4715036825604
site_ad3433ffac,2026-03-03T18:30:00+00:00,96,189.7919998549841,36.103620227746845
site_ad3433ffac,2026-03-03T18:45:00+00:00,4,331.9628091871446,442.1776809771741
site_ad3433ffac,2026-03-03T18:45:00+00:00,96,180.09027028579243,36.83302890930051
site_ad3433ffac,2026-03-03T19:00:00+00:00,4,253.7284648639644,423.31450984674365
site_ad3433ffac,2026-03-03T19:00:00+00:00,96,240.08359387119484,312.7799254838828
site_ad3433ffac,2026-03-03T19:15:00+00:00,4,309.01095543862874,211.0574446240017
site_ad3433ffac,2026-03-03T19:15:00+00:00,96,234.0524784647769,405.32425799231936
site_ad3433ffac,2026-03-03T19:30:00+00:00,4,304.2586221222986,581.4914747102014
site_ad3433ffac,2026-03-03T19:30:00+00:00,96,303.82444547700527,823.1877326273485
site_ad3433ffac,2026-03-03T19:45:00+00:00,4,305.700137071866,783.8455033025292
site_ad3433ffac,2026-03-03T19:45:00+00:00,96,269.1614199195693,733.7048491162185
site_ad3433ffac,2026-03-03T20:00:00+00:00,4,280.6191400178622,747.9322638671073
site_ad3433ffac,2026-03-03T20:00:00+00:00,96,271.76625672720945,740.5154293097665
site_ad3433ffac,2026-03-03T20:15:00+00:00,4,283.56674108807505,766.2811148793505
site_ad3433ffac,2026-03-03T20:15:00+00:00,96,164.8512388483917,338.60596916149535
site_ad3433ffac,2026-03-03T20:30:00+00:00,4,269.33876275740636,718.0759839726794
site_ad3433ffac,2026-03-03T20:30:00+00:00,96,162.90669510788427,450.464682795266
site_ad3433ffac,2026-03-03T20:45:00+00:00,4,257.5664996805966,690.8184665461298
site_ad3433ffac,2026-03-03T20:45:00+00:00,96,155.10980391849975,428.7995015389053
site_ad3433ffac,2026-03-03T21:00:00+00:00,4,156.93620717142235,442.73778262527355
site_ad3433ffac,2026-03-03T21:00:00+00:00,96,127.22911873784514,353.04402034437595
site_ad3433ffac,2026-03-03T21:15:00+00:00,4,238.87124660214562,651.7843221879282
site_ad3433ffac,2026-03-03T21:15:00+00:00,96,153.33772414780532,422.01400296948293
site_ad3433ffac,2026-03-03T21:30:00+00:00,4,244.63204108727868,679.1017911716345
site_ad3433ffac,2026-03-03T21:30:00+00:00,96,170.59673344870444,464.49688503268663
site_ad3433ffac,2026-03-03T21:45:00+00:00,4,204.2739444582204,570.7652522236351
site_ad3433ffac,2026-03-03T21:45:00+00:00,96,95.43628121927689,268.4221180733954
site_ad3433ffac,2026-03-03T22:00:00+00:00,4,199.67168025635442,345.98908986669426
site_ad3433ffac,2026-03-03T22:00:00+00:00,96,103.27505175942585,286.43969959021996
site_ad3433ffac,2026-03-03T22:15:00+00:00,4,167.72665306516737,473.71929331956204
site_ad3433ffac,2026-03-03T22:15:00+00:00,96,67.42866188248887,192.96522219115667
site_ad3433ffac,2026-03-03T22:30:00+00:00,4,129.12434395479073,375.7568915265318
site_ad3433ffac,2026-03-03T22:30:00+00:00,96,76.43348194651719,216.6427405385602
site_ad3433ffac,2026-03-03T22:45:00+00:00,4,71.97644528092223,203.05072807396013
site_ad3433ffac,2026-03-03T22:45:00+00:00,96,76.99138307282902,217.33014875682466
site_ad3433ffac,2026-03-03T23:00:00+00:00,4,97.38860239421021,281.7009908443826
site_ad3433ffac,2026-03-03T23:00:00+00:00,96,82.25031206807824,231.5534316559279
site_ad3433ffac,2026-03-03T23:15:00+00:00,4,102.71720566584598,302.1527919167955
site_ad3433ffac,2026-03-03T23:15:00+00:00,96,95.37621291623563,87.0206812206979
site_ad3433ffac,2026-03-03T23:30:00+00:00,4,75.50377622172905,223.74475075004926
site_ad3433ffac,2026-03-03T23:30:00+00:00,96,94.9391581210381,87.4342524721232
site_ad3433ffac,2026-03-03T23:45:00+00:00,4,120.65701178159638,254.4131619594154
site_ad3433ffac,2026-03-03T23:45:00+00:00,96,118.67398672176975,108.41710483433567
site_ad3433ffac,2026-03-04T00:00:00+00:00,4,106.2323932923075,223.5591708050681
site_ad3433ffac,2026-03-04T00:00:00+00:00,96,73.79690066310977,37.1825672487697
site_ad3433ffac,2026-03-04T00:15:00+00:00,4,117.20559223407362,337.93934756084803
site_ad3433ffac,2026-03-04T00:15:00+00:00,96,158.83383227779024,91.71718261154511
site_ad3433ffac,2026-03-04T00:30:00+00:00,4,119.27753604856314,272.9746064708422
site_ad3433ffac,2026-03-04T00:30:00+00:00,96,89.32532082579064,75.78521346920432
site_ad3433ffac,2026-03-04T00:45:00+00:00,4,125.55035830399989,121.12438825651378
site_ad3433ffac,2026-03-04T00:45:00+00:00,96,129.78197698487912,114.19150366315364
site_ad3433ffac,2026-03-04T01:00:00+00:00,4,93.52812986637862,55.60112522908799
site_ad3433ffac,2026-03-04T01:00:00+00:00,96,156.19059923608418,122.52922595333096
site_ad3433ffac,2026-03-04T01:15:00+00:00,4,112.88469555403178,65.65379017317761
site_ad3433ffac,2026-03-04T01:15:00+00:00,96,77.70158584810143,44.15153856517439
site_ad3433ffac,2026-03-04T01:30:00+00:00,4,168.23940674704892,146.75543464065794
site_ad3433ffac,2026-03-04T01:30:00+00:00,96,96.13444910533995,51.910400577219285
site_ad3433ffac,2026-03-04T01:45:00+00:00,4,139.43749571845345,98.53630805616996
site_ad3433ffac,2026-03-04T01:45:00+00:00,96,82.12491849982553,43.04353605385544
site_ad3433ffac,2026-03-04T02:00:00+00:00,4,153.30026040218536,97.13285442734647
site_ad3433ffac,2026-03-04T02:00:00+00:00,96,226.77709046608078,220.73465312174858
site_ad3433ffac,2026-03-04T02:15:00+00:00,4,152.3651436901133,143.4096669696344
site_ad3433ffac,2026-03-04T02:15:00+00:00,96,182.4427609002966,135.32292172715285
site_ad3433ffac,2026-03-04T02:30:00+00:00,4,115.28794309882188,161.25516422548324
site_ad3433ffac,2026-03-04T02:30:00+00:00,96,176.48032847252625,96.17791716565114
site_ad3433ffac,2026-03-04T02:45:00+00:00,4,159.2604945141014,106.71906662106738
site_ad3433ffac,2026-03-04T02:45:00+00:00,96,114.35444077177841,179.93275546675721
site_ad3433ffac,2026-03-04T03:00:00+00:00,4,160.71383555855527,124.12056274344013
site_ad3433ffac,2026-03-04T03:00:00+00:00,96,133.2464886134948,86.26306165267037
site_ad3433ffac,2026-03-04T03:15:00+00:00,4,173.6159471937185,158.64300870625996
site_ad3433ffac,2026-03-04T03:15:00+00:00,96,116.57522031315506,71.92187389425803
site_ad3433ffac,2026-03-04T03:30:00+00:00,4,193.30642327018145,189.81607159960978
site_ad3433ffac,2026-03-04T03:30:00+00:00,96,173.62268174349703,255.35586353672127
site_ad3433ffac,2026-03-04T03:45:00+00:00,4,168.6343462024477,128.26174042173287
site_ad3433ffac,2026-03-04T03:45:00+00:00,96,91.51700764918533,62.8774323986061
site_ad3433ffac,2026-03-04T04:00:00+00:00,4,139.252596114027,157.4787187551997
site_ad3433ffac,2026-03-04T04:00:00+00:00,96,96.02821759224,65.60010074477778
site_ad3433ffac,2026-03-04T04:15:00+00:00,4,174.16092772762124,127.68280049876003
site_ad3433ffac,2026-03-04T04:15:00+00:00,96,106.94317997190454,71.1019228522464
site_ad3433ffac,2026-03-04T04:30:00+00:00,4,207.41240431880178,147.78080795867368
site_ad3433ffac,2026-03-04T04:30:00+00:00,96,115.77084427731099,133.07057013527884
site_ad3433ffac,2026-03-04T04:45:00+00:00,4,207.68074448394103,146.8690865500908
site_ad3433ffac,2026-03-04T04:45:00+00:00,96,148.40452398753285,117.94784181077297
site_ad3433ffac,2026-03-04T05:00:00+00:00,4,168.9456799313238,121.47568313790876
site_ad3433ffac,2026-03-04T05:00:00+00:00,96,124.46938250908879,92.02271061348138
site_ad3433ffac,2026-03-04T05:15:00+00:00,4,159.8122007319602,115.67279175614911
site_ad3433ffac,2026-03-04T05:15:00+00:00,96,159.88487253977507,101.6969051066377
site_ad3433ffac,2026-03-04T05:30:00+00:00,4,176.2579495365782,123.92324885771876
site_ad3433ffac,2026-03-04T05:30:00+00:00,96,140.30455666995942,105.24975520491755
site_ad3433ffac,2026-03-04T05:45:00+00:00,4,222.49710715149388,158.1601140552568
site_ad3433ffac,2026-03-04T05:45:00+00:00,96,171.4477537646067,120.48721045500004
site_ad3433ffac,2026-03-04T06:00:00+00:00,4,232.90037893652857,165.5316375661999
site_ad3433ffac,2026-03-04T06:00:00+00:00,96,168.99318194524847,126.48739376184399
site_ad3433ffac,2026-03-04T06:15:00+00:00,4,155.80554184100188,111.2203232201882
site_ad3433ffac,2026-03-04T06:15:00+00:00,96,181.12051979391777,165.92524533668188
site_ad3433ffac,2026-03-04T06:30:00+00:00,4,145.2402801420746,99.18867358037548
site_ad3433ffac,2026-03-04T06:30:00+00:00,96,175.15724236012358,182.8942108066095
site_ad3433ffac,2026-03-04T06:45:00+00:00,4,206.28078723232903,147.48208845541703
site_ad3433ffac,2026-03-04T06:45:00+00:00,96,202.60538279765598,200.56738110705092
site_ad3433ffac,2026-03-04T07:00:00+00:00,4,184.56108923555524,134.83119182177307
site_ad3433ffac,2026-03-04T07:00:00+00:00,96,200.86512165385395,237.60599026618115
site_ad3433ffac,2026-03-04T07:15:00+00:00,4,153.43144327774522,119.09402104163979
site_ad3433ffac,2026-03-04T07:15:00+00:00,96,195.11567052370452,132.01367818013716
site_ad3433ffac,2026-03-04T07:30:00+00:00,4,149.97373786889528,105.33270188899914
site_ad3433ffac,2026-03-04T07:30:00+00:00,96,143.89490158250425,102.2821721592764
site_ad3433ffac,2026-03-04T07:45:00+00:00,4,213.05752444677586,186.58002745175452
site_ad3433ffac,2026-03-04T07:45:00+00:00,96,205.32554174047027,137.4325409553873
site_ad3433ffac,2026-03-04T08:00:00+00:00,4,206.1000512295921,158.83210336024064
site_ad3433ffac,2026-03-04T08:00:00+00:00,96,219.79600995646592,141.04174333094826
site_ad3433ffac,2026-03-04T08:15:00+00:00,4,185.11416112167444,136.34628702450235
site_ad3433ffac,2026-03-04T08:15:00+00:00,96,332.5805460095469,187.74973602992938
site_ad3433ffac,2026-03-04T08:30:00+00:00,4,224.26663610063966,167.04315461750593
site_ad3433ffac,2026-03-04T08:30:00+00:00,96,546.9932229576098,286.30586178004387
site_ad3433ffac,2026-03-04T08:45:00+00:00,4,261.8840973186252,237.0393996353151
site_ad3433ffac,2026-03-04T08:45:00+00:00,96,301.9197009815195,162.1654469814981
site_ad3433ffac,2026-03-04T09:00:00+00:00,4,321.1093678242909,223.02651863011522
site_ad3433ffac,2026-03-04T09:00:00+00:00,96,234.7047750702032,129.95271694060415
site_ad3433ffac,2026-03-04T09:15:00+00:00,4,277.82122879791336,205.88046834782904
site_ad3433ffac,2026-03-04T09:15:00+00:00,96,231.26714839350467,125.42269629877116
site_ad3433ffac,2026-03-04T09:30:00+00:00,4,302.57002743781226,261.22843530242915
site_ad3433ffac,2026-03-04T09:30:00+00:00,96,205.695253072495,118.19170786717393
site_ad3433ffac,2026-03-04T09:45:00+00:00,4,292.103775281584,291.8771048339702
site_ad3433ffac,2026-03-04T09:45:00+00:00,96,215.49859875282448,117.05068439265192
site_ad3433ffac,2026-03-04T10:00:00+00:00,4,218.70476456322663,213.9784595765063
site_ad3433ffac,2026-03-04T10:00:00+00:00,96,308.65335306856514,155.6626247254996
site_ad3433ffac,2026-03-04T10:15:00+00:00,4,249.4042986504022,226.98613873499534
site_ad3433ffac,2026-03-04T10:15:00+00:00,96,247.44784766520107,126.78337877141843
site_ad3433ffac,2026-03-04T10:30:00+00:00,4,266.58362809510606,191.17838018215235
site_ad3433ffac,2026-03-04T10:30:00+00:00,96,211.26048790167488,104.77824330584404
site_ad3433ffac,2026-03-04T10:45:00+00:00,4,300.8770483804381,251.10672277814996
site_ad3433ffac,2026-03-04T10:45:00+00:00,96,234.69220369387543,113.99736098121747
site_ad3433ffac,2026-03-04T11:00:00+00:00,4,291.24554228936097,212.28165464438456
site_ad3433ffac,2026-03-04T11:00:00+00:00,96,216.02185355925906,104.906396032722
site_ad3433ffac,2026-03-04T11:15:00+00:00,4,297.33931381673904,191.32616777601098
site_ad3433ffac,2026-03-04T11:15:00+00:00,96,276.7599936136223,128.02081504078433
site_ad3433ffac,2026-03-04T11:30:00+00:00,4,262.8018041207289,198.82381206654782
site_ad3433ffac,2026-03-04T11:30:00+00:00,96,211.65566287575132,100.83744536664145
site_ad3433ffac,2026-03-04T11:45:00+00:00,4,270.28684467674435,196.93197320795088
site_ad3433ffac,2026-03-04T11:45:00+00:00,96,228.6325853210697,108.1308221480219
site_ad3433ffac,2026-03-04T12:00:00+00:00,4,330.48113479711515,269.4591856282807
site_ad3433ffac,2026-03-04T12:00:00+00:00,96,257.39580532328756,125.14070949558156
site_ad3433ffac,2026-03-04T12:15:00+00:00,4,293.84968975420225,202.21634049600095
site_ad3433ffac,2026-03-04T12:15:00+00:00,96,372.9323642261937,177.1601297539361
site_ad3433ffac,2026-03-04T12:30:00+00:00,4,290.5029464695947,176.2986543385203
site_ad3433ffac,2026-03-04T12:30:00+00:00,96,227.4838031249431,110.25832062470444
site_ad3433ffac,2026-03-04T12:45:00+00:00,4,315.0381159961364,189.5447937031111
site_ad3433ffac,2026-03-04T12:45:00+00:00,96,226.66319195931098,110.97117400650103
site_ad3433ffac,2026-03-04T13:00:00+00:00,4,347.883944122425,239.9844931103767
site_ad3433ffac,2026-03-04T13:00:00+00:00,96,554.9108037375718,265.9560630346671
site_ad3433ffac,2026-03-04T13:15:00+00:00,4,329.9488807536745,217.65024085690266
site_ad3433ffac,2026-03-04T13:15:00+00:00,96,244.08222038652553,125.31168008516714
site_ad3433ffac,2026-03-04T13:30:00+00:00,4,295.75767118478234,198.55569020740455
site_ad3433ffac,2026-03-04T13:30:00+00:00,96,128.5891672111702,77.11785311741511
site_ad3433ffac,2026-03-04T13:45:00+00:00,4,311.22897923238537,217.27210432726378
site_ad3433ffac,2026-03-04T13:45:00+00:00,96,165.30829717190215,91.7374427586891
site_ad3433ffac,2026-03-04T14:00:00+00:00,4,295.6307667693998,210.77298261764324
site_ad3433ffac,2026-03-04T14:00:00+00:00,96,271.7116384793818,141.8666406557799
site_ad3433ffac,2026-03-04T14:15:00+00:00,4,339.855251804113,285.01199712168983
site_ad3433ffac,2026-03-04T14:15:00+00:00,96,284.4307199281296,151.83324833557148
site_ad3433ffac,2026-03-04T14:30:00+00:00,4,296.1204795276738,221.47410119131828
site_ad3433ffac,2026-03-04T14:30:00+00:00,96,412.5551273255736,226.24323674734413
site_ad3433ffac,2026-03-04T14:45:00+00:00,4,244.25382254754814,281.8463432167321
site_ad3433ffac,2026-03-04T14:45:00+00:00,96,368.4411748497496,214.89258963883927
site_ad3433ffac,2026-03-04T15:00:00+00:00,4,245.75430112214647,236.86582521530138
site_ad3433ffac,2026-03-04T15:00:00+00:00,96,264.91399809532385,154.47523947829404
site_ad3433ffac,2026-03-04T15:15:00+00:00,4,327.17720685692785,262.9685352877641
site_ad3433ffac,2026-03-04T15:15:00+00:00,96,247.01883879509097,148.39980516679483
site_ad3433ffac,2026-03-04T15:30:00+00:00,4,337.30966341216856,254.80134833335427
site_ad3433ffac,2026-03-04T15:30:00+00:00,96,230.1206646673072,140.88076480022468
site_ad3433ffac,2026-03-04T15:45:00+00:00,4,325.5770243239084,260.6643397277257
site_ad3433ffac,2026-03-04T15:45:00+00:00,96,229.9447279730739,152.90091987484394
site_ad3433ffac,2026-03-04T16:00:00+00:00,4,341.06372103428424,282.7179572396535
site_ad3433ffac,2026-03-04T16:00:00+00:00,96,239.25749681342654,151.58970739597814
site_ad3433ffac,2026-03-04T16:15:00+00:00,4,269.4201930722072,223.38877059554326
site_ad3433ffac,2026-03-04T16:15:00+00:00,96,199.39013900360794,114.75560740386545
site_ad3433ffac,2026-03-04T16:30:00+00:00,4,353.01354345437136,292.13532717516165
site_ad3433ffac,2026-03-04T16:30:00+00:00,96,200.84013529370878,115.85862086345611
site_ad3433ffac,2026-03-04T16:45:00+00:00,4,385.505125316742,327.2501488799032
site_ad3433ffac,2026-03-04T16:45:00+00:00,96,274.06142508076294,173.18841915825658
site_ad3433ffac,2026-03-04T17:00:00+00:00,4,412.36921424266984,382.89896458469946
site_ad3433ffac,2026-03-04T17:00:00+00:00,96,463.68804491545865,414.6973415106977
site_ad3433ffac,2026-03-04T17:15:00+00:00,4,369.9795479713743,337.5456649422605
site_ad3433ffac,2026-03-04T17:15:00+00:00,96,504.21308701530035,712.8685766697193
site_ad3433ffac,2026-03-04T17:30:00+00:00,4,437.72617079878665,354.9537468023354
site_ad3433ffac,2026-03-04T17:30:00+00:00,96,280.8588486473161,385.9172029588451
site_ad3433ffac,2026-03-04T17:45:00+00:00,4,357.00419056313865,271.21573030725995
site_ad3433ffac,2026-03-04T17:45:00+00:00,96,303.634184787869,396.5027864422763
site_ad3433ffac,2026-03-04T18:00:00+00:00,4,359.5441270730292,269.0606924938102
site_ad3433ffac,2026-03-04T18:00:00+00:00,96,209.08319994514892,337.63345624480974
site_ad3433ffac,2026-03-04T18:15:00+00:00,4,220.12036727695937,171.76433506910172
site_ad3433ffac,2026-03-04T18:15:00+00:00,96,350.3251080732066,220.40759433730886
site_ad3433ffac,2026-03-04T18:30:00+00:00,4,268.40212052817486,203.12884779840795
site_ad3433ffac,2026-03-04T18:30:00+00:00,96,264.6498004270923,511.1911550933703
site_ad3433ffac,2026-03-04T18:45:00+00:00,4,169.41443433155789,127.65299981099007
site_ad3433ffac,2026-03-04T18:45:00+00:00,96,279.88185663736,731.6763951330161
site_ad3433ffac,2026-03-04T19:00:00+00:00,4,140.080711027845,105.5393222253903
site_ad3433ffac,2026-03-04T19:00:00+00:00,96,239.01167489344124,630.6839267033506
site_ad3433ffac,2026-03-04T19:15:00+00:00,4,179.29901338963725,128.02654970919855
site_ad3433ffac,2026-03-04T19:15:00+00:00,96,214.60250098362533,586.8858626381732
site_ad3433ffac,2026-03-04T19:30:00+00:00,4,231.64283528414714,175.3112886160922
site_ad3433ffac,2026-03-04T19:30:00+00:00,96,252.5492859189617,692.0506377539272
site_ad3433ffac,2026-03-04T19:45:00+00:00,4,243.12135556177282,185.07498802899974
site_ad3433ffac,2026-03-04T19:45:00+00:00,96,208.71651254807722,570.8320805325226
site_ad3433ffac,2026-03-04T20:00:00+00:00,4,293.3584964176971,221.46245556470845
site_ad3433ffac,2026-03-04T20:00:00+00:00,96,207.79126868993822,573.5825995396
site_ad3433ffac,2026-03-04T20:15:00+00:00,4,250.2680065147474,183.15336644181792
site_ad3433ffac,2026-03-04T20:15:00+00:00,96,270.90561077189915,735.9121317121451
site_ad3433ffac,2026-03-04T20:30:00+00:00,4,253.54130031471885,167.58489444292536
site_ad3433ffac,2026-03-04T20:30:00+00:00,96,280.0937495290964,764.79249898256
site_ad3433ffac,2026-03-04T20:45:00+00:00,4,196.94042718569878,128.3876593625364
site_ad3433ffac,2026-03-04T20:45:00+00:00,96,184.35748387345797,510.4163112112488
site_ad3433ffac,2026-03-04T21:00:00+00:00,4,174.21653085508544,121.7999725661582
site_ad3433ffac,2026-03-04T21:00:00+00:00,96,260.9734616347172,429.12300910945146
site_ad3433ffac,2026-03-04T21:15:00+00:00,4,152.38535878763747,106.5110448092718
site_ad3433ffac,2026-03-04T21:15:00+00:00,96,179.33336805159405,493.0580249960332
site_ad3433ffac,2026-03-04T21:30:00+00:00,4,180.70037388756572,126.97888307024562
site_ad3433ffac,2026-03-04T21:30:00+00:00,96,158.4646922226858,443.1628641300975
site_ad3433ffac,2026-03-04T21:45:00+00:00,4,166.42426266145495,113.53736814294199
site_ad3433ffac,2026-03-04T21:45:00+00:00,96,98.4354462592902,279.5098703952124
site_ad3433ffac,2026-03-04T22:00:00+00:00,4,133.3154123244469,92.07489271006166
site_ad3433ffac,2026-03-04T22:00:00+00:00,96,150.21327874148108,418.5226069560539
site_ad3433ffac,2026-03-04T22:15:00+00:00,4,140.0032923100642,93.76850342513526
site_ad3433ffac,2026-03-04T22:15:00+00:00,96,109.47435800649664,303.73955658022766
site_ad3433ffac,2026-03-04T22:30:00+00:00,4,165.89088297521414,110.46685974410632
site_ad3433ffac,2026-03-04T22:30:00+00:00,96,105.54780441837734,293.103857703915
site_ad3433ffac,2026-03-04T22:45:00+00:00,4,134.03208568990982,111.41107610712598
site_ad3433ffac,2026-03-04T22:45:00+00:00,96,174.97800472809126,344.37652177665615
site_ad3433ffac,2026-03-04T23:00:00+00:00,4,119.14529716230425,80.49438974561521
site_ad3433ffac,2026-03-04T23:00:00+00:00,96,123.26944894383978,231.35600154639155
site_ad3433ffac,2026-03-04T23:15:00+00:00,4,122.31668090061687,112.5687808916822
site_ad3433ffac,2026-03-04T23:15:00+00:00,96,166.58735712236972,457.3914019068967
site_ad3433ffac,2026-03-04T23:30:00+00:00,4,124.12566675040952,141.87292951953242
site_ad3433ffac,2026-03-04T23:30:00+00:00,96,133.16020449498492,281.5025866448395
site_ad3433ffac,2026-03-04T23:45:00+00:00,4,116.2800905598393,91.52190160860276
site_ad3433ffac,2026-03-04T23:45:00+00:00,96,218.13462976480002,176.3496411170526
site_ad3433ffac,2026-03-05T00:00:00+00:00,4,103.1835484283313,76.82946770588477
site_ad3433ffac,2026-03-05T00:00:00+00:00,96,73.28949710712523,46.69864973737528
site_ad3433ffac,2026-03-05T00:15:00+00:00,4,107.15815258709574,79.49975855291451
site_ad3433ffac,2026-03-05T00:15:00+00:00,96,122.10595579651019,74.55819414900839
site_ad3433ffac,2026-03-05T00:30:00+00:00,4,109.13308575297728,82.15703337258756
site_ad3433ffac,2026-03-05T00:30:00+00:00,96,480.78896377171293,363.0286406858488
site_ad3433ffac,2026-03-05T00:45:00+00:00,4,136.2025815830424,97.71726333617305
site_ad3433ffac,2026-03-05T00:45:00+00:00,96,157.13416079406414,109.03141633989564
site_ad3433ffac,2026-03-05T01:00:00+00:00,4,126.43782329414537,97.61169375577678
site_ad3433ffac,2026-03-05T01:00:00+00:00,96,202.88560944138482,125.22107743616007
site_ad3433ffac,2026-03-05T01:15:00+00:00,4,150.72333660585915,115.59793633153535
site_ad3433ffac,2026-03-05T01:15:00+00:00,96,115.27431465552223,110.93363238609089
site_ad3433ffac,2026-03-05T01:30:00+00:00,4,149.8781947062046,109.41204976405592
site_ad3433ffac,2026-03-05T01:30:00+00:00,96,118.36056817951696,165.85448265843675
site_ad3433ffac,2026-03-05T01:45:00+00:00,4,192.43111298027685,136.0830803222164
site_ad3433ffac,2026-03-05T01:45:00+00:00,96,217.85067767887364,130.7852452305989
site_ad3433ffac,2026-03-05T02:00:00+00:00,4,204.77679916966827,133.49802079644056
site_ad3433ffac,2026-03-05T02:00:00+00:00,96,176.85601184470505,144.23332560104006
site_ad3433ffac,2026-03-05T02:15:00+00:00,4,231.22403232651246,149.33870692601008
site_ad3433ffac,2026-03-05T02:15:00+00:00,96,210.95739703683705,195.9867926908613
site_ad3433ffac,2026-03-05T02:30:00+00:00,4,226.1480702866717,155.9641531699396
site_ad3433ffac,2026-03-05T02:30:00+00:00,96,243.96131933183443,241.82172436372738
site_ad3433ffac,2026-03-05T02:45:00+00:00,4,215.66488786687387,199.4961816104854
site_ad3433ffac,2026-03-05T02:45:00+00:00,96,149.799819393891,118.02616942577384
site_ad3433ffac,2026-03-05T03:00:00+00:00,4,255.03434626745812,191.9026355703361
site_ad3433ffac,2026-03-05T03:00:00+00:00,96,131.81865089637668,154.13181703734418
site_ad3433ffac,2026-03-05T03:15:00+00:00,4,287.80820040285124,176.13259897934907
site_ad3433ffac,2026-03-05T03:15:00+00:00,96,171.96331209511868,118.2422022673363
site_ad3433ffac,2026-03-05T03:30:00+00:00,4,276.030182787456,167.7626208753365
site_ad3433ffac,2026-03-05T03:30:00+00:00,96,189.58185238909925,136.59138157024248
site_ad3433ffac,2026-03-05T03:45:00+00:00,4,268.66834874959534,163.474568488008
site_ad3433ffac,2026-03-05T03:45:00+00:00,96,270.7375678823995,179.69987175922557
site_ad3433ffac,2026-03-05T04:00:00+00:00,4,294.9962642646087,168.310133063286
site_ad3433ffac,2026-03-05T04:00:00+00:00,96,143.85288547632157,100.37957082456683
site_ad3433ffac,2026-03-05T04:15:00+00:00,4,300.67422078815895,172.78660120652356
site_ad3433ffac,2026-03-05T04:15:00+00:00,96,132.6278336540173,95.40171405991096
site_ad3433ffac,2026-03-05T04:30:00+00:00,4,309.72879444694183,199.58574229589723
site_ad3433ffac,2026-03-05T04:30:00+00:00,96,143.56360199922028,97.95990241662528
site_ad3433ffac,2026-03-05T04:45:00+00:00,4,181.92084269910168,149.67970377516866
site_ad3433ffac,2026-03-05T04:45:00+00:00,96,238.68878994551324,159.31653038829396
site_ad3433ffac,2026-03-05T05:00:00+00:00,4,229.58883493693867,141.48242039037888
site_ad3433ffac,2026-03-05T05:00:00+00:00,96,198.74140600812706,131.9818529998885
site_ad3433ffac,2026-03-05T05:15:00+00:00,4,227.52058317574,152.45639445598263
site_ad3433ffac,2026-03-05T05:15:00+00:00,96,129.4546149217686,94.59397151386932
site_ad3433ffac,2026-03-05T05:30:00+00:00,4,242.10417877616072,196.92797689799315
site_ad3433ffac,2026-03-05T05:30:00+00:00,96,134.17527833606493,94.50836990382714
site_ad3433ffac,2026-03-05T05:45:00+00:00,4,184.94384693839703,125.90595363250662
site_ad3433ffac,2026-03-05T05:45:00+00:00,96,171.90114831341808,123.21850384471445
site_ad3433ffac,2026-03-05T06:00:00+00:00,4,225.59442118844288,186.78206237696853
site_ad3433ffac,2026-03-05T06:00:00+00:00,96,231.98627365564334,169.9868438133511
site_ad3433ffac,2026-03-05T06:15:00+00:00,4,319.2644933885207,280.7716894732488
site_ad3433ffac,2026-03-05T06:15:00+00:00,96,172.196412522253,134.5616878573912
site_ad3433ffac,2026-03-05T06:30:00+00:00,4,237.8186330596329,165.78899112842169
site_ad3433ffac,2026-03-05T06:30:00+00:00,96,159.91975690856162,118.41027633633377
site_ad3433ffac,2026-03-05T06:45:00+00:00,4,222.03509577022913,179.35158451698325
site_ad3433ffac,2026-03-05T06:45:00+00:00,96,409.1122350679382,356.6578405988597
site_ad3433ffac,2026-03-05T07:00:00+00:00,4,242.61444776241612,183.02798474951575
site_ad3433ffac,2026-03-05T07:00:00+00:00,96,251.3956097422929,185.7868278271335
site_ad3433ffac,2026-03-05T07:15:00+00:00,4,232.544534018416,159.63135571149937
site_ad3433ffac,2026-03-05T07:15:00+00:00,96,218.46004489862503,164.03490944089833
site_ad3433ffac,2026-03-05T07:30:00+00:00,4,297.43334079547856,203.44606721626002
site_ad3433ffac,2026-03-05T07:30:00+00:00,96,205.3761293632577,150.63346848703526
site_ad3433ffac,2026-03-05T07:45:00+00:00,4,298.3691797326683,205.79008004754337
site_ad3433ffac,2026-03-05T07:45:00+00:00,96,295.0080436109168,254.00514597385
site_ad3433ffac,2026-03-05T08:00:00+00:00,4,352.5845235172765,241.03043083521936
site_ad3433ffac,2026-03-05T08:00:00+00:00,96,547.793646444466,359.12294079845833
site_ad3433ffac,2026-03-05T08:15:00+00:00,4,209.54579323735436,145.91822432026063
site_ad3433ffac,2026-03-05T08:15:00+00:00,96,253.87690015737437,183.6640801296859
site_ad3433ffac,2026-03-05T08:30:00+00:00,4,268.77915914893725,186.77829506333853
site_ad3433ffac,2026-03-05T08:30:00+00:00,96,251.91151753854797,217.6500571304069
site_ad3433ffac,2026-03-05T08:45:00+00:00,4,306.40252456912623,207.5944157551801
site_ad3433ffac,2026-03-05T08:45:00+00:00,96,227.0068684506919,224.22040181710048
site_ad3433ffac,2026-03-05T09:00:00+00:00,4,282.4037786856426,194.512256508212
site_ad3433ffac,2026-03-05T09:00:00+00:00,96,192.6648408138789,183.6217717314375
site_ad3433ffac,2026-03-05T09:15:00+00:00,4,310.10289129598493,208.068547713693
site_ad3433ffac,2026-03-05T09:15:00+00:00,96,215.23073780098446,190.920041604143
site_ad3433ffac,2026-03-05T09:30:00+00:00,4,309.1001393168107,205.39712832094074
site_ad3433ffac,2026-03-05T09:30:00+00:00,96,225.4527913581632,154.92829007899542
site_ad3433ffac,2026-03-05T09:45:00+00:00,4,290.9013412453927,193.46684066834214
site_ad3433ffac,2026-03-05T09:45:00+00:00,96,296.4513142627557,231.04216348686884
site_ad3433ffac,2026-03-05T10:00:00+00:00,4,305.44572390872463,196.11810053453132
site_ad3433ffac,2026-03-05T10:00:00+00:00,96,318.84668600633483,220.17908077382526
site_ad3433ffac,2026-03-05T10:15:00+00:00,4,339.4590700367173,217.5662617646806
site_ad3433ffac,2026-03-05T10:15:00+00:00,96,261.028463781324,160.41718473492298
site_ad3433ffac,2026-03-05T10:30:00+00:00,4,359.58856242504413,219.974030750154
site_ad3433ffac,2026-03-05T10:30:00+00:00,96,239.92026708439403,181.45886082051484
site_ad3433ffac,2026-03-05T10:45:00+00:00,4,322.3967438736962,200.74687953863548
site_ad3433ffac,2026-03-05T10:45:00+00:00,96,201.86707219231494,148.2216302943906
site_ad3433ffac,2026-03-05T11:00:00+00:00,4,338.9028437044867,209.11446143412485
site_ad3433ffac,2026-03-05T11:00:00+00:00,96,420.3648512756307,324.391244393338
site_ad3433ffac,2026-03-05T11:15:00+00:00,4,352.75567817020874,211.59193996909875
site_ad3433ffac,2026-03-05T11:15:00+00:00,96,354.39133128867326,225.2891588900152
site_ad3433ffac,2026-03-05T11:30:00+00:00,4,366.16379847495347,214.17058283009217
site_ad3433ffac,2026-03-05T11:30:00+00:00,96,282.1817696556434,163.3737569901512
site_ad3433ffac,2026-03-05T11:45:00+00:00,4,359.4913737454822,196.59557149499133
site_ad3433ffac,2026-03-05T11:45:00+00:00,96,296.9382434534522,171.82156764672717
site_ad3433ffac,2026-03-05T12:00:00+00:00,4,356.1346384667969,191.29339318645572
site_ad3433ffac,2026-03-05T12:00:00+00:00,96,357.74531465106986,229.90356453790335
site_ad3433ffac,2026-03-05T12:15:00+00:00,4,341.6352105997106,172.38791972206047
site_ad3433ffac,2026-03-05T12:15:00+00:00,96,327.86965748853333,209.3864493353699
site_ad3433ffac,2026-03-05T12:30:00+00:00,4,424.94298759441523,208.04436871832246
site_ad3433ffac,2026-03-05T12:30:00+00:00,96,250.548531395923,163.07316985020123
site_ad3433ffac,2026-03-05T12:45:00+00:00,4,396.7183085810178,193.77410732397726
site_ad3433ffac,2026-03-05T12:45:00+00:00,96,221.36355351845228,146.82601986914182
site_ad3433ffac,2026-03-05T13:00:00+00:00,4,348.8593447332107,182.77460488758047
site_ad3433ffac,2026-03-05T13:00:00+00:00,96,226.02401738557387,155.7613322922569
site_ad3433ffac,2026-03-05T13:15:00+00:00,4,393.4942786762944,214.02710139580873
site_ad3433ffac,2026-03-05T13:15:00+00:00,96,312.99425532810693,250.4483979517792
site_ad3433ffac,2026-03-05T13:30:00+00:00,4,338.27516923823003,212.5368748995735
site_ad3433ffac,2026-03-05T13:30:00+00:00,96,206.2494656668086,148.39539418337716
site_ad3433ffac,2026-03-05T13:45:00+00:00,4,348.62524728482873,168.89979477627122
site_ad3433ffac,2026-03-05T13:45:00+00:00,96,160.7963043588432,185.99525984110596
site_ad3433ffac,2026-03-05T14:00:00+00:00,4,400.7503653502277,178.5678132264306
site_ad3433ffac,2026-03-05T14:00:00+00:00,96,191.9669237563548,182.94933740136483
site_ad3433ffac,2026-03-05T14:15:00+00:00,4,427.55148443565173,200.9422211026512
site_ad3433ffac,2026-03-05T14:15:00+00:00,96,279.84771536799593,211.06063780181654
site_ad3433ffac,2026-03-05T14:30:00+00:00,4,411.90771774297195,250.74522054599464
site_ad3433ffac,2026-03-05T14:30:00+00:00,96,368.8696945370025,262.0375429816037
site_ad3433ffac,2026-03-05T14:45:00+00:00,4,465.42918459983935,273.1138642767835
site_ad3433ffac,2026-03-05T14:45:00+00:00,96,366.95068800332047,274.34388641817264
site_ad3433ffac,2026-03-05T15:00:00+00:00,4,370.79371977962444,184.70951324460498
site_ad3433ffac,2026-03-05T15:00:00+00:00,96,358.93337142322343,280.6987612938783
site_ad3433ffac,2026-03-05T15:15:00+00:00,4,352.5570951152461,188.37920844757886
site_ad3433ffac,2026-03-05T15:15:00+00:00,96,232.43012622928225,186.15631510737194
site_ad3433ffac,2026-03-05T15:30:00+00:00,4,377.5670434035308,304.95073217021485
site_ad3433ffac,2026-03-05T15:30:00+00:00,96,403.8990443622463,310.9384569487863
site_ad3433ffac,2026-03-05T15:45:00+00:00,4,312.44308218330093,251.52856931224952
site_ad3433ffac,2026-03-05T15:45:00+00:00,96,569.3566365722356,429.6423995184546
site_ad3433ffac,2026-03-05T16:00:00+00:00,4,299.10553940444885,124.6955321392625
site_ad3433ffac,2026-03-05T16:00:00+00:00,96,405.8806828941367,349.89956988587335
site_ad3433ffac,2026-03-05T16:15:00+00:00,4,302.4924736016563,233.67009886514535
site_ad3433ffac,2026-03-05T16:15:00+00:00,96,262.2884611416462,225.480291602365
site_ad3433ffac,2026-03-05T16:30:00+00:00,4,352.44552686627424,184.08651614469733
site_ad3433ffac,2026-03-05T16:30:00+00:00,96,323.3025391401185,247.90300933446954
site_ad3433ffac,2026-03-05T16:45:00+00:00,4,339.79318772280294,269.95277258996185
site_ad3433ffac,2026-03-05T16:45:00+00:00,96,249.72782950413955,180.16242584433374
site_ad3433ffac,2026-03-05T17:00:00+00:00,4,376.549850799419,190.94316341838612
site_ad3433ffac,2026-03-05T17:00:00+00:00,96,283.76052411557316,208.5556297386358
site_ad3433ffac,2026-03-05T17:15:00+00:00,4,312.8689930958663,212.46185509090247
site_ad3433ffac,2026-03-05T17:15:00+00:00,96,152.9419091295776,117.507080623829
site_ad3433ffac,2026-03-05T17:30:00+00:00,4,308.99924868648316,210.09569739898043
site_ad3433ffac,2026-03-05T17:30:00+00:00,96,282.7068562773867,199.84838592357653
site_ad3433ffac,2026-03-05T17:45:00+00:00,4,362.6798794373284,77.87806882996826
site_ad3433ffac,2026-03-05T17:45:00+00:00,96,152.93306239017534,120.76017943195143
site_ad3433ffac,2026-03-05T18:00:00+00:00,4,351.95707948740494,56.542153887369864
site_ad3433ffac,2026-03-05T18:00:00+00:00,96,154.79522241702915,121.67021665945593
site_ad3433ffac,2026-03-05T18:15:00+00:00,4,266.5960140542924,42.901720748402205
site_ad3433ffac,2026-03-05T18:15:00+00:00,96,193.67431857453158,139.5780873593142
site_ad3433ffac,2026-03-05T18:30:00+00:00,4,206.69003516011267,39.65302519281531
site_ad3433ffac,2026-03-05T18:30:00+00:00,96,200.26116396272272,152.14288764420468
site_ad3433ffac,2026-03-05T18:45:00+00:00,4,208.1475299031886,42.803389599586765
site_ad3433ffac,2026-03-05T18:45:00+00:00,96,269.05254206515286,199.27167206345874
site_ad3433ffac,2026-03-05T19:00:00+00:00,4,267.6878393218607,55.79075129054739
site_ad3433ffac,2026-03-05T19:00:00+00:00,96,376.52842225524745,274.54709039378884
site_ad3433ffac,2026-03-05T19:15:00+00:00,4,274.79563085005793,73.4813409845496
site_ad3433ffac,2026-03-05T19:15:00+00:00,96,281.8618875898087,200.71712972277064
site_ad3433ffac,2026-03-05T19:30:00+00:00,4,315.8496532630472,86.870822498639
site_ad3433ffac,2026-03-05T19:30:00+00:00,96,273.9364446566649,177.1611981982734
site_ad3433ffac,2026-03-05T19:45:00+00:00,4,280.5641137971274,96.38407581321606
site_ad3433ffac,2026-03-05T19:45:00+00:00,96,166.6549913307663,109.29958262850556
site_ad3433ffac,2026-03-05T20:00:00+00:00,4,261.7828911724956,73.68195288655039
site_ad3433ffac,2026-03-05T20:00:00+00:00,96,150.71264928910006,102.55622752630495
site_ad3433ffac,2026-03-05T20:15:00+00:00,4,275.93230257944015,143.57949582925852
site_ad3433ffac,2026-03-05T20:15:00+00:00,96,161.90465094963147,113.78142172988255
site_ad3433ffac,2026-03-05T20:30:00+00:00,4,232.17618507796962,137.37527934331058
site_ad3433ffac,2026-03-05T20:30:00+00:00,96,220.20910436543042,153.8454955673138
site_ad3433ffac,2026-03-05T20:45:00+00:00,4,242.07157620708526,164.31105344577105
site_ad3433ffac,2026-03-05T20:45:00+00:00,96,170.36511448045323,117.63724407209902
site_ad3433ffac,2026-03-05T21:00:00+00:00,4,294.2404259915219,229.30426646937042
site_ad3433ffac,2026-03-05T21:00:00+00:00,96,114.5090833380042,83.1114148974657
site_ad3433ffac,2026-03-05T21:15:00+00:00,4,312.23225844499206,317.373729185644
site_ad3433ffac,2026-03-05T21:15:00+00:00,96,146.84005410578368,101.65841433888785
site_ad3433ffac,2026-03-05T21:30:00+00:00,4,242.89069393922148,143.90318395530971
site_ad3433ffac,2026-03-05T21:30:00+00:00,96,160.12651970050507,103.3912594062419
site_ad3433ffac,2026-03-05T21:45:00+00:00,4,239.282904846678,140.9205215177228
site_ad3433ffac,2026-03-05T21:45:00+00:00,96,114.61603073141652,94.01658005043524
site_ad3433ffac,2026-03-05T22:00:00+00:00,4,182.66099348674982,127.35562727568946
site_ad3433ffac,2026-03-05T22:00:00+00:00,96,98.27685951402731,67.22982832326998
site_ad3433ffac,2026-03-05T22:15:00+00:00,4,264.52321699462607,173.59466476714877
site_ad3433ffac,2026-03-05T22:15:00+00:00,96,139.49940776822933,124.41922258624241
site_ad3433ffac,2026-03-05T22:30:00+00:00,4,180.30597292099685,109.57712393208242
site_ad3433ffac,2026-03-05T22:30:00+00:00,96,149.42542934526142,169.13979350394496
site_ad3433ffac,2026-03-05T22:45:00+00:00,4,177.33521809017995,124.09823888710153
site_ad3433ffac,2026-03-05T22:45:00+00:00,96,131.0316100814586,100.35214982718131
site_ad3433ffac,2026-03-05T23:00:00+00:00,4,170.7003526693219,86.71233708831627
site_ad3433ffac,2026-03-05T23:00:00+00:00,96,105.01463174252811,77.64732474887288
site_ad3433ffac,2026-03-05T23:15:00+00:00,4,154.59806411479786,94.0756584090543
site_ad3433ffac,2026-03-05T23:15:00+00:00,96,110.39431056091007,83.63912933630117
site_ad3433ffac,2026-03-05T23:30:00+00:00,4,126.12171605903187,77.5798019333057
site_ad3433ffac,2026-03-05T23:30:00+00:00,96,90.44694502115817,68.46186125438017
site_ad3433ffac,2026-03-05T23:45:00+00:00,4,110.41732827084236,112.8590881667516
site_ad3433ffac,2026-03-05T23:45:00+00:00,96,217.11590405291275,146.3381389687789
site_ad3433ffac,2026-03-06T00:00:00+00:00,4,125.10365155618469,85.91905492352154
site_ad3433ffac,2026-03-06T00:00:00+00:00,96,129.43264648552048,92.54179942328716
site_ad3433ffac,2026-03-06T00:15:00+00:00,4,109.26735545776917,124.02726456097959
site_ad3433ffac,2026-03-06T00:15:00+00:00,96,197.841716034808,137.23847735328556
site_ad3433ffac,2026-03-06T00:30:00+00:00,4,97.18023531470845,64.05967298200059
site_ad3433ffac,2026-03-06T00:30:00+00:00,96,174.3674888617149,121.2315357915954
site_ad3433ffac,2026-03-06T00:45:00+00:00,4,89.29126600621687,49.33007873412306
site_ad3433ffac,2026-03-06T00:45:00+00:00,96,229.1908562951406,150.82566747427563
site_ad3433ffac,2026-03-06T01:00:00+00:00,4,90.02779340907328,47.207620045686966
site_ad3433ffac,2026-03-06T01:00:00+00:00,96,253.93200169865173,155.18525300942832
site_ad3433ffac,2026-03-06T01:15:00+00:00,4,83.35290345174599,43.733542438297874
site_ad3433ffac,2026-03-06T01:15:00+00:00,96,259.0370155606037,154.75263190859587
site_ad3433ffac,2026-03-06T01:30:00+00:00,4,68.70354149419938,36.53251829513438
site_ad3433ffac,2026-03-06T01:30:00+00:00,96,296.4335648944558,190.04306092113484
site_ad3433ffac,2026-03-06T01:45:00+00:00,4,85.01619394168333,48.15488705350269
site_ad3433ffac,2026-03-06T01:45:00+00:00,96,170.46352850439666,157.66196370076355
site_ad3433ffac,2026-03-06T02:00:00+00:00,4,70.22406998706658,39.04996355081747
site_ad3433ffac,2026-03-06T02:00:00+00:00,96,248.01011403148652,180.6450884996567
site_ad3433ffac,2026-03-06T02:15:00+00:00,4,104.41201570913981,68.93912585024029
site_ad3433ffac,2026-03-06T02:15:00+00:00,96,219.4855380869842,128.62698281404772
site_ad3433ffac,2026-03-06T02:30:00+00:00,4,99.74170115649135,63.523356743419285
site_ad3433ffac,2026-03-06T02:30:00+00:00,96,197.8074754249445,113.42409819544349
site_ad3433ffac,2026-03-06T02:45:00+00:00,4,93.44499275065064,52.27814738602961
site_ad3433ffac,2026-03-06T02:45:00+00:00,96,166.73524697989137,96.71579043223572
site_ad3433ffac,2026-03-06T03:00:00+00:00,4,94.3967895179698,55.58911225069123
site_ad3433ffac,2026-03-06T03:00:00+00:00,96,199.79202428065253,108.39443765241762
site_ad3433ffac,2026-03-06T03:15:00+00:00,4,98.73408222762555,64.5090783682879
site_ad3433ffac,2026-03-06T03:15:00+00:00,96,242.00183624775826,132.77158702319207
site_ad3433ffac,2026-03-06T03:30:00+00:00,4,107.63937913298236,90.62395470437878
site_ad3433ffac,2026-03-06T03:30:00+00:00,96,427.9187415493346,258.033031003514
site_ad3433ffac,2026-03-06T03:45:00+00:00,4,139.4063062413663,96.52044510128991
site_ad3433ffac,2026-03-06T03:45:00+00:00,96,148.88722293925323,124.85316436969235
site_ad3433ffac,2026-03-06T04:00:00+00:00,4,175.6112947176232,125.4581878450405
site_ad3433ffac,2026-03-06T04:00:00+00:00,96,156.1931088747345,94.82815591428567
site_ad3433ffac,2026-03-06T04:15:00+00:00,4,185.45281864201206,140.26156655073842
site_ad3433ffac,2026-03-06T04:15:00+00:00,96,147.760088297753,98.12101572268095
site_ad3433ffac,2026-03-06T04:30:00+00:00,4,210.580411851588,152.33985407872456
site_ad3433ffac,2026-03-06T04:30:00+00:00,96,215.4051690469654,170.36055508720776
site_ad3433ffac,2026-03-06T04:45:00+00:00,4,207.70883554169973,149.99775403505504
site_ad3433ffac,2026-03-06T04:45:00+00:00,96,144.693964034513,101.31711879469238
site_ad3433ffac,2026-03-06T05:00:00+00:00,4,137.7841711710564,100.81046538572876
site_ad3433ffac,2026-03-06T05:00:00+00:00,96,308.9955787329117,250.41391184446985
site_ad3433ffac,2026-03-06T05:15:00+00:00,4,112.38471243937687,83.5338126709431
site_ad3433ffac,2026-03-06T05:15:00+00:00,96,475.9911248506039,405.8706315453345
site_ad3433ffac,2026-03-06T05:30:00+00:00,4,185.81271509551237,126.61951777219546
site_ad3433ffac,2026-03-06T05:30:00+00:00,96,169.42296390542126,113.45539345679929
site_ad3433ffac,2026-03-06T05:45:00+00:00,4,308.6882626987841,210.10396549063142
site_ad3433ffac,2026-03-06T05:45:00+00:00,96,192.94128319318614,155.44606453092354
site_ad3433ffac,2026-03-06T06:00:00+00:00,4,301.8665025981488,199.33771896722342
site_ad3433ffac,2026-03-06T06:00:00+00:00,96,175.57586879557908,129.6272180031988
site_ad3433ffac,2026-03-06T06:15:00+00:00,4,289.70556662353596,188.13220587354607
site_ad3433ffac,2026-03-06T06:15:00+00:00,96,177.52345632922177,118.45313079727595
site_ad3433ffac,2026-03-06T06:30:00+00:00,4,300.35280976981386,221.71847387235601
site_ad3433ffac,2026-03-06T06:30:00+00:00,96,301.36197439723037,190.90330457198203
site_ad3433ffac,2026-03-06T06:45:00+00:00,4,298.0565080400118,225.5835450051185
site_ad3433ffac,2026-03-06T06:45:00+00:00,96,375.3648699949228,240.99029927276547
site_ad3433ffac,2026-03-06T07:00:00+00:00,4,292.9616307424685,280.4849555819536
site_ad3433ffac,2026-03-06T07:00:00+00:00,96,481.6761366699618,304.6548602065203
site_ad3433ffac,2026-03-06T07:15:00+00:00,4,311.3637577960707,329.7497275849181
site_ad3433ffac,2026-03-06T07:15:00+00:00,96,155.3784234554027,108.67080213218034
site_ad3433ffac,2026-03-06T07:30:00+00:00,4,312.62866407875333,294.3101196433764
site_ad3433ffac,2026-03-06T07:30:00+00:00,96,348.53550589698983,222.0293201034827
site_ad3433ffac,2026-03-06T07:45:00+00:00,4,325.82528664180114,281.4798882080442
site_ad3433ffac,2026-03-06T07:45:00+00:00,96,257.7746098378014,167.36977121555358
site_ad3433ffac,2026-03-06T08:00:00+00:00,4,330.0064779098014,278.9306954105029
site_ad3433ffac,2026-03-06T08:00:00+00:00,96,238.74285300279172,156.57387947502593
site_ad3433ffac,2026-03-06T08:15:00+00:00,4,412.2206327672011,274.32269915527854
site_ad3433ffac,2026-03-06T08:15:00+00:00,96,394.2478671998622,242.79672412152607
site_ad3433ffac,2026-03-06T08:30:00+00:00,4,429.4928252178043,344.8157260848764
site_ad3433ffac,2026-03-06T08:30:00+00:00,96,290.68648545628173,183.7797195729149
site_ad3433ffac,2026-03-06T08:45:00+00:00,4,393.46700619569674,321.9717781524769
site_ad3433ffac,2026-03-06T08:45:00+00:00,96,274.51188960868103,173.77217876373192
site_ad3433ffac,2026-03-06T09:00:00+00:00,4,354.9977913123842,283.1648200931457
site_ad3433ffac,2026-03-06T09:00:00+00:00,96,256.9383349748126,158.01865832000678
site_ad3433ffac,2026-03-06T09:15:00+00:00,4,310.08275365588,246.88129569504278
site_ad3433ffac,2026-03-06T09:15:00+00:00,96,275.2610911971875,168.7216902440592
site_ad3433ffac,2026-03-06T09:30:00+00:00,4,370.14423975202914,278.6320289391926
site_ad3433ffac,2026-03-06T09:30:00+00:00,96,239.68918266135904,144.40434734265364
site_ad3433ffac,2026-03-06T09:45:00+00:00,4,409.82315735180964,260.84722948580776
site_ad3433ffac,2026-03-06T09:45:00+00:00,96,222.83977259907027,133.40942341734495
site_ad3433ffac,2026-03-06T10:00:00+00:00,4,371.11545886579773,252.3470335416343
site_ad3433ffac,2026-03-06T10:00:00+00:00,96,273.1133673296263,156.00669758805697
site_ad3433ffac,2026-03-06T10:15:00+00:00,4,370.2434537622312,238.7989831353151
site_ad3433ffac,2026-03-06T10:15:00+00:00,96,321.2388264921945,179.440679127099
site_ad3433ffac,2026-03-06T10:30:00+00:00,4,331.21630835188046,206.4430105687423
site_ad3433ffac,2026-03-06T10:30:00+00:00,96,266.0015964031497,145.63378539932242
site_ad3433ffac,2026-03-06T10:45:00+00:00,4,217.87054998422246,143.03012544975343
site_ad3433ffac,2026-03-06T10:45:00+00:00,96,410.9907172117824,207.33244876047024
site_ad3433ffac,2026-03-06T11:00:00+00:00,4,151.81102917253048,95.44274261691999
site_ad3433ffac,2026-03-06T11:00:00+00:00,96,317.4545041549757,157.43552764657193
site_ad3433ffac,2026-03-06T11:15:00+00:00,4,146.00753829597687,102.57930541186508
site_ad3433ffac,2026-03-06T11:15:00+00:00,96,410.4731054031709,185.496820270763
site_ad3433ffac,2026-03-06T11:30:00+00:00,4,198.5062139394959,185.26189340768167
site_ad3433ffac,2026-03-06T11:30:00+00:00,96,410.0275149716622,183.40265916110104
site_ad3433ffac,2026-03-06T11:45:00+00:00,4,270.49208183318115,242.75589933375687
site_ad3433ffac,2026-03-06T11:45:00+00:00,96,308.50705126888266,141.94168758724717
site_ad3433ffac,2026-03-06T12:00:00+00:00,4,258.75946887033393,218.90289931825177
site_ad3433ffac,2026-03-06T12:00:00+00:00,96,281.3311163884802,140.92283015881154
site_ad3433ffac,2026-03-06T12:15:00+00:00,4,339.4682160875567,219.91749821192712
site_ad3433ffac,2026-03-06T12:15:00+00:00,96,356.6404307244499,180.43875694997084
site_ad3433ffac,2026-03-06T12:30:00+00:00,4,320.6158543656907,242.47549746048264
site_ad3433ffac,2026-03-06T12:30:00+00:00,96,202.46902190866876,125.51535025402339
site_ad3433ffac,2026-03-06T12:45:00+00:00,4,286.8835303614801,161.11894515184468
site_ad3433ffac,2026-03-06T12:45:00+00:00,96,270.6500426147011,122.45417934416243
site_ad3433ffac,2026-03-06T13:00:00+00:00,4,244.7731619492723,150.66300851360091
site_ad3433ffac,2026-03-06T13:00:00+00:00,96,426.9905649394084,171.56778356930764
site_ad3433ffac,2026-03-06T13:15:00+00:00,4,269.47007944491133,145.87037997771935
site_ad3433ffac,2026-03-06T13:15:00+00:00,96,351.8507526097908,154.10119090607014
site_ad3433ffac,2026-03-06T13:30:00+00:00,4,296.26842720291836,215.2210386033971
site_ad3433ffac,2026-03-06T13:30:00+00:00,96,426.7176649073046,246.73504327413002
site_ad3433ffac,2026-03-06T13:45:00+00:00,4,408.958738718341,307.2423360276124
site_ad3433ffac,2026-03-06T13:45:00+00:00,96,490.265851985461,271.7154339293996
site_ad3433ffac,2026-03-06T14:00:00+00:00,4,476.5483307628405,359.03578338301077
site_ad3433ffac,2026-03-06T14:00:00+00:00,96,280.55607045470447,129.6007819855429
site_ad3433ffac,2026-03-06T14:15:00+00:00,4,488.3919335048681,407.0726575877234
site_ad3433ffac,2026-03-06T14:15:00+00:00,96,251.38535373244895,129.31043546507968
site_ad3433ffac,2026-03-06T14:30:00+00:00,4,463.4695771277703,304.66178933611536
site_ad3433ffac,2026-03-06T14:30:00+00:00,96,301.28121223932567,238.84623598304495
site_ad3433ffac,2026-03-06T14:45:00+00:00,4,483.9176724592415,296.5833007793403
site_ad3433ffac,2026-03-06T14:45:00+00:00,96,226.72852311888477,176.8964371987943
site_ad3433ffac,2026-03-06T15:00:00+00:00,4,334.20789366784317,221.3748381947911
site_ad3433ffac,2026-03-06T15:00:00+00:00,96,211.34858730615127,85.2011635208963
site_ad3433ffac,2026-03-06T15:15:00+00:00,4,373.38167286596934,280.6897159749875
site_ad3433ffac,2026-03-06T15:15:00+00:00,96,246.99021577771427,183.86991749269131
site_ad3433ffac,2026-03-06T15:30:00+00:00,4,341.14849525482015,254.59638435452473
site_ad3433ffac,2026-03-06T15:30:00+00:00,96,307.96765316194137,149.8471758681989
site_ad3433ffac,2026-03-06T15:45:00+00:00,4,449.354711917492,338.75372696962614
site_ad3433ffac,2026-03-06T15:45:00+00:00,96,255.29490072296284,202.4465464430936
site_ad3433ffac,2026-03-06T16:00:00+00:00,4,435.7077041055671,365.82697809655804
site_ad3433ffac,2026-03-06T16:00:00+00:00,96,311.5553891629892,147.91754763021498
site_ad3433ffac,2026-03-06T16:15:00+00:00,4,404.27345795088223,295.3141602970428
site_ad3433ffac,2026-03-06T16:15:00+00:00,96,202.68909850055147,130.84283083923336
site_ad3433ffac,2026-03-06T16:30:00+00:00,4,385.829509724228,289.18406528229707
site_ad3433ffac,2026-03-06T16:30:00+00:00,96,252.48172308370155,161.42328152609022
site_ad3433ffac,2026-03-06T16:45:00+00:00,4,439.75108802048453,341.73043871023026
site_ad3433ffac,2026-03-06T16:45:00+00:00,96,344.4549003942618,64.01748895958497
site_ad3433ffac,2026-03-06T17:00:00+00:00,4,334.3690943686936,263.13142637393594
site_ad3433ffac,2026-03-06T17:00:00+00:00,96,366.15265162811124,50.3176325392629
site_ad3433ffac,2026-03-06T17:15:00+00:00,4,321.0754854614596,258.1950038962786
site_ad3433ffac,2026-03-06T17:15:00+00:00,96,193.67309920571248,31.958384451455352
site_ad3433ffac,2026-03-06T17:30:00+00:00,4,274.4580001421393,217.40006710954864
site_ad3433ffac,2026-03-06T17:30:00+00:00,96,190.5553102702118,35.78219324335497
site_ad3433ffac,2026-03-06T17:45:00+00:00,4,281.4123254158954,221.39435849786662
site_ad3433ffac,2026-03-06T17:45:00+00:00,96,174.2405367675525,34.75468211358608
site_ad3433ffac,2026-03-06T18:00:00+00:00,4,262.47047368716864,204.01231296146358
site_ad3433ffac,2026-03-06T18:00:00+00:00,96,232.63459891396602,48.3729916821109
site_ad3433ffac,2026-03-06T18:15:00+00:00,4,299.3272783741453,210.8276616432513
site_ad3433ffac,2026-03-06T18:15:00+00:00,96,348.8033176001868,86.80297303313961
site_ad3433ffac,2026-03-06T18:30:00+00:00,4,257.7143861506469,191.05349186539814
site_ad3433ffac,2026-03-06T18:30:00+00:00,96,479.9867512204444,117.42755930287852
site_ad3433ffac,2026-03-06T18:45:00+00:00,4,312.37471261517976,223.35020025438368
site_ad3433ffac,2026-03-06T18:45:00+00:00,96,287.63316872076905,95.75128707541393
site_ad3433ffac,2026-03-06T19:00:00+00:00,4,273.5196362381094,193.8752716613707
site_ad3433ffac,2026-03-06T19:00:00+00:00,96,266.1023015192583,74.89140655805383
site_ad3433ffac,2026-03-06T19:15:00+00:00,4,269.2461715368979,196.87819097056303
site_ad3433ffac,2026-03-06T19:15:00+00:00,96,250.74120718779045,134.04979365864995
site_ad3433ffac,2026-03-06T19:30:00+00:00,4,292.1715554960134,203.86407629252983
site_ad3433ffac,2026-03-06T19:30:00+00:00,96,195.84852898947327,116.70030391638396
site_ad3433ffac,2026-03-06T19:45:00+00:00,4,265.2280390651601,182.67506486868956
site_ad3433ffac,2026-03-06T19:45:00+00:00,96,157.10473388258288,110.43215445738431
site_ad3433ffac,2026-03-06T20:00:00+00:00,4,134.0122435345383,88.6329131270956
site_ad3433ffac,2026-03-06T20:00:00+00:00,96,365.88863602704066,284.44749278845364
site_ad3433ffac,2026-03-06T20:15:00+00:00,4,212.6544980390405,138.044118764571
site_ad3433ffac,2026-03-06T20:15:00+00:00,96,298.038255138551,311.5284805181053
site_ad3433ffac,2026-03-06T20:30:00+00:00,4,297.2266547101195,183.61553128930822
site_ad3433ffac,2026-03-06T20:30:00+00:00,96,192.11445882282766,117.41408981713104
site_ad3433ffac,2026-03-06T20:45:00+00:00,4,339.189487167299,291.6441124852626
site_ad3433ffac,2026-03-06T20:45:00+00:00,96,165.56147942343108,103.1446536608404
site_ad3433ffac,2026-03-06T21:00:00+00:00,4,226.87243584957932,158.00231287741533
site_ad3433ffac,2026-03-06T21:00:00+00:00,96,137.88536712074756,97.95695358598546
site_ad3433ffac,2026-03-06T21:15:00+00:00,4,194.80663898384296,131.96642916442084
site_ad3433ffac,2026-03-06T21:15:00+00:00,96,267.21636894606183,172.92255682867483
site_ad3433ffac,2026-03-06T21:30:00+00:00,4,162.46739712416198,107.7290689054272
site_ad3433ffac,2026-03-06T21:30:00+00:00,96,168.9929505416589,98.95748077167083
site_ad3433ffac,2026-03-06T21:45:00+00:00,4,187.28461139126117,116.56121016265321
site_ad3433ffac,2026-03-06T21:45:00+00:00,96,177.8202160929818,120.27966268249276
site_ad3433ffac,2026-03-06T22:00:00+00:00,4,159.08307901521982,96.66019337781873
site_ad3433ffac,2026-03-06T22:00:00+00:00,96,114.53478725568297,57.46618489483201
site_ad3433ffac,2026-03-06T22:15:00+00:00,4,180.76548160202725,117.26994435375835
site_ad3433ffac,2026-03-06T22:15:00+00:00,96,122.88421181504208,75.31597112093829
site_ad3433ffac,2026-03-06T22:30:00+00:00,4,207.56139257285403,168.05401801050598
site_ad3433ffac,2026-03-06T22:30:00+00:00,96,107.51978069686149,68.93736918779956
site_ad3433ffac,2026-03-06T22:45:00+00:00,4,240.98980832830793,179.4948925259676
site_ad3433ffac,2026-03-06T22:45:00+00:00,96,104.37250960952156,109.87572842740903
site_ad3433ffac,2026-03-06T23:00:00+00:00,4,245.32428823473322,193.2236774208821
site_ad3433ffac,2026-03-06T23:00:00+00:00,96,128.6570213795768,88.48530563031099
site_ad3433ffac,2026-03-06T23:15:00+00:00,4,217.48481564290162,161.22967113390476
site_ad3433ffac,2026-03-06T23:15:00+00:00,96,88.6015814924008,103.75390566411502
site_ad3433ffac,2026-03-06T23:30:00+00:00,4,195.7816010287286,145.3968108494542
site_ad3433ffac,2026-03-06T23:30:00+00:00,96,91.8403833981897,60.58731569237579
site_ad3433ffac,2026-03-06T23:45:00+00:00,4,194.4394863696528,150.21736896349148
site_ad3433ffac,2026-03-06T23:45:00+00:00,96,117.3608728198076,64.29218181322213
site_ad3433ffac,2026-03-07T00:00:00+00:00,4,188.99880818284214,140.58213303045667
site_ad3433ffac,2026-03-07T00:00:00+00:00,96,72.8113699842773,37.11689781704005
site_ad3433ffac,2026-03-07T00:15:00+00:00,4,160.40676015710048,125.84627058885053
site_ad3433ffac,2026-03-07T00:15:00+00:00,96,52.315982527666534,28.734734449817
site_ad3433ffac,2026-03-07T00:30:00+00:00,4,98.24891049494789,77.51686520271655
site_ad3433ffac,2026-03-07T00:30:00+00:00,96,62.940267640510015,33.03194957707839
site_ad3433ffac,2026-03-07T00:45:00+00:00,4,93.74838343499002,68.78958607727697
site_ad3433ffac,2026-03-07T00:45:00+00:00,96,64.85668448579156,37.57722416120575
site_ad3433ffac,2026-03-07T01:00:00+00:00,4,73.64832904634247,57.11260440392821
site_ad3433ffac,2026-03-07T01:00:00+00:00,96,83.96488658037902,44.985495968526756
site_ad3433ffac,2026-03-07T01:15:00+00:00,4,78.81438790663712,61.68831728065349
site_ad3433ffac,2026-03-07T01:15:00+00:00,96,218.2149990895256,142.17413868707484
site_ad3433ffac,2026-03-07T01:30:00+00:00,4,75.16520942251881,62.25064675945764
site_ad3433ffac,2026-03-07T01:30:00+00:00,96,108.30493730604636,66.58029868021656
site_ad3433ffac,2026-03-07T01:45:00+00:00,4,74.94228796759477,62.00846637397216
site_ad3433ffac,2026-03-07T01:45:00+00:00,96,82.01452074043709,46.121624371168856
site_ad3433ffac,2026-03-07T02:00:00+00:00,4,71.20916983940778,56.60992233858191
site_ad3433ffac,2026-03-07T02:00:00+00:00,96,74.15392919651238,44.14672164539068
site_ad3433ffac,2026-03-07T02:15:00+00:00,4,145.31181387360525,112.87514881810806
site_ad3433ffac,2026-03-07T02:15:00+00:00,96,86.20700390043325,55.61575882934413
site_ad3433ffac,2026-03-07T02:30:00+00:00,4,116.14584198177123,96.70453143264079
site_ad3433ffac,2026-03-07T02:30:00+00:00,96,105.68553193343087,88.81887525886467
site_ad3433ffac,2026-03-07T02:45:00+00:00,4,117.49718277829018,97.14509499187072
site_ad3433ffac,2026-03-07T02:45:00+00:00,96,327.3290674411218,218.98783806056755
site_ad3433ffac,2026-03-07T03:00:00+00:00,4,119.03056246998574,96.44513390038917
site_ad3433ffac,2026-03-07T03:00:00+00:00,96,197.14693967217283,132.1972421842137
site_ad3433ffac,2026-03-07T03:15:00+00:00,4,105.04515991548575,84.72022289205451
site_ad3433ffac,2026-03-07T03:15:00+00:00,96,251.7601185166343,181.3363872326742
site_ad3433ffac,2026-03-07T03:30:00+00:00,4,122.16934272422225,102.01478727625008
site_ad3433ffac,2026-03-07T03:30:00+00:00,96,218.3302857880587,149.97025676682267
site_ad3433ffac,2026-03-07T03:45:00+00:00,4,111.30390616541074,93.00550037040983
site_ad3433ffac,2026-03-07T03:45:00+00:00,96,134.9693697966817,96.3271039724497
site_ad3433ffac,2026-03-07T04:00:00+00:00,4,104.66498518465995,85.91662899120712
site_ad3433ffac,2026-03-07T04:00:00+00:00,96,102.31674600241146,73.71204856548505
site_ad3433ffac,2026-03-07T04:15:00+00:00,4,101.99268710145611,84.54870190827525
site_ad3433ffac,2026-03-07T04:15:00+00:00,96,91.37081179889616,67.09266442808054
site_ad3433ffac,2026-03-07T04:30:00+00:00,4,102.38049453725284,77.83041394598678
site_ad3433ffac,2026-03-07T04:30:00+00:00,96,225.54701204604777,147.36784818487916
site_ad3433ffac,2026-03-07T04:45:00+00:00,4,90.7659945662637,68.15209014211997
site_ad3433ffac,2026-03-07T04:45:00+00:00,96,280.6016413352439,176.02758941810188
site_ad3433ffac,2026-03-07T05:00:00+00:00,4,95.5239694220575,76.70123910598379
site_ad3433ffac,2026-03-07T05:00:00+00:00,96,233.45456272250277,146.740568403091
site_ad3433ffac,2026-03-07T05:15:00+00:00,4,141.68655065521313,116.82689508753889
site_ad3433ffac,2026-03-07T05:15:00+00:00,96,202.9025367095595,125.66463884760505
site_ad3433ffac,2026-03-07T05:30:00+00:00,4,106.20943296022688,93.41714687934511
site_ad3433ffac,2026-03-07T05:30:00+00:00,96,203.3876191657315,139.7763298267191
site_ad3433ffac,2026-03-07T05:45:00+00:00,4,117.2984097535886,101.56479177333716
site_ad3433ffac,2026-03-07T05:45:00+00:00,96,245.63082001599963,176.77334347190077
site_ad3433ffac,2026-03-07T06:00:00+00:00,4,104.56632138235229,90.33291760054912
site_ad3433ffac,2026-03-07T06:00:00+00:00,96,223.85116904636521,209.83655403398765
site_ad3433ffac,2026-03-07T06:15:00+00:00,4,117.58730146268118,118.99561009305316
site_ad3433ffac,2026-03-07T06:15:00+00:00,96,255.7084858117151,265.9044987002501
site_ad3433ffac,2026-03-07T06:30:00+00:00,4,149.64056515955826,124.17528934722355
site_ad3433ffac,2026-03-07T06:30:00+00:00,96,274.10794427371206,248.1641201262079
site_ad3433ffac,2026-03-07T06:45:00+00:00,4,204.9339829179385,200.41092583242897
site_ad3433ffac,2026-03-07T06:45:00+00:00,96,237.037096510102,193.75058007602686
site_ad3433ffac,2026-03-07T07:00:00+00:00,4,148.4925247915723,148.22563801858126
site_ad3433ffac,2026-03-07T07:00:00+00:00,96,233.23556444007798,186.24237471019083
site_ad3433ffac,2026-03-07T07:15:00+00:00,4,159.1060022985298,139.32546375138546
site_ad3433ffac,2026-03-07T07:15:00+00:00,96,439.8718407675508,258.9259086435829
site_ad3433ffac,2026-03-07T07:30:00+00:00,4,181.2051222131322,152.96835824108226
site_ad3433ffac,2026-03-07T07:30:00+00:00,96,376.26110623436995,276.09956672151714
site_ad3433ffac,2026-03-07T07:45:00+00:00,4,164.96907044300463,130.75029996448183
site_ad3433ffac,2026-03-07T07:45:00+00:00,96,234.34075936805678,178.9741871624362
site_ad3433ffac,2026-03-07T08:00:00+00:00,4,146.06888996208903,121.84439321529597
site_ad3433ffac,2026-03-07T08:00:00+00:00,96,212.75314437346202,158.60827382278927
site_ad3433ffac,2026-03-07T08:15:00+00:00,4,117.31361488425594,95.60462572358031
site_ad3433ffac,2026-03-07T08:15:00+00:00,96,150.8697150707855,112.576748259748
site_ad3433ffac,2026-03-07T08:30:00+00:00,4,111.49041324836972,90.62502920383011
site_ad3433ffac,2026-03-07T08:30:00+00:00,96,200.7929383592097,134.9545586730075
site_ad3433ffac,2026-03-07T08:45:00+00:00,4,102.09183948186575,87.46552476620538
site_ad3433ffac,2026-03-07T08:45:00+00:00,96,391.9210537474507,220.5851395429067
site_ad3433ffac,2026-03-07T09:00:00+00:00,4,152.9581319175559,127.37014196408118
site_ad3433ffac,2026-03-07T09:00:00+00:00,96,188.51713074284248,119.53351686197473
site_ad3433ffac,2026-03-07T09:15:00+00:00,4,196.2588800756715,152.69412491478568
site_ad3433ffac,2026-03-07T09:15:00+00:00,96,249.77806615706277,146.31201150914507
site_ad3433ffac,2026-03-07T09:30:00+00:00,4,215.97251628117377,160.44206374867443
site_ad3433ffac,2026-03-07T09:30:00+00:00,96,160.35112145130918,96.96342619740966
site_ad3433ffac,2026-03-07T09:45:00+00:00,4,214.2835089244361,183.03158200848245
site_ad3433ffac,2026-03-07T09:45:00+00:00,96,116.29005734455373,74.22185682490499
site_ad3433ffac,2026-03-07T10:00:00+00:00,4,148.67892897980312,138.72497550535343
site_ad3433ffac,2026-03-07T10:00:00+00:00,96,91.75584935473171,59.12542942939709
site_ad3433ffac,2026-03-07T10:15:00+00:00,4,153.8214670006875,147.99608162569865
site_ad3433ffac,2026-03-07T10:15:00+00:00,96,109.12728240186581,75.44018783485129
site_ad3433ffac,2026-03-07T10:30:00+00:00,4,148.8687172817142,124.33571606325555
site_ad3433ffac,2026-03-07T10:30:00+00:00,96,184.63255809481467,170.41967795582732
site_ad3433ffac,2026-03-07T10:45:00+00:00,4,182.52129086397474,158.3839732499216
site_ad3433ffac,2026-03-07T10:45:00+00:00,96,270.13538735039475,235.995493610504
site_ad3433ffac,2026-03-07T11:00:00+00:00,4,223.67337773523232,252.43126220629648
site_ad3433ffac,2026-03-07T11:00:00+00:00,96,281.91868473400683,230.70313436104087
site_ad3433ffac,2026-03-07T11:15:00+00:00,4,258.4052872969782,280.2028088544636
site_ad3433ffac,2026-03-07T11:15:00+00:00,96,603.7261782142602,361.3035470131289
site_ad3433ffac,2026-03-07T11:30:00+00:00,4,253.42231928221355,243.44750698021616
site_ad3433ffac,2026-03-07T11:30:00+00:00,96,297.3998427265788,207.8425580179165
site_ad3433ffac,2026-03-07T11:45:00+00:00,4,288.05291326372065,256.1038461629291
site_ad3433ffac,2026-03-07T11:45:00+00:00,96,203.55224439024818,102.72311281015222
site_ad3433ffac,2026-03-07T12:00:00+00:00,4,263.3097079354443,209.77845980009707
site_ad3433ffac,2026-03-07T12:00:00+00:00,96,148.34809949069523,89.39915339199212
site_ad3433ffac,2026-03-07T12:15:00+00:00,4,288.4694134566303,214.16728872300774
site_ad3433ffac,2026-03-07T12:15:00+00:00,96,153.65853884771923,80.56839883665391
site_ad3433ffac,2026-03-07T12:30:00+00:00,4,242.90023149392186,179.45103504043396
site_ad3433ffac,2026-03-07T12:30:00+00:00,96,234.64374652510975,164.17642586542598
site_ad3433ffac,2026-03-07T12:45:00+00:00,4,227.57017639250208,163.71665913697476
site_ad3433ffac,2026-03-07T12:45:00+00:00,96,816.0911593698299,573.9589571618931
site_ad3433ffac,2026-03-07T13:00:00+00:00,4,151.69799825090004,110.01852188785311
site_ad3433ffac,2026-03-07T13:00:00+00:00,96,696.5319425074839,474.94409197430105
site_ad3433ffac,2026-03-07T13:15:00+00:00,4,141.86720766282838,101.46429328918605
site_ad3433ffac,2026-03-07T13:15:00+00:00,96,462.29021179913894,353.5249933149689
site_ad3433ffac,2026-03-07T13:30:00+00:00,4,122.47007985903197,92.56172677289123
site_ad3433ffac,2026-03-07T13:30:00+00:00,96,212.50912384447088,135.3841955992761
site_ad3433ffac,2026-03-07T13:45:00+00:00,4,176.4963488863787,116.41746023464036
site_ad3433ffac,2026-03-07T13:45:00+00:00,96,299.4870048486461,175.72518964837144
site_ad3433ffac,2026-03-07T14:00:00+00:00,4,195.55520262171908,158.5031911789626
site_ad3433ffac,2026-03-07T14:00:00+00:00,96,145.94028440889363,94.45672046991585
site_ad3433ffac,2026-03-07T14:15:00+00:00,4,204.79871729049975,175.97576515765707
site_ad3433ffac,2026-03-07T14:15:00+00:00,96,179.19035353769232,129.9094878865561
site_ad3433ffac,2026-03-07T14:30:00+00:00,4,108.23473831420421,69.17817717930889
site_ad3433ffac,2026-03-07T14:30:00+00:00,96,208.5372930183144,147.13818010842192
site_ad3433ffac,2026-03-07T14:45:00+00:00,4,129.63284213297047,82.54129404386765
site_ad3433ffac,2026-03-07T14:45:00+00:00,96,319.5649979168079,228.2908632789241
site_ad3433ffac,2026-03-07T15:00:00+00:00,4,134.60405028537346,135.66355323897278
site_ad3433ffac,2026-03-07T15:00:00+00:00,96,284.4917379958306,229.37854204047466
site_ad3433ffac,2026-03-07T15:15:00+00:00,4,115.59669560977248,77.76954879423121
site_ad3433ffac,2026-03-07T15:15:00+00:00,96,246.95706616900222,173.65074081862437
site_ad3433ffac,2026-03-07T15:30:00+00:00,4,126.77915939419131,75.8868503827141
site_ad3433ffac,2026-03-07T15:30:00+00:00,96,221.0460736876475,153.6366308190598
site_ad3433ffac,2026-03-07T15:45:00+00:00,4,111.97815514499376,137.3147335674307
site_ad3433ffac,2026-03-07T15:45:00+00:00,96,261.10856740178656,186.9584570466907
site_ad3433ffac,2026-03-07T16:00:00+00:00,4,104.09832759635607,91.98864103762571
site_ad3433ffac,2026-03-07T16:00:00+00:00,96,204.90761203344215,152.8423249060106
site_ad3433ffac,2026-03-07T16:15:00+00:00,4,106.32303410822853,63.1117324967789
site_ad3433ffac,2026-03-07T16:15:00+00:00,96,222.69406443396196,167.00497378369994
site_ad3433ffac,2026-03-07T16:30:00+00:00,4,120.46153470173003,79.17221649898121
site_ad3433ffac,2026-03-07T16:30:00+00:00,96,180.7380169450252,133.52425382658166
site_ad3433ffac,2026-03-07T16:45:00+00:00,4,109.53734303338146,85.51720700452144
site_ad3433ffac,2026-03-07T16:45:00+00:00,96,171.7976153656333,125.8998888527014
site_ad3433ffac,2026-03-07T17:00:00+00:00,4,99.94967740339914,112.59623311641786
site_ad3433ffac,2026-03-07T17:00:00+00:00,96,166.12298749729348,120.84924574312964
site_ad3433ffac,2026-03-07T17:15:00+00:00,4,100.51533085163672,109.19770339120363
site_ad3433ffac,2026-03-07T17:15:00+00:00,96,303.66358025438797,196.66012430324125
site_ad3433ffac,2026-03-07T17:30:00+00:00,4,112.74480335168737,69.96077491871574
site_ad3433ffac,2026-03-07T17:30:00+00:00,96,173.73357740910086,120.96796753282467
site_ad3433ffac,2026-03-07T17:45:00+00:00,4,138.92024412199208,83.71650118342968
site_ad3433ffac,2026-03-07T17:45:00+00:00,96,268.70307076490553,182.71856032785863
site_ad3433ffac,2026-03-07T18:00:00+00:00,4,130.2973585948487,76.71650254963075
site_ad3433ffac,2026-03-07T18:00:00+00:00,96,205.914974494074,139.1332388751362
site_ad3433ffac,2026-03-07T18:15:00+00:00,4,130.16227149939672,74.5656447455643
site_ad3433ffac,2026-03-07T18:15:00+00:00,96,210.22208637313082,141.82121876964354
site_ad3433ffac,2026-03-07T18:30:00+00:00,4,123.81068144779775,70.94079677305831
site_ad3433ffac,2026-03-07T18:30:00+00:00,96,231.12129555908444,151.05330872872864
site_ad3433ffac,2026-03-07T18:45:00+00:00,4,128.16696591665928,74.28492477849476
site_ad3433ffac,2026-03-07T18:45:00+00:00,96,226.97440878851125,141.83880095312563
site_ad3433ffac,2026-03-07T19:00:00+00:00,4,101.03811472784864,59.53170330229287
site_ad3433ffac,2026-03-07T19:00:00+00:00,96,100.45684673832083,65.43124032805792
site_ad3433ffac,2026-03-07T19:15:00+00:00,4,104.4723190013093,64.73959756310528
site_ad3433ffac,2026-03-07T19:15:00+00:00,96,199.15456464057286,118.95473247506219
site_ad3433ffac,2026-03-07T19:30:00+00:00,4,119.4739640596129,71.39078444628585
site_ad3433ffac,2026-03-07T19:30:00+00:00,96,352.3981942254846,204.84854158290815
site_ad3433ffac,2026-03-07T19:45:00+00:00,4,86.10444767999527,55.398154099770906
site_ad3433ffac,2026-03-07T19:45:00+00:00,96,302.27660067072634,253.60067021984486
site_ad3433ffac,2026-03-07T20:00:00+00:00,4,127.57013206038576,102.54435743567855
site_ad3433ffac,2026-03-07T20:00:00+00:00,96,185.5144705726335,123.9253986598009
site_ad3433ffac,2026-03-07T20:15:00+00:00,4,188.29229863638875,155.63625842962014
site_ad3433ffac,2026-03-07T20:15:00+00:00,96,155.1317124397343,101.962245609604
site_ad3433ffac,2026-03-07T20:30:00+00:00,4,205.01959947574957,155.62175830389123
site_ad3433ffac,2026-03-07T20:30:00+00:00,96,122.18936029808822,78.75539080929447
site_ad3433ffac,2026-03-07T20:45:00+00:00,4,199.4050320621559,166.7832575438442
site_ad3433ffac,2026-03-07T20:45:00+00:00,96,158.60239168479694,95.53950353827624
site_ad3433ffac,2026-03-07T21:00:00+00:00,4,173.36316855977066,131.20733592045514
site_ad3433ffac,2026-03-07T21:00:00+00:00,96,134.32117803263355,79.56029955549734
site_ad3433ffac,2026-03-07T21:15:00+00:00,4,191.41776476034056,147.3612525132481
site_ad3433ffac,2026-03-07T21:15:00+00:00,96,176.77869307916234,105.24001742113884
site_ad3433ffac,2026-03-07T21:30:00+00:00,4,190.11816905363685,147.38859384961037
site_ad3433ffac,2026-03-07T21:30:00+00:00,96,239.05189072830603,184.1909056368639
site_ad3433ffac,2026-03-07T21:45:00+00:00,4,218.49320361756276,170.5142869265907
site_ad3433ffac,2026-03-07T21:45:00+00:00,96,327.9140430867001,232.969247144827
site_ad3433ffac,2026-03-07T22:00:00+00:00,4,199.10553492947452,158.91167633228272
site_ad3433ffac,2026-03-07T22:00:00+00:00,96,309.912442824383,231.92758502582942
site_ad3433ffac,2026-03-07T22:15:00+00:00,4,263.1012496526953,200.42107233428297
site_ad3433ffac,2026-03-07T22:15:00+00:00,96,148.16356954289662,103.0855377414176
site_ad3433ffac,2026-03-07T22:30:00+00:00,4,296.6084821663349,245.8970453084821
site_ad3433ffac,2026-03-07T22:30:00+00:00,96,148.6337431578235,101.38437612472612
site_ad3433ffac,2026-03-07T22:45:00+00:00,4,349.670484421283,307.1165585183427
site_ad3433ffac,2026-03-07T22:45:00+00:00,96,150.31951572756196,108.02603898915862
site_ad3433ffac,2026-03-07T23:00:00+00:00,4,277.7360238676631,235.24203630282432
site_ad3433ffac,2026-03-07T23:00:00+00:00,96,155.18345732763177,111.00050239577196
site_ad3433ffac,2026-03-07T23:15:00+00:00,4,294.5656031844921,242.88208136968777
site_ad3433ffac,2026-03-07T23:15:00+00:00,96,117.55030590102636,87.11712597776285
site_ad3433ffac,2026-03-07T23:30:00+00:00,4,198.76073451966084,166.57648334183037
site_ad3433ffac,2026-03-07T23:30:00+00:00,96,64.72664953662064,50.47539272564253
site_ad3433ffac,2026-03-07T23:45:00+00:00,4,118.47232124593002,101.171188080315
site_ad3433ffac,2026-03-07T23:45:00+00:00,96,54.260534580456834,40.411002883286294
site_ad3433ffac,2026-03-08T00:00:00+00:00,4,92.42002709777569,75.43515566177821
site_ad3433ffac,2026-03-08T00:00:00+00:00,96,41.99178948636993,32.27853386571349
site_ad3433ffac,2026-03-08T00:15:00+00:00,4,102.15828028353206,85.2984291635079
site_ad3433ffac,2026-03-08T00:15:00+00:00,96,50.55388174996816,39.82183905323659
site_ad3433ffac,2026-03-08T00:30:00+00:00,4,131.47936312250673,103.9950243949732
site_ad3433ffac,2026-03-08T00:30:00+00:00,96,64.25812249369568,52.412118881009604
site_ad3433ffac,2026-03-08T00:45:00+00:00,4,99.01126939628556,83.50537761902305
site_ad3433ffac,2026-03-08T00:45:00+00:00,96,60.68927217506895,49.89374884018727
site_ad3433ffac,2026-03-08T01:00:00+00:00,4,116.81122747198009,103.01242360583538
site_ad3433ffac,2026-03-08T01:00:00+00:00,96,65.22879512275318,53.9672938064987
site_ad3433ffac,2026-03-08T01:15:00+00:00,4,91.65996213940689,82.85782013474136
site_ad3433ffac,2026-03-08T01:15:00+00:00,96,474.4906734865732,359.3674093905306
site_ad3433ffac,2026-03-08T01:30:00+00:00,4,73.4595877447661,63.324427370787134
site_ad3433ffac,2026-03-08T01:30:00+00:00,96,133.40386989913648,105.35399851353469
site_ad3433ffac,2026-03-08T01:45:00+00:00,4,69.17176129140194,60.36593328773009
site_ad3433ffac,2026-03-08T01:45:00+00:00,96,111.6572277352182,87.49206187097455
site_ad3433ffac,2026-03-08T02:00:00+00:00,4,74.45417391540616,72.45401574966866
site_ad3433ffac,2026-03-08T02:00:00+00:00,96,103.83775492670901,81.75007193796634
site_ad3433ffac,2026-03-08T02:15:00+00:00,4,82.33345137508603,77.2159284910432
site_ad3433ffac,2026-03-08T02:15:00+00:00,96,100.20317936151508,77.78649183582321
site_ad3433ffac,2026-03-08T02:30:00+00:00,4,69.36872103459791,75.62142454307406
site_ad3433ffac,2026-03-08T02:30:00+00:00,96,120.58234240054794,94.29100796020577
site_ad3433ffac,2026-03-08T02:45:00+00:00,4,67.77586743149077,63.807658851211045
site_ad3433ffac,2026-03-08T02:45:00+00:00,96,88.1921196326434,72.31731356207
site_ad3433ffac,2026-03-08T03:00:00+00:00,4,53.67865451388809,52.61317840774397
site_ad3433ffac,2026-03-08T03:00:00+00:00,96,105.63437515735478,85.55594421836855
site_ad3433ffac,2026-03-08T03:15:00+00:00,4,53.85387876293634,49.79843610547187
site_ad3433ffac,2026-03-08T03:15:00+00:00,96,109.12883585178172,86.06878259011758
site_ad3433ffac,2026-03-08T03:30:00+00:00,4,42.55100128730794,43.1142701524246
site_ad3433ffac,2026-03-08T03:30:00+00:00,96,84.4050805296668,65.57013318424093
site_ad3433ffac,2026-03-08T03:45:00+00:00,4,57.873141253548106,54.6340319746973
site_ad3433ffac,2026-03-08T03:45:00+00:00,96,83.52693581196064,62.352741788258676
site_ad3433ffac,2026-03-08T04:00:00+00:00,4,91.0558351572233,103.2939652291838
site_ad3433ffac,2026-03-08T04:00:00+00:00,96,83.50321204435755,65.314063335033
site_ad3433ffac,2026-03-08T04:15:00+00:00,4,61.86150002927118,81.03000448827635
site_ad3433ffac,2026-03-08T04:15:00+00:00,96,128.49464613785787,101.36586698838245
site_ad3433ffac,2026-03-08T04:30:00+00:00,4,81.64795267556866,75.69141804565383
site_ad3433ffac,2026-03-08T04:30:00+00:00,96,86.01620935200786,74.46638835011701
site_ad3433ffac,2026-03-08T04:45:00+00:00,4,77.9628365372931,97.19187008709267
site_ad3433ffac,2026-03-08T04:45:00+00:00,96,86.50219487874135,75.52998408394849
site_ad3433ffac,2026-03-08T05:00:00+00:00,4,55.527343544980226,94.44210713223399
site_ad3433ffac,2026-03-08T05:00:00+00:00,96,83.49531674528608,75.13422803814623
site_ad3433ffac,2026-03-08T05:15:00+00:00,4,47.366533623477885,50.502611078955
site_ad3433ffac,2026-03-08T05:15:00+00:00,96,128.2766934551787,127.93174819764896
site_ad3433ffac,2026-03-08T05:30:00+00:00,4,102.84806296422758,95.17256283584737
site_ad3433ffac,2026-03-08T05:30:00+00:00,96,261.1486032405347,202.9453475631989
site_ad3433ffac,2026-03-08T05:45:00+00:00,4,142.81236620232445,126.05582053046722
site_ad3433ffac,2026-03-08T05:45:00+00:00,96,458.1509074446063,428.28298691642584
site_ad3433ffac,2026-03-08T06:00:00+00:00,4,141.54522503969466,129.14118002217035
site_ad3433ffac,2026-03-08T06:00:00+00:00,96,92.65380068623368,88.10309095682302
site_ad3433ffac,2026-03-08T06:15:00+00:00,4,107.59847493213171,101.02494798199055
site_ad3433ffac,2026-03-08T06:15:00+00:00,96,120.06861436837345,100.82205682061002
site_ad3433ffac,2026-03-08T06:30:00+00:00,4,118.27577889000884,113.11795838217
site_ad3433ffac,2026-03-08T06:30:00+00:00,96,162.76840579869707,124.91660099092955
site_ad3433ffac,2026-03-08T06:45:00+00:00,4,131.3462208645067,124.52964132663362
site_ad3433ffac,2026-03-08T06:45:00+00:00,96,104.11767423257102,79.72524985307915
site_ad3433ffac,2026-03-08T07:00:00+00:00,4,153.6534767661767,134.93423387762866
site_ad3433ffac,2026-03-08T07:00:00+00:00,96,95.32123159054602,79.35174261932028
site_ad3433ffac,2026-03-08T07:15:00+00:00,4,106.90476928873731,94.25987640262659
site_ad3433ffac,2026-03-08T07:15:00+00:00,96,75.75382814680108,63.08193848685373
site_ad3433ffac,2026-03-08T07:30:00+00:00,4,100.94931991027917,90.69225899774388
site_ad3433ffac,2026-03-08T07:30:00+00:00,96,78.65711719062696,66.45865536498701
site_ad3433ffac,2026-03-08T07:45:00+00:00,4,138.29072344439777,93.5778467705502
site_ad3433ffac,2026-03-08T07:45:00+00:00,96,76.6892119539047,66.6146362936618
site_ad3433ffac,2026-03-08T08:00:00+00:00,4,110.62140024924298,91.74040671427264
site_ad3433ffac,2026-03-08T08:00:00+00:00,96,103.7249096420096,84.2258670556869
site_ad3433ffac,2026-03-08T08:15:00+00:00,4,119.71949001025637,96.56618808703786
site_ad3433ffac,2026-03-08T08:15:00+00:00,96,200.89853166246644,150.1819317019886
site_ad3433ffac,2026-03-08T08:30:00+00:00,4,144.30750426982283,118.51011274490335
site_ad3433ffac,2026-03-08T08:30:00+00:00,96,224.01856899106798,155.04993818101516
site_ad3433ffac,2026-03-08T08:45:00+00:00,4,151.79197135597846,98.8330965522739
site_ad3433ffac,2026-03-08T08:45:00+00:00,96,229.62697011135887,183.33740322278476
site_ad3433ffac,2026-03-08T09:00:00+00:00,4,117.16038392696433,90.5648985569125
site_ad3433ffac,2026-03-08T09:00:00+00:00,96,130.00453873948157,115.49356320468144
site_ad3433ffac,2026-03-08T09:15:00+00:00,4,149.11739494366128,102.46655890923526
site_ad3433ffac,2026-03-08T09:15:00+00:00,96,123.48061917728626,111.90067438481786
site_ad3433ffac,2026-03-08T09:30:00+00:00,4,156.68925960200085,112.62893961570063
site_ad3433ffac,2026-03-08T09:30:00+00:00,96,105.8373588950167,84.0487210604509
site_ad3433ffac,2026-03-08T09:45:00+00:00,4,132.26586899682536,98.15103680299475
site_ad3433ffac,2026-03-08T09:45:00+00:00,96,192.00452728565412,157.08097164778803
site_ad3433ffac,2026-03-08T10:00:00+00:00,4,111.38965122279424,82.64063625987137
site_ad3433ffac,2026-03-08T10:00:00+00:00,96,237.71084385626474,263.2831232577987
site_ad3433ffac,2026-03-08T10:15:00+00:00,4,105.5708941480985,71.59576731714533
site_ad3433ffac,2026-03-08T10:15:00+00:00,96,238.33515439064604,251.0694928762944
site_ad3433ffac,2026-03-08T10:30:00+00:00,4,105.93034197843721,69.637522970763
site_ad3433ffac,2026-03-08T10:30:00+00:00,96,173.16985955915644,163.41943848421354
site_ad3433ffac,2026-03-08T10:45:00+00:00,4,82.15134979856809,52.97106438008977
site_ad3433ffac,2026-03-08T10:45:00+00:00,96,284.1727829179211,237.8792919326072
site_ad3433ffac,2026-03-08T11:00:00+00:00,4,79.36041761422358,49.474219990583165
site_ad3433ffac,2026-03-08T11:00:00+00:00,96,170.84754828603235,129.07531351203983
site_ad3433ffac,2026-03-08T11:15:00+00:00,4,79.8458959832978,47.648618528588734
site_ad3433ffac,2026-03-08T11:15:00+00:00,96,179.55137763059645,125.92791388291226
site_ad3433ffac,2026-03-08T11:30:00+00:00,4,136.8383240650587,184.89242837485068
site_ad3433ffac,2026-03-08T11:30:00+00:00,96,161.84058097096852,112.81271573243893
site_ad3433ffac,2026-03-08T11:45:00+00:00,4,117.02078942013537,75.0544370652425
site_ad3433ffac,2026-03-08T11:45:00+00:00,96,123.66454054263349,86.85740969867463
site_ad3433ffac,2026-03-08T12:00:00+00:00,4,152.08849493335322,95.77336337166578
site_ad3433ffac,2026-03-08T12:00:00+00:00,96,71.4941422318488,53.42608418240006
site_ad3433ffac,2026-03-08T12:15:00+00:00,4,165.90160570162075,106.00056221975886
site_ad3433ffac,2026-03-08T12:15:00+00:00,96,81.22837652445816,58.638507073554095
site_ad3433ffac,2026-03-08T12:30:00+00:00,4,162.35323961976295,96.98918539606649
site_ad3433ffac,2026-03-08T12:30:00+00:00,96,91.90118972019447,67.70212221592605
site_ad3433ffac,2026-03-08T12:45:00+00:00,4,149.0565052664004,91.5069944746806
site_ad3433ffac,2026-03-08T12:45:00+00:00,96,110.34011645864074,73.73383016783102
site_ad3433ffac,2026-03-08T13:00:00+00:00,4,119.16911072852355,67.33956197366085
site_ad3433ffac,2026-03-08T13:00:00+00:00,96,255.3975482759907,198.3880805544367
site_ad3433ffac,2026-03-08T13:15:00+00:00,4,148.23527058999073,79.89559722780226
site_ad3433ffac,2026-03-08T13:15:00+00:00,96,210.04490130408746,170.55012466705702
site_ad3433ffac,2026-03-08T13:30:00+00:00,4,186.67798747566485,120.50124578499239
site_ad3433ffac,2026-03-08T13:30:00+00:00,96,92.8662517779972,58.44746650747936
site_ad3433ffac,2026-03-08T13:45:00+00:00,4,113.71292362001951,74.58565251456466
site_ad3433ffac,2026-03-08T13:45:00+00:00,96,189.31767535228192,109.67392298482281
site_ad3433ffac,2026-03-08T14:00:00+00:00,4,125.31450383468409,95.80491064838107
site_ad3433ffac,2026-03-08T14:00:00+00:00,96,111.53586195569304,110.44646233815105
site_ad3433ffac,2026-03-08T14:15:00+00:00,4,98.19911583672264,67.55997494888521
site_ad3433ffac,2026-03-08T14:15:00+00:00,96,109.86163075681935,69.10797764382855
site_ad3433ffac,2026-03-08T14:30:00+00:00,4,139.5740279964771,96.70664650760988
site_ad3433ffac,2026-03-08T14:30:00+00:00,96,150.43175000066003,82.61655958995524
site_ad3433ffac,2026-03-08T14:45:00+00:00,4,100.68497559986803,77.5989541980423
site_ad3433ffac,2026-03-08T14:45:00+00:00,96,94.25509413880647,115.49741808205275
site_ad3433ffac,2026-03-08T15:00:00+00:00,4,121.03756726773234,102.19150058751836
site_ad3433ffac,2026-03-08T15:00:00+00:00,96,126.90926634658445,106.82793826853226
site_ad3433ffac,2026-03-08T15:15:00+00:00,4,134.55817538038283,116.3996350367261
site_ad3433ffac,2026-03-08T15:15:00+00:00,96,101.77005225420194,58.544197171078146
site_ad3433ffac,2026-03-08T15:30:00+00:00,4,222.4930804751465,171.5434047478345
site_ad3433ffac,2026-03-08T15:30:00+00:00,96,145.42541881620912,88.06320895872486
site_ad3433ffac,2026-03-08T15:45:00+00:00,4,201.48655179063132,157.448496205786
site_ad3433ffac,2026-03-08T15:45:00+00:00,96,105.93936151181727,82.79738840920373
site_ad3433ffac,2026-03-08T16:00:00+00:00,4,271.0013615275697,206.1143624104571
site_ad3433ffac,2026-03-08T16:00:00+00:00,96,89.65496258702242,102.16215942753865
site_ad3433ffac,2026-03-08T16:15:00+00:00,4,218.91791138163632,193.19432056670865
site_ad3433ffac,2026-03-08T16:15:00+00:00,96,114.56810961093373,126.95671578346088
site_ad3433ffac,2026-03-08T16:30:00+00:00,4,211.9924863556521,189.67195158418463
site_ad3433ffac,2026-03-08T16:30:00+00:00,96,193.78281329780475,110.48003374778251
site_ad3433ffac,2026-03-08T16:45:00+00:00,4,155.5084630624397,146.69652381983
site_ad3433ffac,2026-03-08T16:45:00+00:00,96,213.86688579212466,117.53618505543416
site_ad3433ffac,2026-03-08T17:00:00+00:00,4,197.41353387526073,197.62623806228817
site_ad3433ffac,2026-03-08T17:00:00+00:00,96,180.2763662158711,99.3356440367383
site_ad3433ffac,2026-03-08T17:15:00+00:00,4,142.47383905065726,129.37783804813753
site_ad3433ffac,2026-03-08T17:15:00+00:00,96,150.88698169410523,81.11843007819405
site_ad3433ffac,2026-03-08T17:30:00+00:00,4,115.07757977811102,105.44429961290896
site_ad3433ffac,2026-03-08T17:30:00+00:00,96,141.48744346187377,74.85634017723974
site_ad3433ffac,2026-03-08T17:45:00+00:00,4,83.96788027058771,76.10131889901935
site_ad3433ffac,2026-03-08T17:45:00+00:00,96,152.24027844125982,81.88598358149243
site_ad3433ffac,2026-03-08T18:00:00+00:00,4,182.58015306619959,168.66850303444193
site_ad3433ffac,2026-03-08T18:00:00+00:00,96,75.89765439297969,45.72736460724091
site_ad3433ffac,2026-03-08T18:15:00+00:00,4,253.97026554614345,198.99253457895963
site_ad3433ffac,2026-03-08T18:15:00+00:00,96,100.50235975532924,59.511884657884295
site_ad3433ffac,2026-03-08T18:30:00+00:00,4,149.2096422898473,202.1887251286008
site_ad3433ffac,2026-03-08T18:30:00+00:00,96,93.67451646879502,56.22931232276871
site_ad3433ffac,2026-03-08T18:45:00+00:00,4,136.2970709394178,102.01450053507708
site_ad3433ffac,2026-03-08T18:45:00+00:00,96,67.13386083366625,42.962765323040394
site_ad3433ffac,2026-03-08T19:00:00+00:00,4,120.33554912515875,117.66885307257117
site_ad3433ffac,2026-03-08T19:00:00+00:00,96,166.25746238541137,130.5737242626328
site_ad3433ffac,2026-03-08T19:15:00+00:00,4,124.60650667867316,94.13024368942317
site_ad3433ffac,2026-03-08T19:15:00+00:00,96,383.8693137092294,306.7676248161401
site_ad3433ffac,2026-03-08T19:30:00+00:00,4,87.37604613390381,114.63130019328453
site_ad3433ffac,2026-03-08T19:30:00+00:00,96,251.96290193832164,181.44370770393607
site_ad3433ffac,2026-03-08T19:45:00+00:00,4,100.1135796493372,81.35515953071538
site_ad3433ffac,2026-03-08T19:45:00+00:00,96,284.24387194116787,230.2706593607068
site_ad3433ffac,2026-03-08T20:00:00+00:00,4,100.02456091628501,80.03190628449747
site_ad3433ffac,2026-03-08T20:00:00+00:00,96,182.39342221881716,136.91613915861336
site_ad3433ffac,2026-03-08T20:15:00+00:00,4,69.64306826226138,50.259005242177636
site_ad3433ffac,2026-03-08T20:15:00+00:00,96,196.3390754274731,149.91685511992122
site_ad3433ffac,2026-03-08T20:30:00+00:00,4,67.09584185306345,55.71508845662429
site_ad3433ffac,2026-03-08T20:30:00+00:00,96,219.09602306816163,162.3804547579678
site_ad3433ffac,2026-03-08T20:45:00+00:00,4,60.9572889881129,56.20929782589528
site_ad3433ffac,2026-03-08T20:45:00+00:00,96,282.314281264472,208.08000370184683
site_ad3433ffac,2026-03-08T21:00:00+00:00,4,62.756830368550354,91.46585818605978
site_ad3433ffac,2026-03-08T21:00:00+00:00,96,167.49641558490936,125.86889588908068
site_ad3433ffac,2026-03-08T21:15:00+00:00,4,78.84310432632145,66.44144641735647
site_ad3433ffac,2026-03-08T21:15:00+00:00,96,180.68008990697768,134.02637118442362
site_ad3433ffac,2026-03-08T21:30:00+00:00,4,60.85092085790331,51.01792343040724
site_ad3433ffac,2026-03-08T21:30:00+00:00,96,341.5600533218252,266.64454719482205
site_ad3433ffac,2026-03-08T21:45:00+00:00,4,95.87925956661161,98.33103790620204
site_ad3433ffac,2026-03-08T21:45:00+00:00,96,382.18636181981964,300.971352215475
site_ad3433ffac,2026-03-08T22:00:00+00:00,4,87.99679369196377,90.89246277934762
site_ad3433ffac,2026-03-08T22:00:00+00:00,96,189.50741817265032,147.65955150961332
site_ad3433ffac,2026-03-08T22:15:00+00:00,4,123.15620453396552,143.47006975605734
site_ad3433ffac,2026-03-08T22:15:00+00:00,96,186.0232618126036,142.6975462774943
site_ad3433ffac,2026-03-08T22:30:00+00:00,4,73.446024133623,74.60573302826639
site_ad3433ffac,2026-03-08T22:30:00+00:00,96,80.30395285802288,65.60879687660167
site_ad3433ffac,2026-03-08T22:45:00+00:00,4,68.37691331756416,54.7983910016224
site_ad3433ffac,2026-03-08T22:45:00+00:00,96,63.25919073267126,53.448910637497406
site_ad3433ffac,2026-03-08T23:00:00+00:00,4,78.47098335890607,64.92581814515384
site_ad3433ffac,2026-03-08T23:00:00+00:00,96,48.353966234253996,41.930210068239646
site_ad3433ffac,2026-03-08T23:15:00+00:00,4,107.99529359528009,85.59418083301564
site_ad3433ffac,2026-03-08T23:15:00+00:00,96,41.658297035873616,37.36772047322667
site_ad3433ffac,2026-03-08T23:30:00+00:00,4,55.58975069365826,46.73576590238342
site_ad3433ffac,2026-03-08T23:30:00+00:00,96,73.90409637166651,58.688836281896286
site_ad3433ffac,2026-03-08T23:45:00+00:00,4,59.266260726081406,46.53161425245595
site_ad3433ffac,2026-03-08T23:45:00+00:00,96,49.16008023915903,41.411442899435116
site_ad3433ffac,2026-03-09T00:00:00+00:00,4,50.390510534624454,96.24212025515695
site_ad3433ffac,2026-03-09T00:00:00+00:00,96,113.61048199609468,94.58771838309046
site_ad3433ffac,2026-03-09T00:15:00+00:00,4,88.07534734710765,70.96799686095386
site_ad3433ffac,2026-03-09T00:15:00+00:00,96,77.35304743095143,67.16264012099333
site_ad3433ffac,2026-03-09T00:30:00+00:00,4,139.4504130882717,106.83064090260595
site_ad3433ffac,2026-03-09T00:30:00+00:00,96,58.37891811640252,51.358710493589825
site_ad3433ffac,2026-03-09T00:45:00+00:00,4,76.44963305595648,61.9989388379154
site_ad3433ffac,2026-03-09T00:45:00+00:00,96,64.23960872504337,56.23052502937337
site_ad3433ffac,2026-03-09T01:00:00+00:00,4,85.8269300077934,66.83829797770255
site_ad3433ffac,2026-03-09T01:00:00+00:00,96,90.07093241794581,81.16927731592902
site_ad3433ffac,2026-03-09T01:15:00+00:00,4,148.81537810838756,126.29204804299363
site_ad3433ffac,2026-03-09T01:15:00+00:00,96,126.18898627742499,115.541699558042
site_ad3433ffac,2026-03-09T01:30:00+00:00,4,162.8076895913865,188.85223907519722
site_ad3433ffac,2026-03-09T01:30:00+00:00,96,107.66016826784468,105.11035237028834
site_ad3433ffac,2026-03-09T01:45:00+00:00,4,130.98259469728126,98.209366656463
site_ad3433ffac,2026-03-09T01:45:00+00:00,96,111.11360775469325,93.82325697276983
site_ad3433ffac,2026-03-09T02:00:00+00:00,4,165.77953379603093,122.40569928211379
site_ad3433ffac,2026-03-09T02:00:00+00:00,96,60.5081469234139,55.677941852872564
site_ad3433ffac,2026-03-09T02:15:00+00:00,4,275.4774293296338,201.20595228657015
site_ad3433ffac,2026-03-09T02:15:00+00:00,96,71.83588091879207,65.76267152781853
site_ad3433ffac,2026-03-09T02:30:00+00:00,4,246.4273443462842,186.750559960185
site_ad3433ffac,2026-03-09T02:30:00+00:00,96,98.83169009443523,86.24277611924188
site_ad3433ffac,2026-03-09T02:45:00+00:00,4,158.26149184431316,122.97182276059193
site_ad3433ffac,2026-03-09T02:45:00+00:00,96,122.570681303251,102.08165689618698
site_ad3433ffac,2026-03-09T03:00:00+00:00,4,130.15330650997169,101.11110416350675
site_ad3433ffac,2026-03-09T03:00:00+00:00,96,155.5473220212828,169.4120914561133
site_ad3433ffac,2026-03-09T03:15:00+00:00,4,175.35804733919244,139.0794424872809
site_ad3433ffac,2026-03-09T03:15:00+00:00,96,91.49052207679472,113.74126414187873
site_ad3433ffac,2026-03-09T03:30:00+00:00,4,210.99238575011952,174.02498468084585
site_ad3433ffac,2026-03-09T03:30:00+00:00,96,157.53791398698291,135.54060265600344
site_ad3433ffac,2026-03-09T03:45:00+00:00,4,191.14772803979074,223.63733114936002
site_ad3433ffac,2026-03-09T03:45:00+00:00,96,138.96219796488538,155.33915791549694
site_ad3433ffac,2026-03-09T04:00:00+00:00,4,145.2733497771502,148.74670024069482
site_ad3433ffac,2026-03-09T04:00:00+00:00,96,111.91052638167189,185.64703614971842
site_ad3433ffac,2026-03-09T04:15:00+00:00,4,214.1432511605976,201.6292725885319
site_ad3433ffac,2026-03-09T04:15:00+00:00,96,125.56823709518531,123.09492914591992
site_ad3433ffac,2026-03-09T04:30:00+00:00,4,278.72647446699534,477.43064973019773
site_ad3433ffac,2026-03-09T04:30:00+00:00,96,172.76378447205164,151.5618805452301
site_ad3433ffac,2026-03-09T04:45:00+00:00,4,277.91301301483406,570.4185949195839
site_ad3433ffac,2026-03-09T04:45:00+00:00,96,252.31524880654482,217.30795531994931
site_ad3433ffac,2026-03-09T05:00:00+00:00,4,280.810986416297,495.2778520071478
site_ad3433ffac,2026-03-09T05:00:00+00:00,96,139.87262738667474,121.42535369621676
site_ad3433ffac,2026-03-09T05:15:00+00:00,4,396.9433139811836,715.2795570418407
site_ad3433ffac,2026-03-09T05:15:00+00:00,96,109.8672230429696,99.13920906643796
site_ad3433ffac,2026-03-09T05:30:00+00:00,4,388.5215765347558,863.7123711843456
site_ad3433ffac,2026-03-09T05:30:00+00:00,96,134.40668452899806,119.69487794224159
site_ad3433ffac,2026-03-09T05:45:00+00:00,4,283.2785305336287,560.044353325942
site_ad3433ffac,2026-03-09T05:45:00+00:00,96,131.40312167925205,121.91756853791863
site_ad3433ffac,2026-03-09T06:00:00+00:00,4,339.07658669264237,676.1907281367967
site_ad3433ffac,2026-03-09T06:00:00+00:00,96,149.97947388427733,132.17084121585268
site_ad3433ffac,2026-03-09T06:15:00+00:00,4,378.6981946257414,844.9883584727056
site_ad3433ffac,2026-03-09T06:15:00+00:00,96,109.27622987573267,98.11611289922331
site_ad3433ffac,2026-03-09T06:30:00+00:00,4,400.0083946855877,980.0751211035489
site_ad3433ffac,2026-03-09T06:30:00+00:00,96,127.80294381182563,112.06507755594184
site_ad3433ffac,2026-03-09T06:45:00+00:00,4,311.7579701826547,812.2341394822201
site_ad3433ffac,2026-03-09T06:45:00+00:00,96,159.17988267871164,105.66215733561698
site_ad3433ffac,2026-03-09T07:00:00+00:00,4,506.6139448454751,1271.9685300605029
site_ad3433ffac,2026-03-09T07:00:00+00:00,96,102.84021422874504,88.6382728443839
site_ad3433ffac,2026-03-09T07:15:00+00:00,4,525.7772361910972,1365.4042395072302
site_ad3433ffac,2026-03-09T07:15:00+00:00,96,144.7506544064965,119.53143879185563
site_ad3433ffac,2026-03-09T07:30:00+00:00,4,685.9418551225415,1754.7672913669596
site_ad3433ffac,2026-03-09T07:30:00+00:00,96,142.2315410367591,117.87455732116814
site_ad3433ffac,2026-03-09T07:45:00+00:00,4,768.6718427815633,1962.7405812590864
site_ad3433ffac,2026-03-09T07:45:00+00:00,96,201.46299788357365,126.29428773553019
site_ad3433ffac,2026-03-09T08:00:00+00:00,4,538.9082847384723,1387.358901513743
site_ad3433ffac,2026-03-09T08:00:00+00:00,96,162.34309800047444,121.90879440885456
site_ad3433ffac,2026-03-09T08:15:00+00:00,4,724.4026290942697,1456.849374099248
site_ad3433ffac,2026-03-09T08:15:00+00:00,96,260.14293006751814,170.84871919546967
site_ad3433ffac,2026-03-09T08:30:00+00:00,4,552.2814989397282,1430.8006263651407
site_ad3433ffac,2026-03-09T08:30:00+00:00,96,237.17091678416847,158.95221128661223
site_ad3433ffac,2026-03-09T08:45:00+00:00,4,519.9600610512042,1347.4758456420373
site_ad3433ffac,2026-03-09T08:45:00+00:00,96,133.62052715606404,96.24125545286063
site_ad3433ffac,2026-03-09T09:00:00+00:00,4,552.013584577234,1427.5927957873744
site_ad3433ffac,2026-03-09T09:00:00+00:00,96,126.6036772299684,87.6444077322362
site_ad3433ffac,2026-03-09T09:15:00+00:00,4,481.29223674485746,1255.6718811869928
site_ad3433ffac,2026-03-09T09:15:00+00:00,96,118.00848853406671,78.10656791851655
site_ad3433ffac,2026-03-09T09:30:00+00:00,4,541.3335782300301,1405.8236915244674
site_ad3433ffac,2026-03-09T09:30:00+00:00,96,111.84317681110196,69.02808134997241
site_ad3433ffac,2026-03-09T09:45:00+00:00,4,418.70058075390176,1104.221014892211
site_ad3433ffac,2026-03-09T09:45:00+00:00,96,109.38657534032811,63.72402653916044
site_ad3433ffac,2026-03-09T10:00:00+00:00,4,501.5343164332638,1309.4409434970207
site_ad3433ffac,2026-03-09T10:00:00+00:00,96,99.66927770854625,58.35420006080613
site_ad3433ffac,2026-03-09T10:15:00+00:00,4,440.34712592098936,1158.4201152968953
site_ad3433ffac,2026-03-09T10:15:00+00:00,96,110.3585140437409,61.314894516016786
site_ad3433ffac,2026-03-09T10:30:00+00:00,4,464.5431916736322,1217.8565440233754
site_ad3433ffac,2026-03-09T10:30:00+00:00,96,234.3035036412596,319.0704217157138
site_ad3433ffac,2026-03-09T10:45:00+00:00,4,397.216381224486,1058.913721971147
site_ad3433ffac,2026-03-09T10:45:00+00:00,96,149.22969421085492,85.13122597758016
site_ad3433ffac,2026-03-09T11:00:00+00:00,4,339.15309559065537,905.3965318014702
site_ad3433ffac,2026-03-09T11:00:00+00:00,96,319.53220709569337,185.75771492046596
site_ad3433ffac,2026-03-09T11:15:00+00:00,4,413.1121283118487,1085.9297435353235
site_ad3433ffac,2026-03-09T11:15:00+00:00,96,337.0563236198148,197.9684852887952
site_ad3433ffac,2026-03-09T11:30:00+00:00,4,347.8935204200708,935.027353142778
site_ad3433ffac,2026-03-09T11:30:00+00:00,96,158.75257942721618,93.0647505624002
site_ad3433ffac,2026-03-09T11:45:00+00:00,4,367.8525256484781,982.7883281528905
site_ad3433ffac,2026-03-09T11:45:00+00:00,96,122.92130863297757,73.27519248589444
site_ad3433ffac,2026-03-09T12:00:00+00:00,4,341.9975459796918,905.7865260939915
site_ad3433ffac,2026-03-09T12:00:00+00:00,96,111.07570787126292,61.198133142608505
site_ad3433ffac,2026-03-09T12:15:00+00:00,4,363.4963005939896,964.4786140966347
site_ad3433ffac,2026-03-09T12:15:00+00:00,96,135.874809915978,71.25875346651145
site_ad3433ffac,2026-03-09T12:30:00+00:00,4,331.79652165660514,892.3792523878972
site_ad3433ffac,2026-03-09T12:30:00+00:00,96,232.32490221915327,147.25187431039566
site_ad3433ffac,2026-03-09T12:45:00+00:00,4,392.46739616053094,1037.957476873861
site_ad3433ffac,2026-03-09T12:45:00+00:00,96,127.53868670421284,80.1071827611871
site_ad3433ffac,2026-03-09T13:00:00+00:00,4,405.13454334861444,1008.6223892300051
site_ad3433ffac,2026-03-09T13:00:00+00:00,96,163.80715117275707,122.36138546534843
site_ad3433ffac,2026-03-09T13:15:00+00:00,4,407.95269359549354,1084.3951764924539
site_ad3433ffac,2026-03-09T13:15:00+00:00,96,113.53692274747478,76.8609734739585
site_ad3433ffac,2026-03-09T13:30:00+00:00,4,346.12945225843197,933.3999961204942
site_ad3433ffac,2026-03-09T13:30:00+00:00,96,163.18060058539135,110.01702467434473
site_ad3433ffac,2026-03-09T13:45:00+00:00,4,318.47952134685323,858.2923855149995
site_ad3433ffac,2026-03-09T13:45:00+00:00,96,102.64832208724633,74.86406363603444
site_ad3433ffac,2026-03-09T14:00:00+00:00,4,258.21081224526887,699.0532402597785
site_ad3433ffac,2026-03-09T14:00:00+00:00,96,157.63948555256803,132.2885743352753
site_ad3433ffac,2026-03-09T14:15:00+00:00,4,347.88999817428623,930.4853235115276
site_ad3433ffac,2026-03-09T14:15:00+00:00,96,182.3400421821633,147.77365798637885
site_ad3433ffac,2026-03-09T14:30:00+00:00,4,402.62774938229643,1049.0696359241947
site_ad3433ffac,2026-03-09T14:30:00+00:00,96,744.8210514041261,549.6775293170874
site_ad3433ffac,2026-03-09T14:45:00+00:00,4,552.5679523172881,1365.2840775161983
site_ad3433ffac,2026-03-09T14:45:00+00:00,96,381.6434809408164,288.10661780515943
site_ad3433ffac,2026-03-09T15:00:00+00:00,4,377.8204625708158,816.5430051201228
site_ad3433ffac,2026-03-09T15:00:00+00:00,96,487.66967676683777,352.35484697712747
site_ad3433ffac,2026-03-09T15:15:00+00:00,4,370.24002372881404,967.2067030476888
site_ad3433ffac,2026-03-09T15:15:00+00:00,96,161.3193922869582,140.85373635804098
site_ad3433ffac,2026-03-09T15:30:00+00:00,4,339.9140739234659,697.0925377288621
site_ad3433ffac,2026-03-09T15:30:00+00:00,96,167.70875358559314,143.38984908990656
site_ad3433ffac,2026-03-09T15:45:00+00:00,4,549.8444666793956,583.6524620585961
site_ad3433ffac,2026-03-09T15:45:00+00:00,96,132.4931613573898,122.92019689331565
site_ad3433ffac,2026-03-09T16:00:00+00:00,4,422.38040738360684,767.8598476004383
site_ad3433ffac,2026-03-09T16:00:00+00:00,96,178.1730394361879,169.00351586137884
site_ad3433ffac,2026-03-09T16:15:00+00:00,4,396.41682683277736,565.2582234885507
site_ad3433ffac,2026-03-09T16:15:00+00:00,96,110.50271302440302,100.91487292063518
site_ad3433ffac,2026-03-09T16:30:00+00:00,4,384.331531021414,1012.7052255396405
site_ad3433ffac,2026-03-09T16:30:00+00:00,96,106.71252354580335,96.36880177621975
site_ad3433ffac,2026-03-09T16:45:00+00:00,4,404.89817652996976,694.2044850424921
site_ad3433ffac,2026-03-09T16:45:00+00:00,96,97.85271763851104,90.49962842107146
site_ad3433ffac,2026-03-09T17:00:00+00:00,4,341.0891771143724,617.3531320711606
site_ad3433ffac,2026-03-09T17:00:00+00:00,96,227.31900412214992,197.38077305018902
site_ad3433ffac,2026-03-09T17:15:00+00:00,4,532.654339683568,1009.0224840151706
site_ad3433ffac,2026-03-09T17:15:00+00:00,96,294.2304846664313,217.78370328177027
site_ad3433ffac,2026-03-09T17:30:00+00:00,4,537.5200305464106,1291.975142684029
site_ad3433ffac,2026-03-09T17:30:00+00:00,96,121.7584301937586,161.75603506041125
site_ad3433ffac,2026-03-09T17:45:00+00:00,4,539.6625313249299,874.6503104307682
site_ad3433ffac,2026-03-09T17:45:00+00:00,96,187.8570747415343,135.54270678273605
site_ad3433ffac,2026-03-09T18:00:00+00:00,4,468.9984246608344,1065.469877628666
site_ad3433ffac,2026-03-09T18:00:00+00:00,96,125.19087494127697,123.04471773196298
site_ad3433ffac,2026-03-09T18:15:00+00:00,4,586.6032114785019,1109.4220281065918
site_ad3433ffac,2026-03-09T18:15:00+00:00,96,167.9775019129666,123.73347452561954
site_ad3433ffac,2026-03-09T18:30:00+00:00,4,454.23290402935316,975.0501899822488
site_ad3433ffac,2026-03-09T18:30:00+00:00,96,101.4166808082854,138.4529823330014
site_ad3433ffac,2026-03-09T18:45:00+00:00,4,409.77900233374737,678.7201335168139
site_ad3433ffac,2026-03-09T18:45:00+00:00,96,198.90984292019232,146.59858105119127
site_ad3433ffac,2026-03-09T19:00:00+00:00,4,397.9144689575989,693.1114200829891
site_ad3433ffac,2026-03-09T19:00:00+00:00,96,169.30472090395614,126.93474104193953
site_ad3433ffac,2026-03-09T19:15:00+00:00,4,641.8520410091252,622.6578557167174
site_ad3433ffac,2026-03-09T19:15:00+00:00,96,100.4947035164768,72.96249578107648
site_ad3433ffac,2026-03-09T19:30:00+00:00,4,345.52348784355917,516.3624035566415
site_ad3433ffac,2026-03-09T19:30:00+00:00,96,141.82889153932575,109.75354622695714
site_ad3433ffac,2026-03-09T19:45:00+00:00,4,494.49909507897286,562.546737691897
site_ad3433ffac,2026-03-09T19:45:00+00:00,96,146.64453494696224,115.19899431202926
site_ad3433ffac,2026-03-09T20:00:00+00:00,4,485.9151328904865,742.4189111548596
site_ad3433ffac,2026-03-09T20:00:00+00:00,96,151.15804688263663,196.91697498481471
site_ad3433ffac,2026-03-09T20:15:00+00:00,4,522.0090207990634,1032.7186827943326
site_ad3433ffac,2026-03-09T20:15:00+00:00,96,161.86139843419767,125.56782142601857
site_ad3433ffac,2026-03-09T20:30:00+00:00,4,524.0461080203529,1270.7859750212237
site_ad3433ffac,2026-03-09T20:30:00+00:00,96,118.15021449242279,92.31066555341671
site_ad3433ffac,2026-03-09T20:45:00+00:00,4,507.9105293899929,1005.720006120858
site_ad3433ffac,2026-03-09T20:45:00+00:00,96,197.855183579138,200.0111238482625
site_ad3433ffac,2026-03-09T21:00:00+00:00,4,528.8391772192194,1147.0076790125597
site_ad3433ffac,2026-03-09T21:00:00+00:00,96,183.50730730838922,176.0748237822473
site_ad3433ffac,2026-03-09T21:15:00+00:00,4,330.7252890162234,838.3764855410517
site_ad3433ffac,2026-03-09T21:15:00+00:00,96,231.51472117684077,265.2500226976886
site_ad3433ffac,2026-03-09T21:30:00+00:00,4,268.66260450323006,476.43927539060087
site_ad3433ffac,2026-03-09T21:30:00+00:00,96,147.70737413446602,136.16479711934858
site_ad3433ffac,2026-03-09T21:45:00+00:00,4,235.6377431358867,338.4679592320352
site_ad3433ffac,2026-03-09T21:45:00+00:00,96,108.52564644248443,82.26988900894396
site_ad3433ffac,2026-03-09T22:00:00+00:00,4,283.2509372553144,295.3511825017958
site_ad3433ffac,2026-03-09T22:00:00+00:00,96,75.86033895656331,57.3832141581815
site_ad3433ffac,2026-03-09T22:15:00+00:00,4,221.69661469805814,280.0922609245059
site_ad3433ffac,2026-03-09T22:15:00+00:00,96,188.51202519924433,135.70859746616367
site_ad3433ffac,2026-03-09T22:30:00+00:00,4,250.18573654032306,327.08799525639773
site_ad3433ffac,2026-03-09T22:30:00+00:00,96,56.43662786278668,45.725510523075656
site_ad3433ffac,2026-03-09T22:45:00+00:00,4,276.48275368187205,384.2206037529347
site_ad3433ffac,2026-03-09T22:45:00+00:00,96,59.56159003419667,44.30583747916705
site_ad3433ffac,2026-03-09T23:00:00+00:00,4,283.536896008759,431.91205184253494
site_ad3433ffac,2026-03-09T23:00:00+00:00,96,53.099295565883224,100.85400380241958
site_ad3433ffac,2026-03-09T23:15:00+00:00,4,267.27836041906573,633.4461511724498
site_ad3433ffac,2026-03-09T23:15:00+00:00,96,177.97417113315055,128.57171738755255
site_ad3433ffac,2026-03-09T23:30:00+00:00,4,278.254227214939,479.92791154641304
site_ad3433ffac,2026-03-09T23:30:00+00:00,96,340.25034851739605,239.48231076097989
site_ad3433ffac,2026-03-09T23:45:00+00:00,4,265.89112452276106,358.3200143586266
site_ad3433ffac,2026-03-09T23:45:00+00:00,96,74.5253717905386,55.503179874272675
site_ad3433ffac,2026-03-10T00:00:00+00:00,4,242.66931738565486,312.27979494825246
site_ad3433ffac,2026-03-10T00:00:00+00:00,96,85.09152148930004,66.47302678918408
site_ad3433ffac,2026-03-10T00:15:00+00:00,4,178.30488868089012,185.2116426112342
site_ad3433ffac,2026-03-10T00:15:00+00:00,96,235.24742138125322,190.17714582606848
site_ad3433ffac,2026-03-10T00:30:00+00:00,4,241.47818524509736,237.59300438450458
site_ad3433ffac,2026-03-10T00:30:00+00:00,96,320.1986608675897,367.67322604477255
site_ad3433ffac,2026-03-10T00:45:00+00:00,4,297.1462322559089,265.3841936896943
site_ad3433ffac,2026-03-10T00:45:00+00:00,96,108.36891465196635,78.96806364914744
site_ad3433ffac,2026-03-10T01:00:00+00:00,4,446.7526983632462,386.0716314628818
site_ad3433ffac,2026-03-10T01:00:00+00:00,96,255.30548118259185,182.76212451954123
site_ad3433ffac,2026-03-10T01:15:00+00:00,4,206.28360556527707,273.36623892148737
site_ad3433ffac,2026-03-10T01:15:00+00:00,96,566.0250045365754,394.36115484349824
site_ad3433ffac,2026-03-10T01:30:00+00:00,4,247.8878592561445,214.87706851035603
site_ad3433ffac,2026-03-10T01:30:00+00:00,96,303.6398378241159,217.68017737493744
site_ad3433ffac,2026-03-10T01:45:00+00:00,4,412.715402679205,351.0865435662118
site_ad3433ffac,2026-03-10T01:45:00+00:00,96,156.68576513569843,118.24602498333974
site_ad3433ffac,2026-03-10T02:00:00+00:00,4,301.86999177615655,269.5844674430812
site_ad3433ffac,2026-03-10T02:00:00+00:00,96,110.46391675289355,84.18765356432041
site_ad3433ffac,2026-03-10T02:15:00+00:00,4,185.3961772891393,153.8989225185926
site_ad3433ffac,2026-03-10T02:15:00+00:00,96,179.89419373647246,131.31859313320103
site_ad3433ffac,2026-03-10T02:30:00+00:00,4,255.68507567582742,229.089210926804
site_ad3433ffac,2026-03-10T02:30:00+00:00,96,204.8387522990496,163.2973302336514
site_ad3433ffac,2026-03-10T02:45:00+00:00,4,299.84141658944503,255.52380491976683
site_ad3433ffac,2026-03-10T02:45:00+00:00,96,213.6763025011594,250.21107822544568
site_ad3433ffac,2026-03-10T03:00:00+00:00,4,288.7266685946233,258.3704376855625
site_ad3433ffac,2026-03-10T03:00:00+00:00,96,153.30218546985466,159.40442153007322
site_ad3433ffac,2026-03-10T03:15:00+00:00,4,280.20992500320256,286.8151030255464
site_ad3433ffac,2026-03-10T03:15:00+00:00,96,206.41611641079996,191.87000038376033
site_ad3433ffac,2026-03-10T03:30:00+00:00,4,293.9075013578045,296.6544373772564
site_ad3433ffac,2026-03-10T03:30:00+00:00,96,406.52568589671796,705.8276839925276
site_ad3433ffac,2026-03-10T03:45:00+00:00,4,336.066485438683,279.4252735597138
site_ad3433ffac,2026-03-10T03:45:00+00:00,96,516.2135728597408,1067.0619424518145
site_ad3433ffac,2026-03-10T04:00:00+00:00,4,257.0520836766222,222.23188133985056
site_ad3433ffac,2026-03-10T04:00:00+00:00,96,368.1479115632703,649.093602494451
site_ad3433ffac,2026-03-10T04:15:00+00:00,4,271.5358846137136,225.86728291525543
site_ad3433ffac,2026-03-10T04:15:00+00:00,96,467.07518836923373,851.6266894506044
site_ad3433ffac,2026-03-10T04:30:00+00:00,4,324.217253086608,263.89558968590336
site_ad3433ffac,2026-03-10T04:30:00+00:00,96,574.886569274645,1305.12870694699
site_ad3433ffac,2026-03-10T04:45:00+00:00,4,365.792064614724,290.31947185458137
site_ad3433ffac,2026-03-10T04:45:00+00:00,96,268.1944628913212,534.2073751254165
site_ad3433ffac,2026-03-10T05:00:00+00:00,4,361.0263446783596,422.1167366262236
site_ad3433ffac,2026-03-10T05:00:00+00:00,96,296.2975040131753,601.476074581556
site_ad3433ffac,2026-03-10T05:15:00+00:00,4,282.72451668582903,257.14794144033317
site_ad3433ffac,2026-03-10T05:15:00+00:00,96,293.8910368285115,674.6081844049103
site_ad3433ffac,2026-03-10T05:30:00+00:00,4,305.0776051685098,264.9244878284155
site_ad3433ffac,2026-03-10T05:30:00+00:00,96,321.75098354315656,808.6399078933234
site_ad3433ffac,2026-03-10T05:45:00+00:00,4,354.43970036381904,316.25806645025
site_ad3433ffac,2026-03-10T05:45:00+00:00,96,242.25906915335094,649.5480730720378
site_ad3433ffac,2026-03-10T06:00:00+00:00,4,324.8196574887136,288.29095494164835
site_ad3433ffac,2026-03-10T06:00:00+00:00,96,955.3633723998004,2489.905364152551
site_ad3433ffac,2026-03-10T06:15:00+00:00,4,300.615152388665,284.3847181713042
site_ad3433ffac,2026-03-10T06:15:00+00:00,96,396.23137911829383,1056.7619850727397
site_ad3433ffac,2026-03-10T06:30:00+00:00,4,326.27621647191836,350.76766357296924
site_ad3433ffac,2026-03-10T06:30:00+00:00,96,569.0617902125833,1514.4740023398292
site_ad3433ffac,2026-03-10T06:45:00+00:00,4,370.8202235706653,360.0836963518173
site_ad3433ffac,2026-03-10T06:45:00+00:00,96,1216.1354463095624,3221.4564429633947
site_ad3433ffac,2026-03-10T07:00:00+00:00,4,400.86884172631915,374.1203509645774
site_ad3433ffac,2026-03-10T07:00:00+00:00,96,479.0413075179678,1274.8977344191583
site_ad3433ffac,2026-03-10T07:15:00+00:00,4,461.48980456957054,567.581575207577
site_ad3433ffac,2026-03-10T07:15:00+00:00,96,617.7409592261015,1276.4527632865638
site_ad3433ffac,2026-03-10T07:30:00+00:00,4,554.8153181750087,515.0720497357594
site_ad3433ffac,2026-03-10T07:30:00+00:00,96,363.1123742149328,971.5786812699752
site_ad3433ffac,2026-03-10T07:45:00+00:00,4,440.0766307257064,396.48585439037186
site_ad3433ffac,2026-03-10T07:45:00+00:00,96,287.5186442943105,774.8287421396806
site_ad3433ffac,2026-03-10T08:00:00+00:00,4,369.66347715708525,302.5703599840672
site_ad3433ffac,2026-03-10T08:00:00+00:00,96,337.78969216170736,904.6094945739
site_ad3433ffac,2026-03-10T08:15:00+00:00,4,477.65864733480777,453.83705541609584
site_ad3433ffac,2026-03-10T08:15:00+00:00,96,262.751536865495,707.9893218304423
site_ad3433ffac,2026-03-10T08:30:00+00:00,4,495.5595418993877,406.97600547602656
site_ad3433ffac,2026-03-10T08:30:00+00:00,96,285.4657334958698,768.415118776807
site_ad3433ffac,2026-03-10T08:45:00+00:00,4,503.6945509028506,409.7530516857149
site_ad3433ffac,2026-03-10T08:45:00+00:00,96,238.8964601021858,643.4846305517412
site_ad3433ffac,2026-03-10T09:00:00+00:00,4,451.5770662632535,486.3395258121701
site_ad3433ffac,2026-03-10T09:00:00+00:00,96,312.6680587270821,837.5807650647502
site_ad3433ffac,2026-03-10T09:15:00+00:00,4,404.8325274845392,347.4565497030594
site_ad3433ffac,2026-03-10T09:15:00+00:00,96,239.63820263852378,645.1417013356681
site_ad3433ffac,2026-03-10T09:30:00+00:00,4,386.2013537496375,319.4980365533626
site_ad3433ffac,2026-03-10T09:30:00+00:00,96,257.53577500476126,691.9209208452944
site_ad3433ffac,2026-03-10T09:45:00+00:00,4,421.08656231827854,626.9583885490905
site_ad3433ffac,2026-03-10T09:45:00+00:00,96,239.7990090462516,646.3359253556442
site_ad3433ffac,2026-03-10T10:00:00+00:00,4,414.61601452373,417.10955716045936
site_ad3433ffac,2026-03-10T10:00:00+00:00,96,181.02520669753164,490.5908973144983
site_ad3433ffac,2026-03-10T10:15:00+00:00,4,323.9885568257832,296.6626359841621
site_ad3433ffac,2026-03-10T10:15:00+00:00,96,300.6435793266293,805.1212455732312
site_ad3433ffac,2026-03-10T10:30:00+00:00,4,402.39857186886405,347.46900858121404
site_ad3433ffac,2026-03-10T10:30:00+00:00,96,187.77855402672242,511.73440166886354
site_ad3433ffac,2026-03-10T10:45:00+00:00,4,329.88905896605314,275.799703692467
site_ad3433ffac,2026-03-10T10:45:00+00:00,96,219.2381709994252,593.7996047680897
site_ad3433ffac,2026-03-10T11:00:00+00:00,4,253.41823467365623,206.20837413074486
site_ad3433ffac,2026-03-10T11:00:00+00:00,96,267.33515241305,720.9951201477654
site_ad3433ffac,2026-03-10T11:15:00+00:00,4,265.72714351349344,215.71957904595655
site_ad3433ffac,2026-03-10T11:15:00+00:00,96,287.80625738657585,774.7992993117633
site_ad3433ffac,2026-03-10T11:30:00+00:00,4,376.73895383119844,266.3356117297975
site_ad3433ffac,2026-03-10T11:30:00+00:00,96,174.7777944166777,476.9983846959011
site_ad3433ffac,2026-03-10T11:45:00+00:00,4,387.38323983922646,411.95343810579675
site_ad3433ffac,2026-03-10T11:45:00+00:00,96,317.38007234786346,852.3730485737052
site_ad3433ffac,2026-03-10T12:00:00+00:00,4,373.1699675683251,454.3896667972307
site_ad3433ffac,2026-03-10T12:00:00+00:00,96,399.6983460885439,1005.5962888671374
site_ad3433ffac,2026-03-10T12:15:00+00:00,4,381.84847593482834,365.88614988054195
site_ad3433ffac,2026-03-10T12:15:00+00:00,96,350.1747848914066,938.2979540048299
site_ad3433ffac,2026-03-10T12:30:00+00:00,4,197.96068918305303,212.00883063407724
site_ad3433ffac,2026-03-10T12:30:00+00:00,96,252.82418950361694,681.388200329841
site_ad3433ffac,2026-03-10T12:45:00+00:00,4,235.76227952447036,222.02155065254982
site_ad3433ffac,2026-03-10T12:45:00+00:00,96,180.3495133148681,487.2875607322403
site_ad3433ffac,2026-03-10T13:00:00+00:00,4,320.07956246481126,372.4107418787731
site_ad3433ffac,2026-03-10T13:00:00+00:00,96,133.1504840043496,364.81587106467134
site_ad3433ffac,2026-03-10T13:15:00+00:00,4,406.42029974055146,669.2888237764957
site_ad3433ffac,2026-03-10T13:15:00+00:00,96,478.86595480432266,1275.221571533112
site_ad3433ffac,2026-03-10T13:30:00+00:00,4,340.018017026726,393.25194950423463
site_ad3433ffac,2026-03-10T13:30:00+00:00,96,721.0766194009965,1915.838290357642
site_ad3433ffac,2026-03-10T13:45:00+00:00,4,323.82771131167345,231.84079375308218
site_ad3433ffac,2026-03-10T13:45:00+00:00,96,785.9603034275585,2005.8952999827573
site_ad3433ffac,2026-03-10T14:00:00+00:00,4,362.92138812327454,411.2102586677158
site_ad3433ffac,2026-03-10T14:00:00+00:00,96,424.00405205331936,925.7726807645817
site_ad3433ffac,2026-03-10T14:15:00+00:00,4,249.7460043432004,168.2263244642237
site_ad3433ffac,2026-03-10T14:15:00+00:00,96,202.8331811996896,549.0773148488681
site_ad3433ffac,2026-03-10T14:30:00+00:00,4,285.95321805988686,383.4627245763247
site_ad3433ffac,2026-03-10T14:30:00+00:00,96,262.23981273854446,540.1914981202191
site_ad3433ffac,2026-03-10T14:45:00+00:00,4,319.916629511698,285.3768438066919
site_ad3433ffac,2026-03-10T14:45:00+00:00,96,856.201061328655,867.3608215453617
site_ad3433ffac,2026-03-10T15:00:00+00:00,4,305.3041092143453,261.4603382912725
site_ad3433ffac,2026-03-10T15:00:00+00:00,96,410.77695126956013,750.7640129016659
site_ad3433ffac,2026-03-10T15:15:00+00:00,4,303.8602419157248,247.2037168569983
site_ad3433ffac,2026-03-10T15:15:00+00:00,96,270.7272431869713,386.03453817021364
site_ad3433ffac,2026-03-10T15:30:00+00:00,4,182.50580521517577,152.00141539240602
site_ad3433ffac,2026-03-10T15:30:00+00:00,96,212.53564272055198,573.5094849444289
site_ad3433ffac,2026-03-10T15:45:00+00:00,4,159.5575942920731,143.2590909495127
site_ad3433ffac,2026-03-10T15:45:00+00:00,96,318.9435362254014,551.6740546360866
site_ad3433ffac,2026-03-10T16:00:00+00:00,4,266.77024832375395,369.9600143202296
site_ad3433ffac,2026-03-10T16:00:00+00:00,96,225.675046126562,410.12292334381766
site_ad3433ffac,2026-03-10T16:15:00+00:00,4,364.37192643774614,542.7298472151841
site_ad3433ffac,2026-03-10T16:15:00+00:00,96,438.5470234719172,844.6104935355086
site_ad3433ffac,2026-03-10T16:30:00+00:00,4,299.8853415219873,245.04534704178855
site_ad3433ffac,2026-03-10T16:30:00+00:00,96,323.0394042184488,793.002382180594
site_ad3433ffac,2026-03-10T16:45:00+00:00,4,263.61732135800787,342.53048474638683
site_ad3433ffac,2026-03-10T16:45:00+00:00,96,324.8809474747518,528.2397783673357
site_ad3433ffac,2026-03-10T17:00:00+00:00,4,269.8846534380508,237.04303141612064
site_ad3433ffac,2026-03-10T17:00:00+00:00,96,466.2394121017312,1080.0450991573855
site_ad3433ffac,2026-03-10T17:15:00+00:00,4,278.87156023400104,424.7516843728344
site_ad3433ffac,2026-03-10T17:15:00+00:00,96,588.3157773429418,1128.6531748918655
site_ad3433ffac,2026-03-10T17:30:00+00:00,4,321.99511381592885,371.4983572599729
site_ad3433ffac,2026-03-10T17:30:00+00:00,96,227.7320840904168,494.15953109473816
site_ad3433ffac,2026-03-10T17:45:00+00:00,4,321.0469736127096,548.8731622850653
site_ad3433ffac,2026-03-10T17:45:00+00:00,96,193.64140331958674,322.24550690223265
site_ad3433ffac,2026-03-10T18:00:00+00:00,4,329.07082625461726,558.4735787399022
site_ad3433ffac,2026-03-10T18:00:00+00:00,96,286.40349426955527,501.8229824682368
site_ad3433ffac,2026-03-10T18:15:00+00:00,4,367.45555317394616,584.9921015486548
site_ad3433ffac,2026-03-10T18:15:00+00:00,96,1150.847543363374,1087.183089018365
site_ad3433ffac,2026-03-10T18:30:00+00:00,4,355.59033602185946,527.7588868418145
site_ad3433ffac,2026-03-10T18:30:00+00:00,96,190.54073319620818,278.1937734180223
site_ad3433ffac,2026-03-10T18:45:00+00:00,4,315.88130860361554,488.6062540662861
site_ad3433ffac,2026-03-10T18:45:00+00:00,96,368.3954656974351,418.9187171763798
site_ad3433ffac,2026-03-10T19:00:00+00:00,4,324.7402369954575,548.834705910819
site_ad3433ffac,2026-03-10T19:00:00+00:00,96,248.09627998768391,380.9203337767922
site_ad3433ffac,2026-03-10T19:15:00+00:00,4,540.36418757804,1180.4111456461994
site_ad3433ffac,2026-03-10T19:15:00+00:00,96,291.8173419709769,587.8762972488172
site_ad3433ffac,2026-03-10T19:30:00+00:00,4,317.4786034577255,522.014575835698
site_ad3433ffac,2026-03-10T19:30:00+00:00,96,348.25659552794855,866.3554012598671
site_ad3433ffac,2026-03-10T19:45:00+00:00,4,319.04635485817766,622.3071011165604
site_ad3433ffac,2026-03-10T19:45:00+00:00,96,275.4894426096407,553.1412687500294
site_ad3433ffac,2026-03-10T20:00:00+00:00,4,383.6371811133099,423.2111521642607
site_ad3433ffac,2026-03-10T20:00:00+00:00,96,285.33169351221255,629.7722820143466
site_ad3433ffac,2026-03-10T20:15:00+00:00,4,277.2431937032331,379.5678560909914
site_ad3433ffac,2026-03-10T20:15:00+00:00,96,148.13240204863712,383.03938048536054
site_ad3433ffac,2026-03-10T20:30:00+00:00,4,275.4993781626534,367.23246322209724
site_ad3433ffac,2026-03-10T20:30:00+00:00,96,171.857375403022,287.87891625293605
site_ad3433ffac,2026-03-10T20:45:00+00:00,4,347.79111010129054,741.0239935294688
site_ad3433ffac,2026-03-10T20:45:00+00:00,96,132.82073214577858,182.82236718614536
site_ad3433ffac,2026-03-10T21:00:00+00:00,4,272.48796062485644,624.2209003683378
site_ad3433ffac,2026-03-10T21:00:00+00:00,96,169.1281496966334,159.24350803333616
site_ad3433ffac,2026-03-10T21:15:00+00:00,4,316.10667132061803,715.7143320108626
site_ad3433ffac,2026-03-10T21:15:00+00:00,96,125.40440175379217,150.68305113043667
site_ad3433ffac,2026-03-10T21:30:00+00:00,4,289.0121206308931,648.3505635858253
site_ad3433ffac,2026-03-10T21:30:00+00:00,96,199.38716435089736,238.0655515335286
site_ad3433ffac,2026-03-10T21:45:00+00:00,4,480.26343932488186,524.7894339567947
site_ad3433ffac,2026-03-10T21:45:00+00:00,96,246.71207101197865,323.5695986699733
site_ad3433ffac,2026-03-10T22:00:00+00:00,4,406.48411341715286,330.03500459147324
site_ad3433ffac,2026-03-10T22:00:00+00:00,96,236.36140243037977,329.47722392148665
site_ad3433ffac,2026-03-10T22:15:00+00:00,4,462.00115786784903,395.50212390601257
site_ad3433ffac,2026-03-10T22:15:00+00:00,96,377.5352050855707,861.7404709029196
site_ad3433ffac,2026-03-10T22:30:00+00:00,4,251.3246182611892,217.67800868513265
site_ad3433ffac,2026-03-10T22:30:00+00:00,96,310.69157245056107,496.5236061654806
site_ad3433ffac,2026-03-10T22:45:00+00:00,4,247.07662276256013,483.4058497719153
site_ad3433ffac,2026-03-10T22:45:00+00:00,96,291.82482760095763,353.89960366545705
site_ad3433ffac,2026-03-10T23:00:00+00:00,4,197.65261328553618,235.06869734443555
site_ad3433ffac,2026-03-10T23:00:00+00:00,96,210.47341946814643,235.88915385465174
site_ad3433ffac,2026-03-10T23:15:00+00:00,4,206.8042998040392,205.95700292949348
site_ad3433ffac,2026-03-10T23:15:00+00:00,96,126.33926797307856,120.5776797782309
site_ad3433ffac,2026-03-10T23:30:00+00:00,4,250.45248466825808,482.65408781262715
site_ad3433ffac,2026-03-10T23:30:00+00:00,96,285.875066700489,240.35672597634908
site_ad3433ffac,2026-03-10T23:45:00+00:00,4,296.9741505097605,499.70720952883585
site_ad3433ffac,2026-03-10T23:45:00+00:00,96,322.03951113637544,253.69311474715485
site_ad3433ffac,2026-03-11T00:00:00+00:00,4,314.02458931733673,508.91054834421743
site_ad3433ffac,2026-03-11T00:00:00+00:00,96,568.2002341669311,437.9056374200104
site_ad3433ffac,2026-03-11T00:15:00+00:00,4,387.6253695760941,311.4152484021565
site_ad3433ffac,2026-03-11T00:15:00+00:00,96,148.01915416850707,184.4996307706975
site_ad3433ffac,2026-03-11T00:30:00+00:00,4,370.8342189348272,472.8953950420935
site_ad3433ffac,2026-03-11T00:30:00+00:00,96,258.28110155477015,204.74458186275902
site_ad3433ffac,2026-03-11T00:45:00+00:00,4,278.48041466817557,373.68591019207577
site_ad3433ffac,2026-03-11T00:45:00+00:00,96,729.9224038958408,584.4415074513007
site_ad3433ffac,2026-03-11T01:00:00+00:00,4,255.6003369838093,220.8715404184037
site_ad3433ffac,2026-03-11T01:00:00+00:00,96,257.4580434634215,211.98360848329878
site_ad3433ffac,2026-03-11T01:15:00+00:00,4,325.559085525551,667.3376176689553
site_ad3433ffac,2026-03-11T01:15:00+00:00,96,131.7707591845657,111.94134248772347
site_ad3433ffac,2026-03-11T01:30:00+00:00,4,380.91937402909707,446.8298480873573
site_ad3433ffac,2026-03-11T01:30:00+00:00,96,263.17170639315145,210.17472994501213
site_ad3433ffac,2026-03-11T01:45:00+00:00,4,278.1557370272723,314.84697357022236
site_ad3433ffac,2026-03-11T01:45:00+00:00,96,216.96446847887046,169.4637442844728
site_ad3433ffac,2026-03-11T02:00:00+00:00,4,268.2963346608155,281.8139343874962
site_ad3433ffac,2026-03-11T02:00:00+00:00,96,249.2958749656704,203.3514253054426
site_ad3433ffac,2026-03-11T02:15:00+00:00,4,367.38257447837515,304.80787534269734
site_ad3433ffac,2026-03-11T02:15:00+00:00,96,248.75442105532522,245.08024043273235
site_ad3433ffac,2026-03-11T02:30:00+00:00,4,318.2350550135128,347.5307164238825
site_ad3433ffac,2026-03-11T02:30:00+00:00,96,213.796984085163,204.50435993092353
site_ad3433ffac,2026-03-11T02:45:00+00:00,4,284.84358087249694,362.1604886073332
site_ad3433ffac,2026-03-11T02:45:00+00:00,96,249.11019816119284,197.03812812311193
site_ad3433ffac,2026-03-11T03:00:00+00:00,4,291.0020346448489,513.2812752016596
site_ad3433ffac,2026-03-11T03:00:00+00:00,96,143.3617230994686,120.72575259534773
site_ad3433ffac,2026-03-11T03:15:00+00:00,4,286.8987685709982,542.4722655382327
site_ad3433ffac,2026-03-11T03:15:00+00:00,96,200.4927242247739,158.6917697866618
site_ad3433ffac,2026-03-11T03:30:00+00:00,4,183.52101546116933,501.77157129001216
site_ad3433ffac,2026-03-11T03:30:00+00:00,96,195.30626296506694,159.17035410464928
site_ad3433ffac,2026-03-11T03:45:00+00:00,4,200.7708250903562,238.072073985832
site_ad3433ffac,2026-03-11T03:45:00+00:00,96,323.3056616268981,245.93802640715032
site_ad3433ffac,2026-03-11T04:00:00+00:00,4,227.5162754276871,621.2849803781626
site_ad3433ffac,2026-03-11T04:00:00+00:00,96,370.1690859428659,430.7610276594145
site_ad3433ffac,2026-03-11T04:15:00+00:00,4,338.3220357994027,727.6795382384324
site_ad3433ffac,2026-03-11T04:15:00+00:00,96,271.8089699764728,232.56158638231994
site_ad3433ffac,2026-03-11T04:30:00+00:00,4,290.5693242206625,488.2178356481881
site_ad3433ffac,2026-03-11T04:30:00+00:00,96,207.94068588981833,182.0308428915199
site_ad3433ffac,2026-03-11T04:45:00+00:00,4,278.47085828003316,447.2091720803934
site_ad3433ffac,2026-03-11T04:45:00+00:00,96,283.147187809765,239.60935835035383
site_ad3433ffac,2026-03-11T05:00:00+00:00,4,310.4294897413398,691.2431124182548
site_ad3433ffac,2026-03-11T05:00:00+00:00,96,203.6956380197937,181.231740862139
site_ad3433ffac,2026-03-11T05:15:00+00:00,4,342.0041962882147,927.1511219343348
site_ad3433ffac,2026-03-11T05:15:00+00:00,96,258.0865709773458,235.41766774062646
site_ad3433ffac,2026-03-11T05:30:00+00:00,4,318.28485445821565,640.0964169134539
site_ad3433ffac,2026-03-11T05:30:00+00:00,96,282.8013520979463,295.47953431770003
site_ad3433ffac,2026-03-11T05:45:00+00:00,4,318.42052930129654,872.1486149966813
site_ad3433ffac,2026-03-11T05:45:00+00:00,96,281.6647140081702,268.3219631602865
site_ad3433ffac,2026-03-11T06:00:00+00:00,4,326.04698941704805,397.9767779490709
site_ad3433ffac,2026-03-11T06:00:00+00:00,96,616.7890434573069,549.6170063309551
site_ad3433ffac,2026-03-11T06:15:00+00:00,4,285.8740211252828,778.8052002586486
site_ad3433ffac,2026-03-11T06:15:00+00:00,96,863.444824458372,1036.5872590768051
site_ad3433ffac,2026-03-11T06:30:00+00:00,4,158.0295986112601,423.932869423435
site_ad3433ffac,2026-03-11T06:30:00+00:00,96,856.1337140860524,747.2625690457891
site_ad3433ffac,2026-03-11T06:45:00+00:00,4,230.8398023036371,262.58561454167545
site_ad3433ffac,2026-03-11T06:45:00+00:00,96,386.37722471137477,328.2815944603325
site_ad3433ffac,2026-03-11T07:00:00+00:00,4,325.93666240878287,354.203619876724
site_ad3433ffac,2026-03-11T07:00:00+00:00,96,333.09041947539174,260.7916490778282
site_ad3433ffac,2026-03-11T07:15:00+00:00,4,428.9918408321637,529.1869285058068
site_ad3433ffac,2026-03-11T07:15:00+00:00,96,494.3888385416758,439.12481151765485
site_ad3433ffac,2026-03-11T07:30:00+00:00,4,265.1997445025866,702.5930573217815
site_ad3433ffac,2026-03-11T07:30:00+00:00,96,308.7277789962293,244.71281757059455
site_ad3433ffac,2026-03-11T07:45:00+00:00,4,345.5065435708961,478.5881577320786
site_ad3433ffac,2026-03-11T07:45:00+00:00,96,300.70419408810994,232.97557665144853
site_ad3433ffac,2026-03-11T08:00:00+00:00,4,353.26712250250586,708.7138260541024
site_ad3433ffac,2026-03-11T08:00:00+00:00,96,273.66564782924513,287.9792361422937
site_ad3433ffac,2026-03-11T08:15:00+00:00,4,335.916260183476,894.8992133593159
site_ad3433ffac,2026-03-11T08:15:00+00:00,96,234.8060873830026,184.67246767387303
site_ad3433ffac,2026-03-11T08:30:00+00:00,4,301.0592095134465,741.1227191580072
site_ad3433ffac,2026-03-11T08:30:00+00:00,96,233.4123685154549,183.11764114475432
site_ad3433ffac,2026-03-11T08:45:00+00:00,4,313.48502739955984,601.484242341864
site_ad3433ffac,2026-03-11T08:45:00+00:00,96,296.76225737792527,436.2484001352839
site_ad3433ffac,2026-03-11T09:00:00+00:00,4,322.90228156659816,507.5831148548194
site_ad3433ffac,2026-03-11T09:00:00+00:00,96,420.0419395719167,394.87970756397317
site_ad3433ffac,2026-03-11T09:15:00+00:00,4,327.0092557341549,618.9825811947569
site_ad3433ffac,2026-03-11T09:15:00+00:00,96,221.96840893784676,190.81415848531208
site_ad3433ffac,2026-03-11T09:30:00+00:00,4,323.8647006516792,682.8577739860796
site_ad3433ffac,2026-03-11T09:30:00+00:00,96,465.7144320948474,368.05997500680934
site_ad3433ffac,2026-03-11T09:45:00+00:00,4,348.35828029374306,732.4603451548094
site_ad3433ffac,2026-03-11T09:45:00+00:00,96,225.83459129713077,168.89242472120554
site_ad3433ffac,2026-03-11T10:00:00+00:00,4,381.1201541180015,670.6735748396852
site_ad3433ffac,2026-03-11T10:00:00+00:00,96,155.07755789114952,119.96004000459182
site_ad3433ffac,2026-03-11T10:15:00+00:00,4,397.1028285460275,717.4447712262921
site_ad3433ffac,2026-03-11T10:15:00+00:00,96,207.29663939142546,151.37340696808513
site_ad3433ffac,2026-03-11T10:30:00+00:00,4,312.1466051881713,684.0866940250526
site_ad3433ffac,2026-03-11T10:30:00+00:00,96,220.48072075333346,148.99820075495694
site_ad3433ffac,2026-03-11T10:45:00+00:00,4,368.8110653013796,818.468792811467
site_ad3433ffac,2026-03-11T10:45:00+00:00,96,341.8924890707555,349.80972235520625
site_ad3433ffac,2026-03-11T11:00:00+00:00,4,372.60569055783407,879.3290440011906
site_ad3433ffac,2026-03-11T11:00:00+00:00,96,466.4418888186465,550.0304887928247
site_ad3433ffac,2026-03-11T11:15:00+00:00,4,354.0164426117062,613.1450767152618
site_ad3433ffac,2026-03-11T11:15:00+00:00,96,325.87550268193127,292.6932662864709
site_ad3433ffac,2026-03-11T11:30:00+00:00,4,369.1727533073868,548.9408388038103
site_ad3433ffac,2026-03-11T11:30:00+00:00,96,139.19382327109156,141.3745518961259
site_ad3433ffac,2026-03-11T11:45:00+00:00,4,394.2780631897239,355.0344481279991
site_ad3433ffac,2026-03-11T11:45:00+00:00,96,189.21200325750397,175.1110916078019
site_ad3433ffac,2026-03-11T12:00:00+00:00,4,249.14264832739113,212.8965504405441
site_ad3433ffac,2026-03-11T12:00:00+00:00,96,319.5239494877029,359.3354442062176
site_ad3433ffac,2026-03-11T12:15:00+00:00,4,379.92737292108217,335.94770142951825
site_ad3433ffac,2026-03-11T12:15:00+00:00,96,517.5488734201458,847.0938307878147
site_ad3433ffac,2026-03-11T12:30:00+00:00,4,321.88119010754735,331.31570229832323
site_ad3433ffac,2026-03-11T12:30:00+00:00,96,280.7129163230928,310.0626847883522
site_ad3433ffac,2026-03-11T12:45:00+00:00,4,349.87000325961236,274.3822310562223
site_ad3433ffac,2026-03-11T12:45:00+00:00,96,214.98931152437387,148.0004126401235
site_ad3433ffac,2026-03-11T13:00:00+00:00,4,351.19372434522387,256.7771118346792
site_ad3433ffac,2026-03-11T13:00:00+00:00,96,173.22632240754456,193.5818905172716
site_ad3433ffac,2026-03-11T13:15:00+00:00,4,370.69957152548614,230.74404132742697
site_ad3433ffac,2026-03-11T13:15:00+00:00,96,157.0020629866974,104.76518400596393
site_ad3433ffac,2026-03-11T13:30:00+00:00,4,303.9546532390451,695.3993973944133
site_ad3433ffac,2026-03-11T13:30:00+00:00,96,187.2073512823295,245.86957965366463
site_ad3433ffac,2026-03-11T13:45:00+00:00,4,251.95741363748002,110.4643959511173
site_ad3433ffac,2026-03-11T13:45:00+00:00,96,330.2543495933304,273.5773339924424
site_ad3433ffac,2026-03-11T14:00:00+00:00,4,216.15812084124266,259.1309469857015
site_ad3433ffac,2026-03-11T14:00:00+00:00,96,211.72765883119547,169.12316707564045
site_ad3433ffac,2026-03-11T14:15:00+00:00,4,234.4645757741931,322.071518018162
site_ad3433ffac,2026-03-11T14:15:00+00:00,96,207.222909821232,160.98735647095708
site_ad3433ffac,2026-03-11T14:30:00+00:00,4,210.0059885513856,59.8476087360385
site_ad3433ffac,2026-03-11T14:30:00+00:00,96,127.65143578001883,107.59649452928235
site_ad3433ffac,2026-03-11T14:45:00+00:00,4,237.85352559192418,395.308909422531
site_ad3433ffac,2026-03-11T14:45:00+00:00,96,139.8511116658952,121.142695359254
site_ad3433ffac,2026-03-11T15:00:00+00:00,4,259.25293662177717,454.7543886623584
site_ad3433ffac,2026-03-11T15:00:00+00:00,96,314.5509270662013,426.36621039895914
site_ad3433ffac,2026-03-11T15:15:00+00:00,4,212.0131751849524,347.86446083956014
site_ad3433ffac,2026-03-11T15:15:00+00:00,96,378.40079871643127,556.5679464279414
site_ad3433ffac,2026-03-11T15:30:00+00:00,4,243.85096861126343,406.5849152958001
site_ad3433ffac,2026-03-11T15:30:00+00:00,96,299.722220960944,237.9899872244404
site_ad3433ffac,2026-03-11T15:45:00+00:00,4,288.9122631399663,251.33769090668238
site_ad3433ffac,2026-03-11T15:45:00+00:00,96,270.9154618688436,351.53273630402373
site_ad3433ffac,2026-03-11T16:00:00+00:00,4,209.17946282813608,318.3053601131263
site_ad3433ffac,2026-03-11T16:00:00+00:00,96,210.02067252175408,172.32114383492228
site_ad3433ffac,2026-03-11T16:15:00+00:00,4,228.65585975807463,339.9454783524825
site_ad3433ffac,2026-03-11T16:15:00+00:00,96,284.0951123698076,433.40726824391106
site_ad3433ffac,2026-03-11T16:30:00+00:00,4,259.71231483271004,297.53765826940435
site_ad3433ffac,2026-03-11T16:30:00+00:00,96,312.6646024988642,334.65201921084525
site_ad3433ffac,2026-03-11T16:45:00+00:00,4,241.83801431590692,204.7287987151949
site_ad3433ffac,2026-03-11T16:45:00+00:00,96,299.49231347550153,499.5676245547
site_ad3433ffac,2026-03-11T17:00:00+00:00,4,245.77191878203433,135.03715029415673
site_ad3433ffac,2026-03-11T17:00:00+00:00,96,364.54733861157814,582.6382589371101
site_ad3433ffac,2026-03-11T17:15:00+00:00,4,250.48580574412753,123.81325523514903
site_ad3433ffac,2026-03-11T17:15:00+00:00,96,279.88919896939785,425.9727506110078
site_ad3433ffac,2026-03-11T17:30:00+00:00,4,261.05725609732,262.05650750324276
site_ad3433ffac,2026-03-11T17:30:00+00:00,96,402.05769640172025,576.3363715215477
site_ad3433ffac,2026-03-11T17:45:00+00:00,4,240.96031096741606,158.0931372684389
site_ad3433ffac,2026-03-11T17:45:00+00:00,96,199.11340983079157,298.5307792004175
site_ad3433ffac,2026-03-11T18:00:00+00:00,4,214.1590505665729,176.2951075073759
site_ad3433ffac,2026-03-11T18:00:00+00:00,96,263.28124742420556,446.6983054415888
site_ad3433ffac,2026-03-11T18:15:00+00:00,4,230.71755156881528,114.97366616451754
site_ad3433ffac,2026-03-11T18:15:00+00:00,96,935.7065258222718,2068.419192019996
site_ad3433ffac,2026-03-11T18:30:00+00:00,4,256.80369377394203,173.53191806183565
site_ad3433ffac,2026-03-11T18:30:00+00:00,96,281.3091500110003,460.6305896101836
site_ad3433ffac,2026-03-11T18:45:00+00:00,4,269.87214744970476,374.74238904652617
site_ad3433ffac,2026-03-11T18:45:00+00:00,96,294.12573082177164,579.2673313582753
site_ad3433ffac,2026-03-11T19:00:00+00:00,4,179.65102978865588,118.48025565271223
site_ad3433ffac,2026-03-11T19:00:00+00:00,96,265.1528604698568,289.42614147030343
site_ad3433ffac,2026-03-11T19:15:00+00:00,4,403.7555748352279,223.07298739824702
site_ad3433ffac,2026-03-11T19:15:00+00:00,96,171.04478927784942,240.4432781485583
site_ad3433ffac,2026-03-11T19:30:00+00:00,4,291.95508749021326,221.29050934693913
site_ad3433ffac,2026-03-11T19:30:00+00:00,96,241.50051685371704,322.12567649768965
site_ad3433ffac,2026-03-11T19:45:00+00:00,4,344.23455421733604,231.58559824176
site_ad3433ffac,2026-03-11T19:45:00+00:00,96,296.959688043527,651.5938860393306
site_ad3433ffac,2026-03-11T20:00:00+00:00,4,356.01250816107006,157.88365646237963
site_ad3433ffac,2026-03-11T20:00:00+00:00,96,254.4180534190691,589.6214662603319
site_ad3433ffac,2026-03-11T20:15:00+00:00,4,266.3113663263343,95.05781688495352
site_ad3433ffac,2026-03-11T20:15:00+00:00,96,259.48717345579087,600.335597019179
site_ad3433ffac,2026-03-11T20:30:00+00:00,4,173.17769326637531,77.12488033830937
site_ad3433ffac,2026-03-11T20:30:00+00:00,96,197.05944627994916,446.6636115016584
site_ad3433ffac,2026-03-11T20:45:00+00:00,4,167.4281706020461,123.75004728132768
site_ad3433ffac,2026-03-11T20:45:00+00:00,96,631.5379754803616,645.5797162200719
site_ad3433ffac,2026-03-11T21:00:00+00:00,4,103.64829403116384,48.873140684017145
site_ad3433ffac,2026-03-11T21:00:00+00:00,96,256.49228489394676,191.08781307928294
site_ad3433ffac,2026-03-11T21:15:00+00:00,4,160.99819705203265,78.89733555928512
site_ad3433ffac,2026-03-11T21:15:00+00:00,96,284.0743409959068,215.45878056126725
site_ad3433ffac,2026-03-11T21:30:00+00:00,4,233.86243646121724,126.28090655828953
site_ad3433ffac,2026-03-11T21:30:00+00:00,96,182.70940508355665,144.65795314571153
site_ad3433ffac,2026-03-11T21:45:00+00:00,4,211.25675366590255,107.99772410692998
site_ad3433ffac,2026-03-11T21:45:00+00:00,96,203.41046290820586,404.83260720590573
site_ad3433ffac,2026-03-11T22:00:00+00:00,4,125.0355832187062,63.852814549401714
site_ad3433ffac,2026-03-11T22:00:00+00:00,96,186.95859297658714,209.47349936255173
site_ad3433ffac,2026-03-11T22:15:00+00:00,4,88.56178825851221,91.87792701308244
site_ad3433ffac,2026-03-11T22:15:00+00:00,96,185.91744966692858,178.46388362290628
site_ad3433ffac,2026-03-11T22:30:00+00:00,4,81.94760220608192,44.79621709501144
site_ad3433ffac,2026-03-11T22:30:00+00:00,96,310.8769153567239,602.5933597865467
site_ad3433ffac,2026-03-11T22:45:00+00:00,4,111.61083552122469,58.376992392364954
site_ad3433ffac,2026-03-11T22:45:00+00:00,96,301.7621744729505,501.9810828564718
site_ad3433ffac,2026-03-11T23:00:00+00:00,4,66.72247175846947,36.424866848403155
site_ad3433ffac,2026-03-11T23:00:00+00:00,96,475.70731297687735,753.0417823040465
site_ad3433ffac,2026-03-11T23:15:00+00:00,4,69.06937740373368,36.27720514248312
site_ad3433ffac,2026-03-11T23:15:00+00:00,96,342.09464775986385,257.74753615781424
site_ad3433ffac,2026-03-11T23:30:00+00:00,4,56.146487161339245,32.03967774618182
site_ad3433ffac,2026-03-11T23:30:00+00:00,96,325.2615873022813,403.4725600274031
site_ad3433ffac,2026-03-11T23:45:00+00:00,4,77.78017064822225,41.69961602270443
site_ad3433ffac,2026-03-11T23:45:00+00:00,96,216.79295208088723,282.5708680980312
site_ad3433ffac,2026-03-12T00:00:00+00:00,4,82.43548499046621,51.73211702034715
site_ad3433ffac,2026-03-12T00:00:00+00:00,96,158.91215079387482,127.55058504560054
site_ad3433ffac,2026-03-12T00:15:00+00:00,4,104.04268451249075,90.97501665382558
site_ad3433ffac,2026-03-12T00:15:00+00:00,96,273.1367057532014,558.589220189933
site_ad3433ffac,2026-03-12T00:30:00+00:00,4,85.41661148287255,137.9843911679285
site_ad3433ffac,2026-03-12T00:30:00+00:00,96,326.725629282045,354.13486065980715
site_ad3433ffac,2026-03-12T00:45:00+00:00,4,90.38915944531063,58.15164137123705
site_ad3433ffac,2026-03-12T00:45:00+00:00,96,158.04214212978317,170.746954055892
site_ad3433ffac,2026-03-12T01:00:00+00:00,4,92.99646512702924,131.14007747769477
site_ad3433ffac,2026-03-12T01:00:00+00:00,96,161.67116658171696,166.7021821975093
site_ad3433ffac,2026-03-12T01:15:00+00:00,4,136.04438295868857,46.04460877776587
site_ad3433ffac,2026-03-12T01:15:00+00:00,96,296.45807128579463,231.19990743710196
site_ad3433ffac,2026-03-12T01:30:00+00:00,4,105.75247691825527,65.90615424303978
site_ad3433ffac,2026-03-12T01:30:00+00:00,96,195.34356308121886,207.62632864915264
site_ad3433ffac,2026-03-12T01:45:00+00:00,4,123.00615927855269,71.30382428197248
site_ad3433ffac,2026-03-12T01:45:00+00:00,96,179.00437969588364,217.0339118063362
site_ad3433ffac,2026-03-12T02:00:00+00:00,4,128.69008381795874,76.27255806859131
site_ad3433ffac,2026-03-12T02:00:00+00:00,96,233.0533688380965,399.60914342750044
site_ad3433ffac,2026-03-12T02:15:00+00:00,4,121.0690249686632,74.84848021965236
site_ad3433ffac,2026-03-12T02:15:00+00:00,96,184.6880839040944,338.5502699417078
site_ad3433ffac,2026-03-12T02:30:00+00:00,4,143.0248520392669,84.69156855825628
site_ad3433ffac,2026-03-12T02:30:00+00:00,96,103.71257442699063,281.6631654053305
site_ad3433ffac,2026-03-12T02:45:00+00:00,4,247.42252639663963,120.19713500918863
site_ad3433ffac,2026-03-12T02:45:00+00:00,96,178.046079909838,186.7865661420335
site_ad3433ffac,2026-03-12T03:00:00+00:00,4,232.56599344237642,168.7351628637158
site_ad3433ffac,2026-03-12T03:00:00+00:00,96,163.56357087084325,444.6964966662181
site_ad3433ffac,2026-03-12T03:15:00+00:00,4,278.6219858152361,203.87596036190774
site_ad3433ffac,2026-03-12T03:15:00+00:00,96,380.033107758335,803.4705980491334
site_ad3433ffac,2026-03-12T03:30:00+00:00,4,214.59050946463051,151.36601542287494
site_ad3433ffac,2026-03-12T03:30:00+00:00,96,229.55115788517114,366.4446590164959
site_ad3433ffac,2026-03-12T03:45:00+00:00,4,135.03250902209325,136.5243409108389
site_ad3433ffac,2026-03-12T03:45:00+00:00,96,250.02375271645423,376.123218342738
site_ad3433ffac,2026-03-12T04:00:00+00:00,4,193.0889009298298,156.87214731447267
site_ad3433ffac,2026-03-12T04:00:00+00:00,96,331.7147513478639,730.6758821826672
site_ad3433ffac,2026-03-12T04:15:00+00:00,4,288.04432322003174,223.67131304357193
site_ad3433ffac,2026-03-12T04:15:00+00:00,96,207.23931209798644,562.6735387071542
site_ad3433ffac,2026-03-12T04:30:00+00:00,4,238.1865933410095,142.20367490907796
site_ad3433ffac,2026-03-12T04:30:00+00:00,96,233.93492404122838,452.9576015376904
site_ad3433ffac,2026-03-12T04:45:00+00:00,4,289.06623864953934,227.9069341100096
site_ad3433ffac,2026-03-12T04:45:00+00:00,96,196.29464161555245,534.3278729579013
site_ad3433ffac,2026-03-12T05:00:00+00:00,4,315.69041906493686,167.79267779825204
site_ad3433ffac,2026-03-12T05:00:00+00:00,96,234.96417402041544,258.25427049676665
site_ad3433ffac,2026-03-12T05:15:00+00:00,4,433.35049302172035,283.6849965407475
site_ad3433ffac,2026-03-12T05:15:00+00:00,96,167.56261118021268,457.83541395953534
site_ad3433ffac,2026-03-12T05:30:00+00:00,4,308.3971614580996,161.84847715800447
site_ad3433ffac,2026-03-12T05:30:00+00:00,96,128.56455187925408,357.45998159289354
site_ad3433ffac,2026-03-12T05:45:00+00:00,4,332.302934235293,161.54879838525505
site_ad3433ffac,2026-03-12T05:45:00+00:00,96,314.1244867033203,308.3740288078223
site_ad3433ffac,2026-03-12T06:00:00+00:00,4,417.54339802987545,316.5248997191791
site_ad3433ffac,2026-03-12T06:00:00+00:00,96,239.10547587864335,246.10203934331517
site_ad3433ffac,2026-03-12T06:15:00+00:00,4,523.4698850659025,352.54374184616165
site_ad3433ffac,2026-03-12T06:15:00+00:00,96,648.2320290077589,769.4428204145555
site_ad3433ffac,2026-03-12T06:30:00+00:00,4,344.18740292177466,302.28715361674733
site_ad3433ffac,2026-03-12T06:30:00+00:00,96,227.5781348448936,620.2779106089621
site_ad3433ffac,2026-03-12T06:45:00+00:00,4,419.30547480011643,217.13937611622003
site_ad3433ffac,2026-03-12T06:45:00+00:00,96,302.72530253398804,410.2914847484028
site_ad3433ffac,2026-03-12T07:00:00+00:00,4,459.43812992312274,209.71023021872284
site_ad3433ffac,2026-03-12T07:00:00+00:00,96,311.0605579509952,621.5261959655254
site_ad3433ffac,2026-03-12T07:15:00+00:00,4,543.9915695371916,234.77895823025943
site_ad3433ffac,2026-03-12T07:15:00+00:00,96,253.90735593052995,687.7059318017601
site_ad3433ffac,2026-03-12T07:30:00+00:00,4,520.0817135676978,199.65669513407994
site_ad3433ffac,2026-03-12T07:30:00+00:00,96,245.7291061880363,616.7094555528038
site_ad3433ffac,2026-03-12T07:45:00+00:00,4,720.0272697143649,263.7607698199561
site_ad3433ffac,2026-03-12T07:45:00+00:00,96,245.19071983678745,470.8927494276871
site_ad3433ffac,2026-03-12T08:00:00+00:00,4,594.1404430198144,246.76908144460901
site_ad3433ffac,2026-03-12T08:00:00+00:00,96,232.84509290946767,359.1062485711208
site_ad3433ffac,2026-03-12T08:15:00+00:00,4,437.75066148861663,152.44538568436866
site_ad3433ffac,2026-03-12T08:15:00+00:00,96,229.49702167352586,429.3105168000379
site_ad3433ffac,2026-03-12T08:30:00+00:00,4,517.8466310366059,265.2038061924958
site_ad3433ffac,2026-03-12T08:30:00+00:00,96,209.8292937642587,448.53930395647353
site_ad3433ffac,2026-03-12T08:45:00+00:00,4,555.8529034786752,213.53163757181986
site_ad3433ffac,2026-03-12T08:45:00+00:00,96,215.3737143487789,458.39526982974047
site_ad3433ffac,2026-03-12T09:00:00+00:00,4,776.2838625255451,196.35501524408377
site_ad3433ffac,2026-03-12T09:00:00+00:00,96,387.9265079065848,683.5293345390097
site_ad3433ffac,2026-03-12T09:15:00+00:00,4,621.0128570496047,180.26204112694109
site_ad3433ffac,2026-03-12T09:15:00+00:00,96,422.4669762928728,757.8307776657261
site_ad3433ffac,2026-03-12T09:30:00+00:00,4,673.2450266385874,390.72930108386254
site_ad3433ffac,2026-03-12T09:30:00+00:00,96,323.31456489759694,689.1582080036924
site_ad3433ffac,2026-03-12T09:45:00+00:00,4,638.5941526324623,227.1540773157952
site_ad3433ffac,2026-03-12T09:45:00+00:00,96,356.45068023665806,770.4154411364071
site_ad3433ffac,2026-03-12T10:00:00+00:00,4,711.2839845796149,383.38287845365045
site_ad3433ffac,2026-03-12T10:00:00+00:00,96,263.28110962222934,609.7968180014379
site_ad3433ffac,2026-03-12T10:15:00+00:00,4,798.0649887092643,496.79482928692426
site_ad3433ffac,2026-03-12T10:15:00+00:00,96,240.6834094578785,401.84163062536055
site_ad3433ffac,2026-03-12T10:30:00+00:00,4,753.6321750776181,480.8322883046366
site_ad3433ffac,2026-03-12T10:30:00+00:00,96,290.50502088771293,397.7345760073132
site_ad3433ffac,2026-03-12T10:45:00+00:00,4,789.7970870431279,262.24974482964825
site_ad3433ffac,2026-03-12T10:45:00+00:00,96,542.7294306781534,422.2137062971737
site_ad3433ffac,2026-03-12T11:00:00+00:00,4,934.2071558806406,665.7618958373645
site_ad3433ffac,2026-03-12T11:00:00+00:00,96,171.12518732475573,136.15096271346798
site_ad3433ffac,2026-03-12T11:15:00+00:00,4,1061.878294907989,755.1236488303023
site_ad3433ffac,2026-03-12T11:15:00+00:00,96,345.6815658800981,283.0807129913969
site_ad3433ffac,2026-03-12T11:30:00+00:00,4,649.3419749104481,186.19203415951398
site_ad3433ffac,2026-03-12T11:30:00+00:00,96,218.3493180848301,214.32861871851398
site_ad3433ffac,2026-03-12T11:45:00+00:00,4,634.648834388244,162.21907956876373
site_ad3433ffac,2026-03-12T11:45:00+00:00,96,260.1789125055558,186.95830386959472
site_ad3433ffac,2026-03-12T12:00:00+00:00,4,527.4238123745068,134.41704717570974
site_ad3433ffac,2026-03-12T12:00:00+00:00,96,365.7242018157923,232.93383435049338
site_ad3433ffac,2026-03-12T12:15:00+00:00,4,497.40963048221084,122.01075628305512
site_ad3433ffac,2026-03-12T12:15:00+00:00,96,318.8046455080836,167.99525940772958
site_ad3433ffac,2026-03-12T12:30:00+00:00,4,550.3103839217388,157.50346707726536
site_ad3433ffac,2026-03-12T12:30:00+00:00,96,249.74387617752234,568.3796605902844
site_ad3433ffac,2026-03-12T12:45:00+00:00,4,636.8820401036063,191.41244824888213
site_ad3433ffac,2026-03-12T12:45:00+00:00,96,160.47591943561477,66.86247901249267
site_ad3433ffac,2026-03-12T13:00:00+00:00,4,723.079549054923,249.24749016603172
site_ad3433ffac,2026-03-12T13:00:00+00:00,96,141.9107002046906,174.2671600369156
site_ad3433ffac,2026-03-12T13:15:00+00:00,4,567.1304280370442,254.3956627145172
site_ad3433ffac,2026-03-12T13:15:00+00:00,96,196.59316676389088,260.7127443840309
site_ad3433ffac,2026-03-12T13:30:00+00:00,4,553.6421669153088,192.9189950308531
site_ad3433ffac,2026-03-12T13:30:00+00:00,96,153.38004958379406,46.49498373444654
site_ad3433ffac,2026-03-12T13:45:00+00:00,4,591.955114483285,312.8794910234326
site_ad3433ffac,2026-03-12T13:45:00+00:00,96,239.79463128821493,406.73384004360224
site_ad3433ffac,2026-03-12T14:00:00+00:00,4,573.3489697352865,331.5775765028895
site_ad3433ffac,2026-03-12T14:00:00+00:00,96,252.026446952546,448.24145902748154
site_ad3433ffac,2026-03-12T14:15:00+00:00,4,606.0945965535113,238.7606471072849
site_ad3433ffac,2026-03-12T14:15:00+00:00,96,153.34235790837488,251.65148053259344
site_ad3433ffac,2026-03-12T14:30:00+00:00,4,515.2875904971817,191.14517431219508
site_ad3433ffac,2026-03-12T14:30:00+00:00,96,300.06747178626694,485.81260024271376
site_ad3433ffac,2026-03-12T14:45:00+00:00,4,311.59164885775726,152.22241916280075
site_ad3433ffac,2026-03-12T14:45:00+00:00,96,266.8435089783268,213.41168199067326
site_ad3433ffac,2026-03-12T15:00:00+00:00,4,334.102834114727,317.3925156490282
site_ad3433ffac,2026-03-12T15:00:00+00:00,96,198.5235895792265,297.491634787077
site_ad3433ffac,2026-03-12T15:15:00+00:00,4,271.3218719932383,166.9437556716836
site_ad3433ffac,2026-03-12T15:15:00+00:00,96,210.527589508602,299.23155887718457
site_ad3433ffac,2026-03-12T15:30:00+00:00,4,310.2137837550526,202.14261496648146
site_ad3433ffac,2026-03-12T15:30:00+00:00,96,193.01670411864825,214.78216985483624
site_ad3433ffac,2026-03-12T15:45:00+00:00,4,410.6442181077529,449.2267090927652
site_ad3433ffac,2026-03-12T15:45:00+00:00,96,229.05007226825245,177.68753885771014
site_ad3433ffac,2026-03-12T16:00:00+00:00,4,441.27245844857424,321.83137726952344
site_ad3433ffac,2026-03-12T16:00:00+00:00,96,196.42949405429493,101.83969068926916
site_ad3433ffac,2026-03-12T16:15:00+00:00,4,433.9142268723572,405.1170013422009
site_ad3433ffac,2026-03-12T16:15:00+00:00,96,234.53789805949538,103.24363634691326
site_ad3433ffac,2026-03-12T16:30:00+00:00,4,406.1060841357211,631.8232594020773
site_ad3433ffac,2026-03-12T16:30:00+00:00,96,249.33471329739638,236.71040102700616
site_ad3433ffac,2026-03-12T16:45:00+00:00,4,258.2827392900243,561.9230604881157
site_ad3433ffac,2026-03-12T16:45:00+00:00,96,240.71896004654465,146.17713500319536
site_ad3433ffac,2026-03-12T17:00:00+00:00,4,296.00714829218526,195.2953567863481
site_ad3433ffac,2026-03-12T17:00:00+00:00,96,257.08325788178115,197.6415947033183
site_e726c7cce5,2026-02-18T15:15:00+00:00,4,99.22038021049427,30.952915243458442
site_e726c7cce5,2026-02-18T15:30:00+00:00,4,120.14952098663896,36.26066867435781
site_e726c7cce5,2026-02-18T15:45:00+00:00,4,129.52729406320037,41.50591206094708
site_e726c7cce5,2026-02-18T16:00:00+00:00,4,115.63627872976878,34.54615180012633
site_e726c7cce5,2026-02-18T16:15:00+00:00,4,73.22261873393695,21.131418997734865
site_e726c7cce5,2026-02-18T16:30:00+00:00,4,57.38260666427964,17.32970937898386
site_e726c7cce5,2026-02-18T16:45:00+00:00,4,53.86459094338239,15.30181669848297
site_e726c7cce5,2026-02-18T17:00:00+00:00,4,48.31562870795647,16.45583934498671
site_e726c7cce5,2026-02-18T17:15:00+00:00,4,46.850897574278115,14.350075561621843
site_e726c7cce5,2026-02-18T17:30:00+00:00,4,90.53014089659642,30.16038795926968
site_e726c7cce5,2026-02-18T17:45:00+00:00,4,51.45743426024496,16.297555810407033
site_e726c7cce5,2026-02-18T18:00:00+00:00,4,42.25993040876647,14.903017952307726
site_e726c7cce5,2026-02-18T18:15:00+00:00,4,97.48459979890686,105.48048254715735
site_e726c7cce5,2026-02-18T18:30:00+00:00,4,83.86384224593301,82.00667272335177
site_e726c7cce5,2026-02-18T18:45:00+00:00,4,95.84500583838188,35.674574765367325
site_e726c7cce5,2026-02-18T19:00:00+00:00,4,67.79719715298431,22.804163098436856
site_e726c7cce5,2026-02-19T10:30:00+00:00,4,7.30021245627562,2.6983280733839994
site_e726c7cce5,2026-02-19T14:15:00+00:00,96,92.18637985800052,28.707001604125665
site_e726c7cce5,2026-02-19T14:30:00+00:00,96,112.32787895205902,34.316141075589414
site_e726c7cce5,2026-02-19T14:45:00+00:00,4,20.067403761136354,5.411179539029254
site_e726c7cce5,2026-02-19T14:45:00+00:00,96,136.5402788464744,41.68021117139619
site_e726c7cce5,2026-02-19T15:00:00+00:00,4,14.492918139536101,4.007346172931763
site_e726c7cce5,2026-02-19T15:00:00+00:00,96,87.11882051091956,27.338851857625173
site_e726c7cce5,2026-02-19T15:15:00+00:00,4,70.54620527799963,19.471981967145744
site_e726c7cce5,2026-02-19T15:15:00+00:00,96,98.23892608215067,27.95405009402801
site_e726c7cce5,2026-02-19T15:30:00+00:00,4,142.5442315273781,38.17217123779126
site_e726c7cce5,2026-02-19T15:30:00+00:00,96,94.407870778904,28.237117321591867
site_e726c7cce5,2026-02-19T15:45:00+00:00,4,159.00062817208288,45.35887960141397
site_e726c7cce5,2026-02-19T15:45:00+00:00,96,91.10390069213948,26.050112538085436
site_e726c7cce5,2026-02-19T16:00:00+00:00,4,238.85985895489708,69.33948059723437
site_e726c7cce5,2026-02-19T16:00:00+00:00,96,145.19917821728453,45.39825316099663
site_e726c7cce5,2026-02-19T16:15:00+00:00,4,264.07911691764104,79.0812340554654
site_e726c7cce5,2026-02-19T16:15:00+00:00,96,136.65325419561708,42.35558277339828
site_e726c7cce5,2026-02-19T16:30:00+00:00,4,313.4872025198574,99.5015021754227
site_e726c7cce5,2026-02-19T16:30:00+00:00,96,161.2755096121798,49.33227997292687
site_e726c7cce5,2026-02-19T16:45:00+00:00,4,311.9076072694704,98.6433501655741
site_e726c7cce5,2026-02-19T16:45:00+00:00,96,119.58968986454653,36.87092547481485
site_e726c7cce5,2026-02-19T17:00:00+00:00,4,427.0232221178045,277.64684796941145
site_e726c7cce5,2026-02-19T17:00:00+00:00,96,154.6627028834238,48.41607940813603
site_e726c7cce5,2026-02-19T17:15:00+00:00,4,389.93227943727777,371.49561097236926
site_e726c7cce5,2026-02-19T17:15:00+00:00,96,247.90198632067177,273.85146604020906
site_e726c7cce5,2026-02-19T17:30:00+00:00,4,396.795044772613,580.8058086433334
site_e726c7cce5,2026-02-19T17:30:00+00:00,96,190.1739896838139,179.3148728553192
site_e726c7cce5,2026-02-19T17:45:00+00:00,4,358.1691115985765,119.39026035618247
site_e726c7cce5,2026-02-19T17:45:00+00:00,96,161.87118606039658,54.043134793178005
site_e726c7cce5,2026-02-19T18:00:00+00:00,4,367.6864938321211,192.95813032767165
site_e726c7cce5,2026-02-19T18:00:00+00:00,96,150.68941065318805,49.62616848720177
site_e726c7cce5,2026-02-19T18:15:00+00:00,4,297.3048263204176,251.40376888203355
site_e726c7cce5,2026-02-19T18:15:00+00:00,96,158.79009437823274,53.65534719477634
site_e726c7cce5,2026-02-19T18:30:00+00:00,4,253.9116759649648,87.50689980682257
site_e726c7cce5,2026-02-19T18:30:00+00:00,96,111.93712385062285,38.18239082475664
site_e726c7cce5,2026-02-19T18:45:00+00:00,4,176.85345672096486,60.18249360492263
site_e726c7cce5,2026-02-19T18:45:00+00:00,96,111.16299301820497,40.20559273803324
site_e726c7cce5,2026-02-19T19:00:00+00:00,4,175.96706100003837,178.15108971306216
site_e726c7cce5,2026-02-19T19:00:00+00:00,96,114.11816650302335,40.46566291586825
site_e726c7cce5,2026-02-19T19:15:00+00:00,4,204.19573389719613,353.69989660492064
site_e726c7cce5,2026-02-19T19:30:00+00:00,4,219.36287585452848,549.4821030513801
site_e726c7cce5,2026-02-19T19:45:00+00:00,4,217.92843275890252,570.9479440232942
site_e726c7cce5,2026-02-19T20:00:00+00:00,4,154.7985054459446,413.58434264063277
site_e726c7cce5,2026-02-19T20:15:00+00:00,4,100.42633526527591,266.262478153015
site_e726c7cce5,2026-02-19T20:15:00+00:00,96,114.11816650302335,40.46566291586825
site_e726c7cce5,2026-02-19T20:30:00+00:00,4,103.91720400177266,278.04186354981204
site_e726c7cce5,2026-02-19T20:30:00+00:00,96,114.11816650302335,40.46566291586825
site_e726c7cce5,2026-02-19T20:45:00+00:00,4,108.3909773347304,290.98489355024526
site_e726c7cce5,2026-02-19T21:00:00+00:00,4,103.44215797834228,284.95241811510317
site_e726c7cce5,2026-02-19T21:15:00+00:00,4,132.19409694764664,353.9216045398707
site_e726c7cce5,2026-02-19T21:15:00+00:00,96,114.11816650302335,40.46566291586825
site_e726c7cce5,2026-02-19T21:30:00+00:00,4,129.7923011669215,352.08607286478406
site_e726c7cce5,2026-02-19T21:30:00+00:00,96,114.11816650302335,40.46566291586825
site_e726c7cce5,2026-02-19T21:45:00+00:00,4,119.5610579281394,336.8998595030488
site_e726c7cce5,2026-02-19T22:00:00+00:00,4,110.52467295080363,316.2363021801948
site_e726c7cce5,2026-02-19T22:15:00+00:00,4,109.83848320338979,184.8871431943767
site_e726c7cce5,2026-02-19T22:30:00+00:00,4,87.95709271486601,246.00418433943602
site_e726c7cce5,2026-02-19T22:45:00+00:00,4,75.18426536892841,211.17706223223246
site_e726c7cce5,2026-02-19T23:00:00+00:00,4,56.33713626474051,158.5772233022472
site_e726c7cce5,2026-02-19T23:15:00+00:00,4,63.25934620536202,88.83464153175132
site_e726c7cce5,2026-02-19T23:15:00+00:00,96,114.11816650302335,40.46566291586825
site_e726c7cce5,2026-02-19T23:30:00+00:00,4,91.38583079233682,256.037895217165
site_e726c7cce5,2026-02-19T23:45:00+00:00,4,63.03684723868965,184.3239969591221
site_e726c7cce5,2026-02-20T00:00:00+00:00,4,65.54171946213074,178.27120592598678
site_e726c7cce5,2026-02-20T00:15:00+00:00,4,52.73519975564064,140.9081067770634
site_e726c7cce5,2026-02-20T00:30:00+00:00,4,54.273850725033356,149.93617235255908
site_e726c7cce5,2026-02-20T00:45:00+00:00,4,52.08615273590328,102.22865122070657
site_e726c7cce5,2026-02-20T01:00:00+00:00,4,64.35653893784627,40.20451510165827
site_e726c7cce5,2026-02-20T01:15:00+00:00,4,52.00989306493068,15.246761352631163
site_e726c7cce5,2026-02-20T01:15:00+00:00,96,86.81064972705262,28.014693572952773
site_e726c7cce5,2026-02-20T01:30:00+00:00,4,54.69410702421735,14.096922563263213
site_e726c7cce5,2026-02-20T01:45:00+00:00,4,59.59409856617353,15.02833573971919
site_e726c7cce5,2026-02-20T02:00:00+00:00,4,63.295825325230894,14.085842883137808
site_e726c7cce5,2026-02-20T02:15:00+00:00,4,65.0119873209823,14.74878647455596
site_e726c7cce5,2026-02-20T02:30:00+00:00,4,94.93147759906742,20.138466890319997
site_e726c7cce5,2026-02-20T02:45:00+00:00,4,111.06286532239088,21.298938730762053
site_e726c7cce5,2026-02-20T03:00:00+00:00,4,129.28713622702352,25.426955772465565
site_e726c7cce5,2026-02-20T03:15:00+00:00,4,141.96451164244348,27.321139378872026
site_e726c7cce5,2026-02-20T03:15:00+00:00,96,86.81064972705262,28.014693572952773
site_e726c7cce5,2026-02-20T03:30:00+00:00,4,128.31818802068273,24.256621601476223
site_e726c7cce5,2026-02-20T03:30:00+00:00,96,65.36653808521427,17.324265416721573
site_e726c7cce5,2026-02-20T03:45:00+00:00,4,121.48312122833384,23.58827901017736
site_e726c7cce5,2026-02-20T04:00:00+00:00,4,168.12829447838064,36.20490624923964
site_e726c7cce5,2026-02-20T04:15:00+00:00,4,194.7458597257868,38.63258275865775
site_e726c7cce5,2026-02-20T04:30:00+00:00,4,171.84318342787154,35.19399022458096
site_e726c7cce5,2026-02-20T04:45:00+00:00,4,182.1089633725282,36.06243742494256
site_e726c7cce5,2026-02-20T04:45:00+00:00,96,70.2480314783859,20.080195809843076
site_e726c7cce5,2026-02-20T05:00:00+00:00,4,177.07168760238054,37.488959523871586
site_e726c7cce5,2026-02-20T05:00:00+00:00,96,53.61676689158311,18.88116595331133
site_e726c7cce5,2026-02-20T05:15:00+00:00,4,135.400971803898,29.8116645073033
site_e726c7cce5,2026-02-20T05:30:00+00:00,4,140.92256228045622,35.95251182936893
site_e726c7cce5,2026-02-20T05:30:00+00:00,96,59.079958228738896,18.69523215555639
site_e726c7cce5,2026-02-20T05:45:00+00:00,4,151.32213428945215,33.62559846241789
site_e726c7cce5,2026-02-20T06:00:00+00:00,4,172.73957096189184,39.58101960073264
site_e726c7cce5,2026-02-20T06:15:00+00:00,4,123.5589118831089,29.523576848410798
site_e726c7cce5,2026-02-20T06:30:00+00:00,4,167.81482829270792,40.03022930243487
site_e726c7cce5,2026-02-20T06:45:00+00:00,4,117.81729177187486,29.416386385203722
site_e726c7cce5,2026-02-20T07:00:00+00:00,4,185.80770631414197,47.948103215997264
site_e726c7cce5,2026-02-20T07:15:00+00:00,4,205.8810692452775,53.48905492435124
site_e726c7cce5,2026-02-20T07:30:00+00:00,4,232.7528970987668,60.13838822583739
site_e726c7cce5,2026-02-20T07:45:00+00:00,4,195.74657203887475,50.18715808610621
site_e726c7cce5,2026-02-20T08:00:00+00:00,4,145.0881486774659,39.89156564908208
site_e726c7cce5,2026-02-20T08:15:00+00:00,4,188.7269095919841,50.947958936855926
site_e726c7cce5,2026-02-20T08:30:00+00:00,4,165.66859233864892,46.273136353669685
site_e726c7cce5,2026-02-20T08:45:00+00:00,4,221.843944165079,60.0875914631778
site_e726c7cce5,2026-02-20T09:00:00+00:00,4,191.00838758156706,55.03788506216816
site_e726c7cce5,2026-02-20T09:00:00+00:00,96,59.079958228738896,18.69523215555639
site_e726c7cce5,2026-02-20T09:15:00+00:00,4,209.9110376771408,60.19765131407494
site_e726c7cce5,2026-02-20T09:30:00+00:00,4,263.91283177655885,73.53434774794941
site_e726c7cce5,2026-02-20T09:30:00+00:00,96,55.9930490112636,21.99147059281612
site_e726c7cce5,2026-02-20T09:45:00+00:00,4,144.78964641242536,42.1356773465459
site_e726c7cce5,2026-02-20T10:00:00+00:00,4,296.16488596880924,82.22029136476735
site_e726c7cce5,2026-02-20T10:15:00+00:00,4,286.1571143572182,78.23793693942348
site_e726c7cce5,2026-02-20T10:30:00+00:00,4,147.26978243502046,43.15223765214637
site_e726c7cce5,2026-02-20T10:30:00+00:00,96,57.473053758906374,20.920321083948583
site_e726c7cce5,2026-02-20T10:45:00+00:00,4,203.00144260065505,58.09410068010258
site_e726c7cce5,2026-02-20T10:45:00+00:00,96,64.63974123558557,21.739542850382417
site_e726c7cce5,2026-02-20T11:00:00+00:00,4,288.57314012426036,78.59957483306997
site_e726c7cce5,2026-02-20T11:15:00+00:00,4,314.56531443831346,85.78040744321542
site_e726c7cce5,2026-02-20T11:30:00+00:00,4,228.15549770165447,63.09394403834882
site_e726c7cce5,2026-02-20T11:45:00+00:00,4,289.23550581978975,81.34365520667521
site_e726c7cce5,2026-02-20T12:00:00+00:00,4,301.50522238442437,82.15010970770459
site_e726c7cce5,2026-02-20T12:15:00+00:00,4,263.3050624319393,71.54362932705095
site_e726c7cce5,2026-02-20T12:30:00+00:00,4,149.80647356194677,43.09787976744215
site_e726c7cce5,2026-02-20T12:45:00+00:00,4,249.9291339908927,67.80429646615515
site_e726c7cce5,2026-02-20T13:00:00+00:00,4,296.19824904024017,81.19849970384702
site_e726c7cce5,2026-02-20T13:15:00+00:00,4,291.5854211453797,80.17659539231911
site_e726c7cce5,2026-02-20T13:30:00+00:00,4,237.55368435641066,65.61283422154509
site_e726c7cce5,2026-02-20T13:45:00+00:00,4,152.24487866395341,49.77690616852493
site_e726c7cce5,2026-02-20T13:45:00+00:00,96,64.63974123558557,21.739542850382417
site_e726c7cce5,2026-02-20T14:00:00+00:00,4,158.82507361640072,44.84957550939837
site_e726c7cce5,2026-02-20T14:00:00+00:00,96,73.40243506997527,22.77312423215416
site_e726c7cce5,2026-02-20T14:15:00+00:00,4,148.4540611493824,36.9973439326446
site_e726c7cce5,2026-02-20T14:15:00+00:00,96,203.5061032663202,57.61828072564792
site_e726c7cce5,2026-02-20T14:30:00+00:00,4,158.71761348423829,42.91093873122067
site_e726c7cce5,2026-02-20T14:30:00+00:00,96,318.96944690486146,88.22379872306234
site_e726c7cce5,2026-02-20T14:45:00+00:00,4,184.17558548516772,59.445720900512654
site_e726c7cce5,2026-02-20T14:45:00+00:00,96,239.6948216793125,67.38640059535653
site_e726c7cce5,2026-02-20T15:00:00+00:00,4,132.40868208399968,41.97613329179302
site_e726c7cce5,2026-02-20T15:00:00+00:00,96,454.2998058798023,126.60439679968279
site_e726c7cce5,2026-02-20T15:15:00+00:00,4,146.5506312089861,43.40321637636423
site_e726c7cce5,2026-02-20T15:15:00+00:00,96,425.6661286738325,119.14441128929813
site_e726c7cce5,2026-02-20T15:30:00+00:00,4,187.93944615490923,50.64839169248437
site_e726c7cce5,2026-02-20T15:30:00+00:00,96,473.91631583252183,136.02622690217103
site_e726c7cce5,2026-02-20T15:45:00+00:00,4,159.99176902819283,59.10032916229266
site_e726c7cce5,2026-02-20T15:45:00+00:00,96,280.2410279923689,82.73576070778002
site_e726c7cce5,2026-02-20T16:00:00+00:00,4,128.29393724659042,48.59272566640488
site_e726c7cce5,2026-02-20T16:00:00+00:00,96,641.8916817192494,424.28342300090753
site_e726c7cce5,2026-02-20T16:15:00+00:00,4,117.52637044824122,37.56318684224842
site_e726c7cce5,2026-02-20T16:15:00+00:00,96,648.2490721205285,613.8106644755408
site_e726c7cce5,2026-02-20T16:30:00+00:00,4,92.56978419649607,30.992282582225364
site_e726c7cce5,2026-02-20T16:30:00+00:00,96,488.1141635183661,729.4141852592485
site_e726c7cce5,2026-02-20T16:45:00+00:00,4,121.80110180994093,28.31860079216287
site_e726c7cce5,2026-02-20T16:45:00+00:00,96,252.8366434700216,74.82886004680148
site_e726c7cce5,2026-02-20T17:00:00+00:00,4,153.2101219021714,35.903488279616305
site_e726c7cce5,2026-02-20T17:00:00+00:00,96,273.1524324912035,134.95879886604777
site_e726c7cce5,2026-02-20T17:15:00+00:00,4,144.55180867750468,32.68252499982203
site_e726c7cce5,2026-02-20T17:15:00+00:00,96,180.72570345366574,152.0534889581474
site_e726c7cce5,2026-02-20T17:30:00+00:00,4,86.97595058895864,21.875530806816045
site_e726c7cce5,2026-02-20T17:30:00+00:00,96,183.3722733871606,56.94198816102069
site_e726c7cce5,2026-02-20T17:45:00+00:00,4,81.03065498646605,19.258492187889694
site_e726c7cce5,2026-02-20T17:45:00+00:00,96,107.3712333961809,34.937979841881
site_e726c7cce5,2026-02-20T18:00:00+00:00,4,143.05171294493505,34.470587148733145
site_e726c7cce5,2026-02-20T18:00:00+00:00,96,124.95687750861919,123.16253175844535
site_e726c7cce5,2026-02-20T18:15:00+00:00,4,152.32450516998395,37.08284231702935
site_e726c7cce5,2026-02-20T18:15:00+00:00,96,117.41507661008998,207.07347855474106
site_e726c7cce5,2026-02-20T18:30:00+00:00,4,180.5808817676526,41.58215091238019
site_e726c7cce5,2026-02-20T18:30:00+00:00,96,134.13604483911442,341.77647796901687
site_e726c7cce5,2026-02-20T18:45:00+00:00,4,164.64786313227023,41.26318613444229
site_e726c7cce5,2026-02-20T18:45:00+00:00,96,139.92310007221195,375.2239263837429
site_e726c7cce5,2026-02-20T19:00:00+00:00,4,135.27585539873465,36.19807751451021
site_e726c7cce5,2026-02-20T19:00:00+00:00,96,69.77206240627889,189.10854903701747
site_e726c7cce5,2026-02-20T19:15:00+00:00,4,99.12929453309003,25.32200196403359
site_e726c7cce5,2026-02-20T19:15:00+00:00,96,52.92565684049614,144.97019311122253
site_e726c7cce5,2026-02-20T19:30:00+00:00,4,95.26589232500905,25.48985099146847
site_e726c7cce5,2026-02-20T19:30:00+00:00,96,70.85140683969553,192.31831409087087
site_e726c7cce5,2026-02-20T19:45:00+00:00,4,94.69561742349637,24.31739553387738
site_e726c7cce5,2026-02-20T19:45:00+00:00,96,110.59631326524129,297.1386982790309
site_e726c7cce5,2026-02-20T20:00:00+00:00,4,117.84300931741913,29.540832652232872
site_e726c7cce5,2026-02-20T20:00:00+00:00,96,90.43671698521331,245.02338872933024
site_e726c7cce5,2026-02-20T20:15:00+00:00,4,120.9486649147746,28.042473593958054
site_e726c7cce5,2026-02-20T20:15:00+00:00,96,196.75101251771883,525.2713905674343
site_e726c7cce5,2026-02-20T20:30:00+00:00,4,154.00797625906802,35.85591928752358
site_e726c7cce5,2026-02-20T20:30:00+00:00,96,149.94918356131808,401.5289820579498
site_e726c7cce5,2026-02-20T20:45:00+00:00,4,115.2193381464998,25.838942502489477
site_e726c7cce5,2026-02-20T20:45:00+00:00,96,91.19951650709379,246.33686399458531
site_e726c7cce5,2026-02-20T21:00:00+00:00,4,94.15204733136433,22.424404299336413
site_e726c7cce5,2026-02-20T21:00:00+00:00,96,96.0583087397001,259.07984915179975
site_e726c7cce5,2026-02-20T21:15:00+00:00,4,141.9384040054112,30.524497612412297
site_e726c7cce5,2026-02-20T21:15:00+00:00,96,84.74710714702141,127.0490008474161
site_e726c7cce5,2026-02-20T21:30:00+00:00,4,172.2523770732456,36.87683837856153
site_e726c7cce5,2026-02-20T21:30:00+00:00,96,47.68107499408254,131.18442038969616
site_e726c7cce5,2026-02-20T21:45:00+00:00,4,203.8532339762678,43.92387022500517
site_e726c7cce5,2026-02-20T21:45:00+00:00,96,44.993717646962054,125.03246724082278
site_e726c7cce5,2026-02-20T22:00:00+00:00,4,214.75690466953677,47.81959042494009
site_e726c7cce5,2026-02-20T22:00:00+00:00,96,33.177457359699694,94.29339333976179
site_e726c7cce5,2026-02-20T22:15:00+00:00,4,241.52887530142496,55.37491566269374
site_e726c7cce5,2026-02-20T22:15:00+00:00,96,48.86377325692109,63.476542364135035
site_e726c7cce5,2026-02-20T22:30:00+00:00,4,248.36955346082266,51.134782999293435
site_e726c7cce5,2026-02-20T22:30:00+00:00,96,95.57242204867146,258.3503573084885
site_e726c7cce5,2026-02-20T22:45:00+00:00,4,171.92515113483446,40.08294273060844
site_e726c7cce5,2026-02-20T22:45:00+00:00,96,41.59923733045623,117.10159330197315
site_e726c7cce5,2026-02-20T23:00:00+00:00,4,172.9870929459099,36.05959281401896
site_e726c7cce5,2026-02-20T23:00:00+00:00,96,28.70909686280945,81.28833454242368
site_e726c7cce5,2026-02-20T23:15:00+00:00,4,207.20244513863298,36.5703786606947
site_e726c7cce5,2026-02-20T23:15:00+00:00,96,27.041945378888236,76.9139563297734
site_e726c7cce5,2026-02-20T23:30:00+00:00,4,257.59341680037045,44.268769262623664
site_e726c7cce5,2026-02-20T23:30:00+00:00,96,27.79423189474221,77.76345359094843
site_e726c7cce5,2026-02-20T23:45:00+00:00,4,237.85079101351698,37.24356516377803
site_e726c7cce5,2026-02-20T23:45:00+00:00,96,40.047480706607644,76.33855284274779
site_e726c7cce5,2026-02-21T00:00:00+00:00,4,120.82908469362556,18.651622311642544
site_e726c7cce5,2026-02-21T00:00:00+00:00,96,35.61303602085139,19.745635146601252
site_e726c7cce5,2026-02-21T00:15:00+00:00,4,210.4004253036195,26.72690787484358
site_e726c7cce5,2026-02-21T00:15:00+00:00,96,36.128706327685435,7.624048487824777
site_e726c7cce5,2026-02-21T00:30:00+00:00,4,317.77504832467605,36.80596701901002
site_e726c7cce5,2026-02-21T00:30:00+00:00,96,54.747641579808835,10.991135635312231
site_e726c7cce5,2026-02-21T00:45:00+00:00,4,245.55291750115413,29.43879829973168
site_e726c7cce5,2026-02-21T00:45:00+00:00,96,43.929421557554384,9.250412736391707
site_e726c7cce5,2026-02-21T01:00:00+00:00,4,245.53880893628948,27.853225870489148
site_e726c7cce5,2026-02-21T01:00:00+00:00,96,51.27707622585477,10.39575007321558
site_e726c7cce5,2026-02-21T01:15:00+00:00,4,235.6276371445081,25.686102396027785
site_e726c7cce5,2026-02-21T01:15:00+00:00,96,52.06341097669069,10.149303530040969
site_e726c7cce5,2026-02-21T01:30:00+00:00,4,240.98731606087304,26.485875428222137
site_e726c7cce5,2026-02-21T01:30:00+00:00,96,124.44226393019281,21.5912603214179
site_e726c7cce5,2026-02-21T01:45:00+00:00,4,238.34369812352634,24.931362714805886
site_e726c7cce5,2026-02-21T01:45:00+00:00,96,105.13220141178911,18.02651766043269
site_e726c7cce5,2026-02-21T02:00:00+00:00,4,162.09402597059918,17.880388417929897
site_e726c7cce5,2026-02-21T02:00:00+00:00,96,171.24257288859704,28.94528531251986
site_e726c7cce5,2026-02-21T02:15:00+00:00,4,155.32049676552379,15.101828686953324
site_e726c7cce5,2026-02-21T02:15:00+00:00,96,119.08342544446529,20.968418050415753
site_e726c7cce5,2026-02-21T02:30:00+00:00,4,116.664534430653,11.243051731931288
site_e726c7cce5,2026-02-21T02:30:00+00:00,96,96.80826604833906,17.842509872026532
site_e726c7cce5,2026-02-21T02:45:00+00:00,4,95.07947068672814,8.913455889207182
site_e726c7cce5,2026-02-21T02:45:00+00:00,96,79.00809800912657,15.413716831592115
site_e726c7cce5,2026-02-21T03:00:00+00:00,4,101.31557228508092,9.726772346118057
site_e726c7cce5,2026-02-21T03:00:00+00:00,96,243.009954610636,51.31566949375309
site_e726c7cce5,2026-02-21T03:15:00+00:00,4,173.5346167570122,14.466458195920165
site_e726c7cce5,2026-02-21T03:15:00+00:00,96,254.5966453378102,46.98243089365939
site_e726c7cce5,2026-02-21T03:30:00+00:00,4,102.7932133586013,9.079133309685227
site_e726c7cce5,2026-02-21T03:30:00+00:00,96,127.93488515672105,24.656139493083533
site_e726c7cce5,2026-02-21T03:45:00+00:00,4,104.70589329945707,9.289986955321517
site_e726c7cce5,2026-02-21T03:45:00+00:00,96,108.69637714361701,21.393232825484162
site_e726c7cce5,2026-02-21T04:00:00+00:00,4,87.51124122784896,8.134427367041967
site_e726c7cce5,2026-02-21T04:00:00+00:00,96,107.19495050473876,22.294101535026872
site_e726c7cce5,2026-02-21T04:15:00+00:00,4,72.51426900051541,6.834980647728542
site_e726c7cce5,2026-02-21T04:15:00+00:00,96,83.11127682810243,19.174192227444575
site_e726c7cce5,2026-02-21T04:30:00+00:00,4,46.8157206397812,4.043525912087959
site_e726c7cce5,2026-02-21T04:30:00+00:00,96,86.24499846276822,22.79372361037259
site_e726c7cce5,2026-02-21T05:00:00+00:00,4,76.12853744912923,9.204953362579058
site_e726c7cce5,2026-02-21T05:00:00+00:00,96,140.22127806639884,31.340181011635902
site_e726c7cce5,2026-02-21T05:15:00+00:00,4,71.67368297141898,9.35695013694485
site_e726c7cce5,2026-02-21T05:15:00+00:00,96,63.61631114477772,15.66151703250035
site_e726c7cce5,2026-02-21T05:30:00+00:00,4,57.98457533700234,5.848361035000085
site_e726c7cce5,2026-02-21T05:30:00+00:00,96,129.4773888347799,29.702777455324902
site_e726c7cce5,2026-02-21T05:45:00+00:00,4,57.98457533700234,5.848361035000085
site_e726c7cce5,2026-02-21T05:45:00+00:00,96,63.77770068707426,16.17267602320203
site_e726c7cce5,2026-02-21T06:00:00+00:00,4,67.38359876916901,7.634663270764095
site_e726c7cce5,2026-02-21T06:00:00+00:00,96,158.87553954680854,37.288724307714595
site_e726c7cce5,2026-02-21T06:15:00+00:00,4,86.50936837709158,10.504978687426739
site_e726c7cce5,2026-02-21T06:15:00+00:00,96,108.92626596736861,28.36410634389935
site_e726c7cce5,2026-02-21T06:30:00+00:00,4,76.07212908189497,9.14098784838008
site_e726c7cce5,2026-02-21T06:30:00+00:00,96,150.27204679603955,37.53439178498578
site_e726c7cce5,2026-02-21T06:45:00+00:00,4,68.48509822600123,10.992493689868507
site_e726c7cce5,2026-02-21T06:45:00+00:00,96,95.0948011362652,25.277887319773786
site_e726c7cce5,2026-02-21T07:00:00+00:00,4,78.18738592925575,12.566792135808353
site_e726c7cce5,2026-02-21T07:00:00+00:00,96,66.42473163921983,19.79391872416479
site_e726c7cce5,2026-02-21T07:15:00+00:00,4,138.39586764075884,23.627576741205587
site_e726c7cce5,2026-02-21T07:15:00+00:00,96,103.86314135905506,29.155291383487885
site_e726c7cce5,2026-02-21T07:30:00+00:00,4,97.43108511972547,20.259967110830363
site_e726c7cce5,2026-02-21T07:30:00+00:00,96,99.83597663250083,28.317256167213458
site_e726c7cce5,2026-02-21T07:45:00+00:00,4,86.1315159736801,14.56206176872358
site_e726c7cce5,2026-02-21T07:45:00+00:00,96,257.88693659334115,67.99466696526662
site_e726c7cce5,2026-02-21T08:00:00+00:00,4,86.6750006043786,17.350640074728265
site_e726c7cce5,2026-02-21T08:00:00+00:00,96,124.92894698028849,35.271885255375956
site_e726c7cce5,2026-02-21T08:15:00+00:00,4,95.8519118251531,19.057236182937814
site_e726c7cce5,2026-02-21T08:15:00+00:00,96,150.51609369597443,41.89295794390824
site_e726c7cce5,2026-02-21T08:30:00+00:00,4,98.34493100085771,21.11521471476116
site_e726c7cce5,2026-02-21T08:30:00+00:00,96,309.2257452137914,79.67161480157962
site_e726c7cce5,2026-02-21T08:45:00+00:00,4,83.38963425260133,19.001265228756925
site_e726c7cce5,2026-02-21T08:45:00+00:00,96,78.9091227899698,24.273376044756283
site_e726c7cce5,2026-02-21T09:00:00+00:00,4,79.62482261766509,18.493561384610036
site_e726c7cce5,2026-02-21T09:00:00+00:00,96,722.5502540413206,181.5526535674841
site_e726c7cce5,2026-02-21T09:15:00+00:00,4,71.23166678969199,15.73200442923152
site_e726c7cce5,2026-02-21T09:15:00+00:00,96,216.25702262321823,55.55653341638555
site_e726c7cce5,2026-02-21T09:30:00+00:00,4,76.49761143742388,16.66206011995615
site_e726c7cce5,2026-02-21T09:30:00+00:00,96,70.28578926703176,20.079104004430892
site_e726c7cce5,2026-02-21T09:45:00+00:00,4,74.96315971389102,17.059301484614572
site_e726c7cce5,2026-02-21T09:45:00+00:00,96,164.05733000572755,42.200629705971785
site_e726c7cce5,2026-02-21T10:00:00+00:00,4,60.407778986078505,13.62089247634275
site_e726c7cce5,2026-02-21T10:00:00+00:00,96,178.43762788288421,45.907812504077576
site_e726c7cce5,2026-02-21T10:15:00+00:00,4,65.91144561087347,14.341785323919952
site_e726c7cce5,2026-02-21T10:15:00+00:00,96,206.28869690795955,52.45401205659001
site_e726c7cce5,2026-02-21T10:30:00+00:00,4,47.305377010516445,10.675171042433053
site_e726c7cce5,2026-02-21T10:30:00+00:00,96,111.24490863735667,31.413551364744247
site_e726c7cce5,2026-02-21T10:45:00+00:00,4,53.63115016336535,10.652017075497564
site_e726c7cce5,2026-02-21T10:45:00+00:00,96,230.00669824067234,61.767567835323405
site_e726c7cce5,2026-02-21T11:00:00+00:00,4,46.75134611947968,9.930526948779843
site_e726c7cce5,2026-02-21T11:00:00+00:00,96,201.8669901199164,51.559844107306695
site_e726c7cce5,2026-02-21T11:15:00+00:00,4,64.20540030192987,11.324501308624678
site_e726c7cce5,2026-02-21T11:15:00+00:00,96,127.0191409065622,32.902273758057284
site_e726c7cce5,2026-02-21T11:30:00+00:00,4,46.468101403375975,9.230229381294102
site_e726c7cce5,2026-02-21T11:30:00+00:00,96,60.315601638992945,17.5218196857836
site_e726c7cce5,2026-02-21T11:45:00+00:00,4,78.21279916560995,14.2158926841649
site_e726c7cce5,2026-02-21T11:45:00+00:00,96,220.0898740529782,54.27050839078162
site_e726c7cce5,2026-02-21T12:00:00+00:00,4,77.33506978857937,15.084399011813753
site_e726c7cce5,2026-02-21T12:00:00+00:00,96,179.50215261412015,44.91959846898135
site_e726c7cce5,2026-02-21T12:15:00+00:00,4,86.88005801560655,16.8319477119504
site_e726c7cce5,2026-02-21T12:15:00+00:00,96,220.58603798579685,57.79352330331218
site_e726c7cce5,2026-02-21T12:30:00+00:00,4,106.10803545013268,19.92184467962273
site_e726c7cce5,2026-02-21T12:30:00+00:00,96,172.26349843547155,44.87579327018006
site_e726c7cce5,2026-02-21T12:45:00+00:00,4,106.71359414098967,18.171823114939194
site_e726c7cce5,2026-02-21T12:45:00+00:00,96,65.33569078706265,21.070056006788512
site_e726c7cce5,2026-02-21T13:00:00+00:00,4,88.39608060124795,15.276028774257803
site_e726c7cce5,2026-02-21T13:00:00+00:00,96,76.81094351185186,20.944176861185387
site_e726c7cce5,2026-02-21T13:15:00+00:00,4,81.28845313065028,13.872328531371835
site_e726c7cce5,2026-02-21T13:15:00+00:00,96,95.08204660466056,23.224576849204716
site_e726c7cce5,2026-02-21T13:30:00+00:00,4,74.31357276392005,12.870414526308107
site_e726c7cce5,2026-02-21T13:30:00+00:00,96,99.30367885156699,26.20037807171453
site_e726c7cce5,2026-02-21T13:45:00+00:00,4,66.54114698378626,13.145494148328204
site_e726c7cce5,2026-02-21T13:45:00+00:00,96,160.83931552192843,50.22233861095062
site_e726c7cce5,2026-02-21T14:00:00+00:00,4,88.21059268104854,17.67325110082287
site_e726c7cce5,2026-02-21T14:00:00+00:00,96,69.0518375588678,21.11676330426806
site_e726c7cce5,2026-02-21T14:15:00+00:00,4,93.50488211167139,19.145274937810868
site_e726c7cce5,2026-02-21T14:15:00+00:00,96,105.95798812738475,30.73857631408083
site_e726c7cce5,2026-02-21T14:30:00+00:00,4,52.562562984659046,9.883232393369969
site_e726c7cce5,2026-02-21T14:30:00+00:00,96,262.4497935207728,66.77639209375903
site_e726c7cce5,2026-02-21T14:45:00+00:00,4,54.77406271120588,9.8837060950894
site_e726c7cce5,2026-02-21T14:45:00+00:00,96,103.05092105821761,37.12729474827523
site_e726c7cce5,2026-02-21T15:00:00+00:00,4,46.54434668126596,8.823310006062762
site_e726c7cce5,2026-02-21T15:00:00+00:00,96,80.9245071768865,29.71736254250656
site_e726c7cce5,2026-02-21T15:15:00+00:00,4,56.09748385934267,10.290641065219614
site_e726c7cce5,2026-02-21T15:15:00+00:00,96,85.7875190629632,25.766809426518897
site_e726c7cce5,2026-02-21T15:30:00+00:00,4,72.48483130530573,13.906060562825052
site_e726c7cce5,2026-02-21T15:30:00+00:00,96,97.67012363938919,33.56265352085431
site_e726c7cce5,2026-02-21T15:45:00+00:00,4,59.63385035707802,13.19922595948358
site_e726c7cce5,2026-02-21T15:45:00+00:00,96,107.06268492301955,26.41525556366303
site_e726c7cce5,2026-02-21T16:00:00+00:00,4,51.35639766903857,9.345940699687091
site_e726c7cce5,2026-02-21T16:00:00+00:00,96,117.06789521966115,30.862011238217484
site_e726c7cce5,2026-02-21T16:15:00+00:00,4,49.29735606303667,9.143694774955174
site_e726c7cce5,2026-02-21T16:15:00+00:00,96,115.14365299425386,27.883204780773276
site_e726c7cce5,2026-02-21T16:30:00+00:00,4,34.766180490064635,6.511247722967822
site_e726c7cce5,2026-02-21T16:30:00+00:00,96,69.00634554580668,19.56595378868525
site_e726c7cce5,2026-02-21T16:45:00+00:00,4,33.36543534419644,6.855001526986384
site_e726c7cce5,2026-02-21T16:45:00+00:00,96,65.67041843146112,17.208266370978308
site_e726c7cce5,2026-02-21T17:00:00+00:00,4,38.21353386825457,9.085262766268913
site_e726c7cce5,2026-02-21T17:00:00+00:00,96,292.11418759019244,66.76726235988181
site_e726c7cce5,2026-02-21T17:15:00+00:00,4,52.57047226526444,12.45196132816471
site_e726c7cce5,2026-02-21T17:15:00+00:00,96,152.19513410145413,34.22951557896724
site_e726c7cce5,2026-02-21T17:30:00+00:00,4,46.37143635637068,10.252765278532017
site_e726c7cce5,2026-02-21T17:30:00+00:00,96,194.16506607765842,41.78220126668605
site_e726c7cce5,2026-02-21T17:45:00+00:00,4,50.85403239157815,11.302909215226865
site_e726c7cce5,2026-02-21T17:45:00+00:00,96,185.8359791425805,42.994890086114395
site_e726c7cce5,2026-02-21T18:00:00+00:00,4,66.09158033959494,14.898674272847991
site_e726c7cce5,2026-02-21T18:00:00+00:00,96,128.97871002547348,32.85203744255785
site_e726c7cce5,2026-02-21T18:15:00+00:00,4,55.01369360192065,13.038083540716492
site_e726c7cce5,2026-02-21T18:15:00+00:00,96,66.90082736235784,18.844581024186915
site_e726c7cce5,2026-02-21T18:30:00+00:00,4,51.85185709560389,12.320700332663652
site_e726c7cce5,2026-02-21T18:30:00+00:00,96,73.24962490047787,20.859627810050977
site_e726c7cce5,2026-02-21T18:45:00+00:00,4,88.77392481438079,18.3320990520377
site_e726c7cce5,2026-02-21T18:45:00+00:00,96,74.6527885955071,20.62274304690538
site_e726c7cce5,2026-02-21T19:00:00+00:00,4,95.04654558592574,19.394016341323187
site_e726c7cce5,2026-02-21T19:00:00+00:00,96,117.76901161611676,27.380942788742807
site_e726c7cce5,2026-02-21T19:15:00+00:00,4,122.81260656493862,25.38081093976231
site_e726c7cce5,2026-02-21T19:15:00+00:00,96,85.13200854955873,20.28913084732087
site_e726c7cce5,2026-02-21T19:30:00+00:00,4,112.68791306117642,24.4740228261402
site_e726c7cce5,2026-02-21T19:30:00+00:00,96,197.28041522932665,42.32108044687184
site_e726c7cce5,2026-02-21T19:45:00+00:00,4,140.55200339485356,28.403637829778667
site_e726c7cce5,2026-02-21T19:45:00+00:00,96,79.06542783175266,19.008127532205098
site_e726c7cce5,2026-02-21T20:00:00+00:00,4,119.45249767330036,26.8954444448367
site_e726c7cce5,2026-02-21T20:00:00+00:00,96,66.60129254838134,16.50797966136406
site_e726c7cce5,2026-02-21T20:15:00+00:00,4,82.62798498706252,20.640828629957856
site_e726c7cce5,2026-02-21T20:15:00+00:00,96,205.94946718587704,42.94209504886195
site_e726c7cce5,2026-02-21T20:30:00+00:00,4,86.4324205917094,19.39316671414239
site_e726c7cce5,2026-02-21T20:30:00+00:00,96,230.03685902847357,48.598097635059005
site_e726c7cce5,2026-02-21T20:45:00+00:00,4,110.59007022440392,23.057315282985204
site_e726c7cce5,2026-02-21T20:45:00+00:00,96,361.6574653180704,73.51242443754049
site_e726c7cce5,2026-02-21T21:00:00+00:00,4,144.87056391906918,31.828955459403566
site_e726c7cce5,2026-02-21T21:00:00+00:00,96,366.7447439433522,73.81042983055497
site_e726c7cce5,2026-02-21T21:15:00+00:00,4,146.7185395748707,28.770720481014084
site_e726c7cce5,2026-02-21T21:15:00+00:00,96,338.0079924062068,69.28165629592911
site_e726c7cce5,2026-02-21T21:30:00+00:00,4,111.84128942171375,23.589134307989827
site_e726c7cce5,2026-02-21T21:30:00+00:00,96,206.3212676939052,40.76323534777632
site_e726c7cce5,2026-02-21T21:45:00+00:00,4,133.9479858159691,23.260360830066332
site_e726c7cce5,2026-02-21T21:45:00+00:00,96,118.53166698397604,26.014605265999144
site_e726c7cce5,2026-02-21T22:00:00+00:00,4,119.771270567971,18.11434927607215
site_e726c7cce5,2026-02-21T22:00:00+00:00,96,119.27770220683936,23.529202516238456
site_e726c7cce5,2026-02-21T22:15:00+00:00,4,116.5231926697134,15.230084718035982
site_e726c7cce5,2026-02-21T22:15:00+00:00,96,126.55063175156508,21.97915456264673
site_e726c7cce5,2026-02-21T22:30:00+00:00,4,92.1619129503627,10.660181685154619
site_e726c7cce5,2026-02-21T22:30:00+00:00,96,185.15061365605874,31.705129795253534
site_e726c7cce5,2026-02-21T22:45:00+00:00,4,94.58582359514156,14.896148893517989
site_e726c7cce5,2026-02-21T22:45:00+00:00,96,159.83251428550557,23.761425244619854
site_e726c7cce5,2026-02-21T23:15:00+00:00,4,48.9026266825645,6.096128464342367
site_e726c7cce5,2026-02-21T23:15:00+00:00,96,213.96422250586858,24.436256391750774
site_e726c7cce5,2026-02-21T23:30:00+00:00,4,58.507274826723446,7.0524021897912
site_e726c7cce5,2026-02-21T23:30:00+00:00,96,251.12034326462097,27.281896873428316
site_e726c7cce5,2026-02-22T00:00:00+00:00,4,45.66936451515393,5.049802829738612
site_e726c7cce5,2026-02-22T00:00:00+00:00,96,201.59745052009322,21.29231932389293
site_e726c7cce5,2026-02-22T00:15:00+00:00,4,35.742295787820176,4.681389297063051
site_e726c7cce5,2026-02-22T00:15:00+00:00,96,178.64285636700453,18.218319362110137
site_e726c7cce5,2026-02-22T00:30:00+00:00,4,54.993128133942236,6.700918467188592
site_e726c7cce5,2026-02-22T00:30:00+00:00,96,161.83216807929458,16.550574036947005
site_e726c7cce5,2026-02-22T00:45:00+00:00,4,54.993128133942236,6.700918467188592
site_e726c7cce5,2026-02-22T00:45:00+00:00,96,162.26450202789823,15.701821198374484
site_e726c7cce5,2026-02-22T01:00:00+00:00,4,46.42601400177397,4.580128151321425
site_e726c7cce5,2026-02-22T01:00:00+00:00,96,79.70708732256247,8.194345440294537
site_e726c7cce5,2026-02-22T01:15:00+00:00,4,44.333997577071464,4.299804918918036
site_e726c7cce5,2026-02-22T01:15:00+00:00,96,85.17795966939465,7.88506005004348
site_e726c7cce5,2026-02-22T01:30:00+00:00,4,46.83517227564617,4.785157087526342
site_e726c7cce5,2026-02-22T01:30:00+00:00,96,57.81979571402543,5.899765923821207
site_e726c7cce5,2026-02-22T01:45:00+00:00,4,63.51895112625511,5.840748162951968
site_e726c7cce5,2026-02-22T01:45:00+00:00,96,46.32022285236987,4.904914153259213
site_e726c7cce5,2026-02-22T02:00:00+00:00,4,46.15780323580092,4.0701271199253535
site_e726c7cce5,2026-02-22T02:00:00+00:00,96,50.211158394883554,5.0433841232106404
site_e726c7cce5,2026-02-22T02:15:00+00:00,4,47.94559335247471,4.487609676863904
site_e726c7cce5,2026-02-22T02:15:00+00:00,96,116.89257171890483,9.288767078290721
site_e726c7cce5,2026-02-22T02:30:00+00:00,4,56.17012992099344,7.14653098300812
site_e726c7cce5,2026-02-22T02:30:00+00:00,96,71.87897033278634,6.493385737789474
site_e726c7cce5,2026-02-22T02:45:00+00:00,4,45.84291372048541,4.162447351452319
site_e726c7cce5,2026-02-22T02:45:00+00:00,96,98.17550387170198,8.501884007809327
site_e726c7cce5,2026-02-22T03:00:00+00:00,4,32.94896413025644,3.943022181457778
site_e726c7cce5,2026-02-22T03:00:00+00:00,96,92.25696830321968,8.358243529300262
site_e726c7cce5,2026-02-22T03:15:00+00:00,4,36.318576397465954,4.9402968060548895
site_e726c7cce5,2026-02-22T03:15:00+00:00,96,60.8336740154646,6.190623969211126
site_e726c7cce5,2026-02-22T03:30:00+00:00,4,102.0791737940921,13.553615296788259
site_e726c7cce5,2026-02-22T03:30:00+00:00,96,73.8588707794563,6.229535070898033
site_e726c7cce5,2026-02-22T03:45:00+00:00,4,68.38262240456923,9.294425889422936
site_e726c7cce5,2026-02-22T03:45:00+00:00,96,64.43623274707792,7.627166586970681
site_e726c7cce5,2026-02-22T04:00:00+00:00,4,60.27104801061958,8.007617769124765
site_e726c7cce5,2026-02-22T04:00:00+00:00,96,121.6466078366069,14.04631019805336
site_e726c7cce5,2026-02-22T04:15:00+00:00,4,87.2170989289653,11.94579311903926
site_e726c7cce5,2026-02-22T04:15:00+00:00,96,94.94973079026795,12.355665404169732
site_e726c7cce5,2026-02-22T04:30:00+00:00,4,61.0392930833937,8.118764182825451
site_e726c7cce5,2026-02-22T04:30:00+00:00,96,75.05443943904481,8.509312564689148
site_e726c7cce5,2026-02-22T04:45:00+00:00,4,101.34127815071486,13.384090167846262
site_e726c7cce5,2026-02-22T04:45:00+00:00,96,75.05443943904481,8.509312564689148
site_e726c7cce5,2026-02-22T05:00:00+00:00,4,108.59404073528259,15.129819701031563
site_e726c7cce5,2026-02-22T05:00:00+00:00,96,68.12575017426876,8.796509590621554
site_e726c7cce5,2026-02-22T05:15:00+00:00,4,91.25429204295554,13.350675332631079
site_e726c7cce5,2026-02-22T05:15:00+00:00,96,70.96413514690073,9.617416952980415
site_e726c7cce5,2026-02-22T05:30:00+00:00,4,81.8451437015138,11.962397615425239
site_e726c7cce5,2026-02-22T05:30:00+00:00,96,62.45429068823793,8.768620003077197
site_e726c7cce5,2026-02-22T05:45:00+00:00,4,70.86674535143892,10.615343476174395
site_e726c7cce5,2026-02-22T05:45:00+00:00,96,90.89550109127494,14.650501540927687
site_e726c7cce5,2026-02-22T06:00:00+00:00,4,109.26020053560335,16.61810645057726
site_e726c7cce5,2026-02-22T06:00:00+00:00,96,86.87356783122547,15.45969781150921
site_e726c7cce5,2026-02-22T06:15:00+00:00,4,112.60479710895697,18.978215426647125
site_e726c7cce5,2026-02-22T06:15:00+00:00,96,214.5687310976972,37.023324373543765
site_e726c7cce5,2026-02-22T06:30:00+00:00,4,114.55895274799701,19.64785924557738
site_e726c7cce5,2026-02-22T06:30:00+00:00,96,131.5294013961739,25.254292232104763
site_e726c7cce5,2026-02-22T06:45:00+00:00,4,180.60171735070946,26.276193494790675
site_e726c7cce5,2026-02-22T06:45:00+00:00,96,66.68987931056144,11.894403349581676
site_e726c7cce5,2026-02-22T07:00:00+00:00,4,80.4311391669384,11.996969536298057
site_e726c7cce5,2026-02-22T07:00:00+00:00,96,78.46566867902739,15.564517804105218
site_e726c7cce5,2026-02-22T07:15:00+00:00,4,95.0915985665435,14.00726383824881
site_e726c7cce5,2026-02-22T07:15:00+00:00,96,64.21014803819278,12.498335919616869
site_e726c7cce5,2026-02-22T07:30:00+00:00,4,176.7653457211539,29.360945915452234
site_e726c7cce5,2026-02-22T07:30:00+00:00,96,81.2008358867915,16.53539333454578
site_e726c7cce5,2026-02-22T07:45:00+00:00,4,154.9415519561428,28.79198826298736
site_e726c7cce5,2026-02-22T07:45:00+00:00,96,82.85245838122437,18.039102354615036
site_e726c7cce5,2026-02-22T08:00:00+00:00,4,76.11792318895142,13.59878559778408
site_e726c7cce5,2026-02-22T08:00:00+00:00,96,86.24542722009544,18.994436848167897
site_e726c7cce5,2026-02-22T08:15:00+00:00,4,89.92378295186425,17.06200497600941
site_e726c7cce5,2026-02-22T08:15:00+00:00,96,52.10680015149385,12.06699610863373
site_e726c7cce5,2026-02-22T08:30:00+00:00,4,112.281195956873,20.298273757906074
site_e726c7cce5,2026-02-22T08:30:00+00:00,96,49.43251964658385,11.457131842823435
site_e726c7cce5,2026-02-22T08:45:00+00:00,4,136.19012262563317,25.176407125654407
site_e726c7cce5,2026-02-22T08:45:00+00:00,96,72.30916047167528,16.024261609053713
site_e726c7cce5,2026-02-22T09:00:00+00:00,4,96.75983042524494,18.28186446423702
site_e726c7cce5,2026-02-22T09:00:00+00:00,96,37.1419804607594,8.582744207149196
site_e726c7cce5,2026-02-22T09:15:00+00:00,4,86.35317921314478,16.374230108599786
site_e726c7cce5,2026-02-22T09:15:00+00:00,96,49.240740621863175,11.174700045524322
site_e726c7cce5,2026-02-22T09:30:00+00:00,4,89.9622801570413,16.86722318608203
site_e726c7cce5,2026-02-22T09:30:00+00:00,96,61.53690236076468,14.020707295502719
site_e726c7cce5,2026-02-23T04:00:00+00:00,96,202.22540518841555,27.079871857601596
site_e726c7cce5,2026-02-23T04:15:00+00:00,96,122.1733699000601,17.08501255581362
site_e726c7cce5,2026-02-23T06:45:00+00:00,96,217.25667042334572,35.84452771820457
site_e726c7cce5,2026-02-23T07:00:00+00:00,96,108.36788077617949,18.807501193860304
site_e726c7cce5,2026-02-23T07:15:00+00:00,96,114.53062038413393,20.569703445921384
site_e726c7cce5,2026-02-23T07:30:00+00:00,96,134.9186670460719,23.391692074018952
site_e726c7cce5,2026-02-23T07:45:00+00:00,4,133.6041420677778,199.30024604850328
site_e726c7cce5,2026-02-23T07:45:00+00:00,96,157.62752768395404,26.37720147008804
site_e726c7cce5,2026-02-23T08:00:00+00:00,4,111.69940551966762,170.72640887135066
site_e726c7cce5,2026-02-23T08:00:00+00:00,96,134.4558873810672,22.87153983503
site_e726c7cce5,2026-02-23T08:15:00+00:00,4,141.82004720374056,287.6987577239889
site_e726c7cce5,2026-02-23T08:15:00+00:00,96,124.53195618081551,21.536365134541064
site_e726c7cce5,2026-02-23T08:30:00+00:00,4,179.29085595207022,273.08831197440304
site_e726c7cce5,2026-02-23T08:30:00+00:00,96,135.17956572002484,23.624968993532693
site_e726c7cce5,2026-02-23T08:45:00+00:00,4,170.22756025131685,264.68194260655355
site_e726c7cce5,2026-02-23T08:45:00+00:00,96,107.10585829065172,18.81581795730848
site_e726c7cce5,2026-02-23T09:00:00+00:00,4,182.93774117516685,159.53185787720295
site_e726c7cce5,2026-02-23T09:00:00+00:00,96,120.43729050305858,21.43618757356272
site_e726c7cce5,2026-02-23T09:15:00+00:00,4,156.92965081437532,107.91210694656415
site_e726c7cce5,2026-02-23T09:15:00+00:00,96,107.81758457206462,19.50253256627079
site_e726c7cce5,2026-02-23T09:30:00+00:00,4,151.16771430911925,69.03103074147052
site_e726c7cce5,2026-02-23T09:30:00+00:00,96,100.5371417952576,18.122161519540352
site_e726c7cce5,2026-02-23T09:45:00+00:00,4,265.79122318835016,57.16081452348439
site_e726c7cce5,2026-02-23T10:00:00+00:00,4,206.61766878004866,35.600356416557844
site_e726c7cce5,2026-02-23T10:15:00+00:00,4,221.70885378737768,41.93768613958535
site_e726c7cce5,2026-02-23T10:30:00+00:00,4,298.5645189620995,54.26901696077578
site_e726c7cce5,2026-02-23T10:45:00+00:00,4,258.11854315477626,48.906490635697715
site_e726c7cce5,2026-02-23T11:00:00+00:00,4,279.9325896094336,50.651863698878145
site_e726c7cce5,2026-02-23T11:15:00+00:00,4,321.4547291812912,57.37093208760539
site_e726c7cce5,2026-02-23T11:30:00+00:00,4,220.71317459265904,38.83173603982074
site_e726c7cce5,2026-02-23T11:45:00+00:00,4,250.03242844696643,46.547180115295916
site_e726c7cce5,2026-02-23T12:00:00+00:00,4,217.8378801329504,40.82365282894117
site_e726c7cce5,2026-02-23T12:15:00+00:00,4,325.2008225920088,60.707567802424336
site_e726c7cce5,2026-02-23T12:30:00+00:00,4,308.33283820504573,55.205037199681854
site_e726c7cce5,2026-02-23T12:45:00+00:00,4,145.26799547798572,31.167360884583765
site_e726c7cce5,2026-02-23T13:00:00+00:00,4,184.50784000310762,32.60884743749209
site_e726c7cce5,2026-02-23T13:15:00+00:00,4,304.6319382439321,52.69865327157504
site_e726c7cce5,2026-02-23T13:30:00+00:00,4,300.4105564416289,49.60600378408091
site_e726c7cce5,2026-02-23T13:45:00+00:00,4,186.09126278494205,30.30048776562762
site_e726c7cce5,2026-02-23T14:00:00+00:00,4,181.8370512875215,29.582320423154354
site_e726c7cce5,2026-02-23T14:15:00+00:00,4,192.8070777530462,30.289245595755176
site_e726c7cce5,2026-02-23T14:30:00+00:00,4,200.25338755323844,30.445403575710525
site_e726c7cce5,2026-02-23T14:45:00+00:00,4,186.133336953495,37.52534037854644
site_e726c7cce5,2026-02-23T15:00:00+00:00,4,174.23467405196718,25.825765157686657
site_e726c7cce5,2026-02-23T15:15:00+00:00,4,233.2731129254485,36.52138609856457
site_e726c7cce5,2026-02-23T15:30:00+00:00,4,236.10003940253225,35.053237186887095
site_e726c7cce5,2026-02-23T15:45:00+00:00,4,248.78455461706366,41.285715301348866
site_e726c7cce5,2026-02-23T16:00:00+00:00,4,193.73286306181012,28.999006114592056
site_e726c7cce5,2026-02-23T16:15:00+00:00,4,248.41174795117286,39.432076916354845
site_e726c7cce5,2026-02-23T16:30:00+00:00,4,236.92996797038722,35.745581162948014
site_e726c7cce5,2026-02-23T16:45:00+00:00,4,265.43126040528466,43.067382987142274
site_e726c7cce5,2026-02-23T17:00:00+00:00,4,308.8421859950707,48.153459342257
site_e726c7cce5,2026-02-23T17:15:00+00:00,4,395.07522721139196,62.2678011570929
site_e726c7cce5,2026-02-23T17:30:00+00:00,4,406.3509795302749,68.15556985001487
site_e726c7cce5,2026-02-23T17:45:00+00:00,4,472.1117848261415,81.61363053045177
site_e726c7cce5,2026-02-23T18:00:00+00:00,4,468.94355082747956,86.79792828925433
site_e726c7cce5,2026-02-23T18:15:00+00:00,4,448.92553993122965,79.61893614848876
site_e726c7cce5,2026-02-23T18:30:00+00:00,4,412.77842665854234,73.71375909378037
site_e726c7cce5,2026-02-23T18:45:00+00:00,4,442.97782957524225,91.07585511261934
site_e726c7cce5,2026-02-23T19:00:00+00:00,4,421.16775687194445,88.5489004728961
site_e726c7cce5,2026-02-23T19:15:00+00:00,4,488.2983350944618,101.83568654047518
site_e726c7cce5,2026-02-23T19:30:00+00:00,4,541.9470248885115,118.72989112127199
site_e726c7cce5,2026-02-23T19:45:00+00:00,4,559.6902203821794,127.44426193600472
site_e726c7cce5,2026-02-23T20:00:00+00:00,4,578.175365055661,126.2972271135854
site_e726c7cce5,2026-02-23T20:15:00+00:00,4,524.6107719780954,119.49898238251981
site_e726c7cce5,2026-02-23T20:30:00+00:00,4,427.2786578140687,96.81683105445458
site_e726c7cce5,2026-02-23T20:45:00+00:00,4,454.5428135268406,112.78253158584872
site_e726c7cce5,2026-02-23T21:00:00+00:00,4,256.6390543797736,66.95172517091657
site_e726c7cce5,2026-02-23T21:15:00+00:00,4,171.36198739713438,45.80223814235862
site_e726c7cce5,2026-02-23T21:30:00+00:00,4,277.1104560129522,71.58997356938494
site_e726c7cce5,2026-02-23T21:45:00+00:00,4,360.6394810222542,97.16879714744387
site_e726c7cce5,2026-02-23T22:00:00+00:00,4,381.3690606564094,142.48721965047702
site_e726c7cce5,2026-02-23T22:15:00+00:00,4,450.93190462998666,137.95989259028403
site_e726c7cce5,2026-02-23T22:30:00+00:00,4,509.0011034935485,496.96898067529315
site_e726c7cce5,2026-02-23T22:45:00+00:00,4,438.4310586249623,422.2742015669984
site_e726c7cce5,2026-02-23T23:00:00+00:00,4,521.6586702369035,452.1801179637888
site_e726c7cce5,2026-02-23T23:15:00+00:00,4,538.1274024988281,514.0779069028134
site_e726c7cce5,2026-02-23T23:30:00+00:00,4,549.164479659929,350.4733098770922
site_e726c7cce5,2026-02-23T23:45:00+00:00,4,480.84639111796656,398.13122599661494
site_e726c7cce5,2026-02-24T00:00:00+00:00,4,440.19179391783496,358.51394213826256
site_e726c7cce5,2026-02-24T00:15:00+00:00,4,413.7502838076048,236.49661735698356
site_e726c7cce5,2026-02-24T00:30:00+00:00,4,503.0658676634141,220.75636387490928
site_e726c7cce5,2026-02-24T00:45:00+00:00,4,317.37199382255346,340.2763387063375
site_e726c7cce5,2026-02-24T01:00:00+00:00,4,387.2123441576137,142.3094451841929
site_e726c7cce5,2026-02-24T01:15:00+00:00,4,329.3681126047564,115.23606483031764
site_e726c7cce5,2026-02-24T01:30:00+00:00,4,246.76033433880013,85.11413924360471
site_e726c7cce5,2026-02-24T01:45:00+00:00,4,386.56391867506653,139.79933434410123
site_e726c7cce5,2026-02-24T02:00:00+00:00,4,308.91740406237597,108.69894103500411
site_e726c7cce5,2026-02-24T02:15:00+00:00,4,400.8518674408196,138.84635634088534
site_e726c7cce5,2026-02-24T02:30:00+00:00,4,204.093485402405,69.39919508008552
site_e726c7cce5,2026-02-24T02:45:00+00:00,4,195.29309520176926,59.91495382926405
site_e726c7cce5,2026-02-24T03:00:00+00:00,4,173.32671979987094,57.53998732260504
site_e726c7cce5,2026-02-24T03:15:00+00:00,4,148.5357512748876,49.20928761600467
site_e726c7cce5,2026-02-24T03:30:00+00:00,4,153.72497046205908,49.56553565902422
site_e726c7cce5,2026-02-24T03:45:00+00:00,4,150.14050329234837,46.73761204845486
site_e726c7cce5,2026-02-24T04:00:00+00:00,4,114.19560698071237,35.459907373857426
site_e726c7cce5,2026-02-24T04:00:00+00:00,96,115.44608663285881,94.21025131170335
site_e726c7cce5,2026-02-24T04:15:00+00:00,4,168.58941923263006,49.53355937977677
site_e726c7cce5,2026-02-24T04:15:00+00:00,96,145.41986802194967,124.79427165674213
site_e726c7cce5,2026-02-24T04:30:00+00:00,4,185.04328637467782,52.6996696654201
site_e726c7cce5,2026-02-24T04:45:00+00:00,4,195.7028782348776,54.331401913049575
site_e726c7cce5,2026-02-24T05:00:00+00:00,4,165.02945475459262,48.725682389797
site_e726c7cce5,2026-02-24T05:15:00+00:00,4,145.205071064052,43.118399231430864
site_e726c7cce5,2026-02-24T05:30:00+00:00,4,153.9126186979469,42.4893362442131
site_e726c7cce5,2026-02-24T05:45:00+00:00,4,164.06417845526735,43.979086239738606
site_e726c7cce5,2026-02-24T06:00:00+00:00,4,165.78499057832553,45.13862388315702
site_e726c7cce5,2026-02-24T06:15:00+00:00,4,202.37090640148853,57.24359317711014
site_e726c7cce5,2026-02-24T06:30:00+00:00,4,194.01028855143926,52.96588694832228
site_e726c7cce5,2026-02-24T06:45:00+00:00,4,191.54783463716086,54.209833776179096
site_e726c7cce5,2026-02-24T06:45:00+00:00,96,214.8295569081584,328.7109518981505
site_e726c7cce5,2026-02-24T07:00:00+00:00,4,192.3359673341902,177.6912817008207
site_e726c7cce5,2026-02-24T07:00:00+00:00,96,172.58582217147594,265.2416900257171
site_e726c7cce5,2026-02-24T07:15:00+00:00,4,196.85705174107989,64.29136557806183
site_e726c7cce5,2026-02-24T07:15:00+00:00,96,212.9254798137143,440.1666128313128
site_e726c7cce5,2026-02-24T07:30:00+00:00,4,211.21462945792547,93.41597705377997
site_e726c7cce5,2026-02-24T07:30:00+00:00,96,313.0087502098845,479.94644253154723
site_e726c7cce5,2026-02-24T07:45:00+00:00,4,187.10062046476995,83.55829626857292
site_e726c7cce5,2026-02-24T07:45:00+00:00,96,193.76096572207626,296.133384511797
site_e726c7cce5,2026-02-24T08:00:00+00:00,4,172.40859156221336,83.15415464109577
site_e726c7cce5,2026-02-24T08:00:00+00:00,96,240.5222258710337,187.28123394414186
site_e726c7cce5,2026-02-24T08:15:00+00:00,4,215.10773347104546,83.84834492625467
site_e726c7cce5,2026-02-24T08:15:00+00:00,96,196.86747151147097,119.31480486031856
site_e726c7cce5,2026-02-24T08:30:00+00:00,4,147.97666501300205,48.411540343042454
site_e726c7cce5,2026-02-24T08:30:00+00:00,96,214.7490596219924,83.01865513950467
site_e726c7cce5,2026-02-24T08:45:00+00:00,4,175.51797316798306,56.223968450240406
site_e726c7cce5,2026-02-24T08:45:00+00:00,96,726.8262705821826,107.12072464828681
site_e726c7cce5,2026-02-24T09:00:00+00:00,4,176.20182824407095,53.64415779359554
site_e726c7cce5,2026-02-24T09:00:00+00:00,96,167.8683975130038,29.34418203592998
site_e726c7cce5,2026-02-24T09:15:00+00:00,4,183.16781348331136,56.75030976143992
site_e726c7cce5,2026-02-24T09:15:00+00:00,96,208.33887158257147,36.0912177787501
site_e726c7cce5,2026-02-24T09:30:00+00:00,4,184.43209719445673,56.5792342744776
site_e726c7cce5,2026-02-24T09:30:00+00:00,96,221.74614654990287,38.48087552923425
site_e726c7cce5,2026-02-24T09:45:00+00:00,4,169.6720426874268,52.306371700565634
site_e726c7cce5,2026-02-24T09:45:00+00:00,96,240.07603072356704,41.65978482240311
site_e726c7cce5,2026-02-24T10:00:00+00:00,4,171.75161041942553,51.501847772934305
site_e726c7cce5,2026-02-24T10:00:00+00:00,96,232.9957593441602,40.378848638871645
site_e726c7cce5,2026-02-24T10:15:00+00:00,4,214.677283415897,64.50539114058482
site_e726c7cce5,2026-02-24T10:15:00+00:00,96,249.5345171016952,44.70864127684654
site_e726c7cce5,2026-02-24T10:30:00+00:00,4,124.29863699709664,39.35595162418298
site_e726c7cce5,2026-02-24T10:30:00+00:00,96,158.95470193131888,30.257255297534613
site_e726c7cce5,2026-02-24T10:45:00+00:00,4,159.33172443221858,49.68743507666426
site_e726c7cce5,2026-02-24T10:45:00+00:00,96,196.917242688161,37.86634622217758
site_e726c7cce5,2026-02-24T11:00:00+00:00,4,151.72881346916975,51.06522319888597
site_e726c7cce5,2026-02-24T11:00:00+00:00,96,183.2823073884199,37.33440141506346
site_e726c7cce5,2026-02-24T11:15:00+00:00,4,158.9030235207455,53.767784865887045
site_e726c7cce5,2026-02-24T11:15:00+00:00,96,396.34572439486374,71.72007362206107
site_e726c7cce5,2026-02-24T11:30:00+00:00,4,162.1827295965188,52.61708246649893
site_e726c7cce5,2026-02-24T11:30:00+00:00,96,361.6176184964496,64.74792362144339
site_e726c7cce5,2026-02-24T11:45:00+00:00,4,148.56148365643512,49.31749531275116
site_e726c7cce5,2026-02-24T11:45:00+00:00,96,133.84214102718218,32.76992582861412
site_e726c7cce5,2026-02-24T12:00:00+00:00,4,173.83158942938587,57.7677395047042
site_e726c7cce5,2026-02-24T12:00:00+00:00,96,229.51082398806818,42.9312531709599
site_e726c7cce5,2026-02-24T12:15:00+00:00,4,163.43575530851206,57.60821539591502
site_e726c7cce5,2026-02-24T12:15:00+00:00,96,266.59450620945455,49.58651030572213
site_e726c7cce5,2026-02-24T12:30:00+00:00,4,141.7628819688551,50.177725533288594
site_e726c7cce5,2026-02-24T12:30:00+00:00,96,407.02988035271585,66.77883311900642
site_e726c7cce5,2026-02-24T12:45:00+00:00,4,137.70293191558645,46.33700089570957
site_e726c7cce5,2026-02-24T12:45:00+00:00,96,145.49720862333578,27.22229757579656
site_e726c7cce5,2026-02-24T13:00:00+00:00,4,148.799471884151,48.51733072549545
site_e726c7cce5,2026-02-24T13:00:00+00:00,96,167.9356240058998,30.465622683180392
site_e726c7cce5,2026-02-24T13:15:00+00:00,4,180.75660721109995,46.39691215991459
site_e726c7cce5,2026-02-24T13:15:00+00:00,96,200.31431533027953,35.444002075876746
site_e726c7cce5,2026-02-24T13:30:00+00:00,4,163.4745520094389,55.35326907828143
site_e726c7cce5,2026-02-24T13:30:00+00:00,96,161.6198497153771,28.881040020339974
site_e726c7cce5,2026-02-24T13:45:00+00:00,4,200.20080729869196,65.43030091052415
site_e726c7cce5,2026-02-24T13:45:00+00:00,96,202.7136817667888,42.64814946226982
site_e726c7cce5,2026-02-24T14:00:00+00:00,4,160.3273248866496,52.25836355793166
site_e726c7cce5,2026-02-24T14:00:00+00:00,96,161.55964639389018,28.61625146344946
site_e726c7cce5,2026-02-24T14:15:00+00:00,4,159.33790853761676,37.79732205479284
site_e726c7cce5,2026-02-24T14:15:00+00:00,96,326.26303332499344,52.4705970016022
site_e726c7cce5,2026-02-24T14:30:00+00:00,4,158.93885730391074,50.953566401735394
site_e726c7cce5,2026-02-24T14:30:00+00:00,96,215.5866796325145,37.17355075596686
site_e726c7cce5,2026-02-24T14:45:00+00:00,4,183.0471290465095,57.9772404676135
site_e726c7cce5,2026-02-24T14:45:00+00:00,96,334.51154319777106,56.95058376736345
site_e726c7cce5,2026-02-24T15:00:00+00:00,4,215.7780514714906,68.00447229781693
site_e726c7cce5,2026-02-24T15:00:00+00:00,96,195.9849917491842,34.706998827644796
site_e726c7cce5,2026-02-24T15:15:00+00:00,4,232.18919010429966,49.570100658079106
site_e726c7cce5,2026-02-24T15:15:00+00:00,96,272.91922678629516,47.58264184968289
site_e726c7cce5,2026-02-24T15:30:00+00:00,4,227.59143643310634,48.28649645313136
site_e726c7cce5,2026-02-24T15:30:00+00:00,96,253.77545695139477,41.50370993928031
site_e726c7cce5,2026-02-24T15:45:00+00:00,4,221.81542252670545,33.08409450610583
site_e726c7cce5,2026-02-24T15:45:00+00:00,96,395.9085967907215,67.36360580684321
site_e726c7cce5,2026-02-24T16:00:00+00:00,4,224.8146978513132,7.730610057693105
site_e726c7cce5,2026-02-24T16:00:00+00:00,96,334.70441619022074,54.718871109332525
site_e726c7cce5,2026-02-24T16:15:00+00:00,4,232.4174829551606,8.303064275719157
site_e726c7cce5,2026-02-24T16:15:00+00:00,96,440.64208708461996,68.7436342286711
site_e726c7cce5,2026-02-24T16:30:00+00:00,4,248.09255094859037,21.61767000517125
site_e726c7cce5,2026-02-24T16:30:00+00:00,96,475.2783279344451,74.0463286751523
site_e726c7cce5,2026-02-24T16:45:00+00:00,4,208.85323475682367,22.234991370410373
site_e726c7cce5,2026-02-24T16:45:00+00:00,96,546.3894627445155,86.67181385331028
site_e726c7cce5,2026-02-24T17:00:00+00:00,4,225.63518824363172,23.615297242189744
site_e726c7cce5,2026-02-24T17:00:00+00:00,96,599.5332109435838,97.6303861082558
site_e726c7cce5,2026-02-24T17:15:00+00:00,4,270.91374339566454,25.273635425774923
site_e726c7cce5,2026-02-24T17:15:00+00:00,96,421.00637005234313,70.02943429650685
site_e726c7cce5,2026-02-24T17:30:00+00:00,4,285.7483094975529,32.502994819780156
site_e726c7cce5,2026-02-24T17:30:00+00:00,96,317.26458981181713,56.14055436568544
site_e726c7cce5,2026-02-24T17:45:00+00:00,4,297.9240816678213,41.970906619289636
site_e726c7cce5,2026-02-24T17:45:00+00:00,96,413.3622636648839,78.09923981077851
site_e726c7cce5,2026-02-24T18:00:00+00:00,4,298.42024424284995,47.9531566397319
site_e726c7cce5,2026-02-24T18:00:00+00:00,96,354.64614051821013,72.76376689863899
site_e726c7cce5,2026-02-24T18:15:00+00:00,4,275.55874233275233,35.7382897923125
site_e726c7cce5,2026-02-24T18:15:00+00:00,96,367.1438345968384,74.86262704829525
site_e726c7cce5,2026-02-24T18:30:00+00:00,4,241.24921882423254,51.17041362591762
site_e726c7cce5,2026-02-24T18:30:00+00:00,96,540.238311737631,111.92495129002879
site_e726c7cce5,2026-02-24T18:45:00+00:00,4,216.5219872654632,65.5508915893528
site_e726c7cce5,2026-02-24T18:45:00+00:00,96,424.51512833834863,91.1194399270326
site_e726c7cce5,2026-02-24T19:00:00+00:00,4,290.6564580889964,72.6235451771545
site_e726c7cce5,2026-02-24T19:00:00+00:00,96,383.925282853759,83.55864586972392
site_e726c7cce5,2026-02-24T19:15:00+00:00,4,274.7463774391964,70.28607241653005
site_e726c7cce5,2026-02-24T19:15:00+00:00,96,386.6095995304142,86.01843664993466
site_e726c7cce5,2026-02-24T19:30:00+00:00,4,268.0290292486115,65.91865164253953
site_e726c7cce5,2026-02-24T19:30:00+00:00,96,291.216716271305,67.62272106516293
site_e726c7cce5,2026-02-24T19:45:00+00:00,4,188.20309307548308,43.68922294626765
site_e726c7cce5,2026-02-24T19:45:00+00:00,96,281.0147861764193,71.94930169667637
site_e726c7cce5,2026-02-24T20:00:00+00:00,4,172.83439639795176,39.81024160194497
site_e726c7cce5,2026-02-24T20:00:00+00:00,96,129.98870532737618,36.84471436015298
site_e726c7cce5,2026-02-24T20:15:00+00:00,4,165.51744028154107,37.714315451854766
site_e726c7cce5,2026-02-24T20:15:00+00:00,96,112.92619715058763,31.696470500636995
site_e726c7cce5,2026-02-24T20:30:00+00:00,4,114.43883505162356,25.659938048238594
site_e726c7cce5,2026-02-24T20:30:00+00:00,96,229.33768678800908,59.5210156599009
site_e726c7cce5,2026-02-24T20:45:00+00:00,4,156.2506459569645,30.20179435360304
site_e726c7cce5,2026-02-24T20:45:00+00:00,96,299.6297176765105,79.30904606222062
site_e726c7cce5,2026-02-24T21:00:00+00:00,4,236.3929941680903,46.01229886122731
site_e726c7cce5,2026-02-24T21:00:00+00:00,96,364.1376696492291,135.55513469374912
site_e726c7cce5,2026-02-24T21:15:00+00:00,4,216.80567257265042,35.72691911718144
site_e726c7cce5,2026-02-24T21:15:00+00:00,96,598.492535584478,178.70193765590437
site_e726c7cce5,2026-02-24T21:30:00+00:00,4,178.18010974422555,32.71548055557867
site_e726c7cce5,2026-02-24T21:30:00+00:00,96,854.9856315812472,863.3286856075291
site_e726c7cce5,2026-02-24T21:45:00+00:00,4,149.84459570665868,21.602407615816226
site_e726c7cce5,2026-02-24T21:45:00+00:00,96,375.215950017216,365.9838280023317
site_e726c7cce5,2026-02-24T22:00:00+00:00,4,118.30382845466961,21.17419900152556
site_e726c7cce5,2026-02-24T22:00:00+00:00,96,804.2836714890585,688.8422448992679
site_e726c7cce5,2026-02-24T22:15:00+00:00,4,149.54401214736993,21.003861838362113
site_e726c7cce5,2026-02-24T22:15:00+00:00,96,1013.6419551638543,960.3065752130141
site_e726c7cce5,2026-02-24T22:30:00+00:00,4,175.25205166105275,19.32514266848667
site_e726c7cce5,2026-02-24T22:30:00+00:00,96,592.2738310000639,360.34607054340586
site_e726c7cce5,2026-02-24T22:45:00+00:00,4,132.69121666307822,15.482343670942884
site_e726c7cce5,2026-02-24T22:45:00+00:00,96,475.0633890533265,388.62103289909686
site_e726c7cce5,2026-02-24T23:00:00+00:00,4,135.32012732461746,14.112601529665731
site_e726c7cce5,2026-02-24T23:00:00+00:00,96,569.1404610719916,459.17916783014414
site_e726c7cce5,2026-02-24T23:15:00+00:00,4,162.13543558396006,15.341653198858507
site_e726c7cce5,2026-02-24T23:15:00+00:00,96,280.8570048633879,155.8463866721433
site_e726c7cce5,2026-02-24T23:30:00+00:00,4,74.61964314541756,7.064631803167675
site_e726c7cce5,2026-02-24T23:30:00+00:00,96,404.8111449226333,167.7290396118536
site_e726c7cce5,2026-02-24T23:45:00+00:00,4,59.109784193033036,5.935973375208153
site_e726c7cce5,2026-02-24T23:45:00+00:00,96,252.3956663875711,271.6196206599675
site_e726c7cce5,2026-02-25T00:00:00+00:00,4,70.39400694364312,6.665359995665098
site_e726c7cce5,2026-02-25T00:00:00+00:00,96,419.93448494368846,131.96783868127062
site_e726c7cce5,2026-02-25T00:15:00+00:00,4,65.73851408623709,5.146342903449833
site_e726c7cce5,2026-02-25T00:15:00+00:00,96,254.4087561314688,85.94509163166215
site_e726c7cce5,2026-02-25T00:30:00+00:00,4,26.955095299953754,2.3003548209345928
site_e726c7cce5,2026-02-25T00:30:00+00:00,96,153.60684540719095,54.43680418573496
site_e726c7cce5,2026-02-25T00:45:00+00:00,4,53.140783089277754,3.8807727087287045
site_e726c7cce5,2026-02-25T00:45:00+00:00,96,410.1171461773131,131.63007365626842
site_e726c7cce5,2026-02-25T01:00:00+00:00,4,66.80193105834559,4.628622183326417
site_e726c7cce5,2026-02-25T01:00:00+00:00,96,205.16154035996453,69.08428702457962
site_e726c7cce5,2026-02-25T01:15:00+00:00,4,89.33114295769857,5.76423032904989
site_e726c7cce5,2026-02-25T01:15:00+00:00,96,229.90817420647494,76.10585403684782
site_e726c7cce5,2026-02-25T01:30:00+00:00,4,141.57218745258473,8.629744356223448
site_e726c7cce5,2026-02-25T01:30:00+00:00,96,104.91107670690766,37.299703007689494
site_e726c7cce5,2026-02-25T01:45:00+00:00,4,163.05226188989545,11.053457764022308
site_e726c7cce5,2026-02-25T01:45:00+00:00,96,144.81493858612117,45.09397355638533
site_e726c7cce5,2026-02-25T02:00:00+00:00,4,154.90390224405576,11.02474729507478
site_e726c7cce5,2026-02-25T02:00:00+00:00,96,91.88595831917279,33.70150113429642
site_e726c7cce5,2026-02-25T02:15:00+00:00,4,146.39337068546823,12.075538718580734
site_e726c7cce5,2026-02-25T02:15:00+00:00,96,98.70534134599345,37.5728301308991
site_e726c7cce5,2026-02-25T02:30:00+00:00,4,170.41965093643847,12.726245030954908
site_e726c7cce5,2026-02-25T02:30:00+00:00,96,121.24497074879116,38.981899833779046
site_e726c7cce5,2026-02-25T02:45:00+00:00,4,134.56825925551203,9.73700213600995
site_e726c7cce5,2026-02-25T02:45:00+00:00,96,89.89089508765296,30.76382342586446
site_e726c7cce5,2026-02-25T03:00:00+00:00,4,151.89340934291428,12.004373493648092
site_e726c7cce5,2026-02-25T03:00:00+00:00,96,82.85773586083762,30.28201334926962
site_e726c7cce5,2026-02-25T03:15:00+00:00,4,192.24212350714706,13.368689007768474
site_e726c7cce5,2026-02-25T03:15:00+00:00,96,185.24900894536208,55.810818795603836
site_e726c7cce5,2026-02-25T03:30:00+00:00,4,144.32473435943024,11.218609999754365
site_e726c7cce5,2026-02-25T03:30:00+00:00,96,138.24480749531392,41.422206929495246
site_e726c7cce5,2026-02-25T03:45:00+00:00,4,110.37805817447077,8.012849414461373
site_e726c7cce5,2026-02-25T03:45:00+00:00,96,171.14130079993737,49.1564616462773
site_e726c7cce5,2026-02-25T04:00:00+00:00,4,134.24520313027446,11.597704482168702
site_e726c7cce5,2026-02-25T04:00:00+00:00,96,154.9025261487094,47.566705967506394
site_e726c7cce5,2026-02-25T04:15:00+00:00,4,193.0889561713324,17.786207868239647
site_e726c7cce5,2026-02-25T04:15:00+00:00,96,123.78254922873668,40.73078825782126
site_e726c7cce5,2026-02-25T04:30:00+00:00,4,198.88988436497124,17.832408601547165
site_e726c7cce5,2026-02-25T04:30:00+00:00,96,158.9025202838218,47.69017097136826
site_e726c7cce5,2026-02-25T04:45:00+00:00,4,186.78423075353015,18.734716507612628
site_e726c7cce5,2026-02-25T04:45:00+00:00,96,147.92274081292896,44.024163751978094
site_e726c7cce5,2026-02-25T05:00:00+00:00,4,147.56129013971798,20.215379490681922
site_e726c7cce5,2026-02-25T05:00:00+00:00,96,148.61195687561718,46.00943439391404
site_e726c7cce5,2026-02-25T05:15:00+00:00,4,173.56020812193356,22.295428039992863
site_e726c7cce5,2026-02-25T05:15:00+00:00,96,196.5147940437589,57.34561103247813
site_e726c7cce5,2026-02-25T05:30:00+00:00,4,188.6714652297528,28.02892386877123
site_e726c7cce5,2026-02-25T05:30:00+00:00,96,197.13675768966215,58.352682875559296
site_e726c7cce5,2026-02-25T05:45:00+00:00,4,235.39992963721699,32.5944402975931
site_e726c7cce5,2026-02-25T05:45:00+00:00,96,179.51609964577253,54.72707445808825
site_e726c7cce5,2026-02-25T06:00:00+00:00,4,235.88613015815469,33.11117746818689
site_e726c7cce5,2026-02-25T06:00:00+00:00,96,178.5180001933239,172.65169557179618
site_e726c7cce5,2026-02-25T06:15:00+00:00,4,250.8126794276524,30.57098896504623
site_e726c7cce5,2026-02-25T06:15:00+00:00,96,209.10105188076767,68.22743197887634
site_e726c7cce5,2026-02-25T06:30:00+00:00,4,297.630447365115,44.28707453618575
site_e726c7cce5,2026-02-25T06:30:00+00:00,96,297.3394231437863,127.41484997835154
site_e726c7cce5,2026-02-25T06:45:00+00:00,4,279.0694199953469,44.766883313294585
site_e726c7cce5,2026-02-25T06:45:00+00:00,96,236.72061156492964,107.30462048525467
site_e726c7cce5,2026-02-25T07:00:00+00:00,4,209.9690855597845,29.90615260596808
site_e726c7cce5,2026-02-25T07:00:00+00:00,96,206.31074828632546,102.43318189698697
site_e726c7cce5,2026-02-25T07:15:00+00:00,4,238.1552352312935,39.03303830095722
site_e726c7cce5,2026-02-25T07:15:00+00:00,96,384.37741971701325,142.1049117325244
site_e726c7cce5,2026-02-25T07:30:00+00:00,4,281.39113023054836,48.43115914634818
site_e726c7cce5,2026-02-25T07:30:00+00:00,96,167.42808954219356,57.39379055152058
site_e726c7cce5,2026-02-25T07:45:00+00:00,4,319.71091351222174,61.60593665591871
site_e726c7cce5,2026-02-25T07:45:00+00:00,96,192.33845555333488,62.706938865523966
site_e726c7cce5,2026-02-25T08:00:00+00:00,4,258.7738790055935,51.44561897418049
site_e726c7cce5,2026-02-25T08:00:00+00:00,96,198.99390757548935,64.21308487727268
site_e726c7cce5,2026-02-25T08:15:00+00:00,4,314.2223121442893,62.55270374647252
site_e726c7cce5,2026-02-25T08:15:00+00:00,96,188.24248185251136,60.6313043559679
site_e726c7cce5,2026-02-25T08:30:00+00:00,4,205.67917951853508,40.27304807630995
site_e726c7cce5,2026-02-25T08:30:00+00:00,96,206.87119748774205,64.43702802134152
site_e726c7cce5,2026-02-25T08:45:00+00:00,4,215.22965671869719,41.83844866358567
site_e726c7cce5,2026-02-25T08:45:00+00:00,96,151.19813855041394,50.213290593167116
site_e726c7cce5,2026-02-25T09:00:00+00:00,4,200.0083429387413,36.31212864799775
site_e726c7cce5,2026-02-25T09:00:00+00:00,96,210.31240147666975,63.8334001242296
site_e726c7cce5,2026-02-25T09:15:00+00:00,4,186.22391735041202,33.38266374982568
site_e726c7cce5,2026-02-25T09:15:00+00:00,96,218.88366966616985,69.73491400272302
site_e726c7cce5,2026-02-25T09:30:00+00:00,4,244.3402699636307,42.814621300850476
site_e726c7cce5,2026-02-25T09:30:00+00:00,96,138.91730723556407,46.805520219588594
site_e726c7cce5,2026-02-25T09:45:00+00:00,4,276.4074488094739,38.74086898788613
site_e726c7cce5,2026-02-25T09:45:00+00:00,96,197.85042577705545,64.23300151830486
site_e726c7cce5,2026-02-25T10:00:00+00:00,4,278.9051707918029,36.88393599398419
site_e726c7cce5,2026-02-25T10:00:00+00:00,96,159.3471827491152,56.55819154211923
site_e726c7cce5,2026-02-25T10:15:00+00:00,4,279.3859137607958,39.662968896661155
site_e726c7cce5,2026-02-25T10:15:00+00:00,96,156.96069329684894,56.638409042682945
site_e726c7cce5,2026-02-25T10:30:00+00:00,4,259.6795482461975,34.175362637288785
site_e726c7cce5,2026-02-25T10:30:00+00:00,96,214.22885249284087,72.51165959351994
site_e726c7cce5,2026-02-25T10:45:00+00:00,4,203.62653153965653,22.18892837936336
site_e726c7cce5,2026-02-25T10:45:00+00:00,96,154.80717640108938,55.66903553676891
site_e726c7cce5,2026-02-25T11:00:00+00:00,4,202.14982719729264,17.956600501431303
site_e726c7cce5,2026-02-25T11:00:00+00:00,96,261.8853247869426,90.67579658049688
site_e726c7cce5,2026-02-25T11:15:00+00:00,4,223.92433766666764,23.29213763764422
site_e726c7cce5,2026-02-25T11:15:00+00:00,96,164.27207118110087,62.827172972229945
site_e726c7cce5,2026-02-25T11:30:00+00:00,4,278.09221118084747,54.66723744682921
site_e726c7cce5,2026-02-25T11:30:00+00:00,96,138.219225891001,54.10599059224275
site_e726c7cce5,2026-02-25T11:45:00+00:00,4,340.91413855829967,35.717876091098155
site_e726c7cce5,2026-02-25T11:45:00+00:00,96,131.3150199864807,48.320430657784
site_e726c7cce5,2026-02-25T12:00:00+00:00,4,318.55246541799863,34.48305254332601
site_e726c7cce5,2026-02-25T12:00:00+00:00,96,191.39386631904438,65.83142309017047
site_e726c7cce5,2026-02-25T12:15:00+00:00,4,273.11779723026797,35.75905646497351
site_e726c7cce5,2026-02-25T12:15:00+00:00,96,300.5092914357954,77.66981097219072
site_e726c7cce5,2026-02-25T12:30:00+00:00,4,261.5186035923929,26.50728169692566
site_e726c7cce5,2026-02-25T12:30:00+00:00,96,189.89776377645484,66.45601088386654
site_e726c7cce5,2026-02-25T12:45:00+00:00,4,263.2340772465062,31.607205819817853
site_e726c7cce5,2026-02-25T12:45:00+00:00,96,266.5645175214716,84.8138220679009
site_e726c7cce5,2026-02-25T13:00:00+00:00,4,314.8590737274275,43.171357528550566
site_e726c7cce5,2026-02-25T13:00:00+00:00,96,145.58113494641435,50.54091962791057
site_e726c7cce5,2026-02-25T13:15:00+00:00,4,276.13520635307736,50.38011311739764
site_e726c7cce5,2026-02-25T13:15:00+00:00,96,128.60261970198775,33.96366808005187
site_e726c7cce5,2026-02-25T13:30:00+00:00,4,316.7616520576388,62.39702687214087
site_e726c7cce5,2026-02-25T13:30:00+00:00,96,179.51823540135086,59.65006974153842
site_e726c7cce5,2026-02-25T13:45:00+00:00,4,310.3346887276174,57.11699884703005
site_e726c7cce5,2026-02-25T13:45:00+00:00,96,162.20074889555647,56.18546268246355
site_e726c7cce5,2026-02-25T14:00:00+00:00,4,288.1486225077377,54.589689451990466
site_e726c7cce5,2026-02-25T14:00:00+00:00,96,207.24684410044586,67.68693176606574
site_e726c7cce5,2026-02-25T14:15:00+00:00,4,418.4767089152573,112.86987019743451
site_e726c7cce5,2026-02-25T14:15:00+00:00,96,283.19727903636635,62.49201052991504
site_e726c7cce5,2026-02-25T14:30:00+00:00,4,218.287437657342,38.53784572145311
site_e726c7cce5,2026-02-25T14:30:00+00:00,96,234.03787720682917,52.11991698006995
site_e726c7cce5,2026-02-25T14:45:00+00:00,4,211.86301150522166,40.64025097959285
site_e726c7cce5,2026-02-25T14:45:00+00:00,96,173.67217171254725,33.23864080132058
site_e726c7cce5,2026-02-25T15:00:00+00:00,4,197.6803630946481,64.3250873815602
site_e726c7cce5,2026-02-25T15:00:00+00:00,96,180.34015813849015,12.047285218913888
site_e726c7cce5,2026-02-25T15:15:00+00:00,4,227.72776971607743,69.17839271834414
site_e726c7cce5,2026-02-25T15:15:00+00:00,96,202.44484755365875,14.272458138871853
site_e726c7cce5,2026-02-25T15:30:00+00:00,4,194.8622866537934,51.85097217765639
site_e726c7cce5,2026-02-25T15:30:00+00:00,96,231.98680614309347,25.82046684227542
site_e726c7cce5,2026-02-25T15:45:00+00:00,4,115.19864784701022,29.93289439979298
site_e726c7cce5,2026-02-25T15:45:00+00:00,96,176.21597282475412,27.187219236825804
site_e726c7cce5,2026-02-25T16:00:00+00:00,4,168.8008921115519,58.29993482223407
site_e726c7cce5,2026-02-25T16:00:00+00:00,96,273.0847732033976,32.0354375668934
site_e726c7cce5,2026-02-25T16:15:00+00:00,4,195.41943612940133,65.38250135447156
site_e726c7cce5,2026-02-25T16:15:00+00:00,96,399.24244084838836,41.54371713180532
site_e726c7cce5,2026-02-25T16:30:00+00:00,4,166.9891088065495,60.74711663272073
site_e726c7cce5,2026-02-25T16:30:00+00:00,96,391.3697602692606,47.802315445670224
site_e726c7cce5,2026-02-25T16:45:00+00:00,4,136.9255634638173,45.66878823818198
site_e726c7cce5,2026-02-25T16:45:00+00:00,96,266.36454794456694,44.42080621357874
site_e726c7cce5,2026-02-25T17:00:00+00:00,4,158.9849651132673,55.61653944648563
site_e726c7cce5,2026-02-25T17:00:00+00:00,96,319.1697552023973,55.98449207465243
site_e726c7cce5,2026-02-25T17:15:00+00:00,4,143.89449848563763,56.72846318278244
site_e726c7cce5,2026-02-25T17:15:00+00:00,96,279.2102302673071,40.53870039361573
site_e726c7cce5,2026-02-25T17:30:00+00:00,4,126.60505286215007,46.3606293980292
site_e726c7cce5,2026-02-25T17:30:00+00:00,96,211.5670408701804,51.825386777600315
site_e726c7cce5,2026-02-25T17:45:00+00:00,4,152.4094182046683,52.356265264043934
site_e726c7cce5,2026-02-25T17:45:00+00:00,96,181.8110924881952,63.393908635568216
site_e726c7cce5,2026-02-25T18:00:00+00:00,4,143.84269029940103,61.05341388918355
site_e726c7cce5,2026-02-25T18:00:00+00:00,96,322.56304663777985,87.38469445285712
site_e726c7cce5,2026-02-25T18:15:00+00:00,4,150.42661050810187,49.53547280487206
site_e726c7cce5,2026-02-25T18:15:00+00:00,96,255.25169339771907,70.79621376169845
site_e726c7cce5,2026-02-25T18:30:00+00:00,4,153.22525856247552,55.866897424268274
site_e726c7cce5,2026-02-25T18:30:00+00:00,96,240.9964008902238,64.36169211157167
site_e726c7cce5,2026-02-25T18:45:00+00:00,4,133.6500570986573,51.35892492044675
site_e726c7cce5,2026-02-25T18:45:00+00:00,96,159.5823224703782,42.818767888091514
site_e726c7cce5,2026-02-25T19:00:00+00:00,4,144.45620987482548,51.84364858078591
site_e726c7cce5,2026-02-25T19:00:00+00:00,96,143.12236275293952,40.349570110882716
site_e726c7cce5,2026-02-25T19:15:00+00:00,4,143.15222515919274,51.314277600997
site_e726c7cce5,2026-02-25T19:15:00+00:00,96,156.23864350554516,42.58869690511347
site_e726c7cce5,2026-02-25T19:30:00+00:00,4,140.8274728867432,47.264058704316646
site_e726c7cce5,2026-02-25T19:30:00+00:00,96,90.95648997560455,28.250285008178118
site_e726c7cce5,2026-02-25T19:45:00+00:00,4,143.5208298649834,93.58597256248643
site_e726c7cce5,2026-02-25T19:45:00+00:00,96,253.14465053214448,52.32726343712496
site_e726c7cce5,2026-02-25T20:00:00+00:00,4,161.61865547326536,48.83147432574414
site_e726c7cce5,2026-02-25T20:00:00+00:00,96,259.53550049425166,53.035166784043014
site_e726c7cce5,2026-02-25T20:15:00+00:00,4,187.55139920897042,71.22736748297794
site_e726c7cce5,2026-02-25T20:15:00+00:00,96,289.81358263730226,49.81768568119605
site_e726c7cce5,2026-02-25T20:30:00+00:00,4,188.56901845258005,61.50783100920973
site_e726c7cce5,2026-02-25T20:30:00+00:00,96,194.49696823354236,40.4881068143537
site_e726c7cce5,2026-02-25T20:45:00+00:00,4,171.7968743893223,119.75101325437346
site_e726c7cce5,2026-02-25T20:45:00+00:00,96,152.57029374740227,29.928356990135647
site_e726c7cce5,2026-02-25T21:00:00+00:00,4,151.38114404279162,57.1484806110322
site_e726c7cce5,2026-02-25T21:00:00+00:00,96,102.65553053657747,26.221690535929135
site_e726c7cce5,2026-02-25T21:15:00+00:00,4,132.46409111566092,35.64040210718826
site_e726c7cce5,2026-02-25T21:15:00+00:00,96,162.2928504500714,28.884434351877562
site_e726c7cce5,2026-02-25T21:30:00+00:00,4,113.40123558880214,60.59460464745473
site_e726c7cce5,2026-02-25T21:30:00+00:00,96,257.83386923772275,32.12443206515004
site_e726c7cce5,2026-02-25T21:45:00+00:00,4,113.58072833069984,42.48599706207864
site_e726c7cce5,2026-02-25T21:45:00+00:00,96,135.32029771860397,21.250016048055045
site_e726c7cce5,2026-02-25T22:00:00+00:00,4,115.76512689990442,96.76798933068034
site_e726c7cce5,2026-02-25T22:00:00+00:00,96,113.72759840147282,17.044888126749964
site_e726c7cce5,2026-02-25T22:15:00+00:00,4,123.40427312078549,188.16153114907664
site_e726c7cce5,2026-02-25T22:15:00+00:00,96,135.3030107036334,16.32250442962916
site_e726c7cce5,2026-02-25T22:30:00+00:00,4,105.14436682864172,198.7635747277631
site_e726c7cce5,2026-02-25T22:30:00+00:00,96,52.28203808924152,8.226048927749641
site_e726c7cce5,2026-02-25T22:45:00+00:00,4,86.6774448325921,60.66774436056097
site_e726c7cce5,2026-02-25T22:45:00+00:00,96,64.6096651522116,9.230111590055767
site_e726c7cce5,2026-02-25T23:00:00+00:00,4,74.01505586532384,109.2461745710645
site_e726c7cce5,2026-02-25T23:00:00+00:00,96,66.76410489759087,9.486506764627432
site_e726c7cce5,2026-02-25T23:15:00+00:00,4,67.38067941617687,41.281613375020086
site_e726c7cce5,2026-02-25T23:15:00+00:00,96,76.9763043807892,8.04115674768356
site_e726c7cce5,2026-02-25T23:30:00+00:00,4,92.46761513190489,65.55241047125539
site_e726c7cce5,2026-02-25T23:30:00+00:00,96,69.06396027298435,6.291739141052029
site_e726c7cce5,2026-02-25T23:45:00+00:00,4,103.36402966588325,29.080716195853718
site_e726c7cce5,2026-02-25T23:45:00+00:00,96,96.19885095316576,7.414863557574591
site_e726c7cce5,2026-02-26T00:00:00+00:00,4,112.77052331703977,71.14954304996604
site_e726c7cce5,2026-02-26T00:00:00+00:00,96,84.65975457745441,5.344503091799888
site_e726c7cce5,2026-02-26T00:15:00+00:00,4,93.66715229538154,85.8630413397501
site_e726c7cce5,2026-02-26T00:15:00+00:00,96,91.52673804864314,5.679327293955152
site_e726c7cce5,2026-02-26T00:30:00+00:00,4,114.74590291638236,81.8221895374212
site_e726c7cce5,2026-02-26T00:30:00+00:00,96,231.75563852914695,12.233100056445897
site_e726c7cce5,2026-02-26T00:45:00+00:00,4,80.23762073344686,76.25659890706635
site_e726c7cce5,2026-02-26T00:45:00+00:00,96,308.67632160441144,19.235816596817546
site_e726c7cce5,2026-02-26T01:00:00+00:00,4,65.72709372096377,68.45316211762929
site_e726c7cce5,2026-02-26T01:00:00+00:00,96,196.10213216230113,12.561328015777455
site_e726c7cce5,2026-02-26T01:15:00+00:00,4,100.68501396309742,17.390529884900342
site_e726c7cce5,2026-02-26T01:15:00+00:00,96,177.08030737661568,13.217735969360639
site_e726c7cce5,2026-02-26T01:30:00+00:00,4,64.24801809409908,46.353719773601945
site_e726c7cce5,2026-02-26T01:30:00+00:00,96,211.60469477767717,14.78023083219345
site_e726c7cce5,2026-02-26T01:45:00+00:00,4,58.443977489456834,75.6024093895611
site_e726c7cce5,2026-02-26T01:45:00+00:00,96,114.30574583627646,7.7473355520668985
site_e726c7cce5,2026-02-26T02:00:00+00:00,4,48.131275524356994,12.495382608734808
site_e726c7cce5,2026-02-26T02:00:00+00:00,96,159.09422447443245,11.57154424733709
site_e726c7cce5,2026-02-26T02:15:00+00:00,4,68.22055173811837,106.45497305193996
site_e726c7cce5,2026-02-26T02:15:00+00:00,96,155.56608533352664,10.1878307837513
site_e726c7cce5,2026-02-26T02:30:00+00:00,4,45.66665464635403,12.50903816756477
site_e726c7cce5,2026-02-26T02:30:00+00:00,96,102.76810810596999,8.199839619385731
site_e726c7cce5,2026-02-26T02:45:00+00:00,4,50.25754351745495,9.31470836124916
site_e726c7cce5,2026-02-26T02:45:00+00:00,96,65.31278270487684,4.835648849056906
site_e726c7cce5,2026-02-26T03:00:00+00:00,4,64.31092842003643,11.82627709096862
site_e726c7cce5,2026-02-26T03:00:00+00:00,96,84.50775789315887,7.26531859443241
site_e726c7cce5,2026-02-26T03:15:00+00:00,4,97.64065935865031,15.680182945887495
site_e726c7cce5,2026-02-26T03:15:00+00:00,96,230.42026047991703,20.388169719361496
site_e726c7cce5,2026-02-26T03:30:00+00:00,4,48.92002680302425,7.3509531814873315
site_e726c7cce5,2026-02-26T03:30:00+00:00,96,203.84375671949445,17.18311564794248
site_e726c7cce5,2026-02-26T03:45:00+00:00,4,54.643862266433096,8.160251051533574
site_e726c7cce5,2026-02-26T03:45:00+00:00,96,187.3820932792302,17.3089378570077
site_e726c7cce5,2026-02-26T04:00:00+00:00,4,84.7562714969333,14.608953496875507
site_e726c7cce5,2026-02-26T04:00:00+00:00,96,112.30993581383223,14.745934091142232
site_e726c7cce5,2026-02-26T04:15:00+00:00,4,54.661959384449595,6.728970236312017
site_e726c7cce5,2026-02-26T04:15:00+00:00,96,187.82804946076817,22.147793321629983
site_e726c7cce5,2026-02-26T04:30:00+00:00,4,71.15282186394444,8.457294261886723
site_e726c7cce5,2026-02-26T04:30:00+00:00,96,160.06818562112954,21.648199680053658
site_e726c7cce5,2026-02-26T04:45:00+00:00,4,47.01639291750688,6.217346521423192
site_e726c7cce5,2026-02-26T04:45:00+00:00,96,411.15573203260715,52.94490839177289
site_e726c7cce5,2026-02-26T05:00:00+00:00,4,107.89169867112551,18.510322312891898
site_e726c7cce5,2026-02-26T05:00:00+00:00,96,242.77027466470668,30.903323452670644
site_e726c7cce5,2026-02-26T05:15:00+00:00,4,89.09889104378394,15.07419140484598
site_e726c7cce5,2026-02-26T05:15:00+00:00,96,196.6307421775154,21.658790930278798
site_e726c7cce5,2026-02-26T05:30:00+00:00,4,117.88612396978434,21.850102848023496
site_e726c7cce5,2026-02-26T05:30:00+00:00,96,352.2301417408624,47.49521796057741
site_e726c7cce5,2026-02-26T05:45:00+00:00,4,104.81795546862797,18.61952919644845
site_e726c7cce5,2026-02-26T05:45:00+00:00,96,259.7195504332266,38.45330130164474
site_e726c7cce5,2026-02-26T06:00:00+00:00,4,118.15856404153882,22.027733387224238
site_e726c7cce5,2026-02-26T06:00:00+00:00,96,137.26342598451993,18.61244818600128
site_e726c7cce5,2026-02-26T06:15:00+00:00,4,154.08192579002437,30.94827084760536
site_e726c7cce5,2026-02-26T06:15:00+00:00,96,212.17038704141606,30.693426525479612
site_e726c7cce5,2026-02-26T06:30:00+00:00,4,133.92169049531788,26.340044199244005
site_e726c7cce5,2026-02-26T06:30:00+00:00,96,322.58573321062096,49.60049035436949
site_e726c7cce5,2026-02-26T06:45:00+00:00,4,141.97040190800965,27.877267425130345
site_e726c7cce5,2026-02-26T06:45:00+00:00,96,430.54424671593364,71.3931858516371
site_e726c7cce5,2026-02-26T07:00:00+00:00,4,145.15709686249278,28.66536532706845
site_e726c7cce5,2026-02-26T07:00:00+00:00,96,194.34642961617135,34.11625887446073
site_e726c7cce5,2026-02-26T07:15:00+00:00,4,155.39676350456648,30.384591563451096
site_e726c7cce5,2026-02-26T07:15:00+00:00,96,293.370119571704,53.44723231041246
site_e726c7cce5,2026-02-26T07:30:00+00:00,4,138.84995594944803,26.011401054704454
site_e726c7cce5,2026-02-26T07:30:00+00:00,96,123.97125556328513,22.965547892511367
site_e726c7cce5,2026-02-26T07:45:00+00:00,4,104.89054987447271,20.340172611708184
site_e726c7cce5,2026-02-26T07:45:00+00:00,96,139.4836645280294,25.382280106515157
site_e726c7cce5,2026-02-26T08:00:00+00:00,4,97.346148484909,20.078747571553343
site_e726c7cce5,2026-02-26T08:00:00+00:00,96,129.980788815759,22.899905316603252
site_e726c7cce5,2026-02-26T08:15:00+00:00,4,127.72074593847852,26.34666266787228
site_e726c7cce5,2026-02-26T08:15:00+00:00,96,113.81741677835797,18.27558955337458
site_e726c7cce5,2026-02-26T08:30:00+00:00,4,124.84149053004154,26.63085755336184
site_e726c7cce5,2026-02-26T08:30:00+00:00,96,346.8655462110976,54.503652144860226
site_e726c7cce5,2026-02-26T08:45:00+00:00,4,136.36018608872476,29.083908956384732
site_e726c7cce5,2026-02-26T08:45:00+00:00,96,212.70215505087214,27.396799227712037
site_e726c7cce5,2026-02-26T09:00:00+00:00,4,136.56524614449938,29.879646566014543
site_e726c7cce5,2026-02-26T09:00:00+00:00,96,265.0248665108669,30.385318079952427
site_e726c7cce5,2026-02-26T09:15:00+00:00,4,145.49750036138383,31.304264215572832
site_e726c7cce5,2026-02-26T09:15:00+00:00,96,210.9739723305526,27.529876807462266
site_e726c7cce5,2026-02-26T09:30:00+00:00,4,140.03061060969713,28.932235758792725
site_e726c7cce5,2026-02-26T09:30:00+00:00,96,178.44818920725123,20.875678552208473
site_e726c7cce5,2026-02-26T09:45:00+00:00,4,131.4575802361097,22.27213168140728
site_e726c7cce5,2026-02-26T09:45:00+00:00,96,134.0625328816032,13.65005312096721
site_e726c7cce5,2026-02-26T10:00:00+00:00,4,135.98556161511485,20.325053055471344
site_e726c7cce5,2026-02-26T10:00:00+00:00,96,138.57546345574144,11.101445793888717
site_e726c7cce5,2026-02-26T10:15:00+00:00,4,102.27883391728051,15.098470258999988
site_e726c7cce5,2026-02-26T10:15:00+00:00,96,180.8731654915061,17.821182852819685
site_e726c7cce5,2026-02-26T10:30:00+00:00,4,101.10085157947553,11.617247871635874
site_e726c7cce5,2026-02-26T10:30:00+00:00,96,462.57459849900783,86.53412239799896
site_e726c7cce5,2026-02-26T10:45:00+00:00,4,118.12833882641975,12.257420550678205
site_e726c7cce5,2026-02-26T10:45:00+00:00,96,632.1531126884023,53.97777420666413
site_e726c7cce5,2026-02-26T11:00:00+00:00,4,112.17800629093215,9.164787512932318
site_e726c7cce5,2026-02-26T11:00:00+00:00,96,285.4701382891247,25.493393137855428
site_e726c7cce5,2026-02-26T11:15:00+00:00,4,134.55861110302814,32.77110558145329
site_e726c7cce5,2026-02-26T11:15:00+00:00,96,205.2556428232612,23.55810901891286
site_e726c7cce5,2026-02-26T11:30:00+00:00,4,148.4113804019741,59.67823308049137
site_e726c7cce5,2026-02-26T11:30:00+00:00,96,142.93759565665206,13.402085700035162
site_e726c7cce5,2026-02-26T11:45:00+00:00,4,134.75831696194558,45.08108737371281
site_e726c7cce5,2026-02-26T11:45:00+00:00,96,265.93255115742625,28.273262669353873
site_e726c7cce5,2026-02-26T12:00:00+00:00,4,127.1929688351231,16.853608831902797
site_e726c7cce5,2026-02-26T12:00:00+00:00,96,248.56878617714443,32.06508827275341
site_e726c7cce5,2026-02-26T12:15:00+00:00,4,128.82196964769534,8.701643569153946
site_e726c7cce5,2026-02-26T12:15:00+00:00,96,196.48907697470477,32.85121076673925
site_e726c7cce5,2026-02-26T12:30:00+00:00,4,138.50535257548884,8.767061533664405
site_e726c7cce5,2026-02-26T12:30:00+00:00,96,242.1628507982088,45.29888769545135
site_e726c7cce5,2026-02-26T12:45:00+00:00,4,126.94245434172629,11.65882327172461
site_e726c7cce5,2026-02-26T12:45:00+00:00,96,236.10375130032446,40.633467493731814
site_e726c7cce5,2026-02-26T13:00:00+00:00,4,117.87267218715034,9.311542669800561
site_e726c7cce5,2026-02-26T13:00:00+00:00,96,189.4891541045058,33.741818939241476
site_e726c7cce5,2026-02-26T13:15:00+00:00,4,118.77869395305461,11.308747043494815
site_e726c7cce5,2026-02-26T13:15:00+00:00,96,455.7069179103857,118.03910309195153
site_e726c7cce5,2026-02-26T13:30:00+00:00,4,145.3837853204428,24.933491271863613
site_e726c7cce5,2026-02-26T13:30:00+00:00,96,124.82420406896595,20.79477127253817
site_e726c7cce5,2026-02-26T13:45:00+00:00,4,111.47029660050735,19.999510503897813
site_e726c7cce5,2026-02-26T13:45:00+00:00,96,109.24273199938779,20.421861573277706
site_e726c7cce5,2026-02-26T14:00:00+00:00,4,64.74905311138835,12.068440672126211
site_e726c7cce5,2026-02-26T14:00:00+00:00,96,169.3281383446823,53.407138056842896
site_e726c7cce5,2026-02-26T14:15:00+00:00,4,55.479287798015164,10.990322549464766
site_e726c7cce5,2026-02-26T14:15:00+00:00,96,161.68237111097284,47.89857559575873
site_e726c7cce5,2026-02-26T14:30:00+00:00,4,45.27917088771925,5.553183481826547
site_e726c7cce5,2026-02-26T14:30:00+00:00,96,104.85936435670148,26.89056182263938
site_e726c7cce5,2026-02-26T14:45:00+00:00,4,84.84176666105043,13.779663085849197
site_e726c7cce5,2026-02-26T14:45:00+00:00,96,66.93930776610789,16.36299216390712
site_e726c7cce5,2026-02-26T15:00:00+00:00,4,89.21966826407787,14.143657945218779
site_e726c7cce5,2026-02-26T15:00:00+00:00,96,145.12660848096024,49.109438757940936
site_e726c7cce5,2026-02-26T15:15:00+00:00,4,93.976762542624,19.837179500788146
site_e726c7cce5,2026-02-26T15:15:00+00:00,96,137.90753702009076,44.29771250366738
site_e726c7cce5,2026-02-26T15:30:00+00:00,4,113.0200069059789,22.36819573682144
site_e726c7cce5,2026-02-26T15:30:00+00:00,96,127.25130617726097,44.26405789778986
site_e726c7cce5,2026-02-26T15:45:00+00:00,4,104.81481868547353,27.363270202449176
site_e726c7cce5,2026-02-26T15:45:00+00:00,96,89.61356656207516,29.392206295751276
site_e726c7cce5,2026-02-26T16:00:00+00:00,4,118.75083628631965,46.825242454187595
site_e726c7cce5,2026-02-26T16:00:00+00:00,96,125.10213613004348,41.59526694777978
site_e726c7cce5,2026-02-26T16:15:00+00:00,4,97.56154560683946,91.52596622699818
site_e726c7cce5,2026-02-26T16:15:00+00:00,96,110.2287241767188,42.66548956997176
site_e726c7cce5,2026-02-26T16:30:00+00:00,4,124.94728093948612,31.314332974936825
site_e726c7cce5,2026-02-26T16:30:00+00:00,96,155.41995951358754,53.70657429103823
site_e726c7cce5,2026-02-26T16:45:00+00:00,4,126.46084282112547,32.21229666524656
site_e726c7cce5,2026-02-26T16:45:00+00:00,96,300.44842884438583,99.22894190153391
site_e726c7cce5,2026-02-26T17:00:00+00:00,4,156.1218867828869,38.45687736734047
site_e726c7cce5,2026-02-26T17:00:00+00:00,96,151.80754697897092,61.36164364392978
site_e726c7cce5,2026-02-26T17:15:00+00:00,4,97.70404423634807,26.624930706123465
site_e726c7cce5,2026-02-26T17:15:00+00:00,96,189.16659333090178,56.16759833294804
site_e726c7cce5,2026-02-26T17:30:00+00:00,4,109.88692677950462,30.03068347850003
site_e726c7cce5,2026-02-26T17:30:00+00:00,96,134.06831116532015,46.24174727541501
site_e726c7cce5,2026-02-26T17:45:00+00:00,4,110.4003737410369,29.981244234348654
site_e726c7cce5,2026-02-26T17:45:00+00:00,96,126.46804301207565,46.26942901451854
site_e726c7cce5,2026-02-26T18:00:00+00:00,4,105.93075106673703,27.423020270857663
site_e726c7cce5,2026-02-26T18:00:00+00:00,96,152.56951209166442,52.082830952668715
site_e726c7cce5,2026-02-26T18:15:00+00:00,4,147.55170032293708,38.09563583804531
site_e726c7cce5,2026-02-26T18:15:00+00:00,96,116.95858616159259,41.66453842097522
site_e726c7cce5,2026-02-26T18:30:00+00:00,4,179.93422854552182,45.35009085768036
site_e726c7cce5,2026-02-26T18:30:00+00:00,96,118.07926322963118,39.08157579597436
site_e726c7cce5,2026-02-26T18:45:00+00:00,4,181.75291639154025,45.03839136335418
site_e726c7cce5,2026-02-26T18:45:00+00:00,96,135.59826716424473,89.09229387872824
site_e726c7cce5,2026-02-26T19:00:00+00:00,4,165.4915556007294,41.86688214069021
site_e726c7cce5,2026-02-26T19:00:00+00:00,96,193.076190202235,54.682376387025336
site_e726c7cce5,2026-02-26T19:15:00+00:00,4,195.91351032459858,64.25750959974293
site_e726c7cce5,2026-02-26T19:15:00+00:00,96,226.47907262426136,82.93250801380519
site_e726c7cce5,2026-02-26T19:30:00+00:00,4,131.26606934085174,33.80778412636951
site_e726c7cce5,2026-02-26T19:30:00+00:00,96,235.8753676216651,69.52459401077807
site_e726c7cce5,2026-02-26T19:45:00+00:00,4,121.21485944901751,30.56640331954998
site_e726c7cce5,2026-02-26T19:45:00+00:00,96,166.527596846832,113.56520981213312
site_e726c7cce5,2026-02-26T20:00:00+00:00,4,98.71263454238373,23.7679462014024
site_e726c7cce5,2026-02-26T20:00:00+00:00,96,150.64141711189382,53.389702660184
site_e726c7cce5,2026-02-26T20:15:00+00:00,4,92.07709893143871,21.202576267781964
site_e726c7cce5,2026-02-26T20:15:00+00:00,96,96.71280937894332,26.558129538125964
site_e726c7cce5,2026-02-26T20:30:00+00:00,4,93.48116153623641,19.23156892585303
site_e726c7cce5,2026-02-26T20:30:00+00:00,96,104.30968206423215,56.304371442019864
site_e726c7cce5,2026-02-26T20:45:00+00:00,4,103.20786242042323,21.46429202642249
site_e726c7cce5,2026-02-26T20:45:00+00:00,96,84.48228849791855,32.45357747355644
site_e726c7cce5,2026-02-26T21:00:00+00:00,4,100.17659133241443,32.9494279862552
site_e726c7cce5,2026-02-26T21:00:00+00:00,96,106.71356664189204,91.76090338357211
site_e726c7cce5,2026-02-26T21:15:00+00:00,4,99.94783553652763,29.51776590649881
site_e726c7cce5,2026-02-26T21:15:00+00:00,96,147.76503091437473,232.38148028694846
site_e726c7cce5,2026-02-26T21:30:00+00:00,4,65.55512130269236,26.486759780393964
site_e726c7cce5,2026-02-26T21:30:00+00:00,96,84.8036143941282,167.83516214069448
site_e726c7cce5,2026-02-26T21:45:00+00:00,4,78.87071152442888,11.205486655781836
site_e726c7cce5,2026-02-26T21:45:00+00:00,96,75.0834348889214,51.43689904045231
site_e726c7cce5,2026-02-26T22:00:00+00:00,4,48.9869846518159,6.037632930137727
site_e726c7cce5,2026-02-26T22:00:00+00:00,96,81.81377809830556,118.73797358556347
site_e726c7cce5,2026-02-26T22:15:00+00:00,4,52.9171033518933,5.997564730950403
site_e726c7cce5,2026-02-26T22:15:00+00:00,96,65.44440917229606,41.479369511261964
site_e726c7cce5,2026-02-26T22:30:00+00:00,4,29.46626664291854,3.1655455564034747
site_e726c7cce5,2026-02-26T22:30:00+00:00,96,115.16909113518645,81.452089521777
site_e726c7cce5,2026-02-26T22:45:00+00:00,4,38.10818094471859,3.642827011875811
site_e726c7cce5,2026-02-26T22:45:00+00:00,96,146.68771508713212,36.1930340510981
site_e726c7cce5,2026-02-26T23:00:00+00:00,4,26.56366628595404,2.0671956325991308
site_e726c7cce5,2026-02-26T23:00:00+00:00,96,126.95353048523639,77.21792679054971
site_e726c7cce5,2026-02-26T23:15:00+00:00,4,44.271336535707064,3.1443127997031244
site_e726c7cce5,2026-02-26T23:15:00+00:00,96,95.524936070536,86.50762557987164
site_e726c7cce5,2026-02-26T23:30:00+00:00,4,32.16497007968246,2.2828182489777875
site_e726c7cce5,2026-02-26T23:30:00+00:00,96,160.77928597517806,108.49121794808673
site_e726c7cce5,2026-02-26T23:45:00+00:00,4,36.26606791072971,2.084218239130725
site_e726c7cce5,2026-02-26T23:45:00+00:00,96,68.30768617868543,66.16572724099413
site_e726c7cce5,2026-02-27T00:00:00+00:00,4,31.323419353397327,1.5110751121636294
site_e726c7cce5,2026-02-27T00:00:00+00:00,96,46.60256576657168,50.25249996873566
site_e726c7cce5,2026-02-27T00:15:00+00:00,4,37.545743217972465,9.423760281403164
site_e726c7cce5,2026-02-27T00:15:00+00:00,96,107.09082513994986,17.756258496821694
site_e726c7cce5,2026-02-27T00:30:00+00:00,4,31.986217406285462,1.4213482219518618
site_e726c7cce5,2026-02-27T00:30:00+00:00,96,69.90473987614449,47.60807347091805
site_e726c7cce5,2026-02-27T00:45:00+00:00,4,24.943918591512187,13.311775070353224
site_e726c7cce5,2026-02-27T00:45:00+00:00,96,57.136026617239935,76.32960832413838
site_e726c7cce5,2026-02-27T01:00:00+00:00,4,39.117550985833255,1.5225132955454772
site_e726c7cce5,2026-02-27T01:00:00+00:00,96,59.11370167194541,13.304916299633888
site_e726c7cce5,2026-02-27T01:15:00+00:00,4,47.55350281359613,1.8351932097551438
site_e726c7cce5,2026-02-27T01:15:00+00:00,96,64.18845345962555,104.15972024575223
site_e726c7cce5,2026-02-27T01:30:00+00:00,4,68.59179750166474,42.40623270959642
site_e726c7cce5,2026-02-27T01:30:00+00:00,96,52.605584789204066,13.055111684615962
site_e726c7cce5,2026-02-27T01:45:00+00:00,4,57.654084801363254,21.984893844373104
site_e726c7cce5,2026-02-27T01:45:00+00:00,96,58.66252448850114,9.544398848152975
site_e726c7cce5,2026-02-27T02:00:00+00:00,4,48.130975980307404,2.6516538019760003
site_e726c7cce5,2026-02-27T02:00:00+00:00,96,66.47820666655444,10.897807340054786
site_e726c7cce5,2026-02-27T02:15:00+00:00,4,70.33455365362764,6.044186996920873
site_e726c7cce5,2026-02-27T02:15:00+00:00,96,165.60684992975712,23.897588981915877
site_e726c7cce5,2026-02-27T02:30:00+00:00,4,83.29335045593683,7.128495105999517
site_e726c7cce5,2026-02-27T02:30:00+00:00,96,60.09111439237724,9.1100396305585
site_e726c7cce5,2026-02-27T02:45:00+00:00,4,65.43999178821028,5.758642777866495
site_e726c7cce5,2026-02-27T02:45:00+00:00,96,61.959951358069056,9.67223914380445
site_e726c7cce5,2026-02-27T03:00:00+00:00,4,63.39529308984174,6.023550669987888
site_e726c7cce5,2026-02-27T03:00:00+00:00,96,97.10408904963676,16.706282693837498
site_e726c7cce5,2026-02-27T03:15:00+00:00,4,63.26914467762128,5.85382168702666
site_e726c7cce5,2026-02-27T03:15:00+00:00,96,62.84717227066653,8.553073326948914
site_e726c7cce5,2026-02-27T03:30:00+00:00,4,52.65658066212361,6.050049658177383
site_e726c7cce5,2026-02-27T03:30:00+00:00,96,73.24228531769234,9.651172177436695
site_e726c7cce5,2026-02-27T03:45:00+00:00,4,55.13219346242752,5.924215864514627
site_e726c7cce5,2026-02-27T03:45:00+00:00,96,63.845755598589385,9.525835898946555
site_e726c7cce5,2026-02-27T04:00:00+00:00,4,77.64662577890446,9.649300284322807
site_e726c7cce5,2026-02-27T04:00:00+00:00,96,155.34113004522166,27.23550771781918
site_e726c7cce5,2026-02-27T04:15:00+00:00,4,99.62545287061013,12.147895201660122
site_e726c7cce5,2026-02-27T04:15:00+00:00,96,79.16216538150762,14.248201630839457
site_e726c7cce5,2026-02-27T04:30:00+00:00,4,123.50154631154028,15.150305822841096
site_e726c7cce5,2026-02-27T04:30:00+00:00,96,84.38141919608773,15.474550284602472
site_e726c7cce5,2026-02-27T04:45:00+00:00,4,96.20609416209484,13.509888753559926
site_e726c7cce5,2026-02-27T04:45:00+00:00,96,80.48392651049993,15.692745798582207
site_e726c7cce5,2026-02-27T05:00:00+00:00,4,111.47216195029469,18.33799011166273
site_e726c7cce5,2026-02-27T05:00:00+00:00,96,105.18004980390143,19.21089943770639
site_e726c7cce5,2026-02-27T05:15:00+00:00,4,167.36103272826017,25.513696269646402
site_e726c7cce5,2026-02-27T05:15:00+00:00,96,127.51795540515985,23.84991800620946
site_e726c7cce5,2026-02-27T05:30:00+00:00,4,181.9272723882579,27.292499181458474
site_e726c7cce5,2026-02-27T05:30:00+00:00,96,133.58704240895332,25.45012744348476
site_e726c7cce5,2026-02-27T05:45:00+00:00,4,201.85878966371595,51.39635026556222
site_e726c7cce5,2026-02-27T05:45:00+00:00,96,123.57848443927918,22.876084263055404
site_e726c7cce5,2026-02-27T06:00:00+00:00,4,200.07399042363792,106.93929189110952
site_e726c7cce5,2026-02-27T06:00:00+00:00,96,109.94720541147268,20.77874959623941
site_e726c7cce5,2026-02-27T06:15:00+00:00,4,200.55312540045537,43.686204725689315
site_e726c7cce5,2026-02-27T06:15:00+00:00,96,106.51055050200024,20.93281970239425
site_e726c7cce5,2026-02-27T06:30:00+00:00,4,172.80794575177134,22.60815188722511
site_e726c7cce5,2026-02-27T06:30:00+00:00,96,117.56353994627584,21.578458132322137
site_e726c7cce5,2026-02-27T06:45:00+00:00,4,138.81925888249663,18.657932483342602
site_e726c7cce5,2026-02-27T06:45:00+00:00,96,97.89654631939634,19.832666657528236
site_e726c7cce5,2026-02-27T07:00:00+00:00,4,134.75181625018243,23.04783963524858
site_e726c7cce5,2026-02-27T07:00:00+00:00,96,74.25475306854379,15.984199583404122
site_e726c7cce5,2026-02-27T07:15:00+00:00,4,133.08037192523028,30.505788900929183
site_e726c7cce5,2026-02-27T07:15:00+00:00,96,125.87638807192491,26.6439953174719
site_e726c7cce5,2026-02-27T07:30:00+00:00,4,136.984795017734,35.84168302490872
site_e726c7cce5,2026-02-27T07:30:00+00:00,96,105.35070120402486,21.686402494517754
site_e726c7cce5,2026-02-27T07:45:00+00:00,4,184.30653913306722,51.3992392358006
site_e726c7cce5,2026-02-27T07:45:00+00:00,96,158.43649150158586,30.42551297378985
site_e726c7cce5,2026-02-27T08:00:00+00:00,4,202.4147236375332,55.293664833856596
site_e726c7cce5,2026-02-27T08:00:00+00:00,96,147.10264505779352,28.76818136781681
site_e726c7cce5,2026-02-27T08:15:00+00:00,4,194.79045935686347,52.66015339676688
site_e726c7cce5,2026-02-27T08:15:00+00:00,96,152.4410541120145,29.746508534907452
site_e726c7cce5,2026-02-27T08:30:00+00:00,4,179.28057934023076,49.76969593186335
site_e726c7cce5,2026-02-27T08:30:00+00:00,96,144.89584877424977,28.630018438437624
site_e726c7cce5,2026-02-27T08:45:00+00:00,4,151.64083450877337,40.83120360259313
site_e726c7cce5,2026-02-27T08:45:00+00:00,96,127.65973517649755,20.638598854044325
site_e726c7cce5,2026-02-27T09:00:00+00:00,4,117.89189095873644,34.07675112387866
site_e726c7cce5,2026-02-27T09:00:00+00:00,96,145.53338011512727,20.643252204411695
site_e726c7cce5,2026-02-27T09:15:00+00:00,4,98.3858017011901,27.62066110296448
site_e726c7cce5,2026-02-27T09:15:00+00:00,96,90.86634553795261,14.908505431873682
site_e726c7cce5,2026-02-27T09:30:00+00:00,4,101.98274840148305,26.7534724776059
site_e726c7cce5,2026-02-27T09:30:00+00:00,96,85.92147652150679,10.371015099385136
site_e726c7cce5,2026-02-27T09:45:00+00:00,4,90.41097194224372,22.21973876263073
site_e726c7cce5,2026-02-27T09:45:00+00:00,96,112.06547797684416,11.874330666102628
site_e726c7cce5,2026-02-27T10:00:00+00:00,4,94.3930470249883,22.505425444655337
site_e726c7cce5,2026-02-27T10:00:00+00:00,96,90.1709339814191,8.26721488555014
site_e726c7cce5,2026-02-27T10:15:00+00:00,4,104.42251169261912,24.421972450407374
site_e726c7cce5,2026-02-27T10:15:00+00:00,96,156.33805837079075,37.21152603393389
site_e726c7cce5,2026-02-27T10:30:00+00:00,4,112.13341739134944,26.6463502078688
site_e726c7cce5,2026-02-27T10:30:00+00:00,96,139.64643179237527,56.460066453708016
site_e726c7cce5,2026-02-27T10:45:00+00:00,4,63.31836256109178,14.937798847528452
site_e726c7cce5,2026-02-27T10:45:00+00:00,96,108.52398951163724,37.239966249461744
site_e726c7cce5,2026-02-27T11:00:00+00:00,4,71.57628404798426,16.569784657757214
site_e726c7cce5,2026-02-27T11:00:00+00:00,96,123.60624114826288,16.83475557356528
site_e726c7cce5,2026-02-27T11:15:00+00:00,4,51.582680684465906,11.805122551896215
site_e726c7cce5,2026-02-27T11:15:00+00:00,96,132.7399171333999,11.08723488295318
site_e726c7cce5,2026-02-27T11:30:00+00:00,4,45.363727226953806,11.139811737725001
site_e726c7cce5,2026-02-27T11:30:00+00:00,96,109.77786758412778,9.365066743100105
site_e726c7cce5,2026-02-27T11:45:00+00:00,4,93.71921546066653,21.412869790010056
site_e726c7cce5,2026-02-27T11:45:00+00:00,96,105.67269750922654,12.268088262309858
site_e726c7cce5,2026-02-27T12:00:00+00:00,4,73.6840612802495,16.517764378273498
site_e726c7cce5,2026-02-27T12:00:00+00:00,96,104.94283029345155,10.62362200941537
site_e726c7cce5,2026-02-27T12:15:00+00:00,4,131.82961615941548,28.798376919094046
site_e726c7cce5,2026-02-27T12:15:00+00:00,96,103.12815770077052,12.541105859024714
site_e726c7cce5,2026-02-27T12:30:00+00:00,4,133.55852591873472,32.18919745814137
site_e726c7cce5,2026-02-27T12:30:00+00:00,96,177.4295928342388,30.848884972423793
site_e726c7cce5,2026-02-27T12:45:00+00:00,4,140.852851950054,32.23706183830589
site_e726c7cce5,2026-02-27T12:45:00+00:00,96,118.53795499554508,22.2295814266895
site_e726c7cce5,2026-02-27T13:00:00+00:00,4,153.43359851920215,38.116916663964545
site_e726c7cce5,2026-02-27T13:00:00+00:00,96,88.96707825418329,18.32971274316279
site_e726c7cce5,2026-02-27T13:15:00+00:00,4,188.02349013399947,69.22978009673778
site_e726c7cce5,2026-02-27T13:15:00+00:00,96,101.60855832867777,22.53386181234516
site_e726c7cce5,2026-02-27T13:30:00+00:00,4,157.95375680863748,88.5660450765923
site_e726c7cce5,2026-02-27T13:30:00+00:00,96,84.25434304649472,14.38251511459196
site_e726c7cce5,2026-02-27T13:45:00+00:00,4,138.8622860599933,71.35554565625395
site_e726c7cce5,2026-02-27T13:45:00+00:00,96,98.25831434537034,18.59214820447027
site_e726c7cce5,2026-02-27T14:00:00+00:00,4,135.91677552774243,71.06036882612891
site_e726c7cce5,2026-02-27T14:00:00+00:00,96,125.12424844165653,22.03991712427735
site_e726c7cce5,2026-02-27T14:15:00+00:00,4,135.13220542152504,72.51951944492464
site_e726c7cce5,2026-02-27T14:15:00+00:00,96,146.76431048075312,32.64458882728687
site_e726c7cce5,2026-02-27T14:30:00+00:00,4,131.2757761602065,39.26925525518747
site_e726c7cce5,2026-02-27T14:30:00+00:00,96,146.8097495362219,28.544272614983424
site_e726c7cce5,2026-02-27T14:45:00+00:00,4,131.2040480735683,35.33059664478766
site_e726c7cce5,2026-02-27T14:45:00+00:00,96,115.82905962272392,32.258864072078666
site_e726c7cce5,2026-02-27T15:00:00+00:00,4,149.81218848213445,39.49685655412878
site_e726c7cce5,2026-02-27T15:00:00+00:00,96,209.97691653305878,84.32320579020792
site_e726c7cce5,2026-02-27T15:15:00+00:00,4,144.49505562149318,51.46740579050454
site_e726c7cce5,2026-02-27T15:15:00+00:00,96,112.46111856909617,105.40168233226277
site_e726c7cce5,2026-02-27T15:30:00+00:00,4,146.39924508982563,60.79880216048928
site_e726c7cce5,2026-02-27T15:30:00+00:00,96,180.68204699986245,42.01035729136331
site_e726c7cce5,2026-02-27T15:45:00+00:00,4,163.35538792091916,144.56178412778502
site_e726c7cce5,2026-02-27T15:45:00+00:00,96,179.95695707088458,42.89989472422744
site_e726c7cce5,2026-02-27T16:00:00+00:00,4,179.53477653035947,113.65190976128096
site_e726c7cce5,2026-02-27T16:00:00+00:00,96,235.4668870436868,57.871148319882195
site_e726c7cce5,2026-02-27T16:15:00+00:00,4,168.62439917018855,119.28728077355942
site_e726c7cce5,2026-02-27T16:15:00+00:00,96,104.61914262900657,30.18890961085405
site_e726c7cce5,2026-02-27T16:30:00+00:00,4,205.22697942881607,90.84490676753191
site_e726c7cce5,2026-02-27T16:30:00+00:00,96,119.80025831345992,33.89797262885695
site_e726c7cce5,2026-02-27T16:45:00+00:00,4,168.02424168896522,77.88629616426212
site_e726c7cce5,2026-02-27T16:45:00+00:00,96,117.08718007800147,34.14370211165489
site_e726c7cce5,2026-02-27T17:00:00+00:00,4,176.70778452374958,92.33131891471339
site_e726c7cce5,2026-02-27T17:00:00+00:00,96,121.27868986117267,32.17301065611608
site_e726c7cce5,2026-02-27T17:15:00+00:00,4,125.85062910973603,41.83652676043951
site_e726c7cce5,2026-02-27T17:15:00+00:00,96,213.5446750736972,52.90663242916193
site_e726c7cce5,2026-02-27T17:30:00+00:00,4,129.98848730682667,43.641968376464106
site_e726c7cce5,2026-02-27T17:30:00+00:00,96,326.38159999561066,77.1971350683717
site_e726c7cce5,2026-02-27T17:45:00+00:00,4,157.2468969252072,53.790401081366625
site_e726c7cce5,2026-02-27T17:45:00+00:00,96,235.8437277024758,56.56034521508128
site_e726c7cce5,2026-02-27T18:00:00+00:00,4,151.81099902428005,124.91744072075056
site_e726c7cce5,2026-02-27T18:00:00+00:00,96,153.42362554770546,40.10572450904844
site_e726c7cce5,2026-02-27T18:15:00+00:00,4,144.99081759302754,57.57056382385812
site_e726c7cce5,2026-02-27T18:15:00+00:00,96,300.56165409245773,97.81292004404007
site_e726c7cce5,2026-02-27T18:30:00+00:00,4,176.39055668714022,64.00503558659872
site_e726c7cce5,2026-02-27T18:30:00+00:00,96,83.62098147234892,23.927722883920502
site_e726c7cce5,2026-02-27T18:45:00+00:00,4,184.90688092574138,97.39121594861959
site_e726c7cce5,2026-02-27T18:45:00+00:00,96,88.73789720444141,26.54028198004665
site_e726c7cce5,2026-02-27T19:00:00+00:00,4,159.56725711845985,69.73808813060278
site_e726c7cce5,2026-02-27T19:00:00+00:00,96,79.06505310476169,24.44270596234731
site_e726c7cce5,2026-02-27T19:15:00+00:00,4,133.21815854337967,43.61255154896398
site_e726c7cce5,2026-02-27T19:15:00+00:00,96,103.9008857427565,25.870161902778257
site_e726c7cce5,2026-02-27T19:30:00+00:00,4,163.3767899782069,49.310510838684024
site_e726c7cce5,2026-02-27T19:30:00+00:00,96,89.36057445350721,21.097749455948364
site_e726c7cce5,2026-02-27T19:45:00+00:00,4,158.60850718752923,44.62745385667168
site_e726c7cce5,2026-02-27T19:45:00+00:00,96,119.81316278741212,27.290507079591748
site_e726c7cce5,2026-02-27T20:00:00+00:00,4,130.91589505493312,40.51571864572923
site_e726c7cce5,2026-02-27T20:00:00+00:00,96,115.68738193232511,38.92024062111502
site_e726c7cce5,2026-02-27T20:15:00+00:00,4,124.2813775096816,41.46991705190155
site_e726c7cce5,2026-02-27T20:15:00+00:00,96,96.89613041594009,29.17181885977791
site_e726c7cce5,2026-02-27T20:30:00+00:00,4,82.5097705235024,27.912451552293174
site_e726c7cce5,2026-02-27T20:30:00+00:00,96,74.76568365795917,32.09234222097178
site_e726c7cce5,2026-02-27T20:45:00+00:00,4,87.76017558833384,29.212376482222453
site_e726c7cce5,2026-02-27T20:45:00+00:00,96,115.63772716741872,16.22691234612819
site_e726c7cce5,2026-02-27T21:00:00+00:00,4,103.12157436924171,31.769331384085344
site_e726c7cce5,2026-02-27T21:00:00+00:00,96,59.477333974586344,10.06767819969117
site_e726c7cce5,2026-02-27T21:15:00+00:00,4,83.70692276883196,25.030349893041834
site_e726c7cce5,2026-02-27T21:15:00+00:00,96,80.40256128389379,11.525072232010178
site_e726c7cce5,2026-02-27T21:30:00+00:00,4,61.55482056900558,19.099513571749668
site_e726c7cce5,2026-02-27T21:30:00+00:00,96,74.38723736405129,9.681064366389005
site_e726c7cce5,2026-02-27T21:45:00+00:00,4,59.20769117001357,17.269902735591465
site_e726c7cce5,2026-02-27T21:45:00+00:00,96,62.595617836443346,8.033239002158428
site_e726c7cce5,2026-02-27T22:00:00+00:00,4,72.30814227920331,20.34223292017372
site_e726c7cce5,2026-02-27T22:00:00+00:00,96,51.2377155702548,5.95732271392173
site_e726c7cce5,2026-02-27T22:15:00+00:00,4,93.526785014359,37.091192560769926
site_e726c7cce5,2026-02-27T22:15:00+00:00,96,83.26574035053054,7.162379358577384
site_e726c7cce5,2026-02-27T22:30:00+00:00,4,43.66458205025002,12.379090084650812
site_e726c7cce5,2026-02-27T22:30:00+00:00,96,54.77875254206684,5.899560303071295
site_e726c7cce5,2026-02-27T22:45:00+00:00,4,33.615462799831455,9.323504996411664
site_e726c7cce5,2026-02-27T22:45:00+00:00,96,56.72719175859608,5.579314073244264
site_e726c7cce5,2026-02-27T23:00:00+00:00,4,38.106440016708824,10.29864528104243
site_e726c7cce5,2026-02-27T23:00:00+00:00,96,55.56852843559632,5.206089225787801
site_e726c7cce5,2026-02-27T23:15:00+00:00,4,45.93565201039192,12.471908287402123
site_e726c7cce5,2026-02-27T23:15:00+00:00,96,61.96307091012618,18.694533923927988
site_e726c7cce5,2026-02-27T23:30:00+00:00,4,26.454527616233424,7.553950368510037
site_e726c7cce5,2026-02-27T23:30:00+00:00,96,54.00781499940833,5.128891917902063
site_e726c7cce5,2026-02-27T23:45:00+00:00,4,40.678638217015354,25.097734619576833
site_e726c7cce5,2026-02-27T23:45:00+00:00,96,41.740854980934074,25.56606576587908
site_e726c7cce5,2026-02-28T00:00:00+00:00,4,74.13270420669069,25.33429386077504
site_e726c7cce5,2026-02-28T00:00:00+00:00,96,52.39922355155382,4.676955157866695
site_e726c7cce5,2026-02-28T00:30:00+00:00,4,34.78445754611087,9.710093505343556
site_e726c7cce5,2026-02-28T00:30:00+00:00,96,155.08971830410923,102.97463855069563
site_e726c7cce5,2026-02-28T00:45:00+00:00,4,31.08571697184661,7.840342530463573
site_e726c7cce5,2026-02-28T00:45:00+00:00,96,64.29156043084573,26.37369562816645
site_e726c7cce5,2026-02-28T01:00:00+00:00,4,42.68651426369071,10.416405445597857
site_e726c7cce5,2026-02-28T01:00:00+00:00,96,65.96328221883921,5.623533493134088
site_e726c7cce5,2026-02-28T01:15:00+00:00,4,42.68651426369071,10.416405445597857
site_e726c7cce5,2026-02-28T01:15:00+00:00,96,114.63749340680582,10.610023001079485
site_e726c7cce5,2026-02-28T01:30:00+00:00,4,67.97369511565563,17.748405999631792
site_e726c7cce5,2026-02-28T01:30:00+00:00,96,80.62160861954234,9.06328343432029
site_e726c7cce5,2026-02-28T01:45:00+00:00,4,69.68359057837381,18.93805240415527
site_e726c7cce5,2026-02-28T01:45:00+00:00,96,78.0749532964546,8.760734779250004
site_e726c7cce5,2026-02-28T02:00:00+00:00,4,59.020761157780164,15.578865298875183
site_e726c7cce5,2026-02-28T02:00:00+00:00,96,81.23023084748485,9.912319597098234
site_e726c7cce5,2026-02-28T02:15:00+00:00,4,56.20220792788392,15.504544215235056
site_e726c7cce5,2026-02-28T02:15:00+00:00,96,77.08350589245728,9.19382534184424
site_e726c7cce5,2026-02-28T02:30:00+00:00,4,89.79470669710173,25.997703008799217
site_e726c7cce5,2026-02-28T02:30:00+00:00,96,60.573893873480095,9.173472396740227
site_e726c7cce5,2026-02-28T02:45:00+00:00,4,77.96527836591375,28.411553284242054
site_e726c7cce5,2026-02-28T02:45:00+00:00,96,60.186600930209394,8.332342276330971
site_e726c7cce5,2026-02-28T03:00:00+00:00,4,52.528163402316125,13.9317482777619
site_e726c7cce5,2026-02-28T03:00:00+00:00,96,88.63729831695824,12.328984983554594
site_e726c7cce5,2026-02-28T03:15:00+00:00,4,58.258874294712896,15.471369273657302
site_e726c7cce5,2026-02-28T03:15:00+00:00,96,97.3191285365358,13.093753587384528
site_e726c7cce5,2026-02-28T03:30:00+00:00,4,84.39529104163005,43.14243969689275
site_e726c7cce5,2026-02-28T03:30:00+00:00,96,158.24624817464314,19.991924710416313
site_e726c7cce5,2026-02-28T03:45:00+00:00,4,67.42723757926986,17.78291129609132
site_e726c7cce5,2026-02-28T03:45:00+00:00,96,99.48117640226202,16.261334804099683
site_e726c7cce5,2026-02-28T04:00:00+00:00,4,52.754061783337534,14.242747981573803
site_e726c7cce5,2026-02-28T04:00:00+00:00,96,119.65942067156874,20.801648152446397
site_e726c7cce5,2026-02-28T04:15:00+00:00,4,58.068863006641635,41.73871471133337
site_e726c7cce5,2026-02-28T04:15:00+00:00,96,357.3017748985523,54.93385637746291
site_e726c7cce5,2026-02-28T04:30:00+00:00,4,73.674503651144,34.76196884931758
site_e726c7cce5,2026-02-28T04:30:00+00:00,96,307.27895265717234,43.99651243879778
site_e726c7cce5,2026-02-28T04:45:00+00:00,4,82.42455831130935,33.46758154027714
site_e726c7cce5,2026-02-28T04:45:00+00:00,96,291.7795627511025,71.35750977077065
site_e726c7cce5,2026-02-28T05:00:00+00:00,4,74.02084994517563,20.679924440457988
site_e726c7cce5,2026-02-28T05:00:00+00:00,96,172.89840248060128,91.79738917163338
site_e726c7cce5,2026-02-28T05:15:00+00:00,4,96.33477760363573,63.72348390658222
site_e726c7cce5,2026-02-28T05:15:00+00:00,96,119.65222437637958,23.5601433418615
site_e726c7cce5,2026-02-28T05:30:00+00:00,4,92.1949554194603,90.98705512144417
site_e726c7cce5,2026-02-28T05:30:00+00:00,96,92.46884606545794,11.090230902592921
site_e726c7cce5,2026-02-28T05:45:00+00:00,4,81.5965020325679,66.06349684509875
site_e726c7cce5,2026-02-28T05:45:00+00:00,96,69.78075038539232,9.074869186486094
site_e726c7cce5,2026-02-28T06:00:00+00:00,4,60.13145497223055,16.720028169270684
site_e726c7cce5,2026-02-28T06:00:00+00:00,96,74.50636106502158,12.47969465936228
site_e726c7cce5,2026-02-28T06:15:00+00:00,4,72.71381301531862,20.892429396706355
site_e726c7cce5,2026-02-28T06:15:00+00:00,96,78.19153097766959,17.063312330229934
site_e726c7cce5,2026-02-28T06:30:00+00:00,4,93.5859862049865,29.922343012085115
site_e726c7cce5,2026-02-28T06:30:00+00:00,96,77.91971273545217,19.900993010911275
site_e726c7cce5,2026-02-28T06:45:00+00:00,4,96.33100968318087,28.801926604152342
site_e726c7cce5,2026-02-28T06:45:00+00:00,96,176.2875881353446,44.85474664492449
site_e726c7cce5,2026-02-28T07:00:00+00:00,4,101.14944844841474,31.001879931290137
site_e726c7cce5,2026-02-28T07:00:00+00:00,96,135.89747061991207,34.329981221530126
site_e726c7cce5,2026-02-28T07:15:00+00:00,4,106.77953196143618,32.77466937171515
site_e726c7cce5,2026-02-28T07:15:00+00:00,96,134.3665204327785,35.23552991712967
site_e726c7cce5,2026-02-28T07:30:00+00:00,4,100.80672824019548,37.60741717650343
site_e726c7cce5,2026-02-28T07:30:00+00:00,96,113.98923824424904,30.133541585833626
site_e726c7cce5,2026-02-28T07:45:00+00:00,4,89.63293561281158,56.54280035981683
site_e726c7cce5,2026-02-28T07:45:00+00:00,96,132.04786032646194,32.61842029442389
site_e726c7cce5,2026-02-28T08:00:00+00:00,4,70.89107226692808,25.463381540735355
site_e726c7cce5,2026-02-28T08:00:00+00:00,96,80.97500069018099,22.76751642505653
site_e726c7cce5,2026-02-28T08:15:00+00:00,4,86.17971516384102,66.92439176047174
site_e726c7cce5,2026-02-28T08:15:00+00:00,96,70.39350197065805,19.393852339716855
site_e726c7cce5,2026-02-28T08:30:00+00:00,4,105.68620321424787,56.572253259322316
site_e726c7cce5,2026-02-28T08:30:00+00:00,96,71.13836060719727,18.817581282780274
site_e726c7cce5,2026-02-28T08:45:00+00:00,4,84.85258394530236,32.253729160766746
site_e726c7cce5,2026-02-28T08:45:00+00:00,96,61.68434895009427,15.86783640105063
site_e726c7cce5,2026-02-28T09:00:00+00:00,4,93.46795604680646,35.65209558189599
site_e726c7cce5,2026-02-28T09:00:00+00:00,96,64.99920872856524,16.072412890208653
site_e726c7cce5,2026-02-28T09:15:00+00:00,4,99.1810667138804,36.88931428724592
site_e726c7cce5,2026-02-28T09:15:00+00:00,96,89.17803905767826,20.546117236667076
site_e726c7cce5,2026-02-28T09:30:00+00:00,4,115.8601825905269,41.89283793540649
site_e726c7cce5,2026-02-28T09:30:00+00:00,96,82.01576090283665,19.206009261493048
site_e726c7cce5,2026-02-28T09:45:00+00:00,4,123.34595257400204,43.4630839007077
site_e726c7cce5,2026-02-28T09:45:00+00:00,96,57.84424494865905,13.579239532929936
site_e726c7cce5,2026-02-28T10:00:00+00:00,4,117.1621110558939,42.16355218181459
site_e726c7cce5,2026-02-28T10:00:00+00:00,96,65.58744439503408,14.921704802705857
site_e726c7cce5,2026-02-28T10:15:00+00:00,4,120.73955281337018,42.83304546235236
site_e726c7cce5,2026-02-28T10:15:00+00:00,96,61.091500318128645,14.456321923558374
site_e726c7cce5,2026-02-28T10:30:00+00:00,4,107.92905432440669,37.550050559566984
site_e726c7cce5,2026-02-28T10:30:00+00:00,96,81.0593334034372,19.133334687398843
site_e726c7cce5,2026-02-28T10:45:00+00:00,4,116.31004616740597,40.802728542511275
site_e726c7cce5,2026-02-28T10:45:00+00:00,96,103.20159546232804,23.104045406514526
site_e726c7cce5,2026-02-28T11:00:00+00:00,4,143.0121323282639,56.662037091286976
site_e726c7cce5,2026-02-28T11:00:00+00:00,96,67.02027054047042,15.447613940916677
site_e726c7cce5,2026-02-28T11:15:00+00:00,4,137.40220640746261,59.33032583731635
site_e726c7cce5,2026-02-28T11:15:00+00:00,96,197.8283942800798,41.84405680351757
site_e726c7cce5,2026-02-28T11:30:00+00:00,4,149.45180400662468,56.423568001272145
site_e726c7cce5,2026-02-28T11:30:00+00:00,96,146.31676350565215,32.054016937161755
site_e726c7cce5,2026-02-28T11:45:00+00:00,4,143.05185727365244,90.34791187740848
site_e726c7cce5,2026-02-28T11:45:00+00:00,96,94.42929356311643,20.768214744129075
site_e726c7cce5,2026-02-28T12:00:00+00:00,4,139.37184281000896,88.74872761303966
site_e726c7cce5,2026-02-28T12:00:00+00:00,96,98.48430473819106,22.64620133667019
site_e726c7cce5,2026-02-28T12:15:00+00:00,4,137.69246451880193,39.59049486610073
site_e726c7cce5,2026-02-28T12:15:00+00:00,96,225.60977424137351,80.98207097881401
site_e726c7cce5,2026-02-28T12:30:00+00:00,4,179.23662900084696,48.9320040869049
site_e726c7cce5,2026-02-28T12:30:00+00:00,96,145.4826260051027,78.61322909208164
site_e726c7cce5,2026-02-28T12:45:00+00:00,4,173.31402528274882,44.6549898692414
site_e726c7cce5,2026-02-28T12:45:00+00:00,96,103.73991247233525,50.430009507368844
site_e726c7cce5,2026-02-28T13:00:00+00:00,4,152.92565134016579,38.023485125171206
site_e726c7cce5,2026-02-28T13:00:00+00:00,96,86.42507934081183,43.35672086894422
site_e726c7cce5,2026-02-28T13:15:00+00:00,4,138.1291746990705,34.84566025755865
site_e726c7cce5,2026-02-28T13:15:00+00:00,96,117.79080171639386,61.10179925083782
site_e726c7cce5,2026-02-28T13:30:00+00:00,4,134.00874512557402,34.729039257393616
site_e726c7cce5,2026-02-28T13:30:00+00:00,96,99.36446064496138,27.069028146953464
site_e726c7cce5,2026-02-28T13:45:00+00:00,4,95.51708204956961,26.284857865974352
site_e726c7cce5,2026-02-28T13:45:00+00:00,96,103.52557105719814,26.598313079066333
site_e726c7cce5,2026-02-28T14:00:00+00:00,4,99.86329137303926,26.47771427517824
site_e726c7cce5,2026-02-28T14:00:00+00:00,96,115.07319712987902,28.952755197875646
site_e726c7cce5,2026-02-28T14:15:00+00:00,4,111.64501246109693,30.3184421117022
site_e726c7cce5,2026-02-28T14:15:00+00:00,96,96.64051301425906,33.472322008169805
site_e726c7cce5,2026-02-28T14:30:00+00:00,4,117.31746764958407,30.61863468655411
site_e726c7cce5,2026-02-28T14:30:00+00:00,96,170.02539980320935,66.81512953707738
site_e726c7cce5,2026-02-28T14:45:00+00:00,4,110.01629119148835,27.37183157672499
site_e726c7cce5,2026-02-28T14:45:00+00:00,96,180.39687438280995,155.07597554458798
site_e726c7cce5,2026-02-28T15:00:00+00:00,4,98.0443360140879,24.166441102431417
site_e726c7cce5,2026-02-28T15:00:00+00:00,96,210.6004105443644,121.732643749306
site_e726c7cce5,2026-02-28T15:15:00+00:00,4,100.00572399113508,23.590712471017603
site_e726c7cce5,2026-02-28T15:15:00+00:00,96,125.00795343371931,84.77088331741187
site_e726c7cce5,2026-02-28T15:30:00+00:00,4,75.28454288004522,16.642988543538316
site_e726c7cce5,2026-02-28T15:30:00+00:00,96,305.9675164401199,117.12484078741858
site_e726c7cce5,2026-02-28T15:45:00+00:00,4,57.75285492537629,12.416298188884111
site_e726c7cce5,2026-02-28T15:45:00+00:00,96,131.16667341815594,55.996506029923815
site_e726c7cce5,2026-02-28T16:00:00+00:00,4,78.47771359382071,19.020871743488357
site_e726c7cce5,2026-02-28T16:00:00+00:00,96,140.29994255725447,70.8615896907503
site_e726c7cce5,2026-02-28T16:15:00+00:00,4,91.85160997493412,22.89215305160044
site_e726c7cce5,2026-02-28T16:15:00+00:00,96,64.35609889105604,19.604105370933976
site_e726c7cce5,2026-02-28T16:30:00+00:00,4,99.4505549537671,25.893277607016056
site_e726c7cce5,2026-02-28T16:30:00+00:00,96,80.63477505294293,24.889454150349177
site_e726c7cce5,2026-02-28T16:45:00+00:00,4,90.73909457468872,23.667604428302997
site_e726c7cce5,2026-02-28T16:45:00+00:00,96,109.5390473615264,35.08394511990258
site_e726c7cce5,2026-02-28T17:00:00+00:00,4,88.58845274918876,22.808159498446642
site_e726c7cce5,2026-02-28T17:00:00+00:00,96,92.36047524523588,75.97323287312854
site_e726c7cce5,2026-02-28T17:15:00+00:00,4,101.75714568600353,26.50645090671172
site_e726c7cce5,2026-02-28T17:15:00+00:00,96,146.33567229576482,54.651197167524415
site_e726c7cce5,2026-02-28T17:30:00+00:00,4,85.4029876746478,21.55771081418554
site_e726c7cce5,2026-02-28T17:30:00+00:00,96,152.47746903748856,53.37119090074286
site_e726c7cce5,2026-02-28T17:45:00+00:00,4,79.71200316004874,21.801432854459065
site_e726c7cce5,2026-02-28T17:45:00+00:00,96,195.125717528834,97.17430604569884
site_e726c7cce5,2026-02-28T18:00:00+00:00,4,63.326754421529984,16.499662184926333
site_e726c7cce5,2026-02-28T18:00:00+00:00,96,138.47282355020826,55.10272925509679
site_e726c7cce5,2026-02-28T18:15:00+00:00,4,73.03641755095165,18.632990623513862
site_e726c7cce5,2026-02-28T18:15:00+00:00,96,117.19023142775265,36.997636853325965
site_e726c7cce5,2026-02-28T18:30:00+00:00,4,46.216120076151114,11.06855917013652
site_e726c7cce5,2026-02-28T18:30:00+00:00,96,165.44288116436917,45.80876138006942
site_e726c7cce5,2026-02-28T18:45:00+00:00,4,40.60335862113569,9.787672397641957
site_e726c7cce5,2026-02-28T18:45:00+00:00,96,201.57425204634785,53.38232928882702
site_e726c7cce5,2026-02-28T19:00:00+00:00,4,31.24505979866439,7.803640472575909
site_e726c7cce5,2026-02-28T19:00:00+00:00,96,101.46815066557222,29.411694884038997
site_e726c7cce5,2026-02-28T19:15:00+00:00,4,62.26326782760242,15.736779873065444
site_e726c7cce5,2026-02-28T19:15:00+00:00,96,84.07401778874952,27.511002182671618
site_e726c7cce5,2026-02-28T19:30:00+00:00,4,81.72629538564621,20.91444575319492
site_e726c7cce5,2026-02-28T19:30:00+00:00,96,55.13091843811313,19.33440362792599
site_e726c7cce5,2026-02-28T19:45:00+00:00,4,78.1187710992039,21.873263380735153
site_e726c7cce5,2026-02-28T19:45:00+00:00,96,102.79903129553966,32.35677669706308
site_e726c7cce5,2026-02-28T20:00:00+00:00,4,87.07730342585586,28.588671002170877
site_e726c7cce5,2026-02-28T20:00:00+00:00,96,108.32064692897235,30.78131447701763
site_e726c7cce5,2026-02-28T20:15:00+00:00,4,69.14644091452226,19.401327648234766
site_e726c7cce5,2026-02-28T20:15:00+00:00,96,68.00864745942745,19.969494339840548
site_e726c7cce5,2026-02-28T20:30:00+00:00,4,42.31343769723981,11.59122461286348
site_e726c7cce5,2026-02-28T20:30:00+00:00,96,64.315124146447,18.988365677437624
site_e726c7cce5,2026-02-28T20:45:00+00:00,4,38.282822640498786,11.701193851131173
site_e726c7cce5,2026-02-28T20:45:00+00:00,96,55.180058184755666,15.756649552898812
site_e726c7cce5,2026-02-28T21:00:00+00:00,4,33.86888857641485,11.45788235283807
site_e726c7cce5,2026-02-28T21:00:00+00:00,96,62.55599440048165,17.396882022582112
site_e726c7cce5,2026-02-28T21:15:00+00:00,4,29.594479953521162,8.566906528479146
site_e726c7cce5,2026-02-28T21:15:00+00:00,96,133.0212587330605,50.09858911440176
site_e726c7cce5,2026-02-28T21:30:00+00:00,4,36.85849215753731,11.230353270378606
site_e726c7cce5,2026-02-28T21:30:00+00:00,96,30.904711955282014,9.03299751529784
site_e726c7cce5,2026-02-28T21:45:00+00:00,4,36.844485813324525,11.079005646685179
site_e726c7cce5,2026-02-28T21:45:00+00:00,96,24.13248140751357,7.390066417178781
site_e726c7cce5,2026-02-28T22:00:00+00:00,4,38.857905237105975,12.661486592951384
site_e726c7cce5,2026-02-28T22:00:00+00:00,96,47.95291784130457,12.212633556095062
site_e726c7cce5,2026-02-28T22:15:00+00:00,4,30.13233864923792,8.442029784022683
site_e726c7cce5,2026-02-28T22:15:00+00:00,96,57.78457018006702,14.416846323278072
site_e726c7cce5,2026-02-28T22:30:00+00:00,4,29.849915341346662,8.392372201220693
site_e726c7cce5,2026-02-28T22:30:00+00:00,96,42.57570653641261,11.988240989558015
site_e726c7cce5,2026-02-28T22:45:00+00:00,4,28.60296966698234,7.948244563790259
site_e726c7cce5,2026-02-28T22:45:00+00:00,96,72.31622358844109,42.578477190411434
site_e726c7cce5,2026-02-28T23:00:00+00:00,4,27.663623376402292,9.5026999567271
site_e726c7cce5,2026-02-28T23:00:00+00:00,96,68.07157690677286,21.906175767378237
site_e726c7cce5,2026-02-28T23:15:00+00:00,4,24.305686179995856,7.64958593957774
site_e726c7cce5,2026-02-28T23:15:00+00:00,96,47.31136325434248,12.349264340656456
site_e726c7cce5,2026-02-28T23:30:00+00:00,4,19.558718952014992,5.5319964990993
site_e726c7cce5,2026-02-28T23:30:00+00:00,96,61.01043072448235,16.195653250000817
site_e726c7cce5,2026-02-28T23:45:00+00:00,4,38.60835211814084,11.12647107266901
site_e726c7cce5,2026-02-28T23:45:00+00:00,96,29.64428353037717,7.744707113897335
site_e726c7cce5,2026-03-01T00:00:00+00:00,4,32.77121941105975,9.897002409086642
site_e726c7cce5,2026-03-01T00:00:00+00:00,96,29.37992772843977,7.21539352907267
site_e726c7cce5,2026-03-01T00:30:00+00:00,4,25.027413160215513,6.390062907895497
site_e726c7cce5,2026-03-01T00:30:00+00:00,96,129.04300990557803,30.591106888850224
site_e726c7cce5,2026-03-01T00:45:00+00:00,4,34.57384463668768,8.279660230878822
site_e726c7cce5,2026-03-01T00:45:00+00:00,96,129.62061030235765,32.38110765676965
site_e726c7cce5,2026-03-01T01:00:00+00:00,4,33.37334930495112,8.246032954218508
site_e726c7cce5,2026-03-01T01:00:00+00:00,96,65.48826737888905,16.774177461757688
site_e726c7cce5,2026-03-01T01:15:00+00:00,4,33.37334930495112,8.246032954218508
site_e726c7cce5,2026-03-01T01:15:00+00:00,96,70.46465300885922,18.172061136850502
site_e726c7cce5,2026-03-01T01:30:00+00:00,4,48.14683173923532,14.043229970722695
site_e726c7cce5,2026-03-01T01:30:00+00:00,96,255.8353105083613,70.32093735852588
site_e726c7cce5,2026-03-01T01:45:00+00:00,4,37.53117229620082,9.929189794057994
site_e726c7cce5,2026-03-01T01:45:00+00:00,96,103.15965576553063,35.02989535166682
site_e726c7cce5,2026-03-01T02:00:00+00:00,4,40.0010490357995,12.797831013041153
site_e726c7cce5,2026-03-01T02:00:00+00:00,96,39.90930951989063,10.497412056242592
site_e726c7cce5,2026-03-01T02:15:00+00:00,4,50.41947416236963,16.094447040277455
site_e726c7cce5,2026-03-01T02:15:00+00:00,96,43.24206025642505,11.076560801130963
site_e726c7cce5,2026-03-01T02:30:00+00:00,4,68.34472468971533,17.07809957130053
site_e726c7cce5,2026-03-01T02:30:00+00:00,96,85.11346979207048,42.6289052025467
site_e726c7cce5,2026-03-01T02:45:00+00:00,4,69.1174074077101,18.776946557087715
site_e726c7cce5,2026-03-01T02:45:00+00:00,96,38.63879068692056,10.096437805049202
site_e726c7cce5,2026-03-01T03:00:00+00:00,4,79.61457522950937,19.859363933164477
site_e726c7cce5,2026-03-01T03:00:00+00:00,96,36.859016304341985,10.239134231457651
site_e726c7cce5,2026-03-01T03:15:00+00:00,4,71.91655679750735,16.603354972945876
site_e726c7cce5,2026-03-01T03:15:00+00:00,96,38.877346441047706,28.74975510152224
site_e726c7cce5,2026-03-01T03:30:00+00:00,4,77.93884240135458,20.091083300098937
site_e726c7cce5,2026-03-01T03:30:00+00:00,96,66.37229916565215,30.901338874772165
site_e726c7cce5,2026-03-01T03:45:00+00:00,4,75.32762368964048,17.334649625605437
site_e726c7cce5,2026-03-01T03:45:00+00:00,96,84.4788830150362,32.215236967711185
site_e726c7cce5,2026-03-01T04:00:00+00:00,4,70.61960166070828,15.821932652599624
site_e726c7cce5,2026-03-01T04:00:00+00:00,96,90.5387757991744,22.713760176888385
site_e726c7cce5,2026-03-01T04:15:00+00:00,4,75.16066415968132,19.524285258286813
site_e726c7cce5,2026-03-01T04:15:00+00:00,96,86.40583756128305,54.34697181831017
site_e726c7cce5,2026-03-01T04:30:00+00:00,4,76.71651971173446,19.06548583421437
site_e726c7cce5,2026-03-01T04:30:00+00:00,96,74.13698773625212,73.5255648199345
site_e726c7cce5,2026-03-01T04:45:00+00:00,4,51.23895975039771,11.96218207950338
site_e726c7cce5,2026-03-01T04:45:00+00:00,96,79.70396450200877,62.97861186866624
site_e726c7cce5,2026-03-01T05:00:00+00:00,4,53.09267678657495,10.111111212339004
site_e726c7cce5,2026-03-01T05:00:00+00:00,96,68.31750526052403,19.32078116053613
site_e726c7cce5,2026-03-01T05:15:00+00:00,4,64.8425317008788,12.28747387160684
site_e726c7cce5,2026-03-01T05:15:00+00:00,96,76.49497829856007,21.954547282506983
site_e726c7cce5,2026-03-01T05:30:00+00:00,4,55.73004509671857,9.932031137902106
site_e726c7cce5,2026-03-01T05:30:00+00:00,96,107.42221457189498,33.015276614213676
site_e726c7cce5,2026-03-01T05:45:00+00:00,4,43.22244536175994,8.104581841817916
site_e726c7cce5,2026-03-01T05:45:00+00:00,96,77.93944326604202,21.982999507165285
site_e726c7cce5,2026-03-01T06:00:00+00:00,4,47.31579307626735,9.275592167464541
site_e726c7cce5,2026-03-01T06:00:00+00:00,96,86.27168970813361,23.79073938381752
site_e726c7cce5,2026-03-01T06:15:00+00:00,4,62.16684263386995,11.240626636495389
site_e726c7cce5,2026-03-01T06:15:00+00:00,96,83.91086676200474,23.9766864472639
site_e726c7cce5,2026-03-01T06:30:00+00:00,4,54.668039523599816,9.197288596500037
site_e726c7cce5,2026-03-01T06:30:00+00:00,96,103.04190680974604,34.95849727723104
site_e726c7cce5,2026-03-01T06:45:00+00:00,4,30.2162695187388,5.987919182393616
site_e726c7cce5,2026-03-01T06:45:00+00:00,96,88.86180632583006,55.60759812448518
site_e726c7cce5,2026-03-01T07:00:00+00:00,4,101.64638825785104,21.832816094019744
site_e726c7cce5,2026-03-01T07:00:00+00:00,96,67.66229606625583,26.76300215617682
site_e726c7cce5,2026-03-01T07:15:00+00:00,4,125.23461754711325,25.968347908516265
site_e726c7cce5,2026-03-01T07:15:00+00:00,96,98.35445149057304,77.36082007408166
site_e726c7cce5,2026-03-01T07:30:00+00:00,4,134.5898633229919,30.016443515348524
site_e726c7cce5,2026-03-01T07:30:00+00:00,96,118.3566854133859,60.67406232084195
site_e726c7cce5,2026-03-01T07:45:00+00:00,4,130.53606456131297,30.01966540373954
site_e726c7cce5,2026-03-01T07:45:00+00:00,96,90.97929078040622,33.226772214853085
site_e726c7cce5,2026-03-01T08:00:00+00:00,4,139.07979396885864,31.988012353915476
site_e726c7cce5,2026-03-01T08:00:00+00:00,96,107.81194440291165,37.385002949758416
site_e726c7cce5,2026-03-01T08:15:00+00:00,4,147.92277774799157,33.59644706843888
site_e726c7cce5,2026-03-01T08:15:00+00:00,96,102.71512825057982,35.36415224356438
site_e726c7cce5,2026-03-01T08:30:00+00:00,4,122.22759142424663,28.529572541935394
site_e726c7cce5,2026-03-01T08:30:00+00:00,96,157.88139357719473,51.883928779444226
site_e726c7cce5,2026-03-01T08:45:00+00:00,4,86.12400717079507,18.464331505365465
site_e726c7cce5,2026-03-01T08:45:00+00:00,96,160.91828019300573,51.792480551852044
site_e726c7cce5,2026-03-01T09:00:00+00:00,4,109.85603903057326,23.733340004832527
site_e726c7cce5,2026-03-01T09:00:00+00:00,96,110.84253536838503,36.812261016926996
site_e726c7cce5,2026-03-01T09:15:00+00:00,4,142.2434285888894,28.632038535473534
site_e726c7cce5,2026-03-01T09:15:00+00:00,96,161.32663830647303,51.612187165210976
site_e726c7cce5,2026-03-01T09:30:00+00:00,4,136.4288600005344,27.840579104684444
site_e726c7cce5,2026-03-01T09:30:00+00:00,96,140.72827695124357,44.95194038468604
site_e726c7cce5,2026-03-01T09:45:00+00:00,4,145.17566827580927,20.756216245528933
site_e726c7cce5,2026-03-01T09:45:00+00:00,96,114.21052322522202,36.50810337817761
site_e726c7cce5,2026-03-01T10:00:00+00:00,4,115.92846470804659,21.02946258651306
site_e726c7cce5,2026-03-01T10:00:00+00:00,96,194.35361893387574,71.27628051829775
site_e726c7cce5,2026-03-01T10:15:00+00:00,4,124.49731933272939,16.248916506118107
site_e726c7cce5,2026-03-01T10:15:00+00:00,96,128.03934793889385,50.3490493792668
site_e726c7cce5,2026-03-01T10:30:00+00:00,4,99.51054204173775,15.164941671992471
site_e726c7cce5,2026-03-01T10:30:00+00:00,96,128.05459812683472,45.166613756329625
site_e726c7cce5,2026-03-01T10:45:00+00:00,4,118.17678017009025,14.567832578996473
site_e726c7cce5,2026-03-01T10:45:00+00:00,96,108.88822510255778,67.53959378067329
site_e726c7cce5,2026-03-01T11:00:00+00:00,4,138.34107966136952,17.669917129502576
site_e726c7cce5,2026-03-01T11:00:00+00:00,96,117.7163332690597,73.81179152230926
site_e726c7cce5,2026-03-01T11:15:00+00:00,4,185.6725580503065,21.95123536830877
site_e726c7cce5,2026-03-01T11:15:00+00:00,96,108.01097293321823,28.207948381992328
site_e726c7cce5,2026-03-01T11:30:00+00:00,4,194.00678973173842,20.446098218222716
site_e726c7cce5,2026-03-01T11:30:00+00:00,96,138.12023662066255,35.3207850337485
site_e726c7cce5,2026-03-01T11:45:00+00:00,4,267.1095551011955,26.041648527958273
site_e726c7cce5,2026-03-01T11:45:00+00:00,96,131.82923480026068,32.12701320184664
site_e726c7cce5,2026-03-01T12:00:00+00:00,4,314.2337953947052,26.701519780477486
site_e726c7cce5,2026-03-01T12:00:00+00:00,96,105.91740810288948,25.805921871065568
site_e726c7cce5,2026-03-01T12:15:00+00:00,4,322.6105149589084,26.393892169112682
site_e726c7cce5,2026-03-01T12:15:00+00:00,96,89.27748325082517,22.609571349324327
site_e726c7cce5,2026-03-01T12:30:00+00:00,4,302.5134942910145,23.188555030619995
site_e726c7cce5,2026-03-01T12:30:00+00:00,96,89.06642525936911,24.48361812484856
site_e726c7cce5,2026-03-01T12:45:00+00:00,4,292.1518729596172,22.174077993825296
site_e726c7cce5,2026-03-01T12:45:00+00:00,96,86.66290869736187,23.701306047043186
site_e726c7cce5,2026-03-01T13:00:00+00:00,4,178.34039920848528,14.08857638854165
site_e726c7cce5,2026-03-01T13:00:00+00:00,96,70.3332240885907,19.461520399821776
site_e726c7cce5,2026-03-01T13:15:00+00:00,4,155.30052767536085,11.988458354493757
site_e726c7cce5,2026-03-01T13:15:00+00:00,96,125.07465039464455,31.701012757974933
site_e726c7cce5,2026-03-01T13:30:00+00:00,4,179.49892293943682,14.547050011500115
site_e726c7cce5,2026-03-01T13:30:00+00:00,96,145.20119128855245,35.247129934636554
site_e726c7cce5,2026-03-01T13:45:00+00:00,4,297.4231254799264,21.582054091157563
site_e726c7cce5,2026-03-01T13:45:00+00:00,96,171.06284559715843,38.55471373647845
site_e726c7cce5,2026-03-01T14:00:00+00:00,4,348.87578061112833,32.57487418422448
site_e726c7cce5,2026-03-01T14:00:00+00:00,96,132.1821246054867,29.852079662062323
site_e726c7cce5,2026-03-01T14:15:00+00:00,4,387.70946211355397,225.90128877832814
site_e726c7cce5,2026-03-01T14:15:00+00:00,96,95.77332157617515,22.821238168289323
site_e726c7cce5,2026-03-01T14:30:00+00:00,4,349.5558693335411,305.4287783532732
site_e726c7cce5,2026-03-01T14:30:00+00:00,96,75.79254340889887,18.832864042438512
site_e726c7cce5,2026-03-01T14:45:00+00:00,4,284.3346379820722,28.10900387451791
site_e726c7cce5,2026-03-01T14:45:00+00:00,96,94.43725066126783,23.454055999575754
site_e726c7cce5,2026-03-01T15:00:00+00:00,4,264.1007436256746,29.654068535666486
site_e726c7cce5,2026-03-01T15:00:00+00:00,96,128.2234093182177,31.084928673875165
site_e726c7cce5,2026-03-01T15:15:00+00:00,4,274.5808028538663,140.09281937321884
site_e726c7cce5,2026-03-01T15:15:00+00:00,96,171.05631380544924,41.1599872503168
site_e726c7cce5,2026-03-01T15:30:00+00:00,4,288.4268790019394,335.8616175083027
site_e726c7cce5,2026-03-01T15:30:00+00:00,96,192.29312852576373,46.974520823284294
site_e726c7cce5,2026-03-01T15:45:00+00:00,4,284.4561325366909,159.9740350466581
site_e726c7cce5,2026-03-01T15:45:00+00:00,96,133.23145009301902,35.652825120399
site_e726c7cce5,2026-03-01T16:00:00+00:00,4,280.5327285043998,532.7767578628391
site_e726c7cce5,2026-03-01T16:00:00+00:00,96,97.14289281367576,26.249419637153135
site_e726c7cce5,2026-03-01T16:15:00+00:00,4,311.8709775212994,805.9815902905423
site_e726c7cce5,2026-03-01T16:15:00+00:00,96,183.48207423832886,45.58581822170265
site_e726c7cce5,2026-03-01T16:30:00+00:00,4,257.6320270269524,682.915499271056
site_e726c7cce5,2026-03-01T16:30:00+00:00,96,96.73714586139377,25.19968164169722
site_e726c7cce5,2026-03-01T16:45:00+00:00,4,183.9905065119928,490.0995202351689
site_e726c7cce5,2026-03-01T16:45:00+00:00,96,88.69845017401687,25.48791538791214
site_e726c7cce5,2026-03-01T17:00:00+00:00,4,139.5431538386079,385.4572274407636
site_e726c7cce5,2026-03-01T17:00:00+00:00,96,76.17736041906517,21.598845144009488
site_e726c7cce5,2026-03-01T17:15:00+00:00,4,122.36587940040228,343.7191619194042
site_e726c7cce5,2026-03-01T17:15:00+00:00,96,91.79689291320348,25.771713807948462
site_e726c7cce5,2026-03-01T17:30:00+00:00,4,152.4333693018622,415.86784400495753
site_e726c7cce5,2026-03-01T17:30:00+00:00,96,75.92171788798234,20.454741153959688
site_e726c7cce5,2026-03-01T17:45:00+00:00,4,134.61548466587243,369.13827734938485
site_e726c7cce5,2026-03-01T17:45:00+00:00,96,86.47831312484284,23.324905094736927
site_e726c7cce5,2026-03-01T18:00:00+00:00,4,122.3016823141829,333.3969892314344
site_e726c7cce5,2026-03-01T18:00:00+00:00,96,97.16400921994473,26.336805116829964
site_e726c7cce5,2026-03-01T18:15:00+00:00,4,125.89867543599107,359.1002570455923
site_e726c7cce5,2026-03-01T18:15:00+00:00,96,91.8382772610422,23.81279812029345
site_e726c7cce5,2026-03-01T18:30:00+00:00,4,140.04697002060342,397.4744208047085
site_e726c7cce5,2026-03-01T18:30:00+00:00,96,114.67667696110898,29.352739986245215
site_e726c7cce5,2026-03-01T18:45:00+00:00,4,139.15523364732698,396.66336135584373
site_e726c7cce5,2026-03-01T18:45:00+00:00,96,119.06894544902651,30.588050762210674
site_e726c7cce5,2026-03-01T19:00:00+00:00,4,106.71565469173557,315.0706721087323
site_e726c7cce5,2026-03-01T19:00:00+00:00,96,209.38337627894805,62.894482154644194
site_e726c7cce5,2026-03-01T19:15:00+00:00,4,83.00566808387534,249.6762151180684
site_e726c7cce5,2026-03-01T19:15:00+00:00,96,72.69200689930433,20.95716981865623
site_e726c7cce5,2026-03-01T19:30:00+00:00,4,72.61963736322109,213.87649253852467
site_e726c7cce5,2026-03-01T19:30:00+00:00,96,51.27949108189221,16.423169108637996
site_e726c7cce5,2026-03-01T19:45:00+00:00,4,78.8371207789333,223.60443109983262
site_e726c7cce5,2026-03-01T19:45:00+00:00,96,55.422323590772734,18.333794081342756
site_e726c7cce5,2026-03-01T20:00:00+00:00,4,123.0053268973937,336.4224680902284
site_e726c7cce5,2026-03-01T20:00:00+00:00,96,80.28998326544537,25.973733194876147
site_e726c7cce5,2026-03-01T20:15:00+00:00,4,126.70350911456777,369.1232092364923
site_e726c7cce5,2026-03-01T20:15:00+00:00,96,56.7141532825889,18.545728338531152
site_e726c7cce5,2026-03-01T20:30:00+00:00,4,126.68886458960327,360.9097799457171
site_e726c7cce5,2026-03-01T20:30:00+00:00,96,82.29552834731624,24.843066267059925
site_e726c7cce5,2026-03-01T20:45:00+00:00,4,133.46285229193944,377.77021453708676
site_e726c7cce5,2026-03-01T20:45:00+00:00,96,50.260879932044816,17.411456490306186
site_e726c7cce5,2026-03-01T21:00:00+00:00,4,97.97922368489128,282.5840975997831
site_e726c7cce5,2026-03-01T21:00:00+00:00,96,58.3656039141866,20.377996649483855
site_e726c7cce5,2026-03-01T21:15:00+00:00,4,71.19733459685662,203.31328842854205
site_e726c7cce5,2026-03-01T21:15:00+00:00,96,43.263844121092774,14.186520888328992
site_e726c7cce5,2026-03-01T21:30:00+00:00,4,68.32022582370018,200.9523877893217
site_e726c7cce5,2026-03-01T21:30:00+00:00,96,46.1076331714812,14.869054436829982
site_e726c7cce5,2026-03-01T21:45:00+00:00,4,63.752565068240806,181.3872949026841
site_e726c7cce5,2026-03-01T21:45:00+00:00,96,38.93191825169817,12.166877843590822
site_e726c7cce5,2026-03-01T22:00:00+00:00,4,82.28114250459389,236.85479200460827
site_e726c7cce5,2026-03-01T22:00:00+00:00,96,48.19096155486949,17.530231370557505
site_e726c7cce5,2026-03-01T22:15:00+00:00,4,58.748828286864445,180.51202519355746
site_e726c7cce5,2026-03-01T22:15:00+00:00,96,48.624217739620455,17.809636177135634
site_e726c7cce5,2026-03-01T22:30:00+00:00,4,67.20543827248059,205.86956365566346
site_e726c7cce5,2026-03-01T22:30:00+00:00,96,46.64415322218761,14.134107027957088
site_e726c7cce5,2026-03-01T22:45:00+00:00,4,65.32047128708608,199.09154185248264
site_e726c7cce5,2026-03-01T22:45:00+00:00,96,108.59545346302855,29.21952441751592
site_e726c7cce5,2026-03-01T23:00:00+00:00,4,53.805597065668465,147.7391557260069
site_e726c7cce5,2026-03-01T23:00:00+00:00,96,85.97317454292785,23.16523086624312
site_e726c7cce5,2026-03-01T23:15:00+00:00,4,50.625305810319276,139.12852654972997
site_e726c7cce5,2026-03-01T23:15:00+00:00,96,36.6471427467611,10.745478110363528
site_e726c7cce5,2026-03-01T23:45:00+00:00,4,38.586686395619076,109.81566742754404
site_e726c7cce5,2026-03-01T23:45:00+00:00,96,41.44804991884737,12.606380368778218
site_e726c7cce5,2026-03-02T00:00:00+00:00,4,37.17765501888084,100.06837823838997
site_e726c7cce5,2026-03-02T00:00:00+00:00,96,59.00419682908762,14.692006618934222
site_e726c7cce5,2026-03-02T00:15:00+00:00,4,50.268626204497394,138.1533458453816
site_e726c7cce5,2026-03-02T00:15:00+00:00,96,59.00419682908762,14.692006618934222
site_e726c7cce5,2026-03-02T00:30:00+00:00,4,50.268626204497394,138.1533458453816
site_e726c7cce5,2026-03-02T00:30:00+00:00,96,100.46149325216217,28.2141836636432
site_e726c7cce5,2026-03-02T00:45:00+00:00,4,32.15072179972574,21.70664419387282
site_e726c7cce5,2026-03-02T00:45:00+00:00,96,67.96204048008765,18.61448844094035
site_e726c7cce5,2026-03-02T01:00:00+00:00,4,71.88923805046024,13.07285070555005
site_e726c7cce5,2026-03-02T01:00:00+00:00,96,88.18512472968261,26.734453183841936
site_e726c7cce5,2026-03-02T01:15:00+00:00,4,75.81966363353985,8.13909158318235
site_e726c7cce5,2026-03-02T01:15:00+00:00,96,94.82294690127415,27.994432359575917
site_e726c7cce5,2026-03-02T01:30:00+00:00,4,67.063106373866,6.713987664371628
site_e726c7cce5,2026-03-02T01:30:00+00:00,96,111.92302573914702,27.75557105518107
site_e726c7cce5,2026-03-02T02:00:00+00:00,4,75.03323762503089,6.546906272432004
site_e726c7cce5,2026-03-02T02:00:00+00:00,96,160.56079264029484,36.44663863963558
site_e726c7cce5,2026-03-02T02:15:00+00:00,4,52.422682245720054,4.665017212840738
site_e726c7cce5,2026-03-02T02:15:00+00:00,96,109.34869751680293,23.136373889517774
site_e726c7cce5,2026-03-02T02:30:00+00:00,4,22.91133377950782,2.226994656638614
site_e726c7cce5,2026-03-02T02:30:00+00:00,96,135.91243332460272,32.11973975840914
site_e726c7cce5,2026-03-02T02:45:00+00:00,4,22.91133377950782,2.226994656638614
site_e726c7cce5,2026-03-02T02:45:00+00:00,96,121.91927009248559,25.8715477763859
site_e726c7cce5,2026-03-02T03:00:00+00:00,4,41.941062529051976,3.3145573918240077
site_e726c7cce5,2026-03-02T03:00:00+00:00,96,88.17839954697652,18.215667568184397
site_e726c7cce5,2026-03-02T03:15:00+00:00,4,69.6363593065518,6.598704116383962
site_e726c7cce5,2026-03-02T03:15:00+00:00,96,124.7203117175481,29.25176091434378
site_e726c7cce5,2026-03-02T03:30:00+00:00,4,55.91709295003832,5.218940523083233
site_e726c7cce5,2026-03-02T03:30:00+00:00,96,116.40212615639021,25.11148647322335
site_e726c7cce5,2026-03-02T03:45:00+00:00,4,73.51472904561184,6.176572625171306
site_e726c7cce5,2026-03-02T03:45:00+00:00,96,102.16612888915495,23.700572791513594
site_e726c7cce5,2026-03-02T04:00:00+00:00,4,63.24418979167547,5.061382163721101
site_e726c7cce5,2026-03-02T04:00:00+00:00,96,113.06188570585674,19.77135382361411
site_e726c7cce5,2026-03-02T04:15:00+00:00,4,67.47678153720648,7.312969742193239
site_e726c7cce5,2026-03-02T04:15:00+00:00,96,101.04188507836653,17.751486235419595
site_e726c7cce5,2026-03-02T04:30:00+00:00,4,77.55375106773921,8.225015968711654
site_e726c7cce5,2026-03-02T04:30:00+00:00,96,104.86788592416148,17.86884214923657
site_e726c7cce5,2026-03-02T04:45:00+00:00,4,97.48076719389645,10.705140122101055
site_e726c7cce5,2026-03-02T04:45:00+00:00,96,83.37329252489793,14.78440764220439
site_e726c7cce5,2026-03-02T05:00:00+00:00,4,119.6323132434714,10.65918059877912
site_e726c7cce5,2026-03-02T05:00:00+00:00,96,106.97664489814265,19.541576139395733
site_e726c7cce5,2026-03-02T05:15:00+00:00,4,119.45561421321753,10.24947961243442
site_e726c7cce5,2026-03-02T05:15:00+00:00,96,93.16748948267264,16.85910555477271
site_e726c7cce5,2026-03-02T05:30:00+00:00,4,115.4511556161932,3.3193736564125835
site_e726c7cce5,2026-03-02T05:30:00+00:00,96,91.77946756467828,15.645736657879446
site_e726c7cce5,2026-03-02T05:45:00+00:00,4,100.59860204689227,4.024962711164612
site_e726c7cce5,2026-03-02T05:45:00+00:00,96,98.33870411751849,16.08007478368807
site_e726c7cce5,2026-03-02T06:00:00+00:00,4,101.23016231962222,12.316544476849687
site_e726c7cce5,2026-03-02T06:00:00+00:00,96,130.49900298253561,25.767790555410183
site_e726c7cce5,2026-03-02T06:15:00+00:00,4,121.69471181841958,21.05565630764193
site_e726c7cce5,2026-03-02T06:15:00+00:00,96,149.082244868191,30.15336055284333
site_e726c7cce5,2026-03-02T06:30:00+00:00,4,104.24651786432865,7.444367178281496
site_e726c7cce5,2026-03-02T06:30:00+00:00,96,200.33156069372748,42.17333923638212
site_e726c7cce5,2026-03-02T06:45:00+00:00,4,90.7107492042394,10.359316473311447
site_e726c7cce5,2026-03-02T06:45:00+00:00,96,191.93627965252176,39.48025001972326
site_e726c7cce5,2026-03-02T07:00:00+00:00,4,113.00099667952372,13.484678115826569
site_e726c7cce5,2026-03-02T07:00:00+00:00,96,162.38327033979982,33.97263037356846
site_e726c7cce5,2026-03-02T07:15:00+00:00,4,173.9158901060141,24.508599590008448
site_e726c7cce5,2026-03-02T07:15:00+00:00,96,177.75710103257995,36.325417053556684
site_e726c7cce5,2026-03-02T07:30:00+00:00,4,119.22404846651627,11.396175921332249
site_e726c7cce5,2026-03-02T07:30:00+00:00,96,147.78923049347145,30.551222781708432
site_e726c7cce5,2026-03-02T07:45:00+00:00,4,124.7759335969493,16.74880982282523
site_e726c7cce5,2026-03-02T07:45:00+00:00,96,99.9102926725293,21.070688520549847
site_e726c7cce5,2026-03-02T08:00:00+00:00,4,112.62179405527307,22.65746337981353
site_e726c7cce5,2026-03-02T08:00:00+00:00,96,141.10647657723155,29.024913076796945
site_e726c7cce5,2026-03-02T08:15:00+00:00,4,98.39577970585123,23.227521321374464
site_e726c7cce5,2026-03-02T08:15:00+00:00,96,200.902163612745,36.33714117768923
site_e726c7cce5,2026-03-02T08:30:00+00:00,4,150.66262914788885,49.51228614921252
site_e726c7cce5,2026-03-02T08:30:00+00:00,96,166.10613610240262,29.889497638905894
site_e726c7cce5,2026-03-02T08:45:00+00:00,4,122.8775147083725,27.95270646855311
site_e726c7cce5,2026-03-02T08:45:00+00:00,96,298.37850612276657,35.62238135952246
site_e726c7cce5,2026-03-02T09:00:00+00:00,4,130.7426791050442,32.27151792234712
site_e726c7cce5,2026-03-02T09:00:00+00:00,96,138.2365922618635,24.582799082072718
site_e726c7cce5,2026-03-02T09:15:00+00:00,4,129.25906517301047,30.678490405561167
site_e726c7cce5,2026-03-02T09:15:00+00:00,96,182.77608136164685,21.52360296604586
site_e726c7cce5,2026-03-02T09:30:00+00:00,4,104.95134020033548,24.21123694034567
site_e726c7cce5,2026-03-02T09:30:00+00:00,96,132.61669069276945,19.173469401917266
site_e726c7cce5,2026-03-02T09:45:00+00:00,4,101.94460602869385,22.721247820421933
site_e726c7cce5,2026-03-02T09:45:00+00:00,96,186.75349794609136,21.424958968830623
site_e726c7cce5,2026-03-02T10:00:00+00:00,4,90.99345849707899,20.413244643570014
site_e726c7cce5,2026-03-02T10:00:00+00:00,96,174.61903306911643,19.833206021180214
site_e726c7cce5,2026-03-02T10:15:00+00:00,4,94.35658402692022,20.55911462244475
site_e726c7cce5,2026-03-02T10:15:00+00:00,96,266.243791749573,27.70306722845637
site_e726c7cce5,2026-03-02T10:30:00+00:00,4,120.60556664321018,25.305302987365522
site_e726c7cce5,2026-03-02T10:30:00+00:00,96,321.79501915420036,28.32412712155301
site_e726c7cce5,2026-03-02T10:45:00+00:00,4,131.25134750001592,51.09921126760436
site_e726c7cce5,2026-03-02T10:45:00+00:00,96,378.5272497388223,31.73723504936993
site_e726c7cce5,2026-03-02T11:00:00+00:00,4,99.77772030397637,22.98410319381201
site_e726c7cce5,2026-03-02T11:00:00+00:00,96,543.0602351325481,38.061734124829044
site_e726c7cce5,2026-03-02T11:15:00+00:00,4,125.52650754699572,24.494705325252625
site_e726c7cce5,2026-03-02T11:15:00+00:00,96,297.65926510523457,21.05463090638299
site_e726c7cce5,2026-03-02T11:30:00+00:00,4,93.35208970313815,20.660194426625537
site_e726c7cce5,2026-03-02T11:30:00+00:00,96,292.94241112627503,19.97619398041104
site_e726c7cce5,2026-03-02T11:45:00+00:00,4,79.57929911227039,15.504004611304254
site_e726c7cce5,2026-03-02T11:45:00+00:00,96,233.1638666663029,16.40528332249749
site_e726c7cce5,2026-03-02T12:00:00+00:00,4,68.47307662168782,13.156346341204506
site_e726c7cce5,2026-03-02T12:00:00+00:00,96,117.75941611244808,8.806176978678355
site_e726c7cce5,2026-03-02T12:15:00+00:00,4,60.71195801408245,12.091057208164411
site_e726c7cce5,2026-03-02T12:15:00+00:00,96,109.45661836733505,8.457956697191495
site_e726c7cce5,2026-03-02T12:30:00+00:00,4,66.7405862021401,13.072766930520133
site_e726c7cce5,2026-03-02T12:30:00+00:00,96,145.4934636795656,11.480708152099549
site_e726c7cce5,2026-03-02T12:45:00+00:00,4,58.798323066546025,12.646435940232395
site_e726c7cce5,2026-03-02T12:45:00+00:00,96,273.5337756240771,19.00720328088634
site_e726c7cce5,2026-03-02T13:00:00+00:00,4,53.48146930949341,11.549371805177609
site_e726c7cce5,2026-03-02T13:00:00+00:00,96,401.64015067874004,34.02220001033237
site_e726c7cce5,2026-03-02T13:15:00+00:00,4,59.4611646563954,53.44247723686036
site_e726c7cce5,2026-03-02T13:15:00+00:00,96,466.9975979461084,281.02860349529476
site_e726c7cce5,2026-03-02T13:30:00+00:00,4,72.37608814806674,27.448488234909867
site_e726c7cce5,2026-03-02T13:30:00+00:00,96,294.2207590875702,259.7352315895164
site_e726c7cce5,2026-03-02T13:45:00+00:00,4,106.05353108002721,22.138269395017932
site_e726c7cce5,2026-03-02T13:45:00+00:00,96,180.64345515099848,16.921959259243707
site_e726c7cce5,2026-03-02T14:00:00+00:00,4,111.20473983564327,65.87197402126888
site_e726c7cce5,2026-03-02T14:00:00+00:00,96,197.87581118514868,19.794210428907043
site_e726c7cce5,2026-03-02T14:15:00+00:00,4,101.75909204750728,43.914247898944936
site_e726c7cce5,2026-03-02T14:15:00+00:00,96,220.7353872667925,110.04496510265173
site_e726c7cce5,2026-03-02T14:30:00+00:00,4,112.79816454453338,121.06377042705553
site_e726c7cce5,2026-03-02T14:30:00+00:00,96,239.70898762984447,283.6627058522691
site_e726c7cce5,2026-03-02T14:45:00+00:00,4,102.67446442456163,36.07899187697327
site_e726c7cce5,2026-03-02T14:45:00+00:00,96,160.29265606437232,86.21213145754001
site_e726c7cce5,2026-03-02T15:00:00+00:00,4,95.93446273871112,45.64347530715655
site_e726c7cce5,2026-03-02T15:00:00+00:00,96,180.6045293891487,353.332283230694
site_e726c7cce5,2026-03-02T15:15:00+00:00,4,99.34368058640484,31.329379502354243
site_e726c7cce5,2026-03-02T15:15:00+00:00,96,223.9411538751777,601.9751366161456
site_e726c7cce5,2026-03-02T15:30:00+00:00,4,102.316902733262,49.31479690012517
site_e726c7cce5,2026-03-02T15:30:00+00:00,96,157.89491076312856,427.0199359378528
site_e726c7cce5,2026-03-02T15:45:00+00:00,4,117.0665521846732,159.755476398681
site_e726c7cce5,2026-03-02T15:45:00+00:00,96,135.3934927915329,366.4835028353639
site_e726c7cce5,2026-03-02T16:00:00+00:00,4,108.86029225802433,33.20366114677714
site_e726c7cce5,2026-03-02T16:00:00+00:00,96,123.77932068066521,337.8349052463779
site_e726c7cce5,2026-03-02T16:15:00+00:00,4,89.54831661441219,54.71240910261549
site_e726c7cce5,2026-03-02T16:15:00+00:00,96,118.33206117604038,322.67755307762286
site_e726c7cce5,2026-03-02T16:30:00+00:00,4,109.41944348847387,45.70606423890355
site_e726c7cce5,2026-03-02T16:30:00+00:00,96,158.14814135918994,428.1581215724483
site_e726c7cce5,2026-03-02T16:45:00+00:00,4,94.29706004418139,28.037132805062676
site_e726c7cce5,2026-03-02T16:45:00+00:00,96,113.10974976955274,307.3002506749645
site_e726c7cce5,2026-03-02T17:00:00+00:00,4,99.1801487310626,54.30128316342107
site_e726c7cce5,2026-03-02T17:00:00+00:00,96,122.2679211490817,330.8378727382651
site_e726c7cce5,2026-03-02T17:15:00+00:00,4,116.2140875095486,41.19464520020214
site_e726c7cce5,2026-03-02T17:15:00+00:00,96,149.19850586628786,402.9458356908824
site_e726c7cce5,2026-03-02T17:30:00+00:00,4,100.67854149907915,25.444469764393233
site_e726c7cce5,2026-03-02T17:30:00+00:00,96,157.5457643930115,423.6801169800738
site_e726c7cce5,2026-03-02T17:45:00+00:00,4,94.58698773691299,23.003113796445362
site_e726c7cce5,2026-03-02T17:45:00+00:00,96,188.99945236068925,506.29041970572
site_e726c7cce5,2026-03-02T18:00:00+00:00,4,89.33175805346079,21.144155235419486
site_e726c7cce5,2026-03-02T18:00:00+00:00,96,127.30509742324033,343.8783141395726
site_e726c7cce5,2026-03-02T18:15:00+00:00,4,100.14299077174192,46.54798512754154
site_e726c7cce5,2026-03-02T18:15:00+00:00,96,121.77852290936345,329.2249542629098
site_e726c7cce5,2026-03-02T18:30:00+00:00,4,102.85808708277297,94.92278191602455
site_e726c7cce5,2026-03-02T18:30:00+00:00,96,121.84631639711975,328.8384589421764
site_e726c7cce5,2026-03-02T18:45:00+00:00,4,58.532622053671005,16.57102634596514
site_e726c7cce5,2026-03-02T18:45:00+00:00,96,120.98587582736107,326.5904479534245
site_e726c7cce5,2026-03-02T19:00:00+00:00,4,46.98965466656942,30.573398411553043
site_e726c7cce5,2026-03-02T19:00:00+00:00,96,268.55842273520324,715.9717482711106
site_e726c7cce5,2026-03-02T19:15:00+00:00,4,66.87523734284612,75.78314875186199
site_e726c7cce5,2026-03-02T19:15:00+00:00,96,171.02317291373427,459.8405703847629
site_e726c7cce5,2026-03-02T19:30:00+00:00,4,43.52348324182254,48.40134345240002
site_e726c7cce5,2026-03-02T19:30:00+00:00,96,205.850923568977,550.4829974704893
site_e726c7cce5,2026-03-02T19:45:00+00:00,4,52.54846196462505,11.950624717741462
site_e726c7cce5,2026-03-02T19:45:00+00:00,96,203.8198467083476,546.4201257197333
site_e726c7cce5,2026-03-02T20:00:00+00:00,4,66.10954836742236,88.53459545160749
site_e726c7cce5,2026-03-02T20:00:00+00:00,96,131.42389888128852,354.42568154896054
site_e726c7cce5,2026-03-02T20:15:00+00:00,4,77.5318513626022,160.25570565839078
site_e726c7cce5,2026-03-02T20:15:00+00:00,96,84.50412848774197,230.11314812151363
site_e726c7cce5,2026-03-02T20:30:00+00:00,4,66.86244858780778,179.6610017725638
site_e726c7cce5,2026-03-02T20:30:00+00:00,96,88.4645759359057,239.72691192598592
site_e726c7cce5,2026-03-02T20:45:00+00:00,4,60.866186242454,164.00960184663148
site_e726c7cce5,2026-03-02T20:45:00+00:00,96,81.43169025298278,220.67625428385685
site_e726c7cce5,2026-03-02T21:00:00+00:00,4,45.44872674467306,125.37531003623785
site_e726c7cce5,2026-03-02T21:00:00+00:00,96,108.48168564836158,291.12027734099195
site_e726c7cce5,2026-03-02T21:15:00+00:00,4,35.604173761415424,99.05181666203082
site_e726c7cce5,2026-03-02T21:15:00+00:00,96,81.79277881490898,220.5969127128858
site_e726c7cce5,2026-03-02T21:30:00+00:00,4,31.28360012926215,87.28817874461411
site_e726c7cce5,2026-03-02T21:30:00+00:00,96,85.32943316888804,229.78921102124224
site_e726c7cce5,2026-03-02T21:45:00+00:00,4,26.369366922468064,76.8124414060182
site_e726c7cce5,2026-03-02T21:45:00+00:00,96,79.84875789989682,215.85794402158868
site_e726c7cce5,2026-03-02T22:00:00+00:00,4,29.90378617528366,83.4507894581625
site_e726c7cce5,2026-03-02T22:00:00+00:00,96,54.75034660504873,149.1995960862533
site_e726c7cce5,2026-03-02T22:15:00+00:00,4,34.970077282489974,99.19513736745374
site_e726c7cce5,2026-03-02T22:15:00+00:00,96,60.5177427443982,163.57056880958484
site_e726c7cce5,2026-03-02T22:30:00+00:00,4,49.01945155880504,132.11399513300898
site_e726c7cce5,2026-03-02T22:30:00+00:00,96,70.86853409018252,192.22947293483236
site_e726c7cce5,2026-03-02T22:45:00+00:00,4,46.8363207496713,127.81714824769996
site_e726c7cce5,2026-03-02T22:45:00+00:00,96,69.69714664404586,188.6821283931653
site_e726c7cce5,2026-03-02T23:00:00+00:00,4,58.8439832473565,155.24255103614087
site_e726c7cce5,2026-03-02T23:00:00+00:00,96,52.489625937008626,142.24858842829482
site_e726c7cce5,2026-03-02T23:15:00+00:00,4,32.40465894166285,91.4490013415308
site_e726c7cce5,2026-03-02T23:15:00+00:00,96,83.86469496902578,228.52440832608323
site_e726c7cce5,2026-03-02T23:30:00+00:00,4,40.704128329940445,110.92182621631414
site_e726c7cce5,2026-03-02T23:30:00+00:00,96,83.86469496902578,228.52440832608323
site_e726c7cce5,2026-03-02T23:45:00+00:00,4,37.79683615781224,100.45900246029566
site_e726c7cce5,2026-03-02T23:45:00+00:00,96,58.764636571248175,33.44289906948746
site_e726c7cce5,2026-03-03T00:00:00+00:00,4,31.552761143408432,85.15642640973925
site_e726c7cce5,2026-03-03T00:00:00+00:00,96,80.58074934189457,16.27058279744209
site_e726c7cce5,2026-03-03T00:15:00+00:00,4,28.529468223967342,74.18611646507657
site_e726c7cce5,2026-03-03T00:15:00+00:00,96,100.45088289023913,10.784282464858256
site_e726c7cce5,2026-03-03T00:30:00+00:00,4,38.3571251883752,100.76493999387735
site_e726c7cce5,2026-03-03T00:30:00+00:00,96,100.34174119811448,12.159187385074722
site_e726c7cce5,2026-03-03T00:45:00+00:00,4,63.29184014713668,43.41067305904713
site_e726c7cce5,2026-03-03T00:45:00+00:00,96,91.3273181420189,9.880898265547986
site_e726c7cce5,2026-03-03T01:00:00+00:00,4,44.58322634507207,13.421723026705674
site_e726c7cce5,2026-03-03T01:00:00+00:00,96,102.9545559945209,11.925581814760683
site_e726c7cce5,2026-03-03T01:15:00+00:00,4,80.14247802667204,68.17703876705643
site_e726c7cce5,2026-03-03T01:15:00+00:00,96,93.35365000700078,13.001663312647054
site_e726c7cce5,2026-03-03T01:30:00+00:00,4,74.91544707641418,67.76976956560759
site_e726c7cce5,2026-03-03T01:30:00+00:00,96,117.09155252569035,12.892892965585546
site_e726c7cce5,2026-03-03T01:45:00+00:00,4,77.49181456456675,50.138350922938244
site_e726c7cce5,2026-03-03T01:45:00+00:00,96,117.09155252569035,12.892892965585546
site_e726c7cce5,2026-03-03T02:00:00+00:00,4,99.14837759738901,61.76136470858012
site_e726c7cce5,2026-03-03T02:00:00+00:00,96,84.64434088112397,12.116351233424602
site_e726c7cce5,2026-03-03T02:15:00+00:00,4,82.44085010996808,61.627407665440636
site_e726c7cce5,2026-03-03T02:15:00+00:00,96,101.01620016533585,14.693994713865454
site_e726c7cce5,2026-03-03T02:30:00+00:00,4,69.06416274484879,52.32165331860171
site_e726c7cce5,2026-03-03T02:30:00+00:00,96,118.56586075152141,17.682434092250034
site_e726c7cce5,2026-03-03T02:45:00+00:00,4,68.00296207517798,28.973104740222944
site_e726c7cce5,2026-03-03T02:45:00+00:00,96,134.46727973983673,16.642980332907914
site_e726c7cce5,2026-03-03T03:00:00+00:00,4,81.49289464228517,49.59975979635069
site_e726c7cce5,2026-03-03T03:00:00+00:00,96,105.98673256641227,14.544236756204086
site_e726c7cce5,2026-03-03T03:15:00+00:00,4,81.34538001787436,103.40415587013868
site_e726c7cce5,2026-03-03T03:15:00+00:00,96,125.77833556813164,21.00967549216637
site_e726c7cce5,2026-03-03T03:30:00+00:00,4,99.90585948917847,25.48033429541124
site_e726c7cce5,2026-03-03T03:30:00+00:00,96,118.96202742533514,17.54927586018462
site_e726c7cce5,2026-03-03T03:45:00+00:00,4,101.96826231049106,22.838091539961233
site_e726c7cce5,2026-03-03T03:45:00+00:00,96,166.76480195796026,23.378198245700542
site_e726c7cce5,2026-03-03T04:00:00+00:00,4,118.77171643979233,29.52397210524482
site_e726c7cce5,2026-03-03T04:00:00+00:00,96,229.20080783297266,24.921597734839935
site_e726c7cce5,2026-03-03T04:15:00+00:00,4,114.61425586332659,75.12424287205833
site_e726c7cce5,2026-03-03T04:15:00+00:00,96,173.09847769074426,19.39138733003433
site_e726c7cce5,2026-03-03T04:30:00+00:00,4,122.40441072111435,100.78630358811824
site_e726c7cce5,2026-03-03T04:30:00+00:00,96,144.49909547745457,8.343285573686465
site_e726c7cce5,2026-03-03T04:45:00+00:00,4,108.33005511492345,47.3354091802143
site_e726c7cce5,2026-03-03T04:45:00+00:00,96,147.02229074028284,10.675508344828934
site_e726c7cce5,2026-03-03T05:00:00+00:00,4,77.25464194632085,23.40583421481225
site_e726c7cce5,2026-03-03T05:00:00+00:00,96,154.03313919330813,23.905700531800488
site_e726c7cce5,2026-03-03T05:15:00+00:00,4,57.025528800116916,73.57616756789392
site_e726c7cce5,2026-03-03T05:15:00+00:00,96,156.48248356660702,31.78422149583534
site_e726c7cce5,2026-03-03T05:30:00+00:00,4,59.56782013690105,39.95338427929936
site_e726c7cce5,2026-03-03T05:30:00+00:00,96,137.6729790264897,15.267678394449877
site_e726c7cce5,2026-03-03T05:45:00+00:00,4,127.52519680512975,73.98267940252543
site_e726c7cce5,2026-03-03T05:45:00+00:00,96,149.9393319654653,21.64637782540368
site_e726c7cce5,2026-03-03T06:00:00+00:00,4,129.04689838405076,115.06607623631967
site_e726c7cce5,2026-03-03T06:00:00+00:00,96,156.68493958093225,22.985147575560195
site_e726c7cce5,2026-03-03T06:15:00+00:00,4,149.90412284470517,74.87669870014719
site_e726c7cce5,2026-03-03T06:15:00+00:00,96,223.45177154972112,35.006789939607515
site_e726c7cce5,2026-03-03T06:30:00+00:00,4,138.2126135325194,42.413350735035856
site_e726c7cce5,2026-03-03T06:30:00+00:00,96,155.54730331621016,20.200745186556667
site_e726c7cce5,2026-03-03T06:45:00+00:00,4,144.86133179507178,65.72539232615068
site_e726c7cce5,2026-03-03T06:45:00+00:00,96,149.33604892423756,25.456215069139557
site_e726c7cce5,2026-03-03T07:00:00+00:00,4,140.45315538928995,82.35458449821991
site_e726c7cce5,2026-03-03T07:00:00+00:00,96,163.29263875712064,37.14663866274535
site_e726c7cce5,2026-03-03T07:15:00+00:00,4,151.64748800239735,107.00623049151942
site_e726c7cce5,2026-03-03T07:15:00+00:00,96,168.14613663796138,42.60927718607274
site_e726c7cce5,2026-03-03T07:30:00+00:00,4,161.17355437101196,61.2598015078187
site_e726c7cce5,2026-03-03T07:30:00+00:00,96,312.26983601270854,111.59815111213408
site_e726c7cce5,2026-03-03T07:45:00+00:00,4,138.84729305448113,50.613007929490955
site_e726c7cce5,2026-03-03T07:45:00+00:00,96,191.99532995793075,48.705592462692124
site_e726c7cce5,2026-03-03T08:00:00+00:00,4,85.56680658553758,29.939675559341463
site_e726c7cce5,2026-03-03T08:00:00+00:00,96,167.20054693534507,44.25665026256122
site_e726c7cce5,2026-03-03T08:15:00+00:00,4,135.94461609620183,49.593979608055044
site_e726c7cce5,2026-03-03T08:15:00+00:00,96,180.42141011086858,44.8270692905801
site_e726c7cce5,2026-03-03T08:30:00+00:00,4,125.5225952667391,46.14998273825043
site_e726c7cce5,2026-03-03T08:30:00+00:00,96,175.54970871892897,42.25696798330476
site_e726c7cce5,2026-03-03T08:45:00+00:00,4,150.1681880557354,55.79012770286351
site_e726c7cce5,2026-03-03T08:45:00+00:00,96,169.03055034156094,43.89407863711734
site_e726c7cce5,2026-03-03T09:00:00+00:00,4,132.79952041650031,48.45816438107686
site_e726c7cce5,2026-03-03T09:00:00+00:00,96,172.13808518551826,41.51057096186039
site_e726c7cce5,2026-03-03T09:15:00+00:00,4,147.49878117347862,55.733442232743776
site_e726c7cce5,2026-03-03T09:15:00+00:00,96,169.49396240653053,41.10942460724895
site_e726c7cce5,2026-03-03T09:30:00+00:00,4,171.7634286301137,64.98464884739778
site_e726c7cce5,2026-03-03T09:30:00+00:00,96,189.7167560267663,42.520745056777116
site_e726c7cce5,2026-03-03T09:45:00+00:00,4,160.77118969366865,62.14939416517822
site_e726c7cce5,2026-03-03T09:45:00+00:00,96,259.62395549865596,100.8757006299652
site_e726c7cce5,2026-03-03T10:00:00+00:00,4,155.61191723327784,58.88340807908673
site_e726c7cce5,2026-03-03T10:00:00+00:00,96,156.74241863823136,38.752841314686634
site_e726c7cce5,2026-03-03T10:15:00+00:00,4,168.39887122693654,64.60551720603007
site_e726c7cce5,2026-03-03T10:15:00+00:00,96,181.43719667614067,39.89569764134289
site_e726c7cce5,2026-03-03T10:30:00+00:00,4,152.34326566252992,57.29156716427337
site_e726c7cce5,2026-03-03T10:30:00+00:00,96,160.45767852037844,38.18144683235701
site_e726c7cce5,2026-03-03T10:45:00+00:00,4,162.8396050165518,61.51320686477612
site_e726c7cce5,2026-03-03T10:45:00+00:00,96,166.32024924717427,36.883703920205946
site_e726c7cce5,2026-03-03T11:00:00+00:00,4,166.35350217016017,64.09647885653474
site_e726c7cce5,2026-03-03T11:00:00+00:00,96,162.49475603128218,35.45899573376518
site_e726c7cce5,2026-03-03T11:15:00+00:00,4,158.1777821437619,59.994505303456194
site_e726c7cce5,2026-03-03T11:15:00+00:00,96,166.81657600013762,37.06719256032721
site_e726c7cce5,2026-03-03T11:30:00+00:00,4,167.6994545944564,64.92782152306674
site_e726c7cce5,2026-03-03T11:30:00+00:00,96,169.73715588531175,37.800100496993736
site_e726c7cce5,2026-03-03T11:45:00+00:00,4,152.56928428285875,61.581541569792634
site_e726c7cce5,2026-03-03T11:45:00+00:00,96,179.23118294018732,40.65310906350008
site_e726c7cce5,2026-03-03T12:00:00+00:00,4,150.3685730928866,61.23257963667705
site_e726c7cce5,2026-03-03T12:00:00+00:00,96,172.99536316738295,39.71459469349987
site_e726c7cce5,2026-03-03T12:15:00+00:00,4,162.5966106617957,64.86821159867227
site_e726c7cce5,2026-03-03T12:15:00+00:00,96,179.31728675687785,159.60640701143964
site_e726c7cce5,2026-03-03T12:30:00+00:00,4,152.74101202248178,59.12608580034201
site_e726c7cce5,2026-03-03T12:30:00+00:00,96,183.02777556384697,69.69581818181973
site_e726c7cce5,2026-03-03T12:45:00+00:00,4,166.8518074109694,63.88402083097378
site_e726c7cce5,2026-03-03T12:45:00+00:00,96,203.53748374526964,45.29017448414952
site_e726c7cce5,2026-03-03T13:00:00+00:00,4,193.0678928775433,73.70424057489609
site_e726c7cce5,2026-03-03T13:00:00+00:00,96,197.7996724415048,123.60848829069164
site_e726c7cce5,2026-03-03T13:15:00+00:00,4,186.5716909223427,75.37839758566051
site_e726c7cce5,2026-03-03T13:15:00+00:00,96,179.14241946608928,78.33306267973559
site_e726c7cce5,2026-03-03T13:30:00+00:00,4,158.1845987255308,67.88223677479314
site_e726c7cce5,2026-03-03T13:30:00+00:00,96,233.5977399571832,258.3544677259449
site_e726c7cce5,2026-03-03T13:45:00+00:00,4,173.80229430601057,69.27414090227985
site_e726c7cce5,2026-03-03T13:45:00+00:00,96,211.40616667411473,77.50622326204689
site_e726c7cce5,2026-03-03T14:00:00+00:00,4,219.56211846740075,81.38214497445686
site_e726c7cce5,2026-03-03T14:00:00+00:00,96,211.79371165347135,103.55163148732997
site_e726c7cce5,2026-03-03T14:15:00+00:00,4,182.68860345947365,71.83178867154794
site_e726c7cce5,2026-03-03T14:15:00+00:00,96,165.64048451130634,57.47987144440243
site_e726c7cce5,2026-03-03T14:30:00+00:00,4,138.44894813223326,56.84587783989221
site_e726c7cce5,2026-03-03T14:30:00+00:00,96,199.241092515479,101.07527298794452
site_e726c7cce5,2026-03-03T14:45:00+00:00,4,151.17943788142117,60.31598245108093
site_e726c7cce5,2026-03-03T14:45:00+00:00,96,254.626251087603,371.68104152658185
site_e726c7cce5,2026-03-03T15:00:00+00:00,4,185.6359902432261,67.97138514009883
site_e726c7cce5,2026-03-03T15:00:00+00:00,96,208.18057611537046,70.04976939264702
site_e726c7cce5,2026-03-03T15:15:00+00:00,4,184.06550019380757,66.06363745493343
site_e726c7cce5,2026-03-03T15:15:00+00:00,96,172.64236826791608,114.77213816202644
site_e726c7cce5,2026-03-03T15:30:00+00:00,4,187.81940643498973,71.35888145228232
site_e726c7cce5,2026-03-03T15:30:00+00:00,96,203.65433856491646,88.85150418152713
site_e726c7cce5,2026-03-03T15:45:00+00:00,4,190.11574989808162,75.97871281582016
site_e726c7cce5,2026-03-03T15:45:00+00:00,96,183.17671070492588,56.02618272812363
site_e726c7cce5,2026-03-03T16:00:00+00:00,4,171.9495484859147,70.45969054665872
site_e726c7cce5,2026-03-03T16:00:00+00:00,96,174.54213593080473,99.7936028544939
site_e726c7cce5,2026-03-03T16:15:00+00:00,4,146.9144367667056,58.50595083778323
site_e726c7cce5,2026-03-03T16:15:00+00:00,96,215.8336610442881,83.03393955859856
site_e726c7cce5,2026-03-03T16:30:00+00:00,4,160.95339052961072,65.53838733073003
site_e726c7cce5,2026-03-03T16:30:00+00:00,96,179.07196523729118,53.4732254445327
site_e726c7cce5,2026-03-03T16:45:00+00:00,4,130.12579364327743,54.20481862181856
site_e726c7cce5,2026-03-03T16:45:00+00:00,96,186.34630228413764,54.53467350521606
site_e726c7cce5,2026-03-03T17:00:00+00:00,4,125.42993204221878,50.53909963754151
site_e726c7cce5,2026-03-03T17:00:00+00:00,96,215.6568874528899,64.66110498937324
site_e726c7cce5,2026-03-03T17:15:00+00:00,4,88.25235685018976,33.80939022298787
site_e726c7cce5,2026-03-03T17:15:00+00:00,96,232.68345108945564,115.49242793352477
site_e726c7cce5,2026-03-03T17:30:00+00:00,4,70.38070149107912,27.531207959785306
site_e726c7cce5,2026-03-03T17:30:00+00:00,96,218.38220973535164,214.53717380407434
site_e726c7cce5,2026-03-03T17:45:00+00:00,4,106.40065139162782,40.10216810198623
site_e726c7cce5,2026-03-03T17:45:00+00:00,96,182.8473218616232,55.39772730335743
site_e726c7cce5,2026-03-03T18:00:00+00:00,4,137.90668583932927,94.2722822747151
site_e726c7cce5,2026-03-03T18:00:00+00:00,96,200.9984088020048,147.97733569830595
site_e726c7cce5,2026-03-03T18:15:00+00:00,4,158.460914651322,152.0260476242352
site_e726c7cce5,2026-03-03T18:15:00+00:00,96,233.18717348710334,276.5164511172132
site_e726c7cce5,2026-03-03T18:30:00+00:00,4,151.34257756757538,121.97224519768154
site_e726c7cce5,2026-03-03T18:30:00+00:00,96,179.6241348463787,215.04093425148665
site_e726c7cce5,2026-03-03T18:45:00+00:00,4,200.38393782184522,298.774979162483
site_e726c7cce5,2026-03-03T18:45:00+00:00,96,162.67106067609913,52.363857883552384
site_e726c7cce5,2026-03-03T19:00:00+00:00,4,190.0923032437523,263.47897736457026
site_e726c7cce5,2026-03-03T19:00:00+00:00,96,234.42620845509612,330.56139889384133
site_e726c7cce5,2026-03-03T19:15:00+00:00,4,228.10040504936555,116.87724970136361
site_e726c7cce5,2026-03-03T19:15:00+00:00,96,252.56947027430581,540.6835170162208
site_e726c7cce5,2026-03-03T19:30:00+00:00,4,242.824288722698,411.29185973273843
site_e726c7cce5,2026-03-03T19:30:00+00:00,96,279.59114046836913,763.0311170563284
site_e726c7cce5,2026-03-03T19:45:00+00:00,4,244.02037893341765,616.0921659494217
site_e726c7cce5,2026-03-03T19:45:00+00:00,96,244.43276639689645,671.6225471208778
site_e726c7cce5,2026-03-03T20:00:00+00:00,4,217.49937537441497,580.6823753522352
site_e726c7cce5,2026-03-03T20:00:00+00:00,96,211.37470927511382,585.3046836483744
site_e726c7cce5,2026-03-03T20:15:00+00:00,4,232.0462776543118,620.5769588867712
site_e726c7cce5,2026-03-03T20:15:00+00:00,96,156.32988232344013,431.2107937832402
site_e726c7cce5,2026-03-03T20:30:00+00:00,4,205.03276991176503,551.4261837578711
site_e726c7cce5,2026-03-03T20:30:00+00:00,96,135.56872357810613,363.1058504137841
site_e726c7cce5,2026-03-03T20:45:00+00:00,4,244.5616943267952,649.6166227549472
site_e726c7cce5,2026-03-03T20:45:00+00:00,96,122.32037735419453,326.38584670856415
site_e726c7cce5,2026-03-03T21:00:00+00:00,4,126.8130129755585,359.81659878080046
site_e726c7cce5,2026-03-03T21:00:00+00:00,96,111.1283896086293,296.7541771237918
site_e726c7cce5,2026-03-03T21:15:00+00:00,4,183.73980638577032,494.56614856425585
site_e726c7cce5,2026-03-03T21:15:00+00:00,96,117.43109019921545,313.14707561857955
site_e726c7cce5,2026-03-03T21:30:00+00:00,4,220.85708491526128,589.8807435743822
site_e726c7cce5,2026-03-03T21:30:00+00:00,96,159.90040336846636,425.8436300468014
site_e726c7cce5,2026-03-03T21:45:00+00:00,4,120.96659586136695,339.1402727778386
site_e726c7cce5,2026-03-03T21:45:00+00:00,96,125.44301281636791,336.1357404080857
site_e726c7cce5,2026-03-03T22:00:00+00:00,4,119.38001649822736,174.8582171030783
site_e726c7cce5,2026-03-03T22:00:00+00:00,96,152.07598436789985,405.9888862137692
site_e726c7cce5,2026-03-03T22:15:00+00:00,4,94.64774719321943,265.17699155546586
site_e726c7cce5,2026-03-03T22:15:00+00:00,96,107.94200931613805,291.39990294840044
site_e726c7cce5,2026-03-03T22:30:00+00:00,4,92.45934288761467,266.7404635264527
site_e726c7cce5,2026-03-03T22:30:00+00:00,96,122.77832073529483,328.55636056843383
site_e726c7cce5,2026-03-03T22:45:00+00:00,4,77.93478257627886,219.60245907049014
site_e726c7cce5,2026-03-03T22:45:00+00:00,96,89.76216091629806,242.07879385298043
site_e726c7cce5,2026-03-03T23:00:00+00:00,4,108.33101042946066,300.97147057679837
site_e726c7cce5,2026-03-03T23:00:00+00:00,96,99.58183211969818,267.8493300839893
site_e726c7cce5,2026-03-03T23:15:00+00:00,4,103.52770002163712,267.7772099026535
site_e726c7cce5,2026-03-03T23:15:00+00:00,96,88.70448446358911,238.78022747438905
site_e726c7cce5,2026-03-03T23:30:00+00:00,4,62.183942118101,132.84423449265202
site_e726c7cce5,2026-03-03T23:30:00+00:00,96,95.5856936331952,257.81641402167355
site_e726c7cce5,2026-03-03T23:45:00+00:00,4,67.39714653185345,157.45194703413614
site_e726c7cce5,2026-03-03T23:45:00+00:00,96,112.51505415036313,73.57720201610849
site_e726c7cce5,2026-03-04T00:00:00+00:00,4,95.20024316669668,178.84909643485116
site_e726c7cce5,2026-03-04T00:00:00+00:00,96,88.4258403836418,19.181345505852455
site_e726c7cce5,2026-03-04T00:15:00+00:00,4,76.63575113869031,213.4885665195351
site_e726c7cce5,2026-03-04T00:15:00+00:00,96,179.07699917518127,143.46349686857994
site_e726c7cce5,2026-03-04T00:30:00+00:00,4,103.85122782975463,211.32178682168706
site_e726c7cce5,2026-03-04T00:30:00+00:00,96,145.32177088544603,119.1100198392446
site_e726c7cce5,2026-03-04T00:45:00+00:00,4,79.33788336270719,56.93942186683152
site_e726c7cce5,2026-03-04T00:45:00+00:00,96,145.13195722522994,82.91370163904739
site_e726c7cce5,2026-03-04T01:00:00+00:00,4,76.28542603895686,34.41948119223042
site_e726c7cce5,2026-03-04T01:00:00+00:00,96,205.6654982680152,124.99392618908841
site_e726c7cce5,2026-03-04T01:15:00+00:00,4,95.1115738065674,62.984008282843874
site_e726c7cce5,2026-03-04T01:15:00+00:00,96,120.78904338770695,86.81748215808953
site_e726c7cce5,2026-03-04T01:30:00+00:00,4,135.7424315095889,59.771312446148805
site_e726c7cce5,2026-03-04T01:30:00+00:00,96,93.48593099684055,71.16889658773216
site_e726c7cce5,2026-03-04T01:45:00+00:00,4,120.5575597173368,87.372403634408
site_e726c7cce5,2026-03-04T01:45:00+00:00,96,67.43976182846492,31.194565886709896
site_e726c7cce5,2026-03-04T02:00:00+00:00,4,126.73711542660382,119.74950747003179
site_e726c7cce5,2026-03-04T02:00:00+00:00,96,120.82466626814703,76.01479884905721
site_e726c7cce5,2026-03-04T02:15:00+00:00,4,137.15761226083487,109.0131604695366
site_e726c7cce5,2026-03-04T02:15:00+00:00,96,108.72245524852252,143.39119618624954
site_e726c7cce5,2026-03-04T02:30:00+00:00,4,105.14170853985448,92.01773344490776
site_e726c7cce5,2026-03-04T02:30:00+00:00,96,129.62928035211826,32.06923299339356
site_e726c7cce5,2026-03-04T02:45:00+00:00,4,109.95509393239567,54.239693551774195
site_e726c7cce5,2026-03-04T02:45:00+00:00,96,121.63920703989666,29.426805258259467
site_e726c7cce5,2026-03-04T03:00:00+00:00,4,152.8094553230993,89.50609820834568
site_e726c7cce5,2026-03-04T03:00:00+00:00,96,157.64730131803046,38.61656457048862
site_e726c7cce5,2026-03-04T03:15:00+00:00,4,167.30743263865753,57.10113664144018
site_e726c7cce5,2026-03-04T03:15:00+00:00,96,114.5643330817442,77.75219862364214
site_e726c7cce5,2026-03-04T03:30:00+00:00,4,147.3049543123469,74.0806135853915
site_e726c7cce5,2026-03-04T03:30:00+00:00,96,207.75657957319333,171.6455601765765
site_e726c7cce5,2026-03-04T03:45:00+00:00,4,157.5060244046857,66.61707929056857
site_e726c7cce5,2026-03-04T03:45:00+00:00,96,114.47586521940423,51.477299206315166
site_e726c7cce5,2026-03-04T04:00:00+00:00,4,104.88043926063321,36.00891724707973
site_e726c7cce5,2026-03-04T04:00:00+00:00,96,87.40825946163295,27.877368503354077
site_e726c7cce5,2026-03-04T04:15:00+00:00,4,159.2660024911624,84.55259629592969
site_e726c7cce5,2026-03-04T04:15:00+00:00,96,98.4505449011364,132.72596634024856
site_e726c7cce5,2026-03-04T04:30:00+00:00,4,175.2843853517312,60.65115274191477
site_e726c7cce5,2026-03-04T04:30:00+00:00,96,100.13192361612217,68.66025096570735
site_e726c7cce5,2026-03-04T04:45:00+00:00,4,160.07452877166125,51.43321005333943
site_e726c7cce5,2026-03-04T04:45:00+00:00,96,130.18837654693573,77.47036375936335
site_e726c7cce5,2026-03-04T05:00:00+00:00,4,104.6900461575624,40.79463029669653
site_e726c7cce5,2026-03-04T05:00:00+00:00,96,115.02591432570712,104.51862024170214
site_e726c7cce5,2026-03-04T05:15:00+00:00,4,99.14918659934811,66.55934746682668
site_e726c7cce5,2026-03-04T05:15:00+00:00,96,126.92161824725079,64.525655190941
site_e726c7cce5,2026-03-04T05:30:00+00:00,4,84.65179951061755,23.203113769233823
site_e726c7cce5,2026-03-04T05:30:00+00:00,96,132.7960454833438,41.68376268626062
site_e726c7cce5,2026-03-04T05:45:00+00:00,4,143.4829422121363,116.41677763235504
site_e726c7cce5,2026-03-04T05:45:00+00:00,96,152.85485353531698,69.33050665534347
site_e726c7cce5,2026-03-04T06:00:00+00:00,4,178.5546075648532,136.067805641877
site_e726c7cce5,2026-03-04T06:00:00+00:00,96,141.64150126404067,84.28706084784352
site_e726c7cce5,2026-03-04T06:15:00+00:00,4,174.90741596635857,57.69630532516437
site_e726c7cce5,2026-03-04T06:15:00+00:00,96,160.51078383663395,113.31107878780855
site_e726c7cce5,2026-03-04T06:30:00+00:00,4,110.53997414373386,238.68936309167913
site_e726c7cce5,2026-03-04T06:30:00+00:00,96,144.98918197791045,55.097083078047554
site_e726c7cce5,2026-03-04T06:45:00+00:00,4,113.73606663553483,45.99712827707153
site_e726c7cce5,2026-03-04T06:45:00+00:00,96,142.22713019677934,52.66238759711844
site_e726c7cce5,2026-03-04T07:00:00+00:00,4,165.32408090886716,74.19370253746305
site_e726c7cce5,2026-03-04T07:00:00+00:00,96,126.47328100237239,49.232043000314064
site_e726c7cce5,2026-03-04T07:15:00+00:00,4,187.1122703826769,152.97395112790915
site_e726c7cce5,2026-03-04T07:15:00+00:00,96,183.96335079343731,66.22600925111833
site_e726c7cce5,2026-03-04T07:30:00+00:00,4,166.01583341094306,52.22930524293466
site_e726c7cce5,2026-03-04T07:30:00+00:00,96,145.67576708878124,58.99284666989762
site_e726c7cce5,2026-03-04T07:45:00+00:00,4,215.9261478881099,106.89288277844798
site_e726c7cce5,2026-03-04T07:45:00+00:00,96,186.02961750398288,64.98089342519384
site_e726c7cce5,2026-03-04T08:00:00+00:00,4,190.9798041036535,70.13569096625824
site_e726c7cce5,2026-03-04T08:00:00+00:00,96,186.28441947613123,65.91361903158128
site_e726c7cce5,2026-03-04T08:15:00+00:00,4,191.7951494884054,71.16848410193393
site_e726c7cce5,2026-03-04T08:15:00+00:00,96,273.630657617559,95.05713364657846
site_e726c7cce5,2026-03-04T08:30:00+00:00,4,171.73490489056553,64.47960963260154
site_e726c7cce5,2026-03-04T08:30:00+00:00,96,338.5431221951409,120.76829211371178
site_e726c7cce5,2026-03-04T08:45:00+00:00,4,132.18607757181465,50.466429911763974
site_e726c7cce5,2026-03-04T08:45:00+00:00,96,204.2654743520295,78.24055831103716
site_e726c7cce5,2026-03-04T09:00:00+00:00,4,182.11931338638652,103.37837470126921
site_e726c7cce5,2026-03-04T09:00:00+00:00,96,172.24759552581668,68.16459303021765
site_e726c7cce5,2026-03-04T09:15:00+00:00,4,203.41196638912544,83.66782745184364
site_e726c7cce5,2026-03-04T09:15:00+00:00,96,182.8727576926471,73.40418371748045
site_e726c7cce5,2026-03-04T09:30:00+00:00,4,201.37123402888398,108.41560943679804
site_e726c7cce5,2026-03-04T09:30:00+00:00,96,195.1321132292057,75.61395912050665
site_e726c7cce5,2026-03-04T09:45:00+00:00,4,174.8084338766388,63.787012677549654
site_e726c7cce5,2026-03-04T09:45:00+00:00,96,166.39983720319373,68.37926417860304
site_e726c7cce5,2026-03-04T10:00:00+00:00,4,167.26274016355234,153.2020267395796
site_e726c7cce5,2026-03-04T10:00:00+00:00,96,193.76156952495825,76.01596447355938
site_e726c7cce5,2026-03-04T10:15:00+00:00,4,196.66473965672492,146.88376889509001
site_e726c7cce5,2026-03-04T10:15:00+00:00,96,174.55342684535123,68.5263711448279
site_e726c7cce5,2026-03-04T10:30:00+00:00,4,183.999224620198,141.08952650640032
site_e726c7cce5,2026-03-04T10:30:00+00:00,96,176.1134053064319,71.76304692806173
site_e726c7cce5,2026-03-04T10:45:00+00:00,4,213.76549557184705,128.93748095596249
site_e726c7cce5,2026-03-04T10:45:00+00:00,96,203.60448677138365,82.52649773943705
site_e726c7cce5,2026-03-04T11:00:00+00:00,4,190.7441485954859,92.99883421822554
site_e726c7cce5,2026-03-04T11:00:00+00:00,96,219.23876274577364,92.96312921548933
site_e726c7cce5,2026-03-04T11:15:00+00:00,4,207.46751034145672,70.89584455736899
site_e726c7cce5,2026-03-04T11:15:00+00:00,96,161.80716721737207,67.87420802891116
site_e726c7cce5,2026-03-04T11:30:00+00:00,4,203.4410082914475,69.61221553326062
site_e726c7cce5,2026-03-04T11:30:00+00:00,96,145.05341052168913,62.322441951032886
site_e726c7cce5,2026-03-04T11:45:00+00:00,4,195.26614527197114,67.88118115454051
site_e726c7cce5,2026-03-04T11:45:00+00:00,96,172.05960129647218,72.16384394030355
site_e726c7cce5,2026-03-04T12:00:00+00:00,4,221.43627794843383,81.74562307179167
site_e726c7cce5,2026-03-04T12:00:00+00:00,96,282.0516179392347,108.34853935823978
site_e726c7cce5,2026-03-04T12:15:00+00:00,4,222.29927476213237,141.4970579568132
site_e726c7cce5,2026-03-04T12:15:00+00:00,96,269.03956518349923,111.12278786108263
site_e726c7cce5,2026-03-04T12:30:00+00:00,4,200.18418108295182,88.10906712669278
site_e726c7cce5,2026-03-04T12:30:00+00:00,96,170.11039554367312,77.4419802158209
site_e726c7cce5,2026-03-04T12:45:00+00:00,4,207.07374651561034,103.92274074649131
site_e726c7cce5,2026-03-04T12:45:00+00:00,96,185.91506210539532,80.26229860169101
site_e726c7cce5,2026-03-04T13:00:00+00:00,4,233.5478560072723,149.62187043664474
site_e726c7cce5,2026-03-04T13:00:00+00:00,96,407.76212378173227,147.61055059067976
site_e726c7cce5,2026-03-04T13:15:00+00:00,4,275.7962295396451,134.5195480543943
site_e726c7cce5,2026-03-04T13:15:00+00:00,96,203.60246624177847,80.05460352933935
site_e726c7cce5,2026-03-04T13:30:00+00:00,4,236.07906967259768,112.98532389818716
site_e726c7cce5,2026-03-04T13:30:00+00:00,96,150.21796114137035,65.86997182250816
site_e726c7cce5,2026-03-04T13:45:00+00:00,4,242.32268982778692,99.08216543393122
site_e726c7cce5,2026-03-04T13:45:00+00:00,96,138.83627506454422,60.76926742620953
site_e726c7cce5,2026-03-04T14:00:00+00:00,4,190.8158436240294,92.26625529628915
site_e726c7cce5,2026-03-04T14:00:00+00:00,96,184.69652429256035,77.68201641289377
site_e726c7cce5,2026-03-04T14:15:00+00:00,4,208.15807314141685,98.40489441432527
site_e726c7cce5,2026-03-04T14:15:00+00:00,96,168.48794762143936,71.14713021247024
site_e726c7cce5,2026-03-04T14:30:00+00:00,4,239.60720358445906,80.03164154946111
site_e726c7cce5,2026-03-04T14:30:00+00:00,96,205.7875767209095,84.00072444369043
site_e726c7cce5,2026-03-04T14:45:00+00:00,4,200.00745051749132,65.86662814094909
site_e726c7cce5,2026-03-04T14:45:00+00:00,96,214.03378811579685,90.65954245386911
site_e726c7cce5,2026-03-04T15:00:00+00:00,4,188.71205776171476,63.26730149837139
site_e726c7cce5,2026-03-04T15:00:00+00:00,96,150.68424973446787,65.09470700142654
site_e726c7cce5,2026-03-04T15:15:00+00:00,4,184.36041986181473,62.27482327913352
site_e726c7cce5,2026-03-04T15:15:00+00:00,96,146.70110251629515,63.223404181214136
site_e726c7cce5,2026-03-04T15:30:00+00:00,4,162.63750505600996,94.99063699616613
site_e726c7cce5,2026-03-04T15:30:00+00:00,96,149.16205483689083,64.74590847421757
site_e726c7cce5,2026-03-04T15:45:00+00:00,4,196.70931233150128,105.21087734906882
site_e726c7cce5,2026-03-04T15:45:00+00:00,96,124.35156011875836,58.01127899405515
site_e726c7cce5,2026-03-04T16:00:00+00:00,4,206.86079907797017,114.8361894251557
site_e726c7cce5,2026-03-04T16:00:00+00:00,96,131.44035086251523,60.371251307779524
site_e726c7cce5,2026-03-04T16:15:00+00:00,4,205.94053339322178,120.87957326742412
site_e726c7cce5,2026-03-04T16:15:00+00:00,96,116.76015302072105,54.34618750690591
site_e726c7cce5,2026-03-04T16:30:00+00:00,4,197.67759210846165,122.76984674982582
site_e726c7cce5,2026-03-04T16:30:00+00:00,96,105.51775365835144,49.47254321844025
site_e726c7cce5,2026-03-04T16:45:00+00:00,4,231.69221414011062,150.66111288603656
site_e726c7cce5,2026-03-04T16:45:00+00:00,96,143.44028196316236,61.89334816410843
site_e726c7cce5,2026-03-04T17:00:00+00:00,4,216.1084584922654,141.84180424267652
site_e726c7cce5,2026-03-04T17:00:00+00:00,96,269.7308990267425,192.8191642661594
site_e726c7cce5,2026-03-04T17:15:00+00:00,4,183.46429432187526,110.28866644926859
site_e726c7cce5,2026-03-04T17:15:00+00:00,96,286.57826691374964,285.7867930485851
site_e726c7cce5,2026-03-04T17:30:00+00:00,4,205.7802743978179,138.20965796989907
site_e726c7cce5,2026-03-04T17:30:00+00:00,96,212.64055459828228,175.4671739229349
site_e726c7cce5,2026-03-04T17:45:00+00:00,4,210.01787444278497,156.00078390977734
site_e726c7cce5,2026-03-04T17:45:00+00:00,96,348.11841366245784,530.8721927198536
site_e726c7cce5,2026-03-04T18:00:00+00:00,4,196.5710189441326,176.64047499579792
site_e726c7cce5,2026-03-04T18:00:00+00:00,96,203.9532393707604,293.21099364229286
site_e726c7cce5,2026-03-04T18:15:00+00:00,4,181.38768656908442,122.5716247957354
site_e726c7cce5,2026-03-04T18:15:00+00:00,96,336.25724552365006,157.49331371804183
site_e726c7cce5,2026-03-04T18:30:00+00:00,4,198.59586502905677,68.74611363491438
site_e726c7cce5,2026-03-04T18:30:00+00:00,96,360.97142891751264,624.1045300032091
site_e726c7cce5,2026-03-04T18:45:00+00:00,4,138.0457053859146,116.5753735682868
site_e726c7cce5,2026-03-04T18:45:00+00:00,96,314.2728945033586,817.5671975713967
site_e726c7cce5,2026-03-04T19:00:00+00:00,4,122.3386976797093,88.763548720591
site_e726c7cce5,2026-03-04T19:00:00+00:00,96,238.87066007454277,642.0897508472465
site_e726c7cce5,2026-03-04T19:15:00+00:00,4,152.32252481122387,74.25134588815952
site_e726c7cce5,2026-03-04T19:15:00+00:00,96,226.85103931497565,612.8742502159639
site_e726c7cce5,2026-03-04T19:30:00+00:00,4,154.73308358572112,67.90511754743702
site_e726c7cce5,2026-03-04T19:30:00+00:00,96,230.11309423174472,620.7028858691289
site_e726c7cce5,2026-03-04T19:45:00+00:00,4,174.74589176711882,65.26440255677036
site_e726c7cce5,2026-03-04T19:45:00+00:00,96,193.0315584489874,523.3564590662877
site_e726c7cce5,2026-03-04T20:00:00+00:00,4,170.66419733837802,72.093614364744
site_e726c7cce5,2026-03-04T20:00:00+00:00,96,147.41756338379292,404.63621473386246
site_e726c7cce5,2026-03-04T20:15:00+00:00,4,171.75397747193574,72.91064763644147
site_e726c7cce5,2026-03-04T20:15:00+00:00,96,230.2691846960492,622.7413911307789
site_e726c7cce5,2026-03-04T20:30:00+00:00,4,158.9637539954971,50.631493636654135
site_e726c7cce5,2026-03-04T20:30:00+00:00,96,257.56491281809394,695.0775494933199
site_e726c7cce5,2026-03-04T20:45:00+00:00,4,129.7289895259984,36.42536522502529
site_e726c7cce5,2026-03-04T20:45:00+00:00,96,127.36612560004123,349.5015915696681
site_e726c7cce5,2026-03-04T21:00:00+00:00,4,113.15745958703,32.86362282671463
site_e726c7cce5,2026-03-04T21:00:00+00:00,96,133.30397818146898,181.25573241640467
site_e726c7cce5,2026-03-04T21:15:00+00:00,4,120.47417737018232,30.56373379999603
site_e726c7cce5,2026-03-04T21:15:00+00:00,96,90.90016502278672,253.06156407262435
site_e726c7cce5,2026-03-04T21:30:00+00:00,4,126.16197359218906,31.904970085375687
site_e726c7cce5,2026-03-04T21:30:00+00:00,96,123.37220464519285,338.8966598694741
site_e726c7cce5,2026-03-04T21:45:00+00:00,4,119.81765220968073,27.005319384569777
site_e726c7cce5,2026-03-04T21:45:00+00:00,96,78.84711139011387,220.18401403562018
site_e726c7cce5,2026-03-04T22:00:00+00:00,4,111.32734542960846,38.32867520829792
site_e726c7cce5,2026-03-04T22:00:00+00:00,96,134.79983979383525,369.20644584993386
site_e726c7cce5,2026-03-04T22:15:00+00:00,4,122.43322339310951,88.09553690451264
site_e726c7cce5,2026-03-04T22:15:00+00:00,96,118.30793997482499,291.0216220980537
site_e726c7cce5,2026-03-04T22:30:00+00:00,4,147.3271540184108,44.67602878737357
site_e726c7cce5,2026-03-04T22:30:00+00:00,96,81.82165302292974,157.84031667699
site_e726c7cce5,2026-03-04T22:45:00+00:00,4,124.17644823449348,33.49366061122934
site_e726c7cce5,2026-03-04T22:45:00+00:00,96,78.96054905560932,184.43787274250911
site_e726c7cce5,2026-03-04T23:00:00+00:00,4,111.75409895935783,25.674824010786256
site_e726c7cce5,2026-03-04T23:00:00+00:00,96,102.03283363525813,183.40870291859628
site_e726c7cce5,2026-03-04T23:15:00+00:00,4,105.19834150306376,77.5847400703183
site_e726c7cce5,2026-03-04T23:15:00+00:00,96,82.1657905792446,230.30572962448468
site_e726c7cce5,2026-03-04T23:30:00+00:00,4,102.62206208902694,30.28675459964036
site_e726c7cce5,2026-03-04T23:30:00+00:00,96,87.61956054571161,177.31908455559898
site_e726c7cce5,2026-03-04T23:45:00+00:00,4,113.02386794143491,26.710810441090658
site_e726c7cce5,2026-03-04T23:45:00+00:00,96,156.5536740769461,87.4217505009524
site_e726c7cce5,2026-03-05T00:00:00+00:00,4,109.57213099456453,27.0456741779887
site_e726c7cce5,2026-03-05T00:00:00+00:00,96,60.01061720861184,24.967031381554126
site_e726c7cce5,2026-03-05T00:15:00+00:00,4,127.15400156182145,29.541398025986215
site_e726c7cce5,2026-03-05T00:15:00+00:00,96,127.64298557532521,75.77593454829092
site_e726c7cce5,2026-03-05T00:30:00+00:00,4,118.58925295497218,26.221211679132928
site_e726c7cce5,2026-03-05T00:30:00+00:00,96,341.87214840903505,111.97070998890737
site_e726c7cce5,2026-03-05T00:45:00+00:00,4,134.1321253238196,30.532663537142792
site_e726c7cce5,2026-03-05T00:45:00+00:00,96,122.3908621056454,83.74315590492309
site_e726c7cce5,2026-03-05T01:00:00+00:00,4,113.98243684784619,25.814711760597323
site_e726c7cce5,2026-03-05T01:00:00+00:00,96,166.54785948161089,158.01413957459832
site_e726c7cce5,2026-03-05T01:15:00+00:00,4,160.92508786863033,36.66076335397013
site_e726c7cce5,2026-03-05T01:15:00+00:00,96,123.77777859974424,99.72175249919498
site_e726c7cce5,2026-03-05T01:30:00+00:00,4,127.30134191502611,28.6598446108508
site_e726c7cce5,2026-03-05T01:30:00+00:00,96,100.50961288834579,86.90579791229027
site_e726c7cce5,2026-03-05T01:45:00+00:00,4,155.5621862711436,34.65601932692239
site_e726c7cce5,2026-03-05T01:45:00+00:00,96,130.10168093277588,59.91274778754883
site_e726c7cce5,2026-03-05T02:00:00+00:00,4,171.62618619755028,36.06753275761455
site_e726c7cce5,2026-03-05T02:00:00+00:00,96,166.76301640887436,94.2938325622333
site_e726c7cce5,2026-03-05T02:15:00+00:00,4,207.74355731627998,32.191051152243325
site_e726c7cce5,2026-03-05T02:15:00+00:00,96,217.40117405773123,70.00062809050763
site_e726c7cce5,2026-03-05T02:30:00+00:00,4,202.48847644530656,42.67294555507978
site_e726c7cce5,2026-03-05T02:30:00+00:00,96,153.0542853869013,71.83505845121915
site_e726c7cce5,2026-03-05T02:45:00+00:00,4,197.2456789621528,42.239861886028244
site_e726c7cce5,2026-03-05T02:45:00+00:00,96,135.35431858137719,57.01291112399996
site_e726c7cce5,2026-03-05T03:00:00+00:00,4,190.52155718062502,39.10305951791301
site_e726c7cce5,2026-03-05T03:00:00+00:00,96,93.36357174999621,33.444773595258965
site_e726c7cce5,2026-03-05T03:15:00+00:00,4,187.22896660452733,40.03710582535477
site_e726c7cce5,2026-03-05T03:15:00+00:00,96,157.4882470056524,84.34627891323088
site_e726c7cce5,2026-03-05T03:30:00+00:00,4,153.57289719886194,32.44026437364995
site_e726c7cce5,2026-03-05T03:30:00+00:00,96,193.858882705212,64.47317884207366
site_e726c7cce5,2026-03-05T03:45:00+00:00,4,150.40017737624984,31.463717198132237
site_e726c7cce5,2026-03-05T03:45:00+00:00,96,196.44783067646188,58.063987919759
site_e726c7cce5,2026-03-05T04:00:00+00:00,4,123.77918559356237,26.974823877846596
site_e726c7cce5,2026-03-05T04:00:00+00:00,96,102.79406707881316,39.49170319238199
site_e726c7cce5,2026-03-05T04:15:00+00:00,4,156.4803658341123,34.42118869348043
site_e726c7cce5,2026-03-05T04:15:00+00:00,96,109.34415835346154,75.56854334425859
site_e726c7cce5,2026-03-05T04:30:00+00:00,4,229.79907440789594,52.344298045980636
site_e726c7cce5,2026-03-05T04:30:00+00:00,96,98.41086169584715,26.449219622795745
site_e726c7cce5,2026-03-05T04:45:00+00:00,4,171.78988772451854,24.078269315413284
site_e726c7cce5,2026-03-05T04:45:00+00:00,96,197.70927676031422,165.9107587459048
site_e726c7cce5,2026-03-05T05:00:00+00:00,4,186.42460694033463,34.07657405072571
site_e726c7cce5,2026-03-05T05:00:00+00:00,96,174.31501046801668,132.39411031750257
site_e726c7cce5,2026-03-05T05:15:00+00:00,4,222.2156058186357,38.22018155133637
site_e726c7cce5,2026-03-05T05:15:00+00:00,96,144.3089440163248,48.683275609475444
site_e726c7cce5,2026-03-05T05:30:00+00:00,4,191.1729832163706,30.812048182097044
site_e726c7cce5,2026-03-05T05:30:00+00:00,96,102.9298802003652,234.76573891326427
site_e726c7cce5,2026-03-05T05:45:00+00:00,4,166.75690026338077,25.03017134129919
site_e726c7cce5,2026-03-05T05:45:00+00:00,96,117.24443145210394,47.227887385208874
site_e726c7cce5,2026-03-05T06:00:00+00:00,4,235.1653498608274,30.983765149368274
site_e726c7cce5,2026-03-05T06:00:00+00:00,96,223.37334324144507,92.98514816888537
site_e726c7cce5,2026-03-05T06:15:00+00:00,4,210.82420464761776,30.75160134640098
site_e726c7cce5,2026-03-05T06:15:00+00:00,96,208.55159792727542,174.0311079268575
site_e726c7cce5,2026-03-05T06:30:00+00:00,4,309.5879892220079,51.85576449165636
site_e726c7cce5,2026-03-05T06:30:00+00:00,96,184.60194995893195,51.55619071514607
site_e726c7cce5,2026-03-05T06:45:00+00:00,4,241.25856811561354,40.70259430484864
site_e726c7cce5,2026-03-05T06:45:00+00:00,96,454.9193622788507,210.74921497703778
site_e726c7cce5,2026-03-05T07:00:00+00:00,4,191.45455543317865,30.758533184352473
site_e726c7cce5,2026-03-05T07:00:00+00:00,96,167.2733852590836,55.18482731560465
site_e726c7cce5,2026-03-05T07:15:00+00:00,4,196.478214506049,38.813327103306904
site_e726c7cce5,2026-03-05T07:15:00+00:00,96,184.38246230274294,69.93023725744274
site_e726c7cce5,2026-03-05T07:30:00+00:00,4,206.57641946445762,50.28719345218482
site_e726c7cce5,2026-03-05T07:30:00+00:00,96,133.40081434273594,48.96222457175068
site_e726c7cce5,2026-03-05T07:45:00+00:00,4,228.98813898462737,59.38441077240724
site_e726c7cce5,2026-03-05T07:45:00+00:00,96,132.39571276464176,50.61484224470934
site_e726c7cce5,2026-03-05T08:00:00+00:00,4,335.55996221331986,87.2957519157657
site_e726c7cce5,2026-03-05T08:00:00+00:00,96,269.03566689309446,153.37008479587527
site_e726c7cce5,2026-03-05T08:15:00+00:00,4,169.84797781881068,47.04262950140731
site_e726c7cce5,2026-03-05T08:15:00+00:00,96,218.59292358124324,88.76101494702914
site_e726c7cce5,2026-03-05T08:30:00+00:00,4,201.33771851405155,51.80023967122514
site_e726c7cce5,2026-03-05T08:30:00+00:00,96,172.6944693550284,96.17713171991146
site_e726c7cce5,2026-03-05T08:45:00+00:00,4,239.77521627661767,56.655731979702495
site_e726c7cce5,2026-03-05T08:45:00+00:00,96,147.12289384255888,54.686181950004354
site_e726c7cce5,2026-03-05T09:00:00+00:00,4,228.04149523028047,58.48441234656758
site_e726c7cce5,2026-03-05T09:00:00+00:00,96,132.14864354460795,120.82143124036719
site_e726c7cce5,2026-03-05T09:15:00+00:00,4,277.16539123474433,65.82208946605121
site_e726c7cce5,2026-03-05T09:15:00+00:00,96,217.06835225240752,156.67408628422896
site_e726c7cce5,2026-03-05T09:30:00+00:00,4,304.76692183019895,72.47799489044121
site_e726c7cce5,2026-03-05T09:30:00+00:00,96,201.90182610914772,149.44862421164157
site_e726c7cce5,2026-03-05T09:45:00+00:00,4,238.43465387519237,57.41311246162171
site_e726c7cce5,2026-03-05T09:45:00+00:00,96,286.351299688288,163.41257984845694
site_e726c7cce5,2026-03-05T10:00:00+00:00,4,284.4213253616875,63.53354127105314
site_e726c7cce5,2026-03-05T10:00:00+00:00,96,281.5068304364191,123.08319197929148
site_e726c7cce5,2026-03-05T10:15:00+00:00,4,282.94304236656455,61.58760032125536
site_e726c7cce5,2026-03-05T10:15:00+00:00,96,168.1262562990055,55.26680267001713
site_e726c7cce5,2026-03-05T10:30:00+00:00,4,196.82547322790177,44.02894796961182
site_e726c7cce5,2026-03-05T10:30:00+00:00,96,208.73830376568122,68.3125338163647
site_e726c7cce5,2026-03-05T10:45:00+00:00,4,232.65379731379628,51.010872325522016
site_e726c7cce5,2026-03-05T10:45:00+00:00,96,125.5697463095378,44.852893770690414
site_e726c7cce5,2026-03-05T11:00:00+00:00,4,273.8128144195088,57.50661596573711
site_e726c7cce5,2026-03-05T11:00:00+00:00,96,284.0003289226115,91.99629123297576
site_e726c7cce5,2026-03-05T11:15:00+00:00,4,315.62722049334434,62.837523883402575
site_e726c7cce5,2026-03-05T11:15:00+00:00,96,240.4901069340077,147.7055408249542
site_e726c7cce5,2026-03-05T11:30:00+00:00,4,276.63527953231204,58.27646833662287
site_e726c7cce5,2026-03-05T11:30:00+00:00,96,173.37289666699502,73.75144228962236
site_e726c7cce5,2026-03-05T11:45:00+00:00,4,305.2485857293082,59.646065627554634
site_e726c7cce5,2026-03-05T11:45:00+00:00,96,195.04117717980557,94.61147785672543
site_e726c7cce5,2026-03-05T12:00:00+00:00,4,332.1255229388027,64.28526291564013
site_e726c7cce5,2026-03-05T12:00:00+00:00,96,216.1285688779039,139.31774620871676
site_e726c7cce5,2026-03-05T12:15:00+00:00,4,404.1922653662638,85.39307820160201
site_e726c7cce5,2026-03-05T12:15:00+00:00,96,326.80668589716754,146.02620298401695
site_e726c7cce5,2026-03-05T12:30:00+00:00,4,349.0908274507904,77.63566026618925
site_e726c7cce5,2026-03-05T12:30:00+00:00,96,238.45691722462644,107.99553868862793
site_e726c7cce5,2026-03-05T12:45:00+00:00,4,417.0664658703098,105.93390409339747
site_e726c7cce5,2026-03-05T12:45:00+00:00,96,174.87022369549146,70.3572477880942
site_e726c7cce5,2026-03-05T13:00:00+00:00,4,504.7640703532803,116.06083336993865
site_e726c7cce5,2026-03-05T13:00:00+00:00,96,170.18884838681544,81.56418036061643
site_e726c7cce5,2026-03-05T13:15:00+00:00,4,555.618409211213,133.52696632452117
site_e726c7cce5,2026-03-05T13:15:00+00:00,96,198.35772273188212,91.38763025326435
site_e726c7cce5,2026-03-05T13:30:00+00:00,4,381.99463453423095,110.06060252766362
site_e726c7cce5,2026-03-05T13:30:00+00:00,96,169.49904730185293,52.127640864668955
site_e726c7cce5,2026-03-05T13:45:00+00:00,4,390.34605986240456,91.27330075901622
site_e726c7cce5,2026-03-05T13:45:00+00:00,96,148.51536527734206,46.326852695314514
site_e726c7cce5,2026-03-05T14:00:00+00:00,4,507.4801366230845,117.4409766500786
site_e726c7cce5,2026-03-05T14:00:00+00:00,96,140.61394022077116,47.02824687910101
site_e726c7cce5,2026-03-05T14:15:00+00:00,4,525.6580806497047,131.43076893847393
site_e726c7cce5,2026-03-05T14:15:00+00:00,96,149.3506065286512,50.679693608246396
site_e726c7cce5,2026-03-05T14:30:00+00:00,4,476.7763964593899,140.09552821648435
site_e726c7cce5,2026-03-05T14:30:00+00:00,96,154.15858690915093,89.88476142271642
site_e726c7cce5,2026-03-05T14:45:00+00:00,4,652.6240109907847,246.0409517446449
site_e726c7cce5,2026-03-05T14:45:00+00:00,96,214.9268929546896,111.93202229502793
site_e726c7cce5,2026-03-05T15:00:00+00:00,4,637.4868642524516,222.06782249365577
site_e726c7cce5,2026-03-05T15:00:00+00:00,96,248.97532240679925,125.09831211170238
site_e726c7cce5,2026-03-05T15:15:00+00:00,4,587.6420626350264,176.60641987283995
site_e726c7cce5,2026-03-05T15:15:00+00:00,96,221.64446309799388,123.547341318096
site_e726c7cce5,2026-03-05T15:30:00+00:00,4,676.9621416793008,203.7960065341659
site_e726c7cce5,2026-03-05T15:30:00+00:00,96,224.2425729206958,133.77036574968804
site_e726c7cce5,2026-03-05T15:45:00+00:00,4,473.5470283518805,137.41746987718292
site_e726c7cce5,2026-03-05T15:45:00+00:00,96,358.30911029264166,217.71280502626738
site_e726c7cce5,2026-03-05T16:00:00+00:00,4,413.4496585304935,163.17794198876857
site_e726c7cce5,2026-03-05T16:00:00+00:00,96,269.06815042296364,165.82374655508565
site_e726c7cce5,2026-03-05T16:15:00+00:00,4,370.39084835570793,152.02658350028577
site_e726c7cce5,2026-03-05T16:15:00+00:00,96,130.72284899613513,75.48585514947659
site_e726c7cce5,2026-03-05T16:30:00+00:00,4,345.24859494739246,121.11823914553607
site_e726c7cce5,2026-03-05T16:30:00+00:00,96,175.54567317194773,115.0559689038536
site_e726c7cce5,2026-03-05T16:45:00+00:00,4,281.6103331909409,86.07965214515824
site_e726c7cce5,2026-03-05T16:45:00+00:00,96,228.64554561583057,162.4039320020816
site_e726c7cce5,2026-03-05T17:00:00+00:00,4,290.75065342255095,90.98434211504791
site_e726c7cce5,2026-03-05T17:00:00+00:00,96,248.52070155608442,221.93747231355943
site_e726c7cce5,2026-03-05T17:15:00+00:00,4,334.2628537285523,102.07344711913875
site_e726c7cce5,2026-03-05T17:15:00+00:00,96,169.02237441384528,114.27747792023804
site_e726c7cce5,2026-03-05T17:30:00+00:00,4,296.2777140787444,95.82197853457514
site_e726c7cce5,2026-03-05T17:30:00+00:00,96,246.82219070142963,79.30452584692733
site_e726c7cce5,2026-03-05T17:45:00+00:00,4,432.92713848821285,145.3983160521345
site_e726c7cce5,2026-03-05T17:45:00+00:00,96,141.62054114034262,123.8340049861659
site_e726c7cce5,2026-03-05T18:00:00+00:00,4,441.15880717352934,144.25998367139238
site_e726c7cce5,2026-03-05T18:00:00+00:00,96,114.50893196770517,85.14281756637304
site_e726c7cce5,2026-03-05T18:15:00+00:00,4,324.66730451602825,105.8815621083144
site_e726c7cce5,2026-03-05T18:15:00+00:00,96,175.13286200024174,85.45151812170255
site_e726c7cce5,2026-03-05T18:30:00+00:00,4,255.37866562928704,85.51567753383686
site_e726c7cce5,2026-03-05T18:30:00+00:00,96,161.0759612811209,70.91048626753988
site_e726c7cce5,2026-03-05T18:45:00+00:00,4,216.50909512159492,76.30961655787232
site_e726c7cce5,2026-03-05T18:45:00+00:00,96,179.18059617424092,68.26130976574507
site_e726c7cce5,2026-03-05T19:00:00+00:00,4,285.77954667822615,100.41143425079376
site_e726c7cce5,2026-03-05T19:00:00+00:00,96,229.1514879963123,93.22011248595865
site_e726c7cce5,2026-03-05T19:15:00+00:00,4,306.82134708736777,146.48409535152993
site_e726c7cce5,2026-03-05T19:15:00+00:00,96,232.9118765765381,90.89567637409964
site_e726c7cce5,2026-03-05T19:30:00+00:00,4,329.76206829233934,150.52282952209697
site_e726c7cce5,2026-03-05T19:30:00+00:00,96,170.94252440028436,48.646999645763984
site_e726c7cce5,2026-03-05T19:45:00+00:00,4,253.08227835643126,105.85493444601151
site_e726c7cce5,2026-03-05T19:45:00+00:00,96,129.7655068716685,36.574764385022114
site_e726c7cce5,2026-03-05T20:00:00+00:00,4,369.5661972076289,191.4592136418447
site_e726c7cce5,2026-03-05T20:00:00+00:00,96,129.82611690040414,33.14674181359751
site_e726c7cce5,2026-03-05T20:15:00+00:00,4,380.1682644356065,131.90871941793662
site_e726c7cce5,2026-03-05T20:15:00+00:00,96,181.34596141039063,45.92538585070268
site_e726c7cce5,2026-03-05T20:30:00+00:00,4,286.6848542199954,101.31071596270198
site_e726c7cce5,2026-03-05T20:30:00+00:00,96,190.21235488220003,46.72922998817096
site_e726c7cce5,2026-03-05T20:45:00+00:00,4,203.04225696632886,125.58210023160451
site_e726c7cce5,2026-03-05T20:45:00+00:00,96,163.36499063520236,36.00911914797416
site_e726c7cce5,2026-03-05T21:00:00+00:00,4,189.87460663904562,93.14563145897169
site_e726c7cce5,2026-03-05T21:00:00+00:00,96,119.15158997578295,43.08569037983559
site_e726c7cce5,2026-03-05T21:15:00+00:00,4,261.6516267592014,86.94511533594165
site_e726c7cce5,2026-03-05T21:15:00+00:00,96,146.03095814626613,107.79443141500504
site_e726c7cce5,2026-03-05T21:30:00+00:00,4,214.43667709954622,67.21641668917702
site_e726c7cce5,2026-03-05T21:30:00+00:00,96,213.43553807091848,61.11221973209673
site_e726c7cce5,2026-03-05T21:45:00+00:00,4,122.1353938346883,155.96574254995852
site_e726c7cce5,2026-03-05T21:45:00+00:00,96,143.61337976001028,38.92092345890675
site_e726c7cce5,2026-03-05T22:00:00+00:00,4,110.68009179674189,33.410647127275126
site_e726c7cce5,2026-03-05T22:00:00+00:00,96,109.47395443248467,27.620474177128834
site_e726c7cce5,2026-03-05T22:15:00+00:00,4,129.6974321210152,42.37030870213894
site_e726c7cce5,2026-03-05T22:15:00+00:00,96,122.1461012863239,92.91143934274439
site_e726c7cce5,2026-03-05T22:30:00+00:00,4,117.52943349998492,46.93650718818683
site_e726c7cce5,2026-03-05T22:30:00+00:00,96,104.50216822204709,31.01402759412572
site_e726c7cce5,2026-03-05T22:45:00+00:00,4,147.072415143111,81.44368984382773
site_e726c7cce5,2026-03-05T22:45:00+00:00,96,119.013267498055,28.823728786253724
site_e726c7cce5,2026-03-05T23:00:00+00:00,4,149.2143493036966,72.76872843570777
site_e726c7cce5,2026-03-05T23:00:00+00:00,96,100.6092302608971,26.146835579813406
site_e726c7cce5,2026-03-05T23:15:00+00:00,4,141.31870968127404,117.69363893842981
site_e726c7cce5,2026-03-05T23:15:00+00:00,96,130.61665369246552,30.392019828991657
site_e726c7cce5,2026-03-05T23:30:00+00:00,4,112.7481493155828,71.55818317095328
site_e726c7cce5,2026-03-05T23:30:00+00:00,96,106.45899652452684,27.0582974250283
site_e726c7cce5,2026-03-05T23:45:00+00:00,4,120.89681425582401,55.18967791900536
site_e726c7cce5,2026-03-05T23:45:00+00:00,96,199.91173582011595,43.637234461404425
site_e726c7cce5,2026-03-06T00:00:00+00:00,4,169.23196148365298,37.515210556843016
site_e726c7cce5,2026-03-06T00:00:00+00:00,96,103.59859846212527,23.78130723577753
site_e726c7cce5,2026-03-06T00:15:00+00:00,4,132.1971310597604,43.95065168207823
site_e726c7cce5,2026-03-06T00:15:00+00:00,96,220.3337929367217,47.106116828152764
site_e726c7cce5,2026-03-06T00:30:00+00:00,4,140.34572239911756,31.04106749668507
site_e726c7cce5,2026-03-06T00:30:00+00:00,96,136.38244714116976,32.476636088830986
site_e726c7cce5,2026-03-06T00:45:00+00:00,4,153.90947196415834,33.575128949288796
site_e726c7cce5,2026-03-06T00:45:00+00:00,96,196.82342030148726,43.162432471788115
site_e726c7cce5,2026-03-06T01:00:00+00:00,4,166.7119480955743,74.5676299447671
site_e726c7cce5,2026-03-06T01:00:00+00:00,96,232.0366424174071,49.51888739591373
site_e726c7cce5,2026-03-06T01:15:00+00:00,4,148.90390056174257,30.2391392347233
site_e726c7cce5,2026-03-06T01:15:00+00:00,96,256.9363262837352,39.14661895120809
site_e726c7cce5,2026-03-06T01:30:00+00:00,4,129.2013041304637,68.30795471674374
site_e726c7cce5,2026-03-06T01:30:00+00:00,96,235.47083996319384,49.262814594340526
site_e726c7cce5,2026-03-06T01:45:00+00:00,4,109.00603011277002,28.219011282865917
site_e726c7cce5,2026-03-06T01:45:00+00:00,96,149.98449175751557,33.18339775459191
site_e726c7cce5,2026-03-06T02:00:00+00:00,4,96.3869773364694,37.908676765260154
site_e726c7cce5,2026-03-06T02:00:00+00:00,96,153.77702499636223,33.79100007877692
site_e726c7cce5,2026-03-06T02:15:00+00:00,4,143.86287554471917,62.82828309805491
site_e726c7cce5,2026-03-06T02:15:00+00:00,96,141.99604355346256,31.75941785461838
site_e726c7cce5,2026-03-06T02:30:00+00:00,4,124.73003314938936,47.47438709675642
site_e726c7cce5,2026-03-06T02:30:00+00:00,96,110.59013290503746,25.958465737110725
site_e726c7cce5,2026-03-06T02:45:00+00:00,4,119.4864168414044,25.96964441083201
site_e726c7cce5,2026-03-06T02:45:00+00:00,96,101.16348849170237,23.284970260093516
site_e726c7cce5,2026-03-06T03:00:00+00:00,4,112.97170624304371,24.547185087620264
site_e726c7cce5,2026-03-06T03:00:00+00:00,96,86.63579109380562,20.44259756828666
site_e726c7cce5,2026-03-06T03:15:00+00:00,4,108.34370212681608,24.643032568409026
site_e726c7cce5,2026-03-06T03:15:00+00:00,96,146.82394148192378,32.93447853196783
site_e726c7cce5,2026-03-06T03:30:00+00:00,4,129.68574323885392,60.27399266121876
site_e726c7cce5,2026-03-06T03:30:00+00:00,96,423.2961262889845,90.56153504852757
site_e726c7cce5,2026-03-06T03:45:00+00:00,4,157.2008569337674,40.51855004871766
site_e726c7cce5,2026-03-06T03:45:00+00:00,96,129.99790379753452,19.85970008389844
site_e726c7cce5,2026-03-06T04:00:00+00:00,4,149.49861973900823,35.74563507966091
site_e726c7cce5,2026-03-06T04:00:00+00:00,96,149.9253734094143,26.864512384374006
site_e726c7cce5,2026-03-06T04:15:00+00:00,4,162.10576461338576,48.57069415065732
site_e726c7cce5,2026-03-06T04:15:00+00:00,96,174.38528002826223,29.711891402041644
site_e726c7cce5,2026-03-06T04:30:00+00:00,4,152.76397356690927,38.82837749400986
site_e726c7cce5,2026-03-06T04:30:00+00:00,96,162.07558326818435,25.15004420716021
site_e726c7cce5,2026-03-06T04:45:00+00:00,4,113.71401250811795,31.03725330355384
site_e726c7cce5,2026-03-06T04:45:00+00:00,96,116.14805462624221,18.663492134590566
site_e726c7cce5,2026-03-06T05:00:00+00:00,4,102.463805793084,25.025795851053495
site_e726c7cce5,2026-03-06T05:00:00+00:00,96,409.37884584653114,47.04637498153549
site_e726c7cce5,2026-03-06T05:15:00+00:00,4,129.82058276785295,31.385739532524536
site_e726c7cce5,2026-03-06T05:15:00+00:00,96,150.27767635769138,23.375530082210314
site_e726c7cce5,2026-03-06T05:30:00+00:00,4,180.58864968221968,56.075180304983206
site_e726c7cce5,2026-03-06T05:30:00+00:00,96,474.020057482153,68.54065811989437
site_e726c7cce5,2026-03-06T05:45:00+00:00,4,221.92983205261598,74.27376621204778
site_e726c7cce5,2026-03-06T05:45:00+00:00,96,154.4254648325895,25.185164669104775
site_e726c7cce5,2026-03-06T06:00:00+00:00,4,212.69457246217547,74.83287543249419
site_e726c7cce5,2026-03-06T06:00:00+00:00,96,143.7507856290996,23.148637503521336
site_e726c7cce5,2026-03-06T06:15:00+00:00,4,189.1736707437295,116.32695963760803
site_e726c7cce5,2026-03-06T06:15:00+00:00,96,145.512760807665,29.607161856717788
site_e726c7cce5,2026-03-06T06:30:00+00:00,4,166.24284409184514,60.805215922546516
site_e726c7cce5,2026-03-06T06:30:00+00:00,96,182.42259376358965,42.61221531927521
site_e726c7cce5,2026-03-06T06:45:00+00:00,4,163.02897994996513,39.20788845867813
site_e726c7cce5,2026-03-06T06:45:00+00:00,96,195.57037574741673,51.31728840775288
site_e726c7cce5,2026-03-06T07:00:00+00:00,4,212.37246636468532,62.19619367240848
site_e726c7cce5,2026-03-06T07:00:00+00:00,96,615.6269128976139,151.3131907652769
site_e726c7cce5,2026-03-06T07:15:00+00:00,4,237.61275939731993,88.25269514500614
site_e726c7cce5,2026-03-06T07:15:00+00:00,96,118.43214314970868,33.25378699231066
site_e726c7cce5,2026-03-06T07:30:00+00:00,4,237.10729558092208,96.96980492442393
site_e726c7cce5,2026-03-06T07:30:00+00:00,96,194.6484145506651,47.187616334481575
site_e726c7cce5,2026-03-06T07:45:00+00:00,4,235.1653895435598,97.75362201328208
site_e726c7cce5,2026-03-06T07:45:00+00:00,96,165.88652960324436,38.95160779348809
site_e726c7cce5,2026-03-06T08:00:00+00:00,4,249.89531420688542,101.92848046897666
site_e726c7cce5,2026-03-06T08:00:00+00:00,96,182.9958785013753,45.09229094922176
site_e726c7cce5,2026-03-06T08:15:00+00:00,4,266.10118947789266,137.58928567343438
site_e726c7cce5,2026-03-06T08:15:00+00:00,96,290.25797692600304,65.78071959760196
site_e726c7cce5,2026-03-06T08:30:00+00:00,4,292.4360997776817,120.93626314287536
site_e726c7cce5,2026-03-06T08:30:00+00:00,96,248.60445130216962,56.28707610318918
site_e726c7cce5,2026-03-06T08:45:00+00:00,4,239.76751916142794,97.38752118011561
site_e726c7cce5,2026-03-06T08:45:00+00:00,96,188.2145711253974,42.979066487718484
site_e726c7cce5,2026-03-06T09:00:00+00:00,4,292.55488761051106,119.49154655316977
site_e726c7cce5,2026-03-06T09:00:00+00:00,96,229.25725884444762,48.22381285713098
site_e726c7cce5,2026-03-06T09:15:00+00:00,4,274.06558630935774,109.54770200565055
site_e726c7cce5,2026-03-06T09:15:00+00:00,96,249.47623596694484,51.64774369363417
site_e726c7cce5,2026-03-06T09:30:00+00:00,4,291.2333884491726,113.82707119982558
site_e726c7cce5,2026-03-06T09:30:00+00:00,96,131.50278454321503,29.004220739082292
site_e726c7cce5,2026-03-06T09:45:00+00:00,4,289.3799387244336,104.97702161668994
site_e726c7cce5,2026-03-06T09:45:00+00:00,96,182.8922089257973,37.52123294829605
site_e726c7cce5,2026-03-06T10:00:00+00:00,4,243.9387860489466,93.80787810204573
site_e726c7cce5,2026-03-06T10:00:00+00:00,96,191.27752416344038,38.08465545531317
site_e726c7cce5,2026-03-06T10:15:00+00:00,4,252.55835328195258,93.91320721555405
site_e726c7cce5,2026-03-06T10:15:00+00:00,96,264.8798006780802,49.28286640805584
site_e726c7cce5,2026-03-06T10:30:00+00:00,4,205.63250516674862,75.28956983788153
site_e726c7cce5,2026-03-06T10:30:00+00:00,96,207.6820130742011,41.12144206601879
site_e726c7cce5,2026-03-06T10:45:00+00:00,4,157.7552501755948,58.47106036976854
site_e726c7cce5,2026-03-06T10:45:00+00:00,96,229.07662034810227,41.97890093727898
site_e726c7cce5,2026-03-06T11:00:00+00:00,4,144.6773937253296,54.226721642733864
site_e726c7cce5,2026-03-06T11:00:00+00:00,96,312.1845185967608,57.14265819102014
site_e726c7cce5,2026-03-06T11:15:00+00:00,4,121.74157396512032,46.58928851547937
site_e726c7cce5,2026-03-06T11:15:00+00:00,96,790.5397043146838,149.55789669077055
site_e726c7cce5,2026-03-06T11:30:00+00:00,4,169.18311183300273,95.6494100290541
site_e726c7cce5,2026-03-06T11:30:00+00:00,96,491.5783903173831,93.95005898400018
site_e726c7cce5,2026-03-06T11:45:00+00:00,4,205.749578633478,108.38663666982639
site_e726c7cce5,2026-03-06T11:45:00+00:00,96,541.3471459100778,127.10634373802858
site_e726c7cce5,2026-03-06T12:00:00+00:00,4,190.26111381596388,101.54638082478554
site_e726c7cce5,2026-03-06T12:00:00+00:00,96,613.1019365825227,125.73818811194741
site_e726c7cce5,2026-03-06T12:15:00+00:00,4,214.53452412300697,112.79875887172435
site_e726c7cce5,2026-03-06T12:15:00+00:00,96,662.0358440584486,148.51242126671445
site_e726c7cce5,2026-03-06T12:30:00+00:00,4,254.29176547032768,116.6700083733472
site_e726c7cce5,2026-03-06T12:30:00+00:00,96,261.295792941067,73.02253052328841
site_e726c7cce5,2026-03-06T12:45:00+00:00,4,258.9317025291205,109.36206808880118
site_e726c7cce5,2026-03-06T12:45:00+00:00,96,222.73728533944552,51.94728448152711
site_e726c7cce5,2026-03-06T13:00:00+00:00,4,178.66560775836285,73.50731592839658
site_e726c7cce5,2026-03-06T13:00:00+00:00,96,394.7042071658917,84.07928655363439
site_e726c7cce5,2026-03-06T13:15:00+00:00,4,190.05283156652737,117.4504856271194
site_e726c7cce5,2026-03-06T13:15:00+00:00,96,370.53476184935244,86.93986048643515
site_e726c7cce5,2026-03-06T13:30:00+00:00,4,203.1767437882789,141.58512053367724
site_e726c7cce5,2026-03-06T13:30:00+00:00,96,432.63348143494403,121.19592903585998
site_e726c7cce5,2026-03-06T13:45:00+00:00,4,249.05720121492644,108.95917692181672
site_e726c7cce5,2026-03-06T13:45:00+00:00,96,570.1522166116504,214.00972293035557
site_e726c7cce5,2026-03-06T14:00:00+00:00,4,308.5136065472119,179.64499383570234
site_e726c7cce5,2026-03-06T14:00:00+00:00,96,453.4113744546861,152.87224453922497
site_e726c7cce5,2026-03-06T14:15:00+00:00,4,376.59502423028414,149.23435914928916
site_e726c7cce5,2026-03-06T14:15:00+00:00,96,426.765857124722,119.14415429483846
site_e726c7cce5,2026-03-06T14:30:00+00:00,4,331.98043904515373,142.69704565654175
site_e726c7cce5,2026-03-06T14:30:00+00:00,96,722.3409788705396,204.7701815788983
site_e726c7cce5,2026-03-06T14:45:00+00:00,4,363.47090733996043,148.48977935778888
site_e726c7cce5,2026-03-06T14:45:00+00:00,96,361.73710777151945,95.38610576724952
site_e726c7cce5,2026-03-06T15:00:00+00:00,4,283.6178759437193,120.89184869790992
site_e726c7cce5,2026-03-06T15:00:00+00:00,96,267.27240613158654,98.95039815487067
site_e726c7cce5,2026-03-06T15:15:00+00:00,4,238.7188365103365,110.85965255487214
site_e726c7cce5,2026-03-06T15:15:00+00:00,96,208.39381484731928,82.95274694614575
site_e726c7cce5,2026-03-06T15:30:00+00:00,4,211.64436197277607,90.11666136519453
site_e726c7cce5,2026-03-06T15:30:00+00:00,96,208.81426672343036,71.92524450980174
site_e726c7cce5,2026-03-06T15:45:00+00:00,4,253.303561621838,119.06509144038357
site_e726c7cce5,2026-03-06T15:45:00+00:00,96,171.96898106465508,51.0473706019711
site_e726c7cce5,2026-03-06T16:00:00+00:00,4,369.34777212055064,163.48470138682063
site_e726c7cce5,2026-03-06T16:00:00+00:00,96,217.1245475443112,65.31429638438517
site_e726c7cce5,2026-03-06T16:15:00+00:00,4,375.0801818277079,172.47084582240763
site_e726c7cce5,2026-03-06T16:15:00+00:00,96,211.02623601591057,63.33809746418547
site_e726c7cce5,2026-03-06T16:30:00+00:00,4,391.5404757435876,186.90566241248368
site_e726c7cce5,2026-03-06T16:30:00+00:00,96,200.7531064943485,62.953677327532304
site_e726c7cce5,2026-03-06T16:45:00+00:00,4,418.50987758720083,208.07592910965846
site_e726c7cce5,2026-03-06T16:45:00+00:00,96,380.7651484867193,117.72411384277505
site_e726c7cce5,2026-03-06T17:00:00+00:00,4,401.36887196927637,215.29373215008084
site_e726c7cce5,2026-03-06T17:00:00+00:00,96,385.8380272652503,118.18883855315329
site_e726c7cce5,2026-03-06T17:15:00+00:00,4,343.72525031725684,199.1839701764459
site_e726c7cce5,2026-03-06T17:15:00+00:00,96,223.05779015255857,71.52654870966859
site_e726c7cce5,2026-03-06T17:30:00+00:00,4,273.0431813284813,162.745786763884
site_e726c7cce5,2026-03-06T17:30:00+00:00,96,157.6741432232054,51.23284412736201
site_e726c7cce5,2026-03-06T17:45:00+00:00,4,225.57468240574994,188.9393295304674
site_e726c7cce5,2026-03-06T17:45:00+00:00,96,182.18460068583116,60.20361821713589
site_e726c7cce5,2026-03-06T18:00:00+00:00,4,211.13690830255356,165.66738919141523
site_e726c7cce5,2026-03-06T18:00:00+00:00,96,261.2131722182189,82.0585116614122
site_e726c7cce5,2026-03-06T18:15:00+00:00,4,206.17589905640446,99.35436147284626
site_e726c7cce5,2026-03-06T18:15:00+00:00,96,385.7338904800962,169.89278948918468
site_e726c7cce5,2026-03-06T18:30:00+00:00,4,247.61829700939512,125.99817910764014
site_e726c7cce5,2026-03-06T18:30:00+00:00,96,387.18849193419624,165.04820761711414
site_e726c7cce5,2026-03-06T18:45:00+00:00,4,258.32205862596163,122.51011379070331
site_e726c7cce5,2026-03-06T18:45:00+00:00,96,212.44113279904275,83.99083668766903
site_e726c7cce5,2026-03-06T19:00:00+00:00,4,301.8353178251859,140.08373777179463
site_e726c7cce5,2026-03-06T19:00:00+00:00,96,327.2241244981557,166.81450832376228
site_e726c7cce5,2026-03-06T19:15:00+00:00,4,307.3478828514905,139.67239439701163
site_e726c7cce5,2026-03-06T19:15:00+00:00,96,262.34182480429797,88.62807822665967
site_e726c7cce5,2026-03-06T19:30:00+00:00,4,251.21277768161116,119.54070860362799
site_e726c7cce5,2026-03-06T19:30:00+00:00,96,163.7319087997218,57.698774043685376
site_e726c7cce5,2026-03-06T19:45:00+00:00,4,288.73815218454354,157.05417460149445
site_e726c7cce5,2026-03-06T19:45:00+00:00,96,121.06059351321915,74.93576926428801
site_e726c7cce5,2026-03-06T20:00:00+00:00,4,143.39255325302682,105.77816386310316
site_e726c7cce5,2026-03-06T20:00:00+00:00,96,147.6160914434713,70.95206154845616
site_e726c7cce5,2026-03-06T20:15:00+00:00,4,166.77064481416855,144.24686809220873
site_e726c7cce5,2026-03-06T20:15:00+00:00,96,224.76968066938412,73.25758395185562
site_e726c7cce5,2026-03-06T20:30:00+00:00,4,186.93956999091625,77.29301379681795
site_e726c7cce5,2026-03-06T20:30:00+00:00,96,158.56836149293503,47.4772631522335
site_e726c7cce5,2026-03-06T20:45:00+00:00,4,276.45033847226273,106.80071507570554
site_e726c7cce5,2026-03-06T20:45:00+00:00,96,93.19171876343266,123.5916041265276
site_e726c7cce5,2026-03-06T21:00:00+00:00,4,179.87052160909568,72.66230592677594
site_e726c7cce5,2026-03-06T21:00:00+00:00,96,75.62093292466054,21.563220550386536
site_e726c7cce5,2026-03-06T21:15:00+00:00,4,157.45085744362427,59.727728532561144
site_e726c7cce5,2026-03-06T21:15:00+00:00,96,104.0885608915576,34.29757039772187
site_e726c7cce5,2026-03-06T21:30:00+00:00,4,134.29450598845028,47.56171912615473
site_e726c7cce5,2026-03-06T21:30:00+00:00,96,90.05391138225981,36.35427094241602
site_e726c7cce5,2026-03-06T21:45:00+00:00,4,123.8438607253269,44.661791995345304
site_e726c7cce5,2026-03-06T21:45:00+00:00,96,217.93285044227335,114.25370037166294
site_e726c7cce5,2026-03-06T22:00:00+00:00,4,131.03724524955211,46.54654986762313
site_e726c7cce5,2026-03-06T22:00:00+00:00,96,144.1585769870306,68.23909300749865
site_e726c7cce5,2026-03-06T22:15:00+00:00,4,117.91786115502936,41.85530899345515
site_e726c7cce5,2026-03-06T22:15:00+00:00,96,158.86884357013417,128.8518110693004
site_e726c7cce5,2026-03-06T22:30:00+00:00,4,132.9279551680423,46.73522875656706
site_e726c7cce5,2026-03-06T22:30:00+00:00,96,80.0810560160075,49.478968350699596
site_e726c7cce5,2026-03-06T22:45:00+00:00,4,132.69485514975818,46.043691693406146
site_e726c7cce5,2026-03-06T22:45:00+00:00,96,97.40519747437216,41.782484890225994
site_e726c7cce5,2026-03-06T23:00:00+00:00,4,180.1743458121864,57.76565097547762
site_e726c7cce5,2026-03-06T23:00:00+00:00,96,246.5433530204735,46.14722060050582
site_e726c7cce5,2026-03-06T23:15:00+00:00,4,127.19597741141897,43.13084712917956
site_e726c7cce5,2026-03-06T23:15:00+00:00,96,118.27612777766768,36.403352613697024
site_e726c7cce5,2026-03-06T23:30:00+00:00,4,142.51490763016503,45.57110871071818
site_e726c7cce5,2026-03-06T23:30:00+00:00,96,138.66227474141303,26.739071566516024
site_e726c7cce5,2026-03-06T23:45:00+00:00,4,148.88582909752978,47.26494860103347
site_e726c7cce5,2026-03-06T23:45:00+00:00,96,148.18861696775815,29.334443425740623
site_e726c7cce5,2026-03-07T00:00:00+00:00,4,108.11883577177622,33.98623072733156
site_e726c7cce5,2026-03-07T00:00:00+00:00,96,120.44219530755515,53.04453850119518
site_e726c7cce5,2026-03-07T00:15:00+00:00,4,117.24391760619761,39.064926804469444
site_e726c7cce5,2026-03-07T00:15:00+00:00,96,100.89819451016899,19.429832472250492
site_e726c7cce5,2026-03-07T00:30:00+00:00,4,103.46740288079747,31.968809237857656
site_e726c7cce5,2026-03-07T00:30:00+00:00,96,69.8286690846427,37.21513271751126
site_e726c7cce5,2026-03-07T00:45:00+00:00,4,89.91155810453672,29.477976075016045
site_e726c7cce5,2026-03-07T00:45:00+00:00,96,76.6783417753097,18.692995420793604
site_e726c7cce5,2026-03-07T01:00:00+00:00,4,65.22689115064752,21.285714518608422
site_e726c7cce5,2026-03-07T01:00:00+00:00,96,72.26049011284633,27.538035462856374
site_e726c7cce5,2026-03-07T01:15:00+00:00,4,57.092862597497074,18.955773501369194
site_e726c7cce5,2026-03-07T01:15:00+00:00,96,166.95017685127078,71.10985561777377
site_e726c7cce5,2026-03-07T01:30:00+00:00,4,70.47074520482452,22.488901464380714
site_e726c7cce5,2026-03-07T01:30:00+00:00,96,121.48957099537,44.584557157122596
site_e726c7cce5,2026-03-07T01:45:00+00:00,4,63.05248119004085,22.00571843158835
site_e726c7cce5,2026-03-07T01:45:00+00:00,96,71.3068225334805,14.978520979614444
site_e726c7cce5,2026-03-07T02:00:00+00:00,4,52.9356017104034,18.755021369457875
site_e726c7cce5,2026-03-07T02:00:00+00:00,96,68.7666695391593,14.294230595234938
site_e726c7cce5,2026-03-07T02:15:00+00:00,4,82.53968238674821,27.57656252466387
site_e726c7cce5,2026-03-07T02:15:00+00:00,96,62.53101187576989,13.666010206697631
site_e726c7cce5,2026-03-07T02:30:00+00:00,4,76.03710522830508,26.258367442837322
site_e726c7cce5,2026-03-07T02:30:00+00:00,96,78.09582269399505,36.095994886458655
site_e726c7cce5,2026-03-07T02:45:00+00:00,4,59.916398755111715,18.937731527569895
site_e726c7cce5,2026-03-07T02:45:00+00:00,96,199.90203174726565,47.977612727482494
site_e726c7cce5,2026-03-07T03:00:00+00:00,4,57.122942828284515,18.71345663467236
site_e726c7cce5,2026-03-07T03:00:00+00:00,96,138.40130755066969,30.29140007871941
site_e726c7cce5,2026-03-07T03:15:00+00:00,4,55.725560798410164,18.886926831514703
site_e726c7cce5,2026-03-07T03:15:00+00:00,96,158.25151387139692,45.707287544094584
site_e726c7cce5,2026-03-07T03:30:00+00:00,4,74.2287278212992,25.142070829129473
site_e726c7cce5,2026-03-07T03:30:00+00:00,96,103.70146906967723,26.142624097212888
site_e726c7cce5,2026-03-07T03:45:00+00:00,4,71.35078108264997,24.092112452763445
site_e726c7cce5,2026-03-07T03:45:00+00:00,96,52.292313363406755,14.235146881681803
site_e726c7cce5,2026-03-07T04:00:00+00:00,4,78.24326755781689,25.830089796110443
site_e726c7cce5,2026-03-07T04:00:00+00:00,96,59.516781616379035,14.917324439096014
site_e726c7cce5,2026-03-07T04:15:00+00:00,4,83.72411697120991,28.793871750431435
site_e726c7cce5,2026-03-07T04:15:00+00:00,96,66.34328201576474,16.203037465439724
site_e726c7cce5,2026-03-07T04:30:00+00:00,4,91.88177965971859,31.106078340694758
site_e726c7cce5,2026-03-07T04:30:00+00:00,96,224.0457675999963,66.97913451065094
site_e726c7cce5,2026-03-07T04:45:00+00:00,4,92.82060435045985,30.853143869201162
site_e726c7cce5,2026-03-07T04:45:00+00:00,96,265.3762585394267,83.69946215585524
site_e726c7cce5,2026-03-07T05:00:00+00:00,4,86.36866337913193,28.16171043304145
site_e726c7cce5,2026-03-07T05:00:00+00:00,96,153.81343947889297,51.35523603698702
site_e726c7cce5,2026-03-07T05:15:00+00:00,4,110.20994944548687,32.25539774664562
site_e726c7cce5,2026-03-07T05:15:00+00:00,96,110.84764047092943,66.5001442186422
site_e726c7cce5,2026-03-07T05:30:00+00:00,4,99.56511979406302,29.6928557825364
site_e726c7cce5,2026-03-07T05:30:00+00:00,96,115.89661059242029,40.906864870369176
site_e726c7cce5,2026-03-07T05:45:00+00:00,4,95.1214361079211,27.859573908890965
site_e726c7cce5,2026-03-07T05:45:00+00:00,96,116.05183276762094,27.05854464377483
site_e726c7cce5,2026-03-07T06:00:00+00:00,4,82.75360602698989,22.662632383190957
site_e726c7cce5,2026-03-07T06:00:00+00:00,96,212.1723090891374,55.4527791462219
site_e726c7cce5,2026-03-07T06:15:00+00:00,4,92.62154934206302,50.6350323274044
site_e726c7cce5,2026-03-07T06:15:00+00:00,96,261.7310064917149,91.07700869904404
site_e726c7cce5,2026-03-07T06:30:00+00:00,4,91.51054257358801,40.51629450411497
site_e726c7cce5,2026-03-07T06:30:00+00:00,96,250.2202249460021,93.80956366741547
site_e726c7cce5,2026-03-07T06:45:00+00:00,4,107.61435466167111,41.820010403989286
site_e726c7cce5,2026-03-07T06:45:00+00:00,96,164.90784054780673,66.02550049402802
site_e726c7cce5,2026-03-07T07:00:00+00:00,4,84.42450739587652,30.82869755652399
site_e726c7cce5,2026-03-07T07:00:00+00:00,96,175.6576261507064,70.42518809441039
site_e726c7cce5,2026-03-07T07:15:00+00:00,4,116.98328143756181,39.84904139545689
site_e726c7cce5,2026-03-07T07:15:00+00:00,96,206.4387208246025,101.35876955777253
site_e726c7cce5,2026-03-07T07:30:00+00:00,4,154.03071778386936,61.72563724552148
site_e726c7cce5,2026-03-07T07:30:00+00:00,96,248.1972040144267,94.73085765970762
site_e726c7cce5,2026-03-07T07:45:00+00:00,4,124.24642608136845,50.099571411050434
site_e726c7cce5,2026-03-07T07:45:00+00:00,96,159.68042912523674,62.824251148098845
site_e726c7cce5,2026-03-07T08:00:00+00:00,4,103.18703341207849,41.25021386372709
site_e726c7cce5,2026-03-07T08:00:00+00:00,96,240.32941728659097,91.85465404953295
site_e726c7cce5,2026-03-07T08:15:00+00:00,4,104.3338933703329,41.88732219436876
site_e726c7cce5,2026-03-07T08:15:00+00:00,96,156.45112781599607,60.814372190128466
site_e726c7cce5,2026-03-07T08:30:00+00:00,4,113.15915278968187,45.086439344233526
site_e726c7cce5,2026-03-07T08:30:00+00:00,96,163.89512763807176,62.546036798181305
site_e726c7cce5,2026-03-07T08:45:00+00:00,4,121.00616072990127,48.11541758058567
site_e726c7cce5,2026-03-07T08:45:00+00:00,96,214.75127177863638,75.05336017609915
site_e726c7cce5,2026-03-07T09:00:00+00:00,4,128.22657801531506,50.77363648644818
site_e726c7cce5,2026-03-07T09:00:00+00:00,96,142.54621177073068,52.419919673728074
site_e726c7cce5,2026-03-07T09:15:00+00:00,4,138.18872945148993,142.59972836364716
site_e726c7cce5,2026-03-07T09:15:00+00:00,96,153.40421810733847,55.989479734472866
site_e726c7cce5,2026-03-07T09:30:00+00:00,4,152.92215126892546,133.60837249232094
site_e726c7cce5,2026-03-07T09:30:00+00:00,96,126.29155748909537,45.801606500689495
site_e726c7cce5,2026-03-07T09:45:00+00:00,4,147.703520430984,134.21871599488892
site_e726c7cce5,2026-03-07T09:45:00+00:00,96,101.67074969978718,37.9071938508625
site_e726c7cce5,2026-03-07T10:00:00+00:00,4,131.5929963366592,61.05268916776794
site_e726c7cce5,2026-03-07T10:00:00+00:00,96,99.19947942133382,36.440465245120585
site_e726c7cce5,2026-03-07T10:15:00+00:00,4,125.97734270370394,76.28999005678908
site_e726c7cce5,2026-03-07T10:15:00+00:00,96,77.0987430669537,28.628884124082767
site_e726c7cce5,2026-03-07T10:30:00+00:00,4,100.7352240500356,39.62378120631877
site_e726c7cce5,2026-03-07T10:30:00+00:00,96,187.81838450538407,104.92092392238678
site_e726c7cce5,2026-03-07T10:45:00+00:00,4,118.87270707147746,59.92750841449382
site_e726c7cce5,2026-03-07T10:45:00+00:00,96,165.04885601850782,83.01377935619892
site_e726c7cce5,2026-03-07T11:00:00+00:00,4,133.38233095434998,67.62532585838048
site_e726c7cce5,2026-03-07T11:00:00+00:00,96,192.64335530425336,98.4429691126796
site_e726c7cce5,2026-03-07T11:15:00+00:00,4,160.60527972618985,101.56120632042361
site_e726c7cce5,2026-03-07T11:15:00+00:00,96,286.6894141876611,142.6930989162212
site_e726c7cce5,2026-03-07T11:30:00+00:00,4,173.93199305682464,108.28399071091759
site_e726c7cce5,2026-03-07T11:30:00+00:00,96,261.7648562064483,110.60651793973958
site_e726c7cce5,2026-03-07T11:45:00+00:00,4,231.63370299388424,77.61920150654029
site_e726c7cce5,2026-03-07T11:45:00+00:00,96,208.67518201894163,83.4501381311218
site_e726c7cce5,2026-03-07T12:00:00+00:00,4,220.36140161320665,66.79011483373444
site_e726c7cce5,2026-03-07T12:00:00+00:00,96,118.43902824918788,46.83449250341339
site_e726c7cce5,2026-03-07T12:15:00+00:00,4,215.12818043760362,64.83789695792903
site_e726c7cce5,2026-03-07T12:15:00+00:00,96,146.4455285068488,85.08081639092212
site_e726c7cce5,2026-03-07T12:30:00+00:00,4,218.26309460011544,66.54727418201749
site_e726c7cce5,2026-03-07T12:30:00+00:00,96,156.23268579820677,107.52854178064695
site_e726c7cce5,2026-03-07T12:45:00+00:00,4,219.2140668557954,65.49934627423946
site_e726c7cce5,2026-03-07T12:45:00+00:00,96,397.3505798026431,156.79418194409783
site_e726c7cce5,2026-03-07T13:00:00+00:00,4,182.65570260219545,53.122247662574736
site_e726c7cce5,2026-03-07T13:00:00+00:00,96,607.6219437205356,342.7157129169325
site_e726c7cce5,2026-03-07T13:15:00+00:00,4,185.2231778899279,53.76962116607666
site_e726c7cce5,2026-03-07T13:15:00+00:00,96,621.1903445596786,224.78591959166815
site_e726c7cce5,2026-03-07T13:30:00+00:00,4,172.8911694308766,47.81802562442483
site_e726c7cce5,2026-03-07T13:30:00+00:00,96,221.6079118424638,88.0972081886119
site_e726c7cce5,2026-03-07T13:45:00+00:00,4,180.61124131240757,61.75475232275008
site_e726c7cce5,2026-03-07T13:45:00+00:00,96,280.27599007440153,107.48126352315877
site_e726c7cce5,2026-03-07T14:00:00+00:00,4,205.1314085860925,90.29253693690325
site_e726c7cce5,2026-03-07T14:00:00+00:00,96,190.1178980067308,74.78411309735247
site_e726c7cce5,2026-03-07T14:15:00+00:00,4,237.46640938279504,134.89683015833367
site_e726c7cce5,2026-03-07T14:15:00+00:00,96,172.16753077891076,75.64025695721051
site_e726c7cce5,2026-03-07T14:30:00+00:00,4,139.53697331638185,171.26930007844535
site_e726c7cce5,2026-03-07T14:30:00+00:00,96,108.0485975457446,45.18239949145222
site_e726c7cce5,2026-03-07T14:45:00+00:00,4,200.19447804944224,162.10221905947546
site_e726c7cce5,2026-03-07T14:45:00+00:00,96,219.6330938688843,95.31150850766166
site_e726c7cce5,2026-03-07T15:00:00+00:00,4,187.558396688613,258.15300846706253
site_e726c7cce5,2026-03-07T15:00:00+00:00,96,319.780388790646,135.63054572537175
site_e726c7cce5,2026-03-07T15:15:00+00:00,4,134.27184042691695,103.81374545397816
site_e726c7cce5,2026-03-07T15:15:00+00:00,96,271.74264753359245,119.58392445033968
site_e726c7cce5,2026-03-07T15:30:00+00:00,4,141.76314009339927,134.68790916554786
site_e726c7cce5,2026-03-07T15:30:00+00:00,96,321.2144570964585,144.15931037920672
site_e726c7cce5,2026-03-07T15:45:00+00:00,4,110.570558792497,169.22537732238476
site_e726c7cce5,2026-03-07T15:45:00+00:00,96,370.17863092925677,171.24967129688963
site_e726c7cce5,2026-03-07T16:00:00+00:00,4,103.84468830876153,43.01694987697786
site_e726c7cce5,2026-03-07T16:00:00+00:00,96,267.28427372666914,136.10908781681925
site_e726c7cce5,2026-03-07T16:15:00+00:00,4,99.83857378632281,37.990002258908866
site_e726c7cce5,2026-03-07T16:15:00+00:00,96,221.34411602853075,125.47692434424978
site_e726c7cce5,2026-03-07T16:30:00+00:00,4,103.77785649038364,41.375676564371936
site_e726c7cce5,2026-03-07T16:30:00+00:00,96,209.15725072595353,117.31449989327979
site_e726c7cce5,2026-03-07T16:45:00+00:00,4,97.87628028904278,36.947853468681146
site_e726c7cce5,2026-03-07T16:45:00+00:00,96,147.22815902666102,120.71893102452458
site_e726c7cce5,2026-03-07T17:00:00+00:00,4,115.66959491360059,57.883515218432755
site_e726c7cce5,2026-03-07T17:00:00+00:00,96,152.85899613566016,117.15544588585155
site_e726c7cce5,2026-03-07T17:15:00+00:00,4,107.04179656073248,125.75477917323101
site_e726c7cce5,2026-03-07T17:15:00+00:00,96,190.69173928313086,85.435907409795
site_e726c7cce5,2026-03-07T17:30:00+00:00,4,97.48735124109757,53.49529921624381
site_e726c7cce5,2026-03-07T17:30:00+00:00,96,200.70592287116443,95.14341359854238
site_e726c7cce5,2026-03-07T17:45:00+00:00,4,100.1691125364411,45.96202284491608
site_e726c7cce5,2026-03-07T17:45:00+00:00,96,221.9320249673917,98.75398709044987
site_e726c7cce5,2026-03-07T18:00:00+00:00,4,93.27394200318457,41.68850654065111
site_e726c7cce5,2026-03-07T18:00:00+00:00,96,316.6942958706139,137.57724787118053
site_e726c7cce5,2026-03-07T18:15:00+00:00,4,100.56218332578953,42.337175383539375
site_e726c7cce5,2026-03-07T18:15:00+00:00,96,275.159488427364,120.1291557098967
site_e726c7cce5,2026-03-07T18:30:00+00:00,4,115.89723085427258,62.187727588414106
site_e726c7cce5,2026-03-07T18:30:00+00:00,96,220.87345716506172,101.12960584977594
site_e726c7cce5,2026-03-07T18:45:00+00:00,4,109.6001579491599,64.80868187714879
site_e726c7cce5,2026-03-07T18:45:00+00:00,96,286.11676580257574,147.15570483649685
site_e726c7cce5,2026-03-07T19:00:00+00:00,4,103.57008796465448,79.1008101963494
site_e726c7cce5,2026-03-07T19:00:00+00:00,96,91.74407849733493,67.73887701147157
site_e726c7cce5,2026-03-07T19:15:00+00:00,4,100.5636112247134,73.30497301024973
site_e726c7cce5,2026-03-07T19:15:00+00:00,96,134.2585632331175,115.20033652196443
site_e726c7cce5,2026-03-07T19:30:00+00:00,4,93.63651684648188,39.52598725508143
site_e726c7cce5,2026-03-07T19:30:00+00:00,96,171.03482817412163,66.90659617483644
site_e726c7cce5,2026-03-07T19:45:00+00:00,4,92.08488588647515,37.811508989723414
site_e726c7cce5,2026-03-07T19:45:00+00:00,96,259.8774059874203,92.70966323914827
site_e726c7cce5,2026-03-07T20:00:00+00:00,4,123.23002017699356,129.9107727428648
site_e726c7cce5,2026-03-07T20:00:00+00:00,96,130.3543187127218,51.06696771286818
site_e726c7cce5,2026-03-07T20:15:00+00:00,4,153.29489552928538,95.74183794549646
site_e726c7cce5,2026-03-07T20:15:00+00:00,96,108.22797880985347,40.64352877531079
site_e726c7cce5,2026-03-07T20:30:00+00:00,4,147.24457067341018,67.48082920424314
site_e726c7cce5,2026-03-07T20:30:00+00:00,96,83.97102420403961,29.359146381667138
site_e726c7cce5,2026-03-07T20:45:00+00:00,4,150.1597900497982,151.2431026254467
site_e726c7cce5,2026-03-07T20:45:00+00:00,96,92.068148501472,32.48616300806075
site_e726c7cce5,2026-03-07T21:00:00+00:00,4,129.75097366382835,70.1124003844122
site_e726c7cce5,2026-03-07T21:00:00+00:00,96,99.68887192685561,33.84414031481919
site_e726c7cce5,2026-03-07T21:15:00+00:00,4,133.8497408248556,83.48046371785412
site_e726c7cce5,2026-03-07T21:15:00+00:00,96,99.20433050834288,32.76219117944868
site_e726c7cce5,2026-03-07T21:30:00+00:00,4,135.3754664132615,128.25293421664472
site_e726c7cce5,2026-03-07T21:30:00+00:00,96,153.3604659309446,47.70580311671456
site_e726c7cce5,2026-03-07T21:45:00+00:00,4,150.63592317077325,81.78228018133053
site_e726c7cce5,2026-03-07T21:45:00+00:00,96,160.61690296395116,49.855093220842264
site_e726c7cce5,2026-03-07T22:00:00+00:00,4,160.25108024786164,80.90311921356266
site_e726c7cce5,2026-03-07T22:00:00+00:00,96,425.06342686833284,123.1264878513161
site_e726c7cce5,2026-03-07T22:15:00+00:00,4,171.18986885635596,57.15103310957373
site_e726c7cce5,2026-03-07T22:15:00+00:00,96,116.80158745730827,37.78758962998673
site_e726c7cce5,2026-03-07T22:30:00+00:00,4,190.38005527245693,75.2424683259906
site_e726c7cce5,2026-03-07T22:30:00+00:00,96,139.84656213994577,42.3972461292252
site_e726c7cce5,2026-03-07T22:45:00+00:00,4,203.3088544527608,85.78680789687124
site_e726c7cce5,2026-03-07T22:45:00+00:00,96,148.51718871266834,44.51587191929676
site_e726c7cce5,2026-03-07T23:00:00+00:00,4,179.10169722909072,162.61780484952874
site_e726c7cce5,2026-03-07T23:00:00+00:00,96,88.85453325731851,27.82269303055825
site_e726c7cce5,2026-03-07T23:15:00+00:00,4,206.43306196075625,74.91515046977187
site_e726c7cce5,2026-03-07T23:15:00+00:00,96,114.31460756993609,35.35534205201777
site_e726c7cce5,2026-03-07T23:30:00+00:00,4,131.53178627561917,43.780690195285146
site_e726c7cce5,2026-03-07T23:30:00+00:00,96,67.11395875092101,20.615135689569826
site_e726c7cce5,2026-03-07T23:45:00+00:00,4,86.67217231913015,29.564497946613944
site_e726c7cce5,2026-03-07T23:45:00+00:00,96,62.76744252382211,19.972635464876713
site_e726c7cce5,2026-03-08T00:00:00+00:00,4,76.25185362433123,25.517602902030212
site_e726c7cce5,2026-03-08T00:00:00+00:00,96,39.57547992160565,12.895433315651946
site_e726c7cce5,2026-03-08T00:15:00+00:00,4,73.53369205406416,34.63498751474962
site_e726c7cce5,2026-03-08T00:15:00+00:00,96,46.14128271011219,14.495715455501523
site_e726c7cce5,2026-03-08T00:30:00+00:00,4,114.21814617260196,41.84524234697757
site_e726c7cce5,2026-03-08T00:30:00+00:00,96,59.769004163265265,18.062310345924924
site_e726c7cce5,2026-03-08T00:45:00+00:00,4,87.31334889977923,86.85972348395336
site_e726c7cce5,2026-03-08T00:45:00+00:00,96,56.28166981046606,17.244120800911897
site_e726c7cce5,2026-03-08T01:00:00+00:00,4,108.48309210289061,36.949099460143984
site_e726c7cce5,2026-03-08T01:00:00+00:00,96,50.799209293883564,15.83242858305455
site_e726c7cce5,2026-03-08T01:15:00+00:00,4,80.03351493063599,26.64550562030187
site_e726c7cce5,2026-03-08T01:15:00+00:00,96,180.7456752075226,54.76609178658047
site_e726c7cce5,2026-03-08T01:30:00+00:00,4,66.8591873505352,21.99848087572596
site_e726c7cce5,2026-03-08T01:30:00+00:00,96,81.28197228056865,26.312956875185037
site_e726c7cce5,2026-03-08T01:45:00+00:00,4,72.77797084784723,22.02293325312942
site_e726c7cce5,2026-03-08T01:45:00+00:00,96,57.05272090557026,17.977506773984135
site_e726c7cce5,2026-03-08T02:00:00+00:00,4,90.31389292342087,30.67809548482435
site_e726c7cce5,2026-03-08T02:00:00+00:00,96,53.926578477958444,17.330258592562675
site_e726c7cce5,2026-03-08T02:15:00+00:00,4,93.35908630967609,29.83688156105063
site_e726c7cce5,2026-03-08T02:15:00+00:00,96,68.84270918302161,22.406553470811446
site_e726c7cce5,2026-03-08T02:30:00+00:00,4,83.09136979590022,26.578692507557292
site_e726c7cce5,2026-03-08T02:30:00+00:00,96,111.78208943449724,35.25968022651489
site_e726c7cce5,2026-03-08T02:45:00+00:00,4,72.22909417949884,23.134255791875148
site_e726c7cce5,2026-03-08T02:45:00+00:00,96,83.58020979519844,26.47552331720874
site_e726c7cce5,2026-03-08T03:00:00+00:00,4,48.06702877982869,16.985260675730046
site_e726c7cce5,2026-03-08T03:00:00+00:00,96,88.4253568960315,27.46516894365935
site_e726c7cce5,2026-03-08T03:15:00+00:00,4,45.314359022240744,14.493453488023533
site_e726c7cce5,2026-03-08T03:15:00+00:00,96,114.88604108245656,35.65496999019062
site_e726c7cce5,2026-03-08T03:30:00+00:00,4,59.51813910073063,21.133173232504568
site_e726c7cce5,2026-03-08T03:30:00+00:00,96,76.19499305067839,24.435147199393832
site_e726c7cce5,2026-03-08T03:45:00+00:00,4,79.10520414894555,25.62406790071672
site_e726c7cce5,2026-03-08T03:45:00+00:00,96,79.72107709969183,24.84242754422437
site_e726c7cce5,2026-03-08T04:00:00+00:00,4,63.22462869503575,20.085429835697074
site_e726c7cce5,2026-03-08T04:00:00+00:00,96,72.93130795863188,22.019235474020824
site_e726c7cce5,2026-03-08T04:15:00+00:00,4,56.05083579801785,18.674484212885215
site_e726c7cce5,2026-03-08T04:15:00+00:00,96,113.60662338055022,30.418125286179386
site_e726c7cce5,2026-03-08T04:30:00+00:00,4,91.23881997240414,36.428158948431566
site_e726c7cce5,2026-03-08T04:30:00+00:00,96,97.8708587857972,26.46329928581605
site_e726c7cce5,2026-03-08T04:45:00+00:00,4,86.83554334075897,34.96741186048839
site_e726c7cce5,2026-03-08T04:45:00+00:00,96,93.78828091465773,24.74046356257708
site_e726c7cce5,2026-03-08T05:00:00+00:00,4,69.75526879522896,21.863143378181505
site_e726c7cce5,2026-03-08T05:00:00+00:00,96,72.73184012001379,20.117968659265397
site_e726c7cce5,2026-03-08T05:15:00+00:00,4,68.36844358941029,20.432616982802976
site_e726c7cce5,2026-03-08T05:15:00+00:00,96,140.36125483276516,76.59440710171147
site_e726c7cce5,2026-03-08T05:30:00+00:00,4,93.12027287232576,48.5414394645719
site_e726c7cce5,2026-03-08T05:30:00+00:00,96,116.99032367733986,44.976245531054225
site_e726c7cce5,2026-03-08T05:45:00+00:00,4,110.97740524514356,76.72647572656246
site_e726c7cce5,2026-03-08T05:45:00+00:00,96,85.53663171059823,32.08297432131877
site_e726c7cce5,2026-03-08T06:00:00+00:00,4,83.02057385797181,23.753245282944032
site_e726c7cce5,2026-03-08T06:00:00+00:00,96,87.97785022017271,33.3242460132321
site_e726c7cce5,2026-03-08T06:15:00+00:00,4,78.21800931497904,92.84059213050035
site_e726c7cce5,2026-03-08T06:15:00+00:00,96,108.53108601823459,36.01194429582118
site_e726c7cce5,2026-03-08T06:30:00+00:00,4,80.71662184229932,24.712626630981163
site_e726c7cce5,2026-03-08T06:30:00+00:00,96,171.45738250068024,64.57558176030474
site_e726c7cce5,2026-03-08T06:45:00+00:00,4,69.62513242981211,25.309914208126774
site_e726c7cce5,2026-03-08T06:45:00+00:00,96,110.11504603568319,42.691382682044505
site_e726c7cce5,2026-03-08T07:00:00+00:00,4,49.866804856345674,18.819806222588248
site_e726c7cce5,2026-03-08T07:00:00+00:00,96,101.76044473975712,41.98860255353263
site_e726c7cce5,2026-03-08T07:15:00+00:00,4,45.5214967291439,20.819804661675096
site_e726c7cce5,2026-03-08T07:15:00+00:00,96,76.0235083242028,31.14404068027206
site_e726c7cce5,2026-03-08T07:30:00+00:00,4,47.80622846975872,19.929418775267365
site_e726c7cce5,2026-03-08T07:30:00+00:00,96,100.71930078105059,40.15028348021627
site_e726c7cce5,2026-03-08T07:45:00+00:00,4,130.22530224661773,50.82885742120225
site_e726c7cce5,2026-03-08T07:45:00+00:00,96,138.97510781542294,52.50672841011164
site_e726c7cce5,2026-03-08T08:00:00+00:00,4,63.08059241476543,25.411460278602153
site_e726c7cce5,2026-03-08T08:00:00+00:00,96,157.7641337255616,59.132935369196545
site_e726c7cce5,2026-03-08T08:15:00+00:00,4,57.223764574072796,24.183619204389647
site_e726c7cce5,2026-03-08T08:15:00+00:00,96,227.90913342630625,238.32625083458726
site_e726c7cce5,2026-03-08T08:30:00+00:00,4,74.73232587431947,30.427180304558597
site_e726c7cce5,2026-03-08T08:30:00+00:00,96,302.1862761343459,260.28519443983924
site_e726c7cce5,2026-03-08T08:45:00+00:00,4,57.257309064544906,24.637596679086986
site_e726c7cce5,2026-03-08T08:45:00+00:00,96,225.0871972186605,199.73129051457462
site_e726c7cce5,2026-03-08T09:00:00+00:00,4,62.62128302095739,27.52560938188929
site_e726c7cce5,2026-03-08T09:00:00+00:00,96,125.19489740273035,53.506574232992065
site_e726c7cce5,2026-03-08T09:15:00+00:00,4,58.17104675186872,26.327323583635334
site_e726c7cce5,2026-03-08T09:15:00+00:00,96,101.2827251233421,58.81909722118007
site_e726c7cce5,2026-03-08T09:30:00+00:00,4,59.803803632666224,26.823625258582826
site_e726c7cce5,2026-03-08T09:30:00+00:00,96,98.70479793013294,36.497708357081876
site_e726c7cce5,2026-03-08T09:45:00+00:00,4,78.38634086639989,35.85465436999549
site_e726c7cce5,2026-03-08T09:45:00+00:00,96,150.21755960584613,69.41173719758739
site_e726c7cce5,2026-03-08T10:00:00+00:00,4,87.20572390779171,38.97182303940738
site_e726c7cce5,2026-03-08T10:00:00+00:00,96,145.0685123728528,67.91542118795232
site_e726c7cce5,2026-03-08T10:15:00+00:00,4,91.71008653770406,41.06523181226227
site_e726c7cce5,2026-03-08T10:15:00+00:00,96,190.3815833521918,113.80693108618044
site_e726c7cce5,2026-03-08T10:30:00+00:00,4,85.23334863088698,38.30609361608904
site_e726c7cce5,2026-03-08T10:30:00+00:00,96,162.58050713626432,96.89837808505358
site_e726c7cce5,2026-03-08T10:45:00+00:00,4,71.06152071362419,30.286751035487924
site_e726c7cce5,2026-03-08T10:45:00+00:00,96,275.4516386165072,80.32500265002248
site_e726c7cce5,2026-03-08T11:00:00+00:00,4,52.38917094850226,22.20381750310969
site_e726c7cce5,2026-03-08T11:00:00+00:00,96,196.47556363828153,54.51864316764936
site_e726c7cce5,2026-03-08T11:15:00+00:00,4,48.94142810700287,19.96809630447972
site_e726c7cce5,2026-03-08T11:15:00+00:00,96,208.2675579663861,57.9930130302845
site_e726c7cce5,2026-03-08T11:30:00+00:00,4,74.75293197132356,29.017609230395333
site_e726c7cce5,2026-03-08T11:30:00+00:00,96,201.34321146043223,56.37984898481748
site_e726c7cce5,2026-03-08T11:45:00+00:00,4,71.33408400641508,27.51768915340945
site_e726c7cce5,2026-03-08T11:45:00+00:00,96,207.79578384768683,58.67041829304728
site_e726c7cce5,2026-03-08T12:00:00+00:00,4,73.00690598203109,32.49534990581244
site_e726c7cce5,2026-03-08T12:00:00+00:00,96,108.9694595267332,32.13486593144806
site_e726c7cce5,2026-03-08T12:15:00+00:00,4,102.39192829275389,45.8454486634097
site_e726c7cce5,2026-03-08T12:15:00+00:00,96,107.15991274188426,31.513778033966958
site_e726c7cce5,2026-03-08T12:30:00+00:00,4,131.3391605235962,73.55053511505541
site_e726c7cce5,2026-03-08T12:30:00+00:00,96,99.08414697766308,29.03204930864804
site_e726c7cce5,2026-03-08T12:45:00+00:00,4,125.10380877402089,46.02239889700549
site_e726c7cce5,2026-03-08T12:45:00+00:00,96,151.95299867372484,50.44016850334941
site_e726c7cce5,2026-03-08T13:00:00+00:00,4,111.4218189228537,41.388166175594314
site_e726c7cce5,2026-03-08T13:00:00+00:00,96,207.40108580206754,91.97583068002747
site_e726c7cce5,2026-03-08T13:15:00+00:00,4,115.51029830814804,66.34239626610348
site_e726c7cce5,2026-03-08T13:15:00+00:00,96,360.02561717468063,196.56818864086662
site_e726c7cce5,2026-03-08T13:30:00+00:00,4,140.21372812624057,49.04861408724325
site_e726c7cce5,2026-03-08T13:30:00+00:00,96,106.87958792800444,133.79092098647928
site_e726c7cce5,2026-03-08T13:45:00+00:00,4,119.91492005336676,71.63807740129593
site_e726c7cce5,2026-03-08T13:45:00+00:00,96,266.4277254989437,217.2770475800641
site_e726c7cce5,2026-03-08T14:00:00+00:00,4,141.66308709286287,67.45800786012491
site_e726c7cce5,2026-03-08T14:00:00+00:00,96,167.042238813231,237.31553328761163
site_e726c7cce5,2026-03-08T14:15:00+00:00,4,137.41520903282435,56.98583244153621
site_e726c7cce5,2026-03-08T14:15:00+00:00,96,113.57905078725818,86.15254358754669
site_e726c7cce5,2026-03-08T14:30:00+00:00,4,126.79488333279346,52.192184139424306
site_e726c7cce5,2026-03-08T14:30:00+00:00,96,143.55066006468576,137.90711687075782
site_e726c7cce5,2026-03-08T14:45:00+00:00,4,90.33452906919736,36.637059243094086
site_e726c7cce5,2026-03-08T14:45:00+00:00,96,85.09303262411319,133.59152378492573
site_e726c7cce5,2026-03-08T15:00:00+00:00,4,102.33787259813434,40.303516897254454
site_e726c7cce5,2026-03-08T15:00:00+00:00,96,118.96299768694138,44.8432054051128
site_e726c7cce5,2026-03-08T15:15:00+00:00,4,126.89782608310331,46.42205366282161
site_e726c7cce5,2026-03-08T15:15:00+00:00,96,75.14736674785546,28.55263300915111
site_e726c7cce5,2026-03-08T15:30:00+00:00,4,131.1280287098723,86.74695937750197
site_e726c7cce5,2026-03-08T15:30:00+00:00,96,86.83396376084788,34.63252548978497
site_e726c7cce5,2026-03-08T15:45:00+00:00,4,315.20537417319144,166.2484349173509
site_e726c7cce5,2026-03-08T15:45:00+00:00,96,111.27253131683932,40.6641974551972
site_e726c7cce5,2026-03-08T16:00:00+00:00,4,367.6145361654163,135.81844381164447
site_e726c7cce5,2026-03-08T16:00:00+00:00,96,104.94216071240146,51.50939572355799
site_e726c7cce5,2026-03-08T16:15:00+00:00,4,350.07596266756025,162.79464968648554
site_e726c7cce5,2026-03-08T16:15:00+00:00,96,138.32048111426832,165.89851806094066
site_e726c7cce5,2026-03-08T16:30:00+00:00,4,427.3503181524258,239.38435996830063
site_e726c7cce5,2026-03-08T16:30:00+00:00,96,169.31593687266837,81.91785980252553
site_e726c7cce5,2026-03-08T16:45:00+00:00,4,228.33272147426354,100.3937697830043
site_e726c7cce5,2026-03-08T16:45:00+00:00,96,155.36230080737943,61.797294870258206
site_e726c7cce5,2026-03-08T17:00:00+00:00,4,235.44196031391854,173.9453559256302
site_e726c7cce5,2026-03-08T17:00:00+00:00,96,162.3092687524926,64.84790755942059
site_e726c7cce5,2026-03-08T17:15:00+00:00,4,207.0000703924986,117.06758638584657
site_e726c7cce5,2026-03-08T17:15:00+00:00,96,188.06318674901505,73.57165153135344
site_e726c7cce5,2026-03-08T17:30:00+00:00,4,153.32706306226623,69.54179334095161
site_e726c7cce5,2026-03-08T17:30:00+00:00,96,242.1826433099695,122.22526014245383
site_e726c7cce5,2026-03-08T17:45:00+00:00,4,107.75897017346817,48.180947425367265
site_e726c7cce5,2026-03-08T17:45:00+00:00,96,183.33467896635426,102.37432139508941
site_e726c7cce5,2026-03-08T18:00:00+00:00,4,186.19711750850036,119.070699362956
site_e726c7cce5,2026-03-08T18:00:00+00:00,96,109.09691393440843,84.43244421113508
site_e726c7cce5,2026-03-08T18:15:00+00:00,4,136.34761431826038,73.26824693667135
site_e726c7cce5,2026-03-08T18:15:00+00:00,96,118.05592157285274,87.05425870161633
site_e726c7cce5,2026-03-08T18:30:00+00:00,4,119.86750395842233,57.930717241840426
site_e726c7cce5,2026-03-08T18:30:00+00:00,96,89.2251860876168,38.102360671207926
site_e726c7cce5,2026-03-08T18:45:00+00:00,4,142.05822936405397,63.635643896119234
site_e726c7cce5,2026-03-08T18:45:00+00:00,96,77.6020436246566,33.58578661344418
site_e726c7cce5,2026-03-08T19:00:00+00:00,4,182.04161949048728,78.74272422577079
site_e726c7cce5,2026-03-08T19:00:00+00:00,96,173.05342219149935,183.18231307946417
site_e726c7cce5,2026-03-08T19:15:00+00:00,4,153.30216825726026,66.23335474210666
site_e726c7cce5,2026-03-08T19:15:00+00:00,96,274.40669699930623,162.96076423620042
site_e726c7cce5,2026-03-08T19:30:00+00:00,4,79.86610131600052,36.56690113768317
site_e726c7cce5,2026-03-08T19:30:00+00:00,96,142.94760129452754,63.722334265798935
site_e726c7cce5,2026-03-08T19:45:00+00:00,4,105.12033118638924,47.6578057443376
site_e726c7cce5,2026-03-08T19:45:00+00:00,96,184.08866259446546,190.50488835836924
site_e726c7cce5,2026-03-08T20:00:00+00:00,4,122.43172080785804,61.473178078445116
site_e726c7cce5,2026-03-08T20:00:00+00:00,96,133.4229516734397,68.63168005664664
site_e726c7cce5,2026-03-08T20:15:00+00:00,4,109.72640215007931,46.153239997369354
site_e726c7cce5,2026-03-08T20:15:00+00:00,96,147.3391524873114,86.43855211126078
site_e726c7cce5,2026-03-08T20:30:00+00:00,4,57.093245330144704,23.80319237192429
site_e726c7cce5,2026-03-08T20:30:00+00:00,96,155.9422482827396,146.43224627846175
site_e726c7cce5,2026-03-08T20:45:00+00:00,4,63.66141340962147,26.365170423713604
site_e726c7cce5,2026-03-08T20:45:00+00:00,96,213.52252440620356,108.35449482212695
site_e726c7cce5,2026-03-08T21:00:00+00:00,4,72.29930209943542,60.06071393402142
site_e726c7cce5,2026-03-08T21:00:00+00:00,96,251.8790748863031,112.45424875300142
site_e726c7cce5,2026-03-08T21:15:00+00:00,4,94.95223788478648,41.50398973380983
site_e726c7cce5,2026-03-08T21:15:00+00:00,96,148.2102454145566,46.43062936633107
site_e726c7cce5,2026-03-08T21:30:00+00:00,4,66.41440857842517,34.39525961288149
site_e726c7cce5,2026-03-08T21:30:00+00:00,96,264.40439993553133,93.923827275918
site_e726c7cce5,2026-03-08T21:45:00+00:00,4,96.79641376592977,78.03752677738262
site_e726c7cce5,2026-03-08T21:45:00+00:00,96,200.1180921412482,77.18987288529249
site_e726c7cce5,2026-03-08T22:00:00+00:00,4,64.83140272352,61.10955727929819
site_e726c7cce5,2026-03-08T22:00:00+00:00,96,166.0925166871828,153.17994429287214
site_e726c7cce5,2026-03-08T22:15:00+00:00,4,83.34524189023176,95.17248967405605
site_e726c7cce5,2026-03-08T22:15:00+00:00,96,249.59735435473988,81.53722020938685
site_e726c7cce5,2026-03-08T22:30:00+00:00,4,55.40768799661411,30.91594492765897
site_e726c7cce5,2026-03-08T22:30:00+00:00,96,75.44980966379543,26.214366439265955
site_e726c7cce5,2026-03-08T22:45:00+00:00,4,55.17660395817854,21.364855858335794
site_e726c7cce5,2026-03-08T22:45:00+00:00,96,49.905977721164305,18.41757666837231
site_e726c7cce5,2026-03-08T23:00:00+00:00,4,56.61413390779923,20.23576201246071
site_e726c7cce5,2026-03-08T23:00:00+00:00,96,41.1664362284972,14.924393460525955
site_e726c7cce5,2026-03-08T23:15:00+00:00,4,75.84860533912243,53.34261580251888
site_e726c7cce5,2026-03-08T23:15:00+00:00,96,42.99914668696948,21.726919251482997
site_e726c7cce5,2026-03-08T23:30:00+00:00,4,47.069657490315244,16.769938689760597
site_e726c7cce5,2026-03-08T23:30:00+00:00,96,78.6198553151801,30.303097984437933
site_e726c7cce5,2026-03-08T23:45:00+00:00,4,39.04690396479736,14.828646732894018
site_e726c7cce5,2026-03-08T23:45:00+00:00,96,52.56749543653248,55.4665490483252
site_e726c7cce5,2026-03-09T00:00:00+00:00,4,30.973663308183824,11.362844134060524
site_e726c7cce5,2026-03-09T00:00:00+00:00,96,99.07975937969003,34.121515242094304
site_e726c7cce5,2026-03-09T00:15:00+00:00,4,60.47160198086973,22.790989534265066
site_e726c7cce5,2026-03-09T00:15:00+00:00,96,77.62256119748187,27.05407391729326
site_e726c7cce5,2026-03-09T00:30:00+00:00,4,147.1243169444645,52.85769069113459
site_e726c7cce5,2026-03-09T00:30:00+00:00,96,60.7586541259484,21.069250856966956
site_e726c7cce5,2026-03-09T00:45:00+00:00,4,136.41579511086954,67.62880231045645
site_e726c7cce5,2026-03-09T00:45:00+00:00,96,84.82851326997142,27.06554866742747
site_e726c7cce5,2026-03-09T01:00:00+00:00,4,120.17809515881576,39.21490343993431
site_e726c7cce5,2026-03-09T01:00:00+00:00,96,182.81909518026214,55.94324782907923
site_e726c7cce5,2026-03-09T01:15:00+00:00,4,279.65373112988976,177.50955999102246
site_e726c7cce5,2026-03-09T01:15:00+00:00,96,189.16170405825744,57.58453834673589
site_e726c7cce5,2026-03-09T01:30:00+00:00,4,261.4500533055645,190.2226074553938
site_e726c7cce5,2026-03-09T01:30:00+00:00,96,180.66362367936904,54.702697540517114
site_e726c7cce5,2026-03-09T01:45:00+00:00,4,163.9990659298037,52.36844324300251
site_e726c7cce5,2026-03-09T01:45:00+00:00,96,88.81846353518549,30.085408584239268
site_e726c7cce5,2026-03-09T02:00:00+00:00,4,279.7853597656499,137.91095771265435
site_e726c7cce5,2026-03-09T02:00:00+00:00,96,72.29395730333385,25.213785890262482
site_e726c7cce5,2026-03-09T02:15:00+00:00,4,486.4137484713206,235.57784864718428
site_e726c7cce5,2026-03-09T02:15:00+00:00,96,79.11008898070776,26.49452956572529
site_e726c7cce5,2026-03-09T02:30:00+00:00,4,363.0330589081413,143.03434311796076
site_e726c7cce5,2026-03-09T02:30:00+00:00,96,150.8567640799684,51.11203041745403
site_e726c7cce5,2026-03-09T02:45:00+00:00,4,243.61362766020434,111.95595862329515
site_e726c7cce5,2026-03-09T02:45:00+00:00,96,171.0116722986951,53.37643571242061
site_e726c7cce5,2026-03-09T03:00:00+00:00,4,169.97439291388477,73.84473979863371
site_e726c7cce5,2026-03-09T03:00:00+00:00,96,105.13556017533088,36.33432841852602
site_e726c7cce5,2026-03-09T03:15:00+00:00,4,266.2663156667952,137.7003518618874
site_e726c7cce5,2026-03-09T03:15:00+00:00,96,102.7715775061916,37.03288989206165
site_e726c7cce5,2026-03-09T03:30:00+00:00,4,402.42031348206,187.28770618558502
site_e726c7cce5,2026-03-09T03:30:00+00:00,96,181.00416353328097,70.71820892700724
site_e726c7cce5,2026-03-09T03:45:00+00:00,4,450.37892423418043,277.37277995865617
site_e726c7cce5,2026-03-09T03:45:00+00:00,96,168.26343012831256,63.94953495216959
site_e726c7cce5,2026-03-09T04:00:00+00:00,4,389.9669479819005,209.80069101988573
site_e726c7cce5,2026-03-09T04:00:00+00:00,96,112.83124880865172,38.090162026168564
site_e726c7cce5,2026-03-09T04:15:00+00:00,4,531.1476853792341,177.48179112773465
site_e726c7cce5,2026-03-09T04:15:00+00:00,96,132.76899340715548,42.13834489509031
site_e726c7cce5,2026-03-09T04:30:00+00:00,4,592.1203188496052,564.023984785154
site_e726c7cce5,2026-03-09T04:30:00+00:00,96,179.24217964866983,94.01069317421667
site_e726c7cce5,2026-03-09T04:45:00+00:00,4,534.082043536966,1038.6011681290959
site_e726c7cce5,2026-03-09T04:45:00+00:00,96,213.06776747665543,150.18444304989225
site_e726c7cce5,2026-03-09T05:00:00+00:00,4,571.8290738985794,1028.1781415049059
site_e726c7cce5,2026-03-09T05:00:00+00:00,96,135.6491251643317,40.9707088852993
site_e726c7cce5,2026-03-09T05:15:00+00:00,4,910.2846414459666,1298.699604468298
site_e726c7cce5,2026-03-09T05:15:00+00:00,96,119.33743173022802,148.62184179983967
site_e726c7cce5,2026-03-09T05:30:00+00:00,4,778.7881232984813,1544.8113583198628
site_e726c7cce5,2026-03-09T05:30:00+00:00,96,121.23356302873623,40.81544098133691
site_e726c7cce5,2026-03-09T05:45:00+00:00,4,536.397786856142,883.3974193438022
site_e726c7cce5,2026-03-09T05:45:00+00:00,96,134.45203591718027,52.19852101276814
site_e726c7cce5,2026-03-09T06:00:00+00:00,4,487.42713475100817,877.6133716559203
site_e726c7cce5,2026-03-09T06:00:00+00:00,96,183.76654638605785,72.50508979037593
site_e726c7cce5,2026-03-09T06:15:00+00:00,4,640.8452126941377,1291.6748812988196
site_e726c7cce5,2026-03-09T06:15:00+00:00,96,116.13391570600126,49.173972600879495
site_e726c7cce5,2026-03-09T06:30:00+00:00,4,564.9133162340819,1338.7939607367828
site_e726c7cce5,2026-03-09T06:30:00+00:00,96,125.77515675657314,55.072937128159744
site_e726c7cce5,2026-03-09T06:45:00+00:00,4,424.96873289725875,1054.3433277625638
site_e726c7cce5,2026-03-09T06:45:00+00:00,96,316.5287400330077,126.93896493362716
site_e726c7cce5,2026-03-09T07:00:00+00:00,4,610.2096257034983,1549.6264273075142
site_e726c7cce5,2026-03-09T07:00:00+00:00,96,136.88342275529018,60.89735760806754
site_e726c7cce5,2026-03-09T07:15:00+00:00,4,457.28988643684903,1189.2903381756234
site_e726c7cce5,2026-03-09T07:15:00+00:00,96,163.42475939080495,71.80432368350309
site_e726c7cce5,2026-03-09T07:30:00+00:00,4,604.0754695297497,1542.0809186064196
site_e726c7cce5,2026-03-09T07:30:00+00:00,96,150.7241684599171,66.89551245339352
site_e726c7cce5,2026-03-09T07:45:00+00:00,4,618.2918239535429,1578.6487660712667
site_e726c7cce5,2026-03-09T07:45:00+00:00,96,158.33606394923783,69.21277213402026
site_e726c7cce5,2026-03-09T08:00:00+00:00,4,661.023844786629,1639.3047401262825
site_e726c7cce5,2026-03-09T08:00:00+00:00,96,172.1948781836741,75.54386854722661
site_e726c7cce5,2026-03-09T08:15:00+00:00,4,687.8811061366187,1474.5354324093373
site_e726c7cce5,2026-03-09T08:15:00+00:00,96,162.55263726062137,71.52176787719701
site_e726c7cce5,2026-03-09T08:30:00+00:00,4,756.8542830863005,1922.3333940098855
site_e726c7cce5,2026-03-09T08:30:00+00:00,96,177.59002307075264,77.33344480643356
site_e726c7cce5,2026-03-09T08:45:00+00:00,4,717.6949152369498,1830.3798363809435
site_e726c7cce5,2026-03-09T08:45:00+00:00,96,160.97780600976705,71.5214607298454
site_e726c7cce5,2026-03-09T09:00:00+00:00,4,719.619340184452,1843.5585745669707
site_e726c7cce5,2026-03-09T09:00:00+00:00,96,156.67115067444735,70.2148480456323
site_e726c7cce5,2026-03-09T09:15:00+00:00,4,635.9942824278829,1639.7394627598167
site_e726c7cce5,2026-03-09T09:15:00+00:00,96,190.555875329463,83.28730170184507
site_e726c7cce5,2026-03-09T09:30:00+00:00,4,669.4522504686852,1708.05223755146
site_e726c7cce5,2026-03-09T09:30:00+00:00,96,147.2136165199402,66.3467722208462
site_e726c7cce5,2026-03-09T09:45:00+00:00,4,498.5103333427858,1289.5557358963638
site_e726c7cce5,2026-03-09T09:45:00+00:00,96,150.09198416690802,64.24730083620948
site_e726c7cce5,2026-03-09T10:00:00+00:00,4,637.7486655947906,1631.2023005473507
site_e726c7cce5,2026-03-09T10:00:00+00:00,96,133.97108652941927,59.427891623027634
site_e726c7cce5,2026-03-09T10:15:00+00:00,4,562.9206482410423,1444.125394188623
site_e726c7cce5,2026-03-09T10:15:00+00:00,96,131.2812799863944,56.54778009000789
site_e726c7cce5,2026-03-09T10:30:00+00:00,4,505.43172882545286,1302.9877867663695
site_e726c7cce5,2026-03-09T10:30:00+00:00,96,188.0605626980724,73.68976702684624
site_e726c7cce5,2026-03-09T10:45:00+00:00,4,522.2211579658231,1345.804583609688
site_e726c7cce5,2026-03-09T10:45:00+00:00,96,144.34616056341773,56.25019609006374
site_e726c7cce5,2026-03-09T11:00:00+00:00,4,533.2345974206535,1375.9934688025228
site_e726c7cce5,2026-03-09T11:00:00+00:00,96,223.64284554602085,89.42224692932692
site_e726c7cce5,2026-03-09T11:15:00+00:00,4,446.72146749015593,1158.5729909575552
site_e726c7cce5,2026-03-09T11:15:00+00:00,96,332.94795825901366,141.78652071116656
site_e726c7cce5,2026-03-09T11:30:00+00:00,4,392.28348003059585,1022.7757609832319
site_e726c7cce5,2026-03-09T11:30:00+00:00,96,172.50097149958052,95.06754327042428
site_e726c7cce5,2026-03-09T11:45:00+00:00,4,438.6304551627996,1137.4934446747689
site_e726c7cce5,2026-03-09T11:45:00+00:00,96,160.30490253005738,60.718366532586344
site_e726c7cce5,2026-03-09T12:00:00+00:00,4,444.4637705346373,1150.029013208684
site_e726c7cce5,2026-03-09T12:00:00+00:00,96,159.79440533268038,60.434898126645734
site_e726c7cce5,2026-03-09T12:15:00+00:00,4,477.84027686179525,1233.9300360754721
site_e726c7cce5,2026-03-09T12:15:00+00:00,96,177.7113271219941,104.17837862130433
site_e726c7cce5,2026-03-09T12:30:00+00:00,4,325.38168798773484,862.0733039393211
site_e726c7cce5,2026-03-09T12:30:00+00:00,96,352.3680090863729,122.72995764101891
site_e726c7cce5,2026-03-09T12:45:00+00:00,4,367.0976576192419,955.249028683746
site_e726c7cce5,2026-03-09T12:45:00+00:00,96,182.19919753227504,109.08281452691699
site_e726c7cce5,2026-03-09T13:00:00+00:00,4,412.24727098473215,816.3603379486992
site_e726c7cce5,2026-03-09T13:00:00+00:00,96,298.2174465191141,134.78870842002027
site_e726c7cce5,2026-03-09T13:15:00+00:00,4,427.7814049722459,1114.6708144093109
site_e726c7cce5,2026-03-09T13:15:00+00:00,96,202.0678397336879,79.57865066071838
site_e726c7cce5,2026-03-09T13:30:00+00:00,4,337.90902833649585,905.9750152408546
site_e726c7cce5,2026-03-09T13:30:00+00:00,96,180.0188686746917,66.61647379710497
site_e726c7cce5,2026-03-09T13:45:00+00:00,4,366.82961397193554,971.3366281314904
site_e726c7cce5,2026-03-09T13:45:00+00:00,96,154.75692349155943,63.45296069555955
site_e726c7cce5,2026-03-09T14:00:00+00:00,4,313.488138122426,834.2986814470862
site_e726c7cce5,2026-03-09T14:00:00+00:00,96,232.83081394693426,89.36072996981213
site_e726c7cce5,2026-03-09T14:15:00+00:00,4,416.9013419914202,1097.0835870061262
site_e726c7cce5,2026-03-09T14:15:00+00:00,96,191.42576707696435,73.43944967276587
site_e726c7cce5,2026-03-09T14:30:00+00:00,4,447.08666974618774,1167.0098620142476
site_e726c7cce5,2026-03-09T14:30:00+00:00,96,326.9192493588379,216.01535463116318
site_e726c7cce5,2026-03-09T14:45:00+00:00,4,528.5048087216844,1307.46205031479
site_e726c7cce5,2026-03-09T14:45:00+00:00,96,1199.78529854909,609.2914300593043
site_e726c7cce5,2026-03-09T15:00:00+00:00,4,567.935301340515,1455.569682819419
site_e726c7cce5,2026-03-09T15:00:00+00:00,96,659.8402715288264,223.9266929655264
site_e726c7cce5,2026-03-09T15:15:00+00:00,4,415.0567542873136,795.9592374243788
site_e726c7cce5,2026-03-09T15:15:00+00:00,96,283.47881200892976,126.1109863588599
site_e726c7cce5,2026-03-09T15:30:00+00:00,4,236.98742632931467,633.8891003274769
site_e726c7cce5,2026-03-09T15:30:00+00:00,96,528.1817643992299,285.7949746490776
site_e726c7cce5,2026-03-09T15:45:00+00:00,4,324.8748243491797,474.9558536634043
site_e726c7cce5,2026-03-09T15:45:00+00:00,96,177.80704095950304,73.34578155280491
site_e726c7cce5,2026-03-09T16:00:00+00:00,4,393.4781449148219,764.8060163316463
site_e726c7cce5,2026-03-09T16:00:00+00:00,96,186.63647240443632,130.37392201931283
site_e726c7cce5,2026-03-09T16:15:00+00:00,4,387.2653612161535,529.9171523537558
site_e726c7cce5,2026-03-09T16:15:00+00:00,96,151.07439934765853,81.33533382180843
site_e726c7cce5,2026-03-09T16:30:00+00:00,4,321.5053710486468,733.0705244881043
site_e726c7cce5,2026-03-09T16:30:00+00:00,96,99.25980367056827,45.322806334728796
site_e726c7cce5,2026-03-09T16:45:00+00:00,4,369.7249856115921,961.1447444130806
site_e726c7cce5,2026-03-09T16:45:00+00:00,96,90.09285060639591,41.87882500747434
site_e726c7cce5,2026-03-09T17:00:00+00:00,4,285.1271346027193,357.3005929954755
site_e726c7cce5,2026-03-09T17:00:00+00:00,96,221.57986067452933,132.82324102870416
site_e726c7cce5,2026-03-09T17:15:00+00:00,4,275.4453947334009,725.0550183732163
site_e726c7cce5,2026-03-09T17:15:00+00:00,96,118.44333311103864,60.18655364580262
site_e726c7cce5,2026-03-09T17:30:00+00:00,4,260.90294763155555,694.6165045646786
site_e726c7cce5,2026-03-09T17:30:00+00:00,96,109.63157629307881,51.252234346139964
site_e726c7cce5,2026-03-09T17:45:00+00:00,4,182.38459109714623,501.9110546731557
site_e726c7cce5,2026-03-09T17:45:00+00:00,96,152.97935170544383,64.77248259682813
site_e726c7cce5,2026-03-09T18:00:00+00:00,4,221.2994293566898,417.6792230942399
site_e726c7cce5,2026-03-09T18:00:00+00:00,96,180.50845572252257,78.5575688841241
site_e726c7cce5,2026-03-09T18:15:00+00:00,4,244.14324887867235,658.0793273995649
site_e726c7cce5,2026-03-09T18:15:00+00:00,96,162.0390231603702,71.0606717678173
site_e726c7cce5,2026-03-09T18:30:00+00:00,4,253.60114462364092,560.4478388688433
site_e726c7cce5,2026-03-09T18:30:00+00:00,96,84.30071118913867,42.29991146393546
site_e726c7cce5,2026-03-09T18:45:00+00:00,4,208.90520065681687,394.8472557419999
site_e726c7cce5,2026-03-09T18:45:00+00:00,96,261.9917976797001,107.00660847057802
site_e726c7cce5,2026-03-09T19:00:00+00:00,4,189.43425649728076,515.031944891002
site_e726c7cce5,2026-03-09T19:00:00+00:00,96,193.16569906387514,94.22413349920902
site_e726c7cce5,2026-03-09T19:15:00+00:00,4,370.1601421229409,265.66652607931013
site_e726c7cce5,2026-03-09T19:15:00+00:00,96,104.2772801940693,48.67041405332498
site_e726c7cce5,2026-03-09T19:30:00+00:00,4,153.17477933485833,406.8703608919151
site_e726c7cce5,2026-03-09T19:30:00+00:00,96,101.0147847329455,40.941844925775115
site_e726c7cce5,2026-03-09T19:45:00+00:00,4,224.13091117095405,295.8072019813038
site_e726c7cce5,2026-03-09T19:45:00+00:00,96,112.2025606546441,51.930135609684946
site_e726c7cce5,2026-03-09T20:00:00+00:00,4,346.9150430449316,527.3390537992915
site_e726c7cce5,2026-03-09T20:00:00+00:00,96,135.71810955224353,113.9064039129223
site_e726c7cce5,2026-03-09T20:15:00+00:00,4,323.5762220910376,689.9448603118908
site_e726c7cce5,2026-03-09T20:15:00+00:00,96,160.72042907979386,71.53401926648391
site_e726c7cce5,2026-03-09T20:30:00+00:00,4,368.3550446317281,791.9056109195304
site_e726c7cce5,2026-03-09T20:30:00+00:00,96,84.43956435632077,49.10288617024592
site_e726c7cce5,2026-03-09T20:45:00+00:00,4,444.2022680655119,754.2220630479281
site_e726c7cce5,2026-03-09T20:45:00+00:00,96,173.72035779021581,144.7367764957872
site_e726c7cce5,2026-03-09T21:00:00+00:00,4,391.77966499461525,787.3894784766628
site_e726c7cce5,2026-03-09T21:00:00+00:00,96,76.17639345600719,75.03557817191526
site_e726c7cce5,2026-03-09T21:15:00+00:00,4,385.41452397260343,523.5011117256382
site_e726c7cce5,2026-03-09T21:15:00+00:00,96,107.03810909935906,124.73171842024196
site_e726c7cce5,2026-03-09T21:30:00+00:00,4,343.0014484553872,396.2978554740425
site_e726c7cce5,2026-03-09T21:30:00+00:00,96,70.26898123819409,41.78524645696115
site_e726c7cce5,2026-03-09T21:45:00+00:00,4,219.27505054474048,401.31811619123926
site_e726c7cce5,2026-03-09T21:45:00+00:00,96,67.85443716130008,28.08189395136838
site_e726c7cce5,2026-03-09T22:00:00+00:00,4,226.0109503155893,176.25215008990443
site_e726c7cce5,2026-03-09T22:00:00+00:00,96,64.33623863463447,26.634365020900326
site_e726c7cce5,2026-03-09T22:15:00+00:00,4,217.2644507297115,262.49692359311496
site_e726c7cce5,2026-03-09T22:15:00+00:00,96,91.527738442643,65.31269666003462
site_e726c7cce5,2026-03-09T22:30:00+00:00,4,186.1921008227767,282.7591843947812
site_e726c7cce5,2026-03-09T22:30:00+00:00,96,46.41696207803696,17.720866019387167
site_e726c7cce5,2026-03-09T22:45:00+00:00,4,264.8090634418051,247.11831771635173
site_e726c7cce5,2026-03-09T22:45:00+00:00,96,48.582248699320004,18.02335788887588
site_e726c7cce5,2026-03-09T23:00:00+00:00,4,200.23582543088136,496.3599338298704
site_e726c7cce5,2026-03-09T23:00:00+00:00,96,37.461999075615125,14.273378763265892
site_e726c7cce5,2026-03-09T23:15:00+00:00,4,222.9645518110556,381.37474267937864
site_e726c7cce5,2026-03-09T23:15:00+00:00,96,129.4519523098477,42.392279217671295
site_e726c7cce5,2026-03-09T23:30:00+00:00,4,216.9492233537176,347.7739032519527
site_e726c7cce5,2026-03-09T23:30:00+00:00,96,705.2506066954749,240.51978571054843
site_e726c7cce5,2026-03-09T23:45:00+00:00,4,202.84474604225855,241.45543586692466
site_e726c7cce5,2026-03-09T23:45:00+00:00,96,218.93712564766327,103.67309612541669
site_e726c7cce5,2026-03-10T00:00:00+00:00,4,266.08355803888475,279.40013022103284
site_e726c7cce5,2026-03-10T00:00:00+00:00,96,107.52841743983475,36.01466570623672
site_e726c7cce5,2026-03-10T00:15:00+00:00,4,304.2870026952966,231.23911316395186
site_e726c7cce5,2026-03-10T00:15:00+00:00,96,659.9309445099103,417.2740380953729
site_e726c7cce5,2026-03-10T00:30:00+00:00,4,323.19877337884856,199.50622991440028
site_e726c7cce5,2026-03-10T00:30:00+00:00,96,544.755536648734,395.88886458431136
site_e726c7cce5,2026-03-10T00:45:00+00:00,4,251.9127669648969,150.7562924815083
site_e726c7cce5,2026-03-10T00:45:00+00:00,96,137.12760342991425,44.966991516186425
site_e726c7cce5,2026-03-10T01:00:00+00:00,4,343.97457803269856,192.50232880102396
site_e726c7cce5,2026-03-10T01:00:00+00:00,96,457.5727251065854,222.53666815917845
site_e726c7cce5,2026-03-10T01:15:00+00:00,4,225.0724450402811,109.7284806472279
site_e726c7cce5,2026-03-10T01:15:00+00:00,96,1200.4643118569106,561.8451197153806
site_e726c7cce5,2026-03-10T01:30:00+00:00,4,217.5421128354517,97.83506687617484
site_e726c7cce5,2026-03-10T01:30:00+00:00,96,362.65078556713445,128.91393407490355
site_e726c7cce5,2026-03-10T01:45:00+00:00,4,427.97003471579757,143.48778765022826
site_e726c7cce5,2026-03-10T01:45:00+00:00,96,164.38353301477483,74.98953027315126
site_e726c7cce5,2026-03-10T02:00:00+00:00,4,364.9273181038742,202.58110563331348
site_e726c7cce5,2026-03-10T02:00:00+00:00,96,133.63230247215455,57.09920689171694
site_e726c7cce5,2026-03-10T02:15:00+00:00,4,235.12094402619545,113.51498019683825
site_e726c7cce5,2026-03-10T02:15:00+00:00,96,207.1165057595954,101.56033841739891
site_e726c7cce5,2026-03-10T02:30:00+00:00,4,301.06385305633523,130.31594496150012
site_e726c7cce5,2026-03-10T02:30:00+00:00,96,246.1401132724481,109.64540821986239
site_e726c7cce5,2026-03-10T02:45:00+00:00,4,305.4002049473051,148.35114576983187
site_e726c7cce5,2026-03-10T02:45:00+00:00,96,294.6745430770543,179.00834311978346
site_e726c7cce5,2026-03-10T03:00:00+00:00,4,324.4467025766925,124.27112927514642
site_e726c7cce5,2026-03-10T03:00:00+00:00,96,312.1493660475083,161.95063357272105
site_e726c7cce5,2026-03-10T03:15:00+00:00,4,269.0095552180124,91.85858230846014
site_e726c7cce5,2026-03-10T03:15:00+00:00,96,528.7834878576652,160.45339149290248
site_e726c7cce5,2026-03-10T03:30:00+00:00,4,236.11764191460827,80.53644459959996
site_e726c7cce5,2026-03-10T03:30:00+00:00,96,728.6597747165238,696.6190063447903
site_e726c7cce5,2026-03-10T03:45:00+00:00,4,306.2578295621265,106.11912339058041
site_e726c7cce5,2026-03-10T03:45:00+00:00,96,710.1697387116965,1421.5595563412967
site_e726c7cce5,2026-03-10T04:00:00+00:00,4,318.91155514325294,124.63356514880334
site_e726c7cce5,2026-03-10T04:00:00+00:00,96,911.032035961427,1697.9434276594202
site_e726c7cce5,2026-03-10T04:15:00+00:00,4,300.0279951565856,99.19217245128057
site_e726c7cce5,2026-03-10T04:15:00+00:00,96,494.30670270963503,733.1015308139728
site_e726c7cce5,2026-03-10T04:30:00+00:00,4,298.8331928008558,102.52418224986877
site_e726c7cce5,2026-03-10T04:30:00+00:00,96,545.2924471002792,1128.2687794261453
site_e726c7cce5,2026-03-10T04:45:00+00:00,4,274.9240596879806,96.75098756072697
site_e726c7cce5,2026-03-10T04:45:00+00:00,96,481.17327975561807,817.7120792893436
site_e726c7cce5,2026-03-10T05:00:00+00:00,4,270.41932676750207,184.9398576678222
site_e726c7cce5,2026-03-10T05:00:00+00:00,96,589.6573286136834,1084.0594073553684
site_e726c7cce5,2026-03-10T05:15:00+00:00,4,314.9397516262663,104.01194160897472
site_e726c7cce5,2026-03-10T05:15:00+00:00,96,587.5927146085731,1220.4308490094634
site_e726c7cce5,2026-03-10T05:30:00+00:00,4,329.4185327776784,185.44090322988274
site_e726c7cce5,2026-03-10T05:30:00+00:00,96,566.7135724650315,1389.8900701487494
site_e726c7cce5,2026-03-10T05:45:00+00:00,4,376.4120539976425,127.29430528847682
site_e726c7cce5,2026-03-10T05:45:00+00:00,96,357.7924547245854,911.9379457010398
site_e726c7cce5,2026-03-10T06:00:00+00:00,4,288.8956209865491,79.49738604527568
site_e726c7cce5,2026-03-10T06:00:00+00:00,96,1188.3173286436759,3144.8086487145993
site_e726c7cce5,2026-03-10T06:15:00+00:00,4,333.24834758723495,159.39430241327852
site_e726c7cce5,2026-03-10T06:15:00+00:00,96,303.2015212790424,809.2318757527113
site_e726c7cce5,2026-03-10T06:30:00+00:00,4,284.39884871451403,85.15390932820696
site_e726c7cce5,2026-03-10T06:30:00+00:00,96,631.7258976651449,1675.3907257845433
site_e726c7cce5,2026-03-10T06:45:00+00:00,4,303.5235666808489,197.66223098884097
site_e726c7cce5,2026-03-10T06:45:00+00:00,96,1123.7241936114312,2975.225470196764
site_e726c7cce5,2026-03-10T07:00:00+00:00,4,382.93386897405577,360.23852067834514
site_e726c7cce5,2026-03-10T07:00:00+00:00,96,1275.4202000695777,3285.52243268291
site_e726c7cce5,2026-03-10T07:15:00+00:00,4,380.5793696373263,146.3005554243103
site_e726c7cce5,2026-03-10T07:15:00+00:00,96,1218.5567373525666,2701.144302421194
site_e726c7cce5,2026-03-10T07:30:00+00:00,4,526.7672061204065,522.6975836099035
site_e726c7cce5,2026-03-10T07:30:00+00:00,96,627.3890817505157,1663.9732585248094
site_e726c7cce5,2026-03-10T07:45:00+00:00,4,400.3130067477788,161.65195242004728
site_e726c7cce5,2026-03-10T07:45:00+00:00,96,413.26242587786294,1099.9942702558644
site_e726c7cce5,2026-03-10T08:00:00+00:00,4,281.97027002906486,126.50875927337557
site_e726c7cce5,2026-03-10T08:00:00+00:00,96,374.8336010786064,998.8348750459672
site_e726c7cce5,2026-03-10T08:15:00+00:00,4,347.7945248771363,301.7046363226374
site_e726c7cce5,2026-03-10T08:15:00+00:00,96,357.58945503346365,954.2388145728839
site_e726c7cce5,2026-03-10T08:30:00+00:00,4,313.55180093836293,195.4307767115536
site_e726c7cce5,2026-03-10T08:30:00+00:00,96,627.5545256262972,1666.6008823111936
site_e726c7cce5,2026-03-10T08:45:00+00:00,4,338.2589914945589,241.2306154299314
site_e726c7cce5,2026-03-10T08:45:00+00:00,96,473.6185100026621,1258.656636864457
site_e726c7cce5,2026-03-10T09:00:00+00:00,4,292.8876414622855,140.37666995394645
site_e726c7cce5,2026-03-10T09:00:00+00:00,96,667.5215714603695,1770.1409288197144
site_e726c7cce5,2026-03-10T09:15:00+00:00,4,413.00849198333776,301.38716795665505
site_e726c7cce5,2026-03-10T09:15:00+00:00,96,559.0832439122548,1486.2166762246825
site_e726c7cce5,2026-03-10T09:30:00+00:00,4,321.9652087736989,128.57273659864725
site_e726c7cce5,2026-03-10T09:30:00+00:00,96,433.2781235568514,1151.5206358355836
site_e726c7cce5,2026-03-10T09:45:00+00:00,4,243.8303473855617,95.84338745570635
site_e726c7cce5,2026-03-10T09:45:00+00:00,96,421.60005465986376,1120.6825912215072
site_e726c7cce5,2026-03-10T10:00:00+00:00,4,233.90798896711055,89.34794945098557
site_e726c7cce5,2026-03-10T10:00:00+00:00,96,375.0085063902905,998.0053006759133
site_e726c7cce5,2026-03-10T10:15:00+00:00,4,285.402504084474,369.82754575005254
site_e726c7cce5,2026-03-10T10:15:00+00:00,96,344.075681894381,917.6811428483097
site_e726c7cce5,2026-03-10T10:30:00+00:00,4,330.9385172952546,133.2027699749715
site_e726c7cce5,2026-03-10T10:30:00+00:00,96,219.95114485487716,589.2621451329695
site_e726c7cce5,2026-03-10T10:45:00+00:00,4,289.706973187479,122.00465904260663
site_e726c7cce5,2026-03-10T10:45:00+00:00,96,244.77382125476475,656.1944523850912
site_e726c7cce5,2026-03-10T11:00:00+00:00,4,327.16256976809996,317.50484363016034
site_e726c7cce5,2026-03-10T11:00:00+00:00,96,324.60304244938766,865.7259733338582
site_e726c7cce5,2026-03-10T11:15:00+00:00,4,291.17591175245514,112.7408382321648
site_e726c7cce5,2026-03-10T11:15:00+00:00,96,352.6848044303922,941.3291808297944
site_e726c7cce5,2026-03-10T11:30:00+00:00,4,319.30509510978635,115.91050728492782
site_e726c7cce5,2026-03-10T11:30:00+00:00,96,181.35745310439478,489.41626536213005
site_e726c7cce5,2026-03-10T11:45:00+00:00,4,352.1705280539809,366.3008154675185
site_e726c7cce5,2026-03-10T11:45:00+00:00,96,254.00774800545582,680.732491403992
site_e726c7cce5,2026-03-10T12:00:00+00:00,4,329.82121426472173,449.828387114375
site_e726c7cce5,2026-03-10T12:00:00+00:00,96,417.7144767242548,832.7301426935944
site_e726c7cce5,2026-03-10T12:15:00+00:00,4,351.5182642912102,174.53617082056766
site_e726c7cce5,2026-03-10T12:15:00+00:00,96,312.7963268189508,836.1689307188069
site_e726c7cce5,2026-03-10T12:30:00+00:00,4,262.7226015219284,93.11631923106151
site_e726c7cce5,2026-03-10T12:30:00+00:00,96,216.30588597923656,583.4448152438952
site_e726c7cce5,2026-03-10T12:45:00+00:00,4,286.628462959981,101.78366714525316
site_e726c7cce5,2026-03-10T12:45:00+00:00,96,234.33877893667204,630.049231229703
site_e726c7cce5,2026-03-10T13:00:00+00:00,4,330.87696134640447,196.44420937003372
site_e726c7cce5,2026-03-10T13:00:00+00:00,96,187.3517065234497,506.63948351278464
site_e726c7cce5,2026-03-10T13:15:00+00:00,4,346.2153104456281,277.27457988104305
site_e726c7cce5,2026-03-10T13:15:00+00:00,96,405.46541844507794,1081.495264226882
site_e726c7cce5,2026-03-10T13:30:00+00:00,4,244.67978899107467,95.12785703991942
site_e726c7cce5,2026-03-10T13:30:00+00:00,96,612.4534655353918,1627.4656726616217
site_e726c7cce5,2026-03-10T13:45:00+00:00,4,186.0174729771316,73.50716401885413
site_e726c7cce5,2026-03-10T13:45:00+00:00,96,455.3416892813789,1159.005885799484
site_e726c7cce5,2026-03-10T14:00:00+00:00,4,247.39641100966938,94.75046298316053
site_e726c7cce5,2026-03-10T14:00:00+00:00,96,583.0915378397947,1546.7321101227344
site_e726c7cce5,2026-03-10T14:15:00+00:00,4,307.26632791354496,114.49439961655065
site_e726c7cce5,2026-03-10T14:15:00+00:00,96,322.4345098815536,623.2839492694618
site_e726c7cce5,2026-03-10T14:30:00+00:00,4,327.27575596723494,133.60112347489343
site_e726c7cce5,2026-03-10T14:30:00+00:00,96,162.00662483540938,439.1958852179748
site_e726c7cce5,2026-03-10T14:45:00+00:00,4,435.4318823200856,285.07888443581146
site_e726c7cce5,2026-03-10T14:45:00+00:00,96,601.3931515713862,856.4813684889432
site_e726c7cce5,2026-03-10T15:00:00+00:00,4,376.4342732703965,245.12121732368828
site_e726c7cce5,2026-03-10T15:00:00+00:00,96,339.21065340029315,668.7161472264435
site_e726c7cce5,2026-03-10T15:15:00+00:00,4,410.9104756029418,158.75926731124727
site_e726c7cce5,2026-03-10T15:15:00+00:00,96,309.3530340278844,424.69955768626306
site_e726c7cce5,2026-03-10T15:30:00+00:00,4,232.92670570503086,264.6512318183604
site_e726c7cce5,2026-03-10T15:30:00+00:00,96,310.5100516344783,725.6050781792424
site_e726c7cce5,2026-03-10T15:45:00+00:00,4,219.79953442682813,91.8638754300344
site_e726c7cce5,2026-03-10T15:45:00+00:00,96,286.39801188656764,766.2855237554857
site_e726c7cce5,2026-03-10T16:00:00+00:00,4,233.97039162101876,166.0906681108818
site_e726c7cce5,2026-03-10T16:00:00+00:00,96,189.92862258495643,235.72257251681447
site_e726c7cce5,2026-03-10T16:15:00+00:00,4,207.14079840048834,257.08126778594897
site_e726c7cce5,2026-03-10T16:15:00+00:00,96,169.72162054327515,458.1941985297425
site_e726c7cce5,2026-03-10T16:30:00+00:00,4,285.8025640796358,264.2405436520272
site_e726c7cce5,2026-03-10T16:30:00+00:00,96,224.70615756401054,602.8671970312337
site_e726c7cce5,2026-03-10T16:45:00+00:00,4,396.3114856718961,439.25380467439714
site_e726c7cce5,2026-03-10T16:45:00+00:00,96,146.8237196145766,397.16110937902675
site_e726c7cce5,2026-03-10T17:00:00+00:00,4,408.54249242381553,311.44599722460913
site_e726c7cce5,2026-03-10T17:00:00+00:00,96,267.59090498388775,494.4715117794162
site_e726c7cce5,2026-03-10T17:15:00+00:00,4,448.73074202241605,490.724620073814
site_e726c7cce5,2026-03-10T17:15:00+00:00,96,216.04254942618473,580.6162768790977
site_e726c7cce5,2026-03-10T17:30:00+00:00,4,438.5807149369074,467.76376623559645
site_e726c7cce5,2026-03-10T17:30:00+00:00,96,220.537879645864,478.0556184725954
site_e726c7cce5,2026-03-10T17:45:00+00:00,4,343.459689081041,338.5202538371834
site_e726c7cce5,2026-03-10T17:45:00+00:00,96,157.43859832546613,288.21212643903027
site_e726c7cce5,2026-03-10T18:00:00+00:00,4,407.59302121258725,556.1256390587823
site_e726c7cce5,2026-03-10T18:00:00+00:00,96,105.15763388504276,287.89886168287296
site_e726c7cce5,2026-03-10T18:15:00+00:00,4,400.2259311901583,419.98145351052466
site_e726c7cce5,2026-03-10T18:15:00+00:00,96,1220.3430075599165,772.299734885433
site_e726c7cce5,2026-03-10T18:30:00+00:00,4,451.1596245860311,275.4611101558969
site_e726c7cce5,2026-03-10T18:30:00+00:00,96,123.9073363673158,336.80181666378314
site_e726c7cce5,2026-03-10T18:45:00+00:00,4,487.0049003724196,289.42050379035777
site_e726c7cce5,2026-03-10T18:45:00+00:00,96,262.66829921244073,335.3456478630072
site_e726c7cce5,2026-03-10T19:00:00+00:00,4,490.30952513798434,554.0015087898608
site_e726c7cce5,2026-03-10T19:00:00+00:00,96,376.92792420511597,561.9625137736524
site_e726c7cce5,2026-03-10T19:15:00+00:00,4,717.1932814148657,1038.4038769204622
site_e726c7cce5,2026-03-10T19:15:00+00:00,96,245.48585556739513,525.4780930773788
site_e726c7cce5,2026-03-10T19:30:00+00:00,4,431.635172438043,387.9951672022686
site_e726c7cce5,2026-03-10T19:30:00+00:00,96,382.84266892853594,838.9207641375909
site_e726c7cce5,2026-03-10T19:45:00+00:00,4,420.4427782550091,395.4626151567339
site_e726c7cce5,2026-03-10T19:45:00+00:00,96,374.1457586469206,640.4998979984506
site_e726c7cce5,2026-03-10T20:00:00+00:00,4,411.6918359503478,330.22283661747446
site_e726c7cce5,2026-03-10T20:00:00+00:00,96,500.37543696483476,1015.9759643828123
site_e726c7cce5,2026-03-10T20:15:00+00:00,4,335.46229956504186,445.7401740843955
site_e726c7cce5,2026-03-10T20:15:00+00:00,96,304.63658360046156,408.23672716186405
site_e726c7cce5,2026-03-10T20:30:00+00:00,4,310.23847182649047,401.6833180242818
site_e726c7cce5,2026-03-10T20:30:00+00:00,96,290.89081544502375,320.4303629641634
site_e726c7cce5,2026-03-10T20:45:00+00:00,4,336.2345620655062,598.6976209278967
site_e726c7cce5,2026-03-10T20:45:00+00:00,96,162.93089104860195,298.19827814688966
site_e726c7cce5,2026-03-10T21:00:00+00:00,4,313.4538953225205,634.8168537007921
site_e726c7cce5,2026-03-10T21:00:00+00:00,96,136.95605426157533,99.17952631174411
site_e726c7cce5,2026-03-10T21:15:00+00:00,4,189.3165317240056,273.2971901855496
site_e726c7cce5,2026-03-10T21:15:00+00:00,96,178.32108443190674,209.22125821894025
site_e726c7cce5,2026-03-10T21:30:00+00:00,4,172.0713075280271,107.5674265052543
site_e726c7cce5,2026-03-10T21:30:00+00:00,96,128.71892377375283,190.0018346947781
site_e726c7cce5,2026-03-10T21:45:00+00:00,4,391.9798165388822,165.72093871079022
site_e726c7cce5,2026-03-10T21:45:00+00:00,96,261.40517225383616,222.8184449919333
site_e726c7cce5,2026-03-10T22:00:00+00:00,4,456.8256197269177,166.9133030947313
site_e726c7cce5,2026-03-10T22:00:00+00:00,96,160.8259060569057,404.0821333872815
site_e726c7cce5,2026-03-10T22:15:00+00:00,4,349.63397985531907,130.98091369517817
site_e726c7cce5,2026-03-10T22:15:00+00:00,96,140.03765789990945,231.28223137693564
site_e726c7cce5,2026-03-10T22:30:00+00:00,4,305.17168469085794,114.34231442133412
site_e726c7cce5,2026-03-10T22:30:00+00:00,96,252.3015173904073,391.3648538364336
site_e726c7cce5,2026-03-10T22:45:00+00:00,4,203.98570525584782,152.2468802485563
site_e726c7cce5,2026-03-10T22:45:00+00:00,96,173.57898747127462,185.7794100865025
site_e726c7cce5,2026-03-10T23:00:00+00:00,4,230.46347095868853,224.409292668646
site_e726c7cce5,2026-03-10T23:00:00+00:00,96,525.9057209370492,502.9379992465873
site_e726c7cce5,2026-03-10T23:15:00+00:00,4,212.26379741800278,255.93623246288473
site_e726c7cce5,2026-03-10T23:15:00+00:00,96,621.6271351930211,393.27510264458493
site_e726c7cce5,2026-03-10T23:30:00+00:00,4,247.9737991740469,299.3294566828198
site_e726c7cce5,2026-03-10T23:30:00+00:00,96,305.2937686721369,162.62814671749678
site_e726c7cce5,2026-03-10T23:45:00+00:00,4,332.45722451979657,268.63326638148817
site_e726c7cce5,2026-03-10T23:45:00+00:00,96,217.68312452159876,119.7778530949011
site_e726c7cce5,2026-03-11T00:00:00+00:00,4,244.29189852685087,140.27337269015027
site_e726c7cce5,2026-03-11T00:00:00+00:00,96,438.73596167298496,209.69415871229603
site_e726c7cce5,2026-03-11T00:15:00+00:00,4,333.3103554111534,101.88994205583755
site_e726c7cce5,2026-03-11T00:15:00+00:00,96,168.59551112531355,79.53529150809871
site_e726c7cce5,2026-03-11T00:30:00+00:00,4,370.79943872461837,105.92163979517221
site_e726c7cce5,2026-03-11T00:30:00+00:00,96,200.06913442634547,88.61782248017848
site_e726c7cce5,2026-03-11T00:45:00+00:00,4,266.4453147617946,173.71593393191228
site_e726c7cce5,2026-03-11T00:45:00+00:00,96,766.2423960784927,212.96717848625957
site_e726c7cce5,2026-03-11T01:00:00+00:00,4,306.36370462118606,91.01645801130749
site_e726c7cce5,2026-03-11T01:00:00+00:00,96,333.2389456426765,172.18663590607116
site_e726c7cce5,2026-03-11T01:15:00+00:00,4,295.0634881868741,403.7400307833543
site_e726c7cce5,2026-03-11T01:15:00+00:00,96,169.14587541255025,84.32742016868646
site_e726c7cce5,2026-03-11T01:30:00+00:00,4,307.07513229547374,410.1396276023849
site_e726c7cce5,2026-03-11T01:30:00+00:00,96,342.1606820909684,129.00560539654182
site_e726c7cce5,2026-03-11T01:45:00+00:00,4,263.08530343901657,198.81847808691526
site_e726c7cce5,2026-03-11T01:45:00+00:00,96,232.26855187713653,102.27087857432007
site_e726c7cce5,2026-03-11T02:00:00+00:00,4,257.99390719077087,258.8512886129575
site_e726c7cce5,2026-03-11T02:00:00+00:00,96,337.7368768532713,107.85669627677733
site_e726c7cce5,2026-03-11T02:15:00+00:00,4,229.28128980137592,69.36699857736993
site_e726c7cce5,2026-03-11T02:15:00+00:00,96,264.62269282974154,88.48716420403169
site_e726c7cce5,2026-03-11T02:30:00+00:00,4,236.3237671550635,83.82641054178032
site_e726c7cce5,2026-03-11T02:30:00+00:00,96,151.0494207998578,54.83744367771409
site_e726c7cce5,2026-03-11T02:45:00+00:00,4,157.22081022362394,48.18621595760565
site_e726c7cce5,2026-03-11T02:45:00+00:00,96,292.57786341369535,98.50633404078005
site_e726c7cce5,2026-03-11T03:00:00+00:00,4,228.47657628810512,365.6022577623817
site_e726c7cce5,2026-03-11T03:00:00+00:00,96,237.1302843334983,90.35076667952924
site_e726c7cce5,2026-03-11T03:15:00+00:00,4,268.184572313114,563.3531984934174
site_e726c7cce5,2026-03-11T03:15:00+00:00,96,231.05096571543504,78.16580358945095
site_e726c7cce5,2026-03-11T03:30:00+00:00,4,250.00272599697794,430.2434139640203
site_e726c7cce5,2026-03-11T03:30:00+00:00,96,187.09435090043314,68.39995033610992
site_e726c7cce5,2026-03-11T03:45:00+00:00,4,213.92196985167533,469.882580211108
site_e726c7cce5,2026-03-11T03:45:00+00:00,96,200.72619431952214,75.3613324133172
site_e726c7cce5,2026-03-11T04:00:00+00:00,4,202.21033504771896,414.8746076476589
site_e726c7cce5,2026-03-11T04:00:00+00:00,96,279.01569798389096,194.3116389255403
site_e726c7cce5,2026-03-11T04:15:00+00:00,4,211.903094509387,583.8897696250098
site_e726c7cce5,2026-03-11T04:15:00+00:00,96,330.1367754461342,104.37522300088652
site_e726c7cce5,2026-03-11T04:30:00+00:00,4,219.18872813269323,511.7807678192235
site_e726c7cce5,2026-03-11T04:30:00+00:00,96,332.5568920513597,187.71667616450543
site_e726c7cce5,2026-03-11T04:45:00+00:00,4,230.54697199578825,348.29626697264086
site_e726c7cce5,2026-03-11T04:45:00+00:00,96,427.2257664795036,139.40039054629335
site_e726c7cce5,2026-03-11T05:00:00+00:00,4,225.51310411016425,446.8605153098609
site_e726c7cce5,2026-03-11T05:00:00+00:00,96,180.79697323760968,54.993222993614985
site_e726c7cce5,2026-03-11T05:15:00+00:00,4,221.1045277922977,485.72798483247004
site_e726c7cce5,2026-03-11T05:15:00+00:00,96,453.5128986218489,212.18185382709373
site_e726c7cce5,2026-03-11T05:30:00+00:00,4,231.53696662313084,650.6950928958945
site_e726c7cce5,2026-03-11T05:30:00+00:00,96,224.07212079106193,67.6758910641665
site_e726c7cce5,2026-03-11T05:45:00+00:00,4,256.09987416733867,418.2453955662957
site_e726c7cce5,2026-03-11T05:45:00+00:00,96,296.31194345081815,193.3192222691323
site_e726c7cce5,2026-03-11T06:00:00+00:00,4,227.56726383792977,347.6190782615867
site_e726c7cce5,2026-03-11T06:00:00+00:00,96,621.9288141923587,586.2334426433355
site_e726c7cce5,2026-03-11T06:15:00+00:00,4,244.53755097318603,578.1214393979105
site_e726c7cce5,2026-03-11T06:15:00+00:00,96,468.0080773532967,154.95226846675374
site_e726c7cce5,2026-03-11T06:30:00+00:00,4,244.96719963260512,105.0187879962344
site_e726c7cce5,2026-03-11T06:30:00+00:00,96,1010.5743547217887,1001.0614207821386
site_e726c7cce5,2026-03-11T06:45:00+00:00,4,245.9789298336458,184.9951646698757
site_e726c7cce5,2026-03-11T06:45:00+00:00,96,307.74918058394826,110.72613234612545
site_e726c7cce5,2026-03-11T07:00:00+00:00,4,137.8633253479453,375.89975426210054
site_e726c7cce5,2026-03-11T07:00:00+00:00,96,208.7968641255956,94.08853016542585
site_e726c7cce5,2026-03-11T07:15:00+00:00,4,181.92335180008857,172.18218611440875
site_e726c7cce5,2026-03-11T07:15:00+00:00,96,333.2924650632653,281.7483015277649
site_e726c7cce5,2026-03-11T07:30:00+00:00,4,186.67017661422312,510.07301588155275
site_e726c7cce5,2026-03-11T07:30:00+00:00,96,209.160947715605,131.24769795275745
site_e726c7cce5,2026-03-11T07:45:00+00:00,4,213.29360826834363,147.9195136495801
site_e726c7cce5,2026-03-11T07:45:00+00:00,96,285.80225352735397,194.59120031975516
site_e726c7cce5,2026-03-11T08:00:00+00:00,4,179.93317825415915,488.8500898340836
site_e726c7cce5,2026-03-11T08:00:00+00:00,96,228.41832049759358,103.00016143415625
site_e726c7cce5,2026-03-11T08:15:00+00:00,4,234.634021414564,390.50349377067823
site_e726c7cce5,2026-03-11T08:15:00+00:00,96,350.83027290937486,238.2178491422237
site_e726c7cce5,2026-03-11T08:30:00+00:00,4,234.01612310258884,631.4096587455666
site_e726c7cce5,2026-03-11T08:30:00+00:00,96,176.83606638579292,68.85278460358599
site_e726c7cce5,2026-03-11T08:45:00+00:00,4,249.31363895642434,389.2238918478762
site_e726c7cce5,2026-03-11T08:45:00+00:00,96,150.44077081690506,61.83332863280141
site_e726c7cce5,2026-03-11T09:00:00+00:00,4,248.74996994610026,345.0712410391063
site_e726c7cce5,2026-03-11T09:00:00+00:00,96,237.50061947338233,84.2140956607675
site_e726c7cce5,2026-03-11T09:15:00+00:00,4,277.02640895913015,629.0385535609761
site_e726c7cce5,2026-03-11T09:15:00+00:00,96,199.10290727940634,258.5653726295447
site_e726c7cce5,2026-03-11T09:30:00+00:00,4,223.0104938929237,619.1222284791392
site_e726c7cce5,2026-03-11T09:30:00+00:00,96,314.8155688221341,114.85225730243181
site_e726c7cce5,2026-03-11T09:45:00+00:00,4,219.810782207639,325.3754198475455
site_e726c7cce5,2026-03-11T09:45:00+00:00,96,248.99816270377596,99.732380324769
site_e726c7cce5,2026-03-11T10:00:00+00:00,4,228.46749866635193,522.5717890006773
site_e726c7cce5,2026-03-11T10:00:00+00:00,96,213.54850187189476,210.12960821663106
site_e726c7cce5,2026-03-11T10:15:00+00:00,4,267.6831936379939,612.0768528310858
site_e726c7cce5,2026-03-11T10:15:00+00:00,96,182.25887412097288,68.85450868955033
site_e726c7cce5,2026-03-11T10:30:00+00:00,4,267.9490022054739,485.4474295038679
site_e726c7cce5,2026-03-11T10:30:00+00:00,96,200.12142988206784,73.00454036417787
site_e726c7cce5,2026-03-11T10:45:00+00:00,4,315.44931585582015,332.9396267745991
site_e726c7cce5,2026-03-11T10:45:00+00:00,96,341.3151304430827,357.2027294086503
site_e726c7cce5,2026-03-11T11:00:00+00:00,4,283.66469007662226,466.8201855812833
site_e726c7cce5,2026-03-11T11:00:00+00:00,96,358.1397842841461,492.32462609508934
site_e726c7cce5,2026-03-11T11:15:00+00:00,4,318.7606074038006,198.44980906841062
site_e726c7cce5,2026-03-11T11:15:00+00:00,96,341.22072862978774,151.83232798368405
site_e726c7cce5,2026-03-11T11:30:00+00:00,4,322.46931308150965,193.23548548629958
site_e726c7cce5,2026-03-11T11:30:00+00:00,96,171.5784938269099,59.48211297794813
site_e726c7cce5,2026-03-11T11:45:00+00:00,4,337.6817608652553,189.70132277389155
site_e726c7cce5,2026-03-11T11:45:00+00:00,96,191.18337424827575,68.98242268855945
site_e726c7cce5,2026-03-11T12:00:00+00:00,4,262.87755453749253,116.4356718486132
site_e726c7cce5,2026-03-11T12:00:00+00:00,96,242.030385751145,140.12393113970273
site_e726c7cce5,2026-03-11T12:15:00+00:00,4,312.45956179057845,234.89849614964885
site_e726c7cce5,2026-03-11T12:15:00+00:00,96,370.44750922818446,285.414564986875
site_e726c7cce5,2026-03-11T12:30:00+00:00,4,295.8605466172113,246.20785380564067
site_e726c7cce5,2026-03-11T12:30:00+00:00,96,164.46643395986104,65.54315077288842
site_e726c7cce5,2026-03-11T12:45:00+00:00,4,330.9491507110046,387.69403642400266
site_e726c7cce5,2026-03-11T12:45:00+00:00,96,139.4953605600534,56.514444655862974
site_e726c7cce5,2026-03-11T13:00:00+00:00,4,331.8804061395945,289.7579842865284
site_e726c7cce5,2026-03-11T13:00:00+00:00,96,186.0032553303119,71.20080105588121
site_e726c7cce5,2026-03-11T13:15:00+00:00,4,439.5499162009668,232.52179402859008
site_e726c7cce5,2026-03-11T13:15:00+00:00,96,244.44844721928717,89.74322744336634
site_e726c7cce5,2026-03-11T13:30:00+00:00,4,250.64859009780432,313.1741114035511
site_e726c7cce5,2026-03-11T13:30:00+00:00,96,317.06706445603305,114.42071233967528
site_e726c7cce5,2026-03-11T13:45:00+00:00,4,240.6428099939265,224.93029327296972
site_e726c7cce5,2026-03-11T13:45:00+00:00,96,789.8412891165683,485.2277076777269
site_e726c7cce5,2026-03-11T14:00:00+00:00,4,239.33689555078013,263.9955587055802
site_e726c7cce5,2026-03-11T14:00:00+00:00,96,358.1743110242696,223.51717969501158
site_e726c7cce5,2026-03-11T14:15:00+00:00,4,227.83824503356274,224.31621382217443
site_e726c7cce5,2026-03-11T14:15:00+00:00,96,455.27370170027075,160.79905670260737
site_e726c7cce5,2026-03-11T14:30:00+00:00,4,177.42500017926014,248.6292010056713
site_e726c7cce5,2026-03-11T14:30:00+00:00,96,149.03105594529916,166.83881352450615
site_e726c7cce5,2026-03-11T14:45:00+00:00,4,229.3603229370912,148.83491699520314
site_e726c7cce5,2026-03-11T14:45:00+00:00,96,161.0785165966892,67.59066436920662
site_e726c7cce5,2026-03-11T15:00:00+00:00,4,152.22651145626781,305.6728562986531
site_e726c7cce5,2026-03-11T15:00:00+00:00,96,185.30237140515342,133.91272618525107
site_e726c7cce5,2026-03-11T15:15:00+00:00,4,109.61470110455186,136.20852562297716
site_e726c7cce5,2026-03-11T15:15:00+00:00,96,167.53116627070762,208.18144518649027
site_e726c7cce5,2026-03-11T15:30:00+00:00,4,139.91083504256986,117.89110170857579
site_e726c7cce5,2026-03-11T15:30:00+00:00,96,339.26470126379144,310.5939664741842
site_e726c7cce5,2026-03-11T15:45:00+00:00,4,207.72350948847733,125.00614878765701
site_e726c7cce5,2026-03-11T15:45:00+00:00,96,476.52735049039137,528.3492686665295
site_e726c7cce5,2026-03-11T16:00:00+00:00,4,159.1100488650742,226.80120491837158
site_e726c7cce5,2026-03-11T16:00:00+00:00,96,345.1134925791966,255.63038929447453
site_e726c7cce5,2026-03-11T16:15:00+00:00,4,161.35180616736585,154.32991128664432
site_e726c7cce5,2026-03-11T16:15:00+00:00,96,384.49359039810804,414.7774655823189
site_e726c7cce5,2026-03-11T16:30:00+00:00,4,133.25470739419703,154.9594549072043
site_e726c7cce5,2026-03-11T16:30:00+00:00,96,498.5812927261325,512.3142896420056
site_e726c7cce5,2026-03-11T16:45:00+00:00,4,159.3262618516175,44.18136944317933
site_e726c7cce5,2026-03-11T16:45:00+00:00,96,246.99433158463654,233.1314846607563
site_e726c7cce5,2026-03-11T17:00:00+00:00,4,153.54277089649779,39.70849772974222
site_e726c7cce5,2026-03-11T17:00:00+00:00,96,388.9568323102501,532.3004965067199
site_e726c7cce5,2026-03-11T17:15:00+00:00,4,142.94664253543482,38.56062379223545
site_e726c7cce5,2026-03-11T17:15:00+00:00,96,300.5646067708424,305.3210337602418
site_e726c7cce5,2026-03-11T17:30:00+00:00,4,161.21801421215034,65.16206676531205
site_e726c7cce5,2026-03-11T17:30:00+00:00,96,338.7761728313376,195.64280655588317
site_e726c7cce5,2026-03-11T17:45:00+00:00,4,167.5486095545736,67.70487313512217
site_e726c7cce5,2026-03-11T17:45:00+00:00,96,289.38182589841995,165.9074949410926
site_e726c7cce5,2026-03-11T18:00:00+00:00,4,173.8574388376422,89.77589551965276
site_e726c7cce5,2026-03-11T18:00:00+00:00,96,346.29593052345353,382.40061385522665
site_e726c7cce5,2026-03-11T18:15:00+00:00,4,169.0176526182575,36.78679459794147
site_e726c7cce5,2026-03-11T18:15:00+00:00,96,1460.7977381631902,2129.425923745537
site_e726c7cce5,2026-03-11T18:30:00+00:00,4,191.9782860574861,81.79240317534868
site_e726c7cce5,2026-03-11T18:30:00+00:00,96,449.18336180370886,381.91879232187625
site_e726c7cce5,2026-03-11T18:45:00+00:00,4,177.06739168596934,40.3115415877846
site_e726c7cce5,2026-03-11T18:45:00+00:00,96,306.8540586834475,283.7175604767468
site_e726c7cce5,2026-03-11T19:00:00+00:00,4,166.45570658194333,66.96273730145525
site_e726c7cce5,2026-03-11T19:00:00+00:00,96,270.23931715878643,220.7310600482733
site_e726c7cce5,2026-03-11T19:15:00+00:00,4,281.9140880482425,58.47976361817445
site_e726c7cce5,2026-03-11T19:15:00+00:00,96,197.66807434474254,270.5745817716153
site_e726c7cce5,2026-03-11T19:30:00+00:00,4,186.5583289504613,145.63889525996066
site_e726c7cce5,2026-03-11T19:30:00+00:00,96,223.89583922173836,292.6437064151882
site_e726c7cce5,2026-03-11T19:45:00+00:00,4,201.2287844014743,144.53132074039954
site_e726c7cce5,2026-03-11T19:45:00+00:00,96,254.39473067661635,463.25970346642106
site_e726c7cce5,2026-03-11T20:00:00+00:00,4,203.7360664250639,98.63959479173953
site_e726c7cce5,2026-03-11T20:00:00+00:00,96,243.26217146879873,496.83394940541496
site_e726c7cce5,2026-03-11T20:15:00+00:00,4,149.2779199836738,31.775068280617525
site_e726c7cce5,2026-03-11T20:15:00+00:00,96,152.06849057723252,221.28559909332517
site_e726c7cce5,2026-03-11T20:30:00+00:00,4,94.78457705001931,20.81744909696749
site_e726c7cce5,2026-03-11T20:30:00+00:00,96,148.5171204120839,92.52353798607484
site_e726c7cce5,2026-03-11T20:45:00+00:00,4,113.16179591031852,104.07509201600402
site_e726c7cce5,2026-03-11T20:45:00+00:00,96,408.04960760874155,145.73416721640902
site_e726c7cce5,2026-03-11T21:00:00+00:00,4,84.36708878361853,88.19083206743721
site_e726c7cce5,2026-03-11T21:00:00+00:00,96,412.73180884857345,128.95137001410262
site_e726c7cce5,2026-03-11T21:15:00+00:00,4,96.35127521545533,20.429759151068488
site_e726c7cce5,2026-03-11T21:15:00+00:00,96,325.3065137590078,104.25614935019055
site_e726c7cce5,2026-03-11T21:30:00+00:00,4,68.70167229607236,13.452964298803888
site_e726c7cce5,2026-03-11T21:30:00+00:00,96,395.94091062570465,121.41088410116079
site_e726c7cce5,2026-03-11T21:45:00+00:00,4,114.39300827472088,15.855745922937247
site_e726c7cce5,2026-03-11T21:45:00+00:00,96,198.29923699877926,142.49869033767442
site_e726c7cce5,2026-03-11T22:00:00+00:00,4,83.88259963107164,11.860000427206073
site_e726c7cce5,2026-03-11T22:00:00+00:00,96,229.30535282922992,221.09062546313115
site_e726c7cce5,2026-03-11T22:15:00+00:00,4,111.58285695704592,43.40096290725266
site_e726c7cce5,2026-03-11T22:15:00+00:00,96,200.99288790963917,235.81414502632992
site_e726c7cce5,2026-03-11T22:30:00+00:00,4,57.35048117914368,12.530730764404016
site_e726c7cce5,2026-03-11T22:30:00+00:00,96,331.2961203901389,387.1908995282568
site_e726c7cce5,2026-03-11T22:45:00+00:00,4,92.79431008654817,61.02879654637897
site_e726c7cce5,2026-03-11T22:45:00+00:00,96,289.8084165842291,225.8423843497543
site_e726c7cce5,2026-03-11T23:00:00+00:00,4,46.07292006543531,8.247996792925154
site_e726c7cce5,2026-03-11T23:00:00+00:00,96,236.38187205514106,132.55038108505394
site_e726c7cce5,2026-03-11T23:15:00+00:00,4,40.58693789482942,7.227780653275633
site_e726c7cce5,2026-03-11T23:15:00+00:00,96,347.0920094151317,102.47648410388366
site_e726c7cce5,2026-03-11T23:30:00+00:00,4,33.79652875321236,23.46369148690724
site_e726c7cce5,2026-03-11T23:30:00+00:00,96,319.0747257558451,88.63555858062148
site_e726c7cce5,2026-03-11T23:45:00+00:00,4,40.45010033720854,12.086723387696308
site_e726c7cce5,2026-03-11T23:45:00+00:00,96,197.9579635840271,127.53402779567222
site_e726c7cce5,2026-03-12T00:00:00+00:00,4,42.592540994858275,46.20966755675134
site_e726c7cce5,2026-03-12T00:00:00+00:00,96,244.2769317759081,70.87941864998065
site_e726c7cce5,2026-03-12T00:15:00+00:00,4,56.67300068716059,13.328298471124091
site_e726c7cce5,2026-03-12T00:15:00+00:00,96,323.12052946070776,447.6696641632366
site_e726c7cce5,2026-03-12T00:30:00+00:00,4,52.58702604559515,17.631971812756895
site_e726c7cce5,2026-03-12T00:30:00+00:00,96,262.46084885799274,350.7427424602145
site_e726c7cce5,2026-03-12T00:45:00+00:00,4,64.10412328149027,30.463199456328102
site_e726c7cce5,2026-03-12T00:45:00+00:00,96,154.70430410409878,115.86961206278603
site_e726c7cce5,2026-03-12T01:00:00+00:00,4,60.394350130523534,11.721023374898326
site_e726c7cce5,2026-03-12T01:00:00+00:00,96,168.62244328610643,171.49429342019977
site_e726c7cce5,2026-03-12T01:15:00+00:00,4,103.59985697038195,18.526601407410922
site_e726c7cce5,2026-03-12T01:15:00+00:00,96,131.36871149905915,43.626060639043494
site_e726c7cce5,2026-03-12T01:30:00+00:00,4,79.76083935201089,13.244797907413327
site_e726c7cce5,2026-03-12T01:30:00+00:00,96,165.27164734845417,60.53621819329496
site_e726c7cce5,2026-03-12T01:45:00+00:00,4,68.31337288818905,12.615522010060939
site_e726c7cce5,2026-03-12T01:45:00+00:00,96,105.33064618789527,36.55074414048594
site_e726c7cce5,2026-03-12T02:00:00+00:00,4,62.74530440093629,10.566749328614739
site_e726c7cce5,2026-03-12T02:00:00+00:00,96,275.9984277764554,455.68116519261497
site_e726c7cce5,2026-03-12T02:15:00+00:00,4,67.39517764692106,63.911759016333
site_e726c7cce5,2026-03-12T02:15:00+00:00,96,184.70484023528985,399.3033399026937
site_e726c7cce5,2026-03-12T02:30:00+00:00,4,85.77293014157186,17.913420545161877
site_e726c7cce5,2026-03-12T02:30:00+00:00,96,184.0198807761002,322.7160064057934
site_e726c7cce5,2026-03-12T02:45:00+00:00,4,111.86127152078767,84.78723575678804
site_e726c7cce5,2026-03-12T02:45:00+00:00,96,178.10694492875922,394.91356316805565
site_e726c7cce5,2026-03-12T03:00:00+00:00,4,67.05683010452549,11.457682173069692
site_e726c7cce5,2026-03-12T03:00:00+00:00,96,142.03627809571208,280.44956596299755
site_e726c7cce5,2026-03-12T03:15:00+00:00,4,101.57584437482285,21.848398921566837
site_e726c7cce5,2026-03-12T03:15:00+00:00,96,147.47862892795223,401.74211129686637
site_e726c7cce5,2026-03-12T03:30:00+00:00,4,130.16408550678543,34.19288826503334
site_e726c7cce5,2026-03-12T03:30:00+00:00,96,181.79519520137876,424.3482458079264
site_e726c7cce5,2026-03-12T03:45:00+00:00,4,88.53165748427044,16.33798591288783
site_e726c7cce5,2026-03-12T03:45:00+00:00,96,214.09887170109334,310.2167398944205
site_e726c7cce5,2026-03-12T04:00:00+00:00,4,96.19799332695742,18.415777395702637
site_e726c7cce5,2026-03-12T04:00:00+00:00,96,258.11415629885147,485.40948803062213
site_e726c7cce5,2026-03-12T04:15:00+00:00,4,126.485585451731,74.33710766610004
site_e726c7cce5,2026-03-12T04:15:00+00:00,96,203.69310089379726,410.145052742244
site_e726c7cce5,2026-03-12T04:30:00+00:00,4,75.19558271867598,32.351321171858245
site_e726c7cce5,2026-03-12T04:30:00+00:00,96,175.50575637037218,479.3641868527991
site_e726c7cce5,2026-03-12T04:45:00+00:00,4,59.40669758670367,14.0165506980622
site_e726c7cce5,2026-03-12T04:45:00+00:00,96,261.7218137027912,396.2373719489789
site_e726c7cce5,2026-03-12T05:00:00+00:00,4,109.95126216221148,18.83732753274354
site_e726c7cce5,2026-03-12T05:00:00+00:00,96,187.44677397151617,263.6814782793853
site_e726c7cce5,2026-03-12T05:15:00+00:00,4,138.50643391701988,28.349109169887328
site_e726c7cce5,2026-03-12T05:15:00+00:00,96,244.86112240474648,558.966002722644
site_e726c7cce5,2026-03-12T05:30:00+00:00,4,163.43367303759683,56.08186173054833
site_e726c7cce5,2026-03-12T05:30:00+00:00,96,220.77546619100957,78.32165865266614
site_e726c7cce5,2026-03-12T05:45:00+00:00,4,172.62928735950757,38.31727765251835
site_e726c7cce5,2026-03-12T05:45:00+00:00,96,227.30619108735794,152.4501473695888
site_e726c7cce5,2026-03-12T06:00:00+00:00,4,175.17075714110564,49.56463221184006
site_e726c7cce5,2026-03-12T06:00:00+00:00,96,153.5058615183502,426.5882817829956
site_e726c7cce5,2026-03-12T06:15:00+00:00,4,241.42543109084994,68.98789651210097
site_e726c7cce5,2026-03-12T06:15:00+00:00,96,193.05420371613317,161.47300266715044
site_e726c7cce5,2026-03-12T06:30:00+00:00,4,221.40435623998852,64.32423439169405
site_e726c7cce5,2026-03-12T06:30:00+00:00,96,174.48106719383915,481.02939974637115
site_e726c7cce5,2026-03-12T06:45:00+00:00,4,293.1711578781493,191.96585395980145
site_e726c7cce5,2026-03-12T06:45:00+00:00,96,330.3436061415235,155.43877972475718
site_e726c7cce5,2026-03-12T07:00:00+00:00,4,288.16094304484466,170.92839005622864
site_e726c7cce5,2026-03-12T07:00:00+00:00,96,189.67396600549958,518.1435556749947
site_e726c7cce5,2026-03-12T07:15:00+00:00,4,356.7829314320677,116.31156181130194
site_e726c7cce5,2026-03-12T07:15:00+00:00,96,423.61309401882096,673.2625554068919
site_e726c7cce5,2026-03-12T07:30:00+00:00,4,324.1315000182498,133.5694714799798
site_e726c7cce5,2026-03-12T07:30:00+00:00,96,386.4182753413555,1036.3528314764217
site_e726c7cce5,2026-03-12T07:45:00+00:00,4,380.87701602340593,97.51915998960962
site_e726c7cce5,2026-03-12T07:45:00+00:00,96,258.01085203702434,376.10337642932615
site_e726c7cce5,2026-03-12T08:00:00+00:00,4,350.81670727443367,195.08830394235014
site_e726c7cce5,2026-03-12T08:00:00+00:00,96,274.84304358126076,343.86207335964144
site_e726c7cce5,2026-03-12T08:15:00+00:00,4,287.820415159082,71.06182320781942
site_e726c7cce5,2026-03-12T08:15:00+00:00,96,228.29845879661002,512.4170453940512
site_e726c7cce5,2026-03-12T08:30:00+00:00,4,352.99991572945964,227.05117509173522
site_e726c7cce5,2026-03-12T08:30:00+00:00,96,171.29136494427703,469.471992084037
site_e726c7cce5,2026-03-12T08:45:00+00:00,4,272.8888305409858,188.22458090696998
site_e726c7cce5,2026-03-12T08:45:00+00:00,96,163.04257323687955,228.4143053863508
site_e726c7cce5,2026-03-12T09:00:00+00:00,4,391.27435000209493,97.52227354308022
site_e726c7cce5,2026-03-12T09:00:00+00:00,96,202.71061448485204,456.22572339606086
site_e726c7cce5,2026-03-12T09:15:00+00:00,4,286.19863603463574,68.32637612486869
site_e726c7cce5,2026-03-12T09:15:00+00:00,96,208.92202710025373,467.81757894656346
site_e726c7cce5,2026-03-12T09:30:00+00:00,4,467.4488655548249,102.20851884481363
site_e726c7cce5,2026-03-12T09:30:00+00:00,96,255.17781876573747,438.71659995784
site_e726c7cce5,2026-03-12T09:45:00+00:00,4,349.45691738528024,78.63187024341916
site_e726c7cce5,2026-03-12T09:45:00+00:00,96,456.88103113446965,427.64271031910545
site_e726c7cce5,2026-03-12T10:00:00+00:00,4,402.4148386894442,85.55216632187802
site_e726c7cce5,2026-03-12T10:00:00+00:00,96,273.2865778854475,417.4431037687605
site_e726c7cce5,2026-03-12T10:15:00+00:00,4,385.87898931730155,82.31545014639164
site_e726c7cce5,2026-03-12T10:15:00+00:00,96,364.2392447344413,173.00501928983536
site_e726c7cce5,2026-03-12T10:30:00+00:00,4,354.8629027922694,107.37508240434269
site_e726c7cce5,2026-03-12T10:30:00+00:00,96,266.6350984982761,126.99137005049715
site_e726c7cce5,2026-03-12T10:45:00+00:00,4,399.0143435166108,75.93464876649017
site_e726c7cce5,2026-03-12T10:45:00+00:00,96,396.31493964673984,176.73184926149983
site_e726c7cce5,2026-03-12T11:00:00+00:00,4,554.0473169488482,332.93948194030696
site_e726c7cce5,2026-03-12T11:00:00+00:00,96,190.65370494929033,76.20841581384268
site_e726c7cce5,2026-03-12T11:15:00+00:00,4,677.3360222927743,256.8333247256185
site_e726c7cce5,2026-03-12T11:15:00+00:00,96,245.7322506384608,167.3925439096175
site_e726c7cce5,2026-03-12T11:30:00+00:00,4,714.8635549448429,129.81889441782454
site_e726c7cce5,2026-03-12T11:30:00+00:00,96,180.12516498966897,139.34431217541976
site_e726c7cce5,2026-03-12T11:45:00+00:00,4,673.1361270872081,470.9563648426473
site_e726c7cce5,2026-03-12T11:45:00+00:00,96,273.7751039808661,312.4135841883578
site_e726c7cce5,2026-03-12T12:00:00+00:00,4,507.45413920784983,134.6746820502424
site_e726c7cce5,2026-03-12T12:00:00+00:00,96,367.65803992536934,290.3520459053154
site_e726c7cce5,2026-03-12T12:15:00+00:00,4,435.68608771690174,288.29062497684663
site_e726c7cce5,2026-03-12T12:15:00+00:00,96,650.633540014335,270.5633402047162
site_e726c7cce5,2026-03-12T12:30:00+00:00,4,543.7408387143237,170.71410731311445
site_e726c7cce5,2026-03-12T12:30:00+00:00,96,158.655387956349,196.8200727249388
site_e726c7cce5,2026-03-12T12:45:00+00:00,4,547.7404387444533,100.04159499608865
site_e726c7cce5,2026-03-12T12:45:00+00:00,96,169.86414356501535,151.54097470687026
site_e726c7cce5,2026-03-12T13:00:00+00:00,4,658.4587904156841,217.44975091415446
site_e726c7cce5,2026-03-12T13:00:00+00:00,96,258.5612289938996,273.53039441722376
site_e726c7cce5,2026-03-12T13:15:00+00:00,4,516.1911672535084,175.38118878614978
site_e726c7cce5,2026-03-12T13:15:00+00:00,96,178.79758779801327,173.1640895659178
site_e726c7cce5,2026-03-12T13:30:00+00:00,4,428.20174791662197,165.82000534186608
site_e726c7cce5,2026-03-12T13:30:00+00:00,96,142.6910877901654,205.97398243549924
site_e726c7cce5,2026-03-12T13:45:00+00:00,4,368.4063464335018,173.2327183507941
site_e726c7cce5,2026-03-12T13:45:00+00:00,96,189.08558837624858,118.86670089183318
site_e726c7cce5,2026-03-12T14:00:00+00:00,4,512.1855721885644,227.0134736178035
site_e726c7cce5,2026-03-12T14:00:00+00:00,96,149.10650915727933,308.7202635983349
site_e726c7cce5,2026-03-12T14:15:00+00:00,4,484.6493017236839,399.80882112528644
site_e726c7cce5,2026-03-12T14:15:00+00:00,96,112.83304260727931,140.40393768247094
site_e726c7cce5,2026-03-12T14:30:00+00:00,4,441.3616942994162,765.0563556298761
site_e726c7cce5,2026-03-12T14:30:00+00:00,96,148.6099804880635,126.0736857182763
site_e726c7cce5,2026-03-12T14:45:00+00:00,4,420.44871806783044,865.3261813782852
site_e726c7cce5,2026-03-12T14:45:00+00:00,96,219.4085570957942,125.45393822794559
site_e726c7cce5,2026-03-12T15:00:00+00:00,4,524.1503019268534,547.368202240441
site_e726c7cce5,2026-03-12T15:00:00+00:00,96,153.01208057774576,219.8876734119145
site_e726c7cce5,2026-03-12T15:15:00+00:00,4,430.4878402493604,323.685884522519
site_e726c7cce5,2026-03-12T15:15:00+00:00,96,153.72238297433313,150.2799601464876
site_e726c7cce5,2026-03-12T15:30:00+00:00,4,366.84154207869653,185.1716244535515
site_e726c7cce5,2026-03-12T15:30:00+00:00,96,161.92097184613513,189.2640425698527
site_e726c7cce5,2026-03-12T15:45:00+00:00,4,318.22380365186876,116.11366311980451
site_e726c7cce5,2026-03-12T15:45:00+00:00,96,200.16521713372504,53.479495156027966
site_e726c7cce5,2026-03-12T16:00:00+00:00,4,228.78177577643746,47.20917485782833
site_e726c7cce5,2026-03-12T16:00:00+00:00,96,169.4064602563538,45.59178045457972
site_e726c7cce5,2026-03-12T16:15:00+00:00,4,187.35998254735068,43.475916341315816
site_e726c7cce5,2026-03-12T16:15:00+00:00,96,192.52087921513,51.160933570299385
site_e726c7cce5,2026-03-12T16:30:00+00:00,4,209.66038580535556,47.08279627648221
site_e726c7cce5,2026-03-12T16:30:00+00:00,96,266.4332934775271,106.16862331111659
site_e726c7cce5,2026-03-12T16:45:00+00:00,4,257.92694533640207,177.544608000821
site_e726c7cce5,2026-03-12T16:45:00+00:00,96,224.04919604177024,86.13796513749948
site_e726c7cce5,2026-03-12T17:00:00+00:00,4,269.35218481976153,136.47726235038232
site_e726c7cce5,2026-03-12T17:00:00+00:00,96,229.27504018992215,118.11995808602182
site_f5bcf8a88a,2026-02-18T15:15:00+00:00,4,217.2181809317499,105.62149947163127
site_f5bcf8a88a,2026-02-18T15:30:00+00:00,4,265.8037456586699,125.8349988675792
site_f5bcf8a88a,2026-02-18T15:45:00+00:00,4,307.89983484792447,146.25529045456358
site_f5bcf8a88a,2026-02-18T16:00:00+00:00,4,242.07918125341098,116.8749859456088
site_f5bcf8a88a,2026-02-18T16:15:00+00:00,4,154.71072966133295,72.22010832597994
site_f5bcf8a88a,2026-02-18T16:30:00+00:00,4,164.90849729056447,75.32465944228716
site_f5bcf8a88a,2026-02-18T16:45:00+00:00,4,232.32808123979828,108.45661851655797
site_f5bcf8a88a,2026-02-18T17:00:00+00:00,4,256.33325502816103,124.34156426463761
site_f5bcf8a88a,2026-02-18T17:15:00+00:00,4,215.73613878267614,103.52046003947876
site_f5bcf8a88a,2026-02-18T17:30:00+00:00,4,212.31497747169908,98.64844410245728
site_f5bcf8a88a,2026-02-18T17:45:00+00:00,4,195.62452870638487,93.10320077776669
site_f5bcf8a88a,2026-02-18T18:00:00+00:00,4,181.95406963421962,88.43460685778109
site_f5bcf8a88a,2026-02-18T18:15:00+00:00,4,218.6762747579626,101.07733651629985
site_f5bcf8a88a,2026-02-18T18:30:00+00:00,4,189.78693460343663,92.91858951358954
site_f5bcf8a88a,2026-02-18T18:45:00+00:00,4,102.34578765389085,47.13700952521357
site_f5bcf8a88a,2026-02-18T19:00:00+00:00,4,82.43915448113246,37.60678200678425
site_f5bcf8a88a,2026-02-19T14:15:00+00:00,96,238.1454835905758,103.7972403211071
site_f5bcf8a88a,2026-02-19T14:30:00+00:00,96,293.0755132034566,126.75012291272895
site_f5bcf8a88a,2026-02-19T14:45:00+00:00,4,8.539189954278616,5.162087758970857
site_f5bcf8a88a,2026-02-19T14:45:00+00:00,96,569.9951366184263,239.65552888926385
site_f5bcf8a88a,2026-02-19T15:00:00+00:00,4,21.10359712474578,9.819835677292824
site_f5bcf8a88a,2026-02-19T15:00:00+00:00,96,221.81261807188827,97.52243598022758
site_f5bcf8a88a,2026-02-19T15:15:00+00:00,4,103.15009463023928,42.56778812109886
site_f5bcf8a88a,2026-02-19T15:15:00+00:00,96,142.3961280996683,63.550361039917064
site_f5bcf8a88a,2026-02-19T15:30:00+00:00,4,111.93107461438156,45.51948187670323
site_f5bcf8a88a,2026-02-19T15:30:00+00:00,96,143.9978293321444,64.54068717922947
site_f5bcf8a88a,2026-02-19T15:45:00+00:00,4,117.4667830099769,49.50236298725318
site_f5bcf8a88a,2026-02-19T15:45:00+00:00,96,233.87523979929435,101.0747842456983
site_f5bcf8a88a,2026-02-19T16:00:00+00:00,4,139.14475850682757,58.83375161314031
site_f5bcf8a88a,2026-02-19T16:00:00+00:00,96,261.2237044906313,112.76286203214026
site_f5bcf8a88a,2026-02-19T16:15:00+00:00,4,153.9707350871341,63.32904031730807
site_f5bcf8a88a,2026-02-19T16:15:00+00:00,96,181.56756669919318,79.40560961836306
site_f5bcf8a88a,2026-02-19T16:30:00+00:00,4,138.05208628004826,61.391830413519926
site_f5bcf8a88a,2026-02-19T16:30:00+00:00,96,202.42467037068462,88.27896524344887
site_f5bcf8a88a,2026-02-19T16:45:00+00:00,4,138.66157935275345,60.8960129402009
site_f5bcf8a88a,2026-02-19T16:45:00+00:00,96,149.61111705734533,65.94800733588676
site_f5bcf8a88a,2026-02-19T17:00:00+00:00,4,134.97516344564806,58.92538655972912
site_f5bcf8a88a,2026-02-19T17:00:00+00:00,96,189.2276259331441,83.14138335006567
site_f5bcf8a88a,2026-02-19T17:15:00+00:00,4,175.3760850098914,196.63677995751058
site_f5bcf8a88a,2026-02-19T17:15:00+00:00,96,240.04546456221274,101.55001120116869
site_f5bcf8a88a,2026-02-19T17:30:00+00:00,4,163.807266891338,195.10033314056307
site_f5bcf8a88a,2026-02-19T17:30:00+00:00,96,194.69808029902114,86.63140534938306
site_f5bcf8a88a,2026-02-19T17:45:00+00:00,4,154.74281835508435,74.75588887843696
site_f5bcf8a88a,2026-02-19T17:45:00+00:00,96,126.24409464032632,56.06110532666461
site_f5bcf8a88a,2026-02-19T18:00:00+00:00,4,148.16611502711984,101.1925084724873
site_f5bcf8a88a,2026-02-19T18:00:00+00:00,96,167.75703897118206,73.12675950273115
site_f5bcf8a88a,2026-02-19T18:15:00+00:00,4,151.61519506137884,152.23518954495324
site_f5bcf8a88a,2026-02-19T18:15:00+00:00,96,167.7551658457907,72.79353302257486
site_f5bcf8a88a,2026-02-19T18:30:00+00:00,4,140.37554064663584,68.56084837707562
site_f5bcf8a88a,2026-02-19T18:30:00+00:00,96,117.3309096348356,58.6358668005489
site_f5bcf8a88a,2026-02-19T18:45:00+00:00,4,123.77217140581581,54.09588862473434
site_f5bcf8a88a,2026-02-19T18:45:00+00:00,96,111.13019019456141,44.72437416379185
site_f5bcf8a88a,2026-02-19T19:00:00+00:00,4,159.92169783134273,179.75022542144006
site_f5bcf8a88a,2026-02-19T19:00:00+00:00,96,118.78933250135258,248.5398486786071
site_f5bcf8a88a,2026-02-19T19:15:00+00:00,4,164.32325051198177,274.5601872501343
site_f5bcf8a88a,2026-02-19T19:30:00+00:00,4,174.17781341013534,440.15610523076083
site_f5bcf8a88a,2026-02-19T19:45:00+00:00,4,180.52040547267063,480.9346243992099
site_f5bcf8a88a,2026-02-19T20:00:00+00:00,4,178.6954502030379,481.8287523688906
site_f5bcf8a88a,2026-02-19T20:15:00+00:00,4,193.66466308481407,514.5116592803096
site_f5bcf8a88a,2026-02-19T20:15:00+00:00,96,130.2102500661476,11.814724989602466
site_f5bcf8a88a,2026-02-19T20:30:00+00:00,4,214.8551904037457,568.579344623009
site_f5bcf8a88a,2026-02-19T20:30:00+00:00,96,146.51845229803433,399.9834219443437
site_f5bcf8a88a,2026-02-19T20:45:00+00:00,4,226.80959042812336,599.3213967742334
site_f5bcf8a88a,2026-02-19T21:00:00+00:00,4,178.07889212888847,485.7270106808258
site_f5bcf8a88a,2026-02-19T21:15:00+00:00,4,184.0027772258714,493.99568661631577
site_f5bcf8a88a,2026-02-19T21:15:00+00:00,96,146.51845229803433,399.9834219443437
site_f5bcf8a88a,2026-02-19T21:30:00+00:00,4,175.37120534467738,470.9887530020575
site_f5bcf8a88a,2026-02-19T21:30:00+00:00,96,146.51845229803433,399.9834219443437
site_f5bcf8a88a,2026-02-19T21:45:00+00:00,4,114.04854776045494,316.71565609687923
site_f5bcf8a88a,2026-02-19T22:00:00+00:00,4,106.91890397426687,294.92226449786693
site_f5bcf8a88a,2026-02-19T22:15:00+00:00,4,146.81571841484458,279.36791257076817
site_f5bcf8a88a,2026-02-19T22:30:00+00:00,4,132.8440213418836,359.12723233498133
site_f5bcf8a88a,2026-02-19T22:45:00+00:00,4,109.34409965621809,299.0145782337334
site_f5bcf8a88a,2026-02-19T23:00:00+00:00,4,88.05752797770039,252.72388391221287
site_f5bcf8a88a,2026-02-19T23:15:00+00:00,4,111.47423267275695,320.3224009006198
site_f5bcf8a88a,2026-02-19T23:15:00+00:00,96,86.24184185532712,234.38503708109042
site_f5bcf8a88a,2026-02-19T23:30:00+00:00,4,83.29354270802197,237.63766504619628
site_f5bcf8a88a,2026-02-19T23:45:00+00:00,4,59.0974330953677,170.0271259736484
site_f5bcf8a88a,2026-02-20T00:00:00+00:00,4,50.382209567610005,135.77801173102247
site_f5bcf8a88a,2026-02-20T00:15:00+00:00,4,49.735790358325396,134.49525054374965
site_f5bcf8a88a,2026-02-20T00:30:00+00:00,4,49.65607153374432,131.8186158732459
site_f5bcf8a88a,2026-02-20T00:45:00+00:00,4,41.92984478941475,76.12540902102614
site_f5bcf8a88a,2026-02-20T01:00:00+00:00,4,71.38168059229548,31.49935811433953
site_f5bcf8a88a,2026-02-20T01:15:00+00:00,4,78.6584326659092,32.51378586382762
site_f5bcf8a88a,2026-02-20T01:15:00+00:00,96,86.24184185532712,234.38503708109042
site_f5bcf8a88a,2026-02-20T01:30:00+00:00,4,64.63986595678074,28.74470563854065
site_f5bcf8a88a,2026-02-20T01:45:00+00:00,4,79.25508792887133,33.24758382149429
site_f5bcf8a88a,2026-02-20T02:00:00+00:00,4,74.76527778031237,30.369188738892895
site_f5bcf8a88a,2026-02-20T02:15:00+00:00,4,52.23700572158025,21.176927501906867
site_f5bcf8a88a,2026-02-20T02:30:00+00:00,4,68.15526247981488,26.31045804025377
site_f5bcf8a88a,2026-02-20T02:45:00+00:00,4,80.09444844921016,30.55867724927399
site_f5bcf8a88a,2026-02-20T03:00:00+00:00,4,100.10947214602176,38.2088049459026
site_f5bcf8a88a,2026-02-20T03:15:00+00:00,4,96.42908331091577,37.23363103624019
site_f5bcf8a88a,2026-02-20T03:15:00+00:00,96,86.24184185532712,234.38503708109042
site_f5bcf8a88a,2026-02-20T03:30:00+00:00,4,95.98812186623285,37.212416939997816
site_f5bcf8a88a,2026-02-20T03:30:00+00:00,96,86.24184185532712,234.38503708109042
site_f5bcf8a88a,2026-02-20T03:45:00+00:00,4,137.21016861430863,50.54512675805064
site_f5bcf8a88a,2026-02-20T04:00:00+00:00,4,147.39749000794416,57.767305554573525
site_f5bcf8a88a,2026-02-20T04:15:00+00:00,4,175.4252541807405,66.07223246103894
site_f5bcf8a88a,2026-02-20T04:30:00+00:00,4,109.31726908608223,43.11039389107411
site_f5bcf8a88a,2026-02-20T04:45:00+00:00,4,132.96260987939138,51.9400876689069
site_f5bcf8a88a,2026-02-20T04:45:00+00:00,96,86.24184185532712,234.38503708109042
site_f5bcf8a88a,2026-02-20T05:00:00+00:00,4,158.86814596572577,61.70248606346989
site_f5bcf8a88a,2026-02-20T05:00:00+00:00,96,86.24184185532712,234.38503708109042
site_f5bcf8a88a,2026-02-20T05:15:00+00:00,4,181.25828472730677,69.49143900677616
site_f5bcf8a88a,2026-02-20T05:30:00+00:00,4,206.37765264013942,85.25988212743907
site_f5bcf8a88a,2026-02-20T05:30:00+00:00,96,86.24184185532712,234.38503708109042
site_f5bcf8a88a,2026-02-20T05:45:00+00:00,4,168.9845923531535,66.94291665143308
site_f5bcf8a88a,2026-02-20T06:00:00+00:00,4,240.71319344827631,98.19232419804894
site_f5bcf8a88a,2026-02-20T06:15:00+00:00,4,192.86951205452974,83.59606634882292
site_f5bcf8a88a,2026-02-20T06:30:00+00:00,4,246.2110618554891,106.54888237349326
site_f5bcf8a88a,2026-02-20T06:45:00+00:00,4,176.37644286461625,73.45956454239517
site_f5bcf8a88a,2026-02-20T07:00:00+00:00,4,181.31405031305624,75.71477894304238
site_f5bcf8a88a,2026-02-20T07:15:00+00:00,4,108.54418782486283,44.91227998025766
site_f5bcf8a88a,2026-02-20T07:30:00+00:00,4,189.44772143958485,79.10043684745094
site_f5bcf8a88a,2026-02-20T07:45:00+00:00,4,200.18372605467647,81.40706385492098
site_f5bcf8a88a,2026-02-20T08:00:00+00:00,4,202.6416020698121,85.51157350391077
site_f5bcf8a88a,2026-02-20T08:15:00+00:00,4,161.3060622298127,68.36020939059689
site_f5bcf8a88a,2026-02-20T08:30:00+00:00,4,138.00445803627787,58.783090377782344
site_f5bcf8a88a,2026-02-20T08:45:00+00:00,4,189.91978139614736,83.32023048820048
site_f5bcf8a88a,2026-02-20T09:00:00+00:00,4,173.6841061595708,73.13811145554492
site_f5bcf8a88a,2026-02-20T09:00:00+00:00,96,86.24184185532712,234.38503708109042
site_f5bcf8a88a,2026-02-20T09:15:00+00:00,4,154.48397649866732,67.39404059328625
site_f5bcf8a88a,2026-02-20T09:30:00+00:00,4,208.8210094202968,91.36564636063174
site_f5bcf8a88a,2026-02-20T09:30:00+00:00,96,86.24184185532712,234.38503708109042
site_f5bcf8a88a,2026-02-20T09:45:00+00:00,4,182.312035641689,81.33814772841157
site_f5bcf8a88a,2026-02-20T10:00:00+00:00,4,268.6567567907018,117.04149044390952
site_f5bcf8a88a,2026-02-20T10:15:00+00:00,4,267.6122749642053,123.4754025749615
site_f5bcf8a88a,2026-02-20T10:30:00+00:00,4,172.9019737830204,77.04104531833285
site_f5bcf8a88a,2026-02-20T10:30:00+00:00,96,86.24184185532712,234.38503708109042
site_f5bcf8a88a,2026-02-20T10:45:00+00:00,4,251.65652064559183,110.70468450055876
site_f5bcf8a88a,2026-02-20T10:45:00+00:00,96,86.24184185532712,234.38503708109042
site_f5bcf8a88a,2026-02-20T11:00:00+00:00,4,248.3384146460483,107.96012803591958
site_f5bcf8a88a,2026-02-20T11:15:00+00:00,4,255.8042195897185,111.70271411161814
site_f5bcf8a88a,2026-02-20T11:30:00+00:00,4,203.07140087971936,87.06352878783639
site_f5bcf8a88a,2026-02-20T11:45:00+00:00,4,283.06902357509745,126.41605143850332
site_f5bcf8a88a,2026-02-20T12:00:00+00:00,4,309.0976646186024,142.52913413776608
site_f5bcf8a88a,2026-02-20T12:15:00+00:00,4,299.98459554394174,134.2277781316485
site_f5bcf8a88a,2026-02-20T12:30:00+00:00,4,271.81971685171874,121.33723917928647
site_f5bcf8a88a,2026-02-20T12:45:00+00:00,4,357.2829526112011,157.32169616502173
site_f5bcf8a88a,2026-02-20T13:00:00+00:00,4,284.6404570609933,122.7729495344609
site_f5bcf8a88a,2026-02-20T13:15:00+00:00,4,301.4522057220591,131.5625514291826
site_f5bcf8a88a,2026-02-20T13:30:00+00:00,4,315.96320374968013,144.5654722619443
site_f5bcf8a88a,2026-02-20T13:45:00+00:00,4,339.00162438463127,149.64896968022003
site_f5bcf8a88a,2026-02-20T13:45:00+00:00,96,133.55587739306378,58.11917711159358
site_f5bcf8a88a,2026-02-20T14:00:00+00:00,4,254.1768965704809,105.91883630187363
site_f5bcf8a88a,2026-02-20T14:00:00+00:00,96,132.72630708563904,56.13027072364056
site_f5bcf8a88a,2026-02-20T14:15:00+00:00,4,301.01511217235947,132.34313139998645
site_f5bcf8a88a,2026-02-20T14:15:00+00:00,96,153.4940238931051,67.79856332559841
site_f5bcf8a88a,2026-02-20T14:30:00+00:00,4,330.68803376326434,146.80479347039704
site_f5bcf8a88a,2026-02-20T14:30:00+00:00,96,170.93397547913534,75.49157564478729
site_f5bcf8a88a,2026-02-20T14:45:00+00:00,4,310.8492582748541,130.36514615153652
site_f5bcf8a88a,2026-02-20T14:45:00+00:00,96,164.8836964258486,73.36646107413011
site_f5bcf8a88a,2026-02-20T15:00:00+00:00,4,203.15949323255168,76.6906682475192
site_f5bcf8a88a,2026-02-20T15:00:00+00:00,96,218.0858492996056,92.82073448909227
site_f5bcf8a88a,2026-02-20T15:15:00+00:00,4,130.66672503606088,51.95456039058399
site_f5bcf8a88a,2026-02-20T15:15:00+00:00,96,195.99972574452923,84.17537727437276
site_f5bcf8a88a,2026-02-20T15:30:00+00:00,4,189.98877918535885,84.04426662837892
site_f5bcf8a88a,2026-02-20T15:30:00+00:00,96,173.3735130631568,74.08259754489663
site_f5bcf8a88a,2026-02-20T15:45:00+00:00,4,192.28567080000647,90.93356637209607
site_f5bcf8a88a,2026-02-20T15:45:00+00:00,96,157.8380395383278,68.48407661442702
site_f5bcf8a88a,2026-02-20T16:00:00+00:00,4,175.16418481448963,84.67089562039506
site_f5bcf8a88a,2026-02-20T16:00:00+00:00,96,234.12799845809116,97.4469640628386
site_f5bcf8a88a,2026-02-20T16:15:00+00:00,4,200.10830717221205,92.16885877208415
site_f5bcf8a88a,2026-02-20T16:15:00+00:00,96,229.32299736130906,263.597992016402
site_f5bcf8a88a,2026-02-20T16:30:00+00:00,4,169.2531843621234,75.78100176870335
site_f5bcf8a88a,2026-02-20T16:30:00+00:00,96,170.411013707834,201.6155646481166
site_f5bcf8a88a,2026-02-20T16:45:00+00:00,4,180.02058610734485,79.69023756851428
site_f5bcf8a88a,2026-02-20T16:45:00+00:00,96,151.0926740096731,67.08538013713951
site_f5bcf8a88a,2026-02-20T17:00:00+00:00,4,130.08077231277323,57.34701721968352
site_f5bcf8a88a,2026-02-20T17:00:00+00:00,96,197.0562070604895,126.04270765588166
site_f5bcf8a88a,2026-02-20T17:15:00+00:00,4,177.5300854326296,76.26569810754091
site_f5bcf8a88a,2026-02-20T17:15:00+00:00,96,139.64125649728825,138.09890667606197
site_f5bcf8a88a,2026-02-20T17:30:00+00:00,4,198.41595202505306,83.1831294520294
site_f5bcf8a88a,2026-02-20T17:30:00+00:00,96,134.54069890726146,59.39183215136178
site_f5bcf8a88a,2026-02-20T17:45:00+00:00,4,180.55797068231965,71.78250648493344
site_f5bcf8a88a,2026-02-20T17:45:00+00:00,96,106.52688877730637,47.015767102759774
site_f5bcf8a88a,2026-02-20T18:00:00+00:00,4,167.35332044681232,65.10362870013893
site_f5bcf8a88a,2026-02-20T18:00:00+00:00,96,188.05975771723882,203.48218304397176
site_f5bcf8a88a,2026-02-20T18:15:00+00:00,4,100.26873647297246,38.29649560831031
site_f5bcf8a88a,2026-02-20T18:15:00+00:00,96,143.30450940708155,235.35760786217523
site_f5bcf8a88a,2026-02-20T18:30:00+00:00,4,137.72841142654897,49.35581806094795
site_f5bcf8a88a,2026-02-20T18:30:00+00:00,96,146.89964901149844,377.089665252093
site_f5bcf8a88a,2026-02-20T18:45:00+00:00,4,140.86956438301462,51.85067336569606
site_f5bcf8a88a,2026-02-20T18:45:00+00:00,96,161.94081629935465,432.83991041310423
site_f5bcf8a88a,2026-02-20T19:00:00+00:00,4,183.9957289870965,65.33809533429621
site_f5bcf8a88a,2026-02-20T19:00:00+00:00,96,148.87191443612784,398.76251886698657
site_f5bcf8a88a,2026-02-20T19:15:00+00:00,4,154.85364726375497,51.218672336604996
site_f5bcf8a88a,2026-02-20T19:15:00+00:00,96,216.33759089725592,576.4785336622048
site_f5bcf8a88a,2026-02-20T19:30:00+00:00,4,133.7577859752342,44.98713206529095
site_f5bcf8a88a,2026-02-20T19:30:00+00:00,96,221.32408331692432,591.1357368396509
site_f5bcf8a88a,2026-02-20T19:45:00+00:00,4,118.21830607776596,35.93962549182505
site_f5bcf8a88a,2026-02-20T19:45:00+00:00,96,206.40119458562884,553.2180214718156
site_f5bcf8a88a,2026-02-20T20:00:00+00:00,4,129.5459876431452,39.15655662633961
site_f5bcf8a88a,2026-02-20T20:00:00+00:00,96,135.84624513654663,366.5663873675725
site_f5bcf8a88a,2026-02-20T20:15:00+00:00,4,109.97759961759407,32.26350505752834
site_f5bcf8a88a,2026-02-20T20:15:00+00:00,96,158.65680310809483,429.1807754128538
site_f5bcf8a88a,2026-02-20T20:30:00+00:00,4,129.14138021233697,40.63246453510824
site_f5bcf8a88a,2026-02-20T20:30:00+00:00,96,119.69715946192662,324.01255635213334
site_f5bcf8a88a,2026-02-20T20:45:00+00:00,4,115.33466060282319,34.068019599302055
site_f5bcf8a88a,2026-02-20T20:45:00+00:00,96,88.97533177811043,242.09315643631234
site_f5bcf8a88a,2026-02-20T21:00:00+00:00,4,58.035700813326685,18.270289277180172
site_f5bcf8a88a,2026-02-20T21:00:00+00:00,96,96.87532907491942,265.0628505430509
site_f5bcf8a88a,2026-02-20T21:15:00+00:00,4,88.73875341005622,26.083811140732678
site_f5bcf8a88a,2026-02-20T21:15:00+00:00,96,108.61020068600351,204.47496279151457
site_f5bcf8a88a,2026-02-20T21:30:00+00:00,4,115.27895005514753,33.99923747193995
site_f5bcf8a88a,2026-02-20T21:30:00+00:00,96,82.11356733500294,225.05437036818714
site_f5bcf8a88a,2026-02-20T21:45:00+00:00,4,169.67711206514517,44.437267937440026
site_f5bcf8a88a,2026-02-20T21:45:00+00:00,96,90.07334740125975,246.91360842570958
site_f5bcf8a88a,2026-02-20T22:00:00+00:00,4,178.86454929302587,48.44889984769008
site_f5bcf8a88a,2026-02-20T22:00:00+00:00,96,74.80700371168771,206.5605262214179
site_f5bcf8a88a,2026-02-20T22:15:00+00:00,4,187.97546641567698,53.62316896267618
site_f5bcf8a88a,2026-02-20T22:15:00+00:00,96,125.87519722166999,343.60236923527214
site_f5bcf8a88a,2026-02-20T22:30:00+00:00,4,211.89707636599465,56.91474025515133
site_f5bcf8a88a,2026-02-20T22:30:00+00:00,96,82.05100109479781,227.1668767805048
site_f5bcf8a88a,2026-02-20T22:45:00+00:00,4,218.59274570475458,55.51643741814652
site_f5bcf8a88a,2026-02-20T22:45:00+00:00,96,63.72663034218218,179.20112289752544
site_f5bcf8a88a,2026-02-20T23:00:00+00:00,4,281.0285670640391,67.6030853042158
site_f5bcf8a88a,2026-02-20T23:00:00+00:00,96,50.28741591738778,143.2245713855298
site_f5bcf8a88a,2026-02-20T23:15:00+00:00,4,277.51022579742795,65.52728679692753
site_f5bcf8a88a,2026-02-20T23:15:00+00:00,96,43.643575218595274,127.51282831641615
site_f5bcf8a88a,2026-02-20T23:30:00+00:00,4,315.94781604808145,71.04065123103894
site_f5bcf8a88a,2026-02-20T23:30:00+00:00,96,46.47479077361098,131.6889111538956
site_f5bcf8a88a,2026-02-20T23:45:00+00:00,4,279.1063303205261,54.595865432241126
site_f5bcf8a88a,2026-02-20T23:45:00+00:00,96,60.349879657062885,111.2278707268591
site_f5bcf8a88a,2026-02-21T00:00:00+00:00,4,142.95693239178777,28.244604901778246
site_f5bcf8a88a,2026-02-21T00:00:00+00:00,96,62.41003072562391,26.963204444985443
site_f5bcf8a88a,2026-02-21T00:15:00+00:00,4,174.86895962597146,29.987916946505315
site_f5bcf8a88a,2026-02-21T00:15:00+00:00,96,74.28244071191247,29.310715050637263
site_f5bcf8a88a,2026-02-21T00:30:00+00:00,4,243.93755180011587,37.50536786312432
site_f5bcf8a88a,2026-02-21T00:30:00+00:00,96,59.98081936299924,24.91782666535061
site_f5bcf8a88a,2026-02-21T00:45:00+00:00,4,262.22487922141323,36.595191209587924
site_f5bcf8a88a,2026-02-21T00:45:00+00:00,96,82.0765524928172,33.4045646488855
site_f5bcf8a88a,2026-02-21T01:00:00+00:00,4,357.9814428778276,44.82707595859867
site_f5bcf8a88a,2026-02-21T01:00:00+00:00,96,78.02750362845222,31.1340953763466
site_f5bcf8a88a,2026-02-21T01:15:00+00:00,4,349.7442028871693,43.317064895062074
site_f5bcf8a88a,2026-02-21T01:15:00+00:00,96,60.31099039571472,25.24474226318818
site_f5bcf8a88a,2026-02-21T01:30:00+00:00,4,421.96993425356385,52.099933244470655
site_f5bcf8a88a,2026-02-21T01:30:00+00:00,96,74.68534570404866,30.181424356571775
site_f5bcf8a88a,2026-02-21T01:45:00+00:00,4,437.7988441214277,55.03636391842437
site_f5bcf8a88a,2026-02-21T01:45:00+00:00,96,64.68128201222464,25.277633663085417
site_f5bcf8a88a,2026-02-21T02:00:00+00:00,4,262.4763577295086,32.862653148771514
site_f5bcf8a88a,2026-02-21T02:00:00+00:00,96,111.88514614932481,40.3476663630734
site_f5bcf8a88a,2026-02-21T02:15:00+00:00,4,330.43737993896093,42.99580560141958
site_f5bcf8a88a,2026-02-21T02:15:00+00:00,96,135.05311868542088,48.84837898460896
site_f5bcf8a88a,2026-02-21T02:30:00+00:00,4,177.60338572926494,24.249108255926004
site_f5bcf8a88a,2026-02-21T02:30:00+00:00,96,134.0154465755068,48.05028069349318
site_f5bcf8a88a,2026-02-21T02:45:00+00:00,4,167.0190377445184,21.069339244055517
site_f5bcf8a88a,2026-02-21T02:45:00+00:00,96,171.75230581526205,61.07643875593055
site_f5bcf8a88a,2026-02-21T03:00:00+00:00,4,173.2517324633808,22.36584065292349
site_f5bcf8a88a,2026-02-21T03:00:00+00:00,96,154.94840521402728,57.34723214124093
site_f5bcf8a88a,2026-02-21T03:15:00+00:00,4,143.13125430054765,19.417666099478406
site_f5bcf8a88a,2026-02-21T03:15:00+00:00,96,135.24155008173295,50.32528072044851
site_f5bcf8a88a,2026-02-21T03:30:00+00:00,4,83.44593112817985,12.368606402323696
site_f5bcf8a88a,2026-02-21T03:30:00+00:00,96,73.94913019948295,29.84523551107563
site_f5bcf8a88a,2026-02-21T03:45:00+00:00,4,90.6937597382771,11.645837258662361
site_f5bcf8a88a,2026-02-21T03:45:00+00:00,96,91.73099825479869,35.50177778628723
site_f5bcf8a88a,2026-02-21T04:00:00+00:00,4,67.82614419948547,10.986823801855083
site_f5bcf8a88a,2026-02-21T04:00:00+00:00,96,144.2357109712031,53.582677179239276
site_f5bcf8a88a,2026-02-21T04:15:00+00:00,4,100.39738507286123,15.128139452308453
site_f5bcf8a88a,2026-02-21T04:15:00+00:00,96,146.13528818723117,55.0204422120698
site_f5bcf8a88a,2026-02-21T04:30:00+00:00,4,41.24837490030031,6.67824798313238
site_f5bcf8a88a,2026-02-21T04:30:00+00:00,96,232.94215754368986,89.01224951810158
site_f5bcf8a88a,2026-02-21T04:45:00+00:00,4,34.495868008660466,6.243539336093336
site_f5bcf8a88a,2026-02-21T04:45:00+00:00,96,81.85394229486681,33.84072764336847
site_f5bcf8a88a,2026-02-21T05:00:00+00:00,4,102.24855628595958,15.471606330507683
site_f5bcf8a88a,2026-02-21T05:00:00+00:00,96,252.76479880582562,94.27189622892575
site_f5bcf8a88a,2026-02-21T05:15:00+00:00,4,127.25425359864158,21.31404388765157
site_f5bcf8a88a,2026-02-21T05:15:00+00:00,96,132.53158300291483,53.96422552972375
site_f5bcf8a88a,2026-02-21T05:30:00+00:00,4,118.55286606349175,19.259731252708566
site_f5bcf8a88a,2026-02-21T05:30:00+00:00,96,228.47599008344974,87.06234402687635
site_f5bcf8a88a,2026-02-21T05:45:00+00:00,4,86.24187612897097,13.154829751074836
site_f5bcf8a88a,2026-02-21T05:45:00+00:00,96,109.46002257051768,45.06235387057956
site_f5bcf8a88a,2026-02-21T06:00:00+00:00,4,102.64146577126715,14.697291074898306
site_f5bcf8a88a,2026-02-21T06:00:00+00:00,96,116.23699691207099,46.88771060462147
site_f5bcf8a88a,2026-02-21T06:15:00+00:00,4,117.08377037968846,17.9685934623293
site_f5bcf8a88a,2026-02-21T06:15:00+00:00,96,82.2715121311977,35.64088405210304
site_f5bcf8a88a,2026-02-21T06:30:00+00:00,4,115.19065615824461,17.477579644883054
site_f5bcf8a88a,2026-02-21T06:30:00+00:00,96,143.83512448418549,57.67826125990093
site_f5bcf8a88a,2026-02-21T06:45:00+00:00,4,131.52451563720163,22.090175862396954
site_f5bcf8a88a,2026-02-21T06:45:00+00:00,96,131.54347872493523,53.65913315472127
site_f5bcf8a88a,2026-02-21T07:00:00+00:00,4,144.13797279893686,24.759118279516077
site_f5bcf8a88a,2026-02-21T07:00:00+00:00,96,139.47875936075573,58.63715474967245
site_f5bcf8a88a,2026-02-21T07:15:00+00:00,4,148.06429144646077,25.388523449602573
site_f5bcf8a88a,2026-02-21T07:15:00+00:00,96,112.74275451652684,48.113317289533384
site_f5bcf8a88a,2026-02-21T07:30:00+00:00,4,124.46498585688427,21.68440313506878
site_f5bcf8a88a,2026-02-21T07:30:00+00:00,96,85.51244632930326,37.7771243947134
site_f5bcf8a88a,2026-02-21T07:45:00+00:00,4,93.72144815925897,13.651101846065831
site_f5bcf8a88a,2026-02-21T07:45:00+00:00,96,215.8327410264444,86.91444216890754
site_f5bcf8a88a,2026-02-21T08:00:00+00:00,4,141.27408169190005,24.091654071571583
site_f5bcf8a88a,2026-02-21T08:00:00+00:00,96,105.62878332736324,45.826564232911124
site_f5bcf8a88a,2026-02-21T08:15:00+00:00,4,95.49469412817982,16.234555210090722
site_f5bcf8a88a,2026-02-21T08:15:00+00:00,96,113.80334673743658,49.24269237085591
site_f5bcf8a88a,2026-02-21T08:30:00+00:00,4,104.32255988895088,16.582111346128748
site_f5bcf8a88a,2026-02-21T08:30:00+00:00,96,196.55982373811133,80.51290651285069
site_f5bcf8a88a,2026-02-21T08:45:00+00:00,4,97.67605010048459,15.633524302551393
site_f5bcf8a88a,2026-02-21T08:45:00+00:00,96,162.24480664306833,67.96599356724182
site_f5bcf8a88a,2026-02-21T09:00:00+00:00,4,100.25584850743952,15.669230773619072
site_f5bcf8a88a,2026-02-21T09:00:00+00:00,96,582.2942555195488,236.90145093297534
site_f5bcf8a88a,2026-02-21T09:15:00+00:00,4,110.40649112150041,16.731617929017318
site_f5bcf8a88a,2026-02-21T09:15:00+00:00,96,200.11133924803912,82.56909781253675
site_f5bcf8a88a,2026-02-21T09:30:00+00:00,4,89.47536185082406,13.737023002373258
site_f5bcf8a88a,2026-02-21T09:30:00+00:00,96,119.77209787365673,51.44593231119332
site_f5bcf8a88a,2026-02-21T09:45:00+00:00,4,88.63714804624163,14.094493451482563
site_f5bcf8a88a,2026-02-21T09:45:00+00:00,96,187.5912671677176,77.40653252268324
site_f5bcf8a88a,2026-02-21T10:00:00+00:00,4,49.651620522838215,8.442335466746881
site_f5bcf8a88a,2026-02-21T10:00:00+00:00,96,135.76711815339286,57.65536374299299
site_f5bcf8a88a,2026-02-21T10:15:00+00:00,4,34.157662109389854,6.054180014435646
site_f5bcf8a88a,2026-02-21T10:15:00+00:00,96,143.94652666571727,60.61915598743127
site_f5bcf8a88a,2026-02-21T10:30:00+00:00,4,57.33922982939062,9.498428798837132
site_f5bcf8a88a,2026-02-21T10:30:00+00:00,96,94.4539895122785,41.121636275147985
site_f5bcf8a88a,2026-02-21T10:45:00+00:00,4,88.97351391405581,16.26161006672277
site_f5bcf8a88a,2026-02-21T10:45:00+00:00,96,223.70035462256,91.48384569646555
site_f5bcf8a88a,2026-02-21T11:00:00+00:00,4,86.8759636608585,15.158704521460066
site_f5bcf8a88a,2026-02-21T11:00:00+00:00,96,306.09640440892684,126.53734215770953
site_f5bcf8a88a,2026-02-21T11:15:00+00:00,4,86.86483558136426,16.847505720754018
site_f5bcf8a88a,2026-02-21T11:15:00+00:00,96,178.09956247939667,74.66995899148012
site_f5bcf8a88a,2026-02-21T11:30:00+00:00,4,74.30059763667587,12.564820661712204
site_f5bcf8a88a,2026-02-21T11:30:00+00:00,96,108.4845290824077,45.93601841566031
site_f5bcf8a88a,2026-02-21T11:45:00+00:00,4,72.82776263730378,13.204045967079937
site_f5bcf8a88a,2026-02-21T11:45:00+00:00,96,165.58315520365755,68.54868697754256
site_f5bcf8a88a,2026-02-21T12:00:00+00:00,4,89.13472088319833,14.279274550327784
site_f5bcf8a88a,2026-02-21T12:00:00+00:00,96,116.83797991913477,49.46296792483397
site_f5bcf8a88a,2026-02-21T12:15:00+00:00,4,101.12744198029091,16.713319464865297
site_f5bcf8a88a,2026-02-21T12:15:00+00:00,96,129.14447832290443,54.4046921433446
site_f5bcf8a88a,2026-02-21T12:30:00+00:00,4,102.19464711701129,16.71097137945156
site_f5bcf8a88a,2026-02-21T12:30:00+00:00,96,238.87282006254657,98.8308362693025
site_f5bcf8a88a,2026-02-21T12:45:00+00:00,4,120.13263454036107,19.303862014776122
site_f5bcf8a88a,2026-02-21T12:45:00+00:00,96,221.6888480263974,87.79778314649839
site_f5bcf8a88a,2026-02-21T13:00:00+00:00,4,129.63605779173176,20.010493152507653
site_f5bcf8a88a,2026-02-21T13:00:00+00:00,96,122.4548704746245,49.75229713333194
site_f5bcf8a88a,2026-02-21T13:15:00+00:00,4,137.1458272558208,22.57070916614364
site_f5bcf8a88a,2026-02-21T13:15:00+00:00,96,150.91015553648458,62.06590139691455
site_f5bcf8a88a,2026-02-21T13:30:00+00:00,4,174.59648720294496,23.170978154776314
site_f5bcf8a88a,2026-02-21T13:30:00+00:00,96,194.51032625528853,76.48745163812588
site_f5bcf8a88a,2026-02-21T13:45:00+00:00,4,156.8191009481799,20.871240295571393
site_f5bcf8a88a,2026-02-21T13:45:00+00:00,96,133.4745569849295,53.49965258862016
site_f5bcf8a88a,2026-02-21T14:00:00+00:00,4,108.13797531787364,13.954859370941092
site_f5bcf8a88a,2026-02-21T14:00:00+00:00,96,76.05822194698173,31.187268706405796
site_f5bcf8a88a,2026-02-21T14:15:00+00:00,4,113.97873345950921,13.835300228386348
site_f5bcf8a88a,2026-02-21T14:15:00+00:00,96,80.86910384580881,31.86338267240501
site_f5bcf8a88a,2026-02-21T14:30:00+00:00,4,84.31220868854673,10.721007698956571
site_f5bcf8a88a,2026-02-21T14:30:00+00:00,96,147.51056522499448,62.557334785069855
site_f5bcf8a88a,2026-02-21T14:45:00+00:00,4,58.635849454713195,6.790688898650565
site_f5bcf8a88a,2026-02-21T14:45:00+00:00,96,130.00064036320447,60.648260822961674
site_f5bcf8a88a,2026-02-21T15:00:00+00:00,4,62.58601150817842,6.604050756273198
site_f5bcf8a88a,2026-02-21T15:00:00+00:00,96,122.66137013138177,57.62977199570398
site_f5bcf8a88a,2026-02-21T15:15:00+00:00,4,85.5704560274978,9.06926953557921
site_f5bcf8a88a,2026-02-21T15:15:00+00:00,96,170.55894614857544,74.2691127696429
site_f5bcf8a88a,2026-02-21T15:30:00+00:00,4,53.141460475258874,5.975151994373347
site_f5bcf8a88a,2026-02-21T15:30:00+00:00,96,87.204070955443,39.73631874912281
site_f5bcf8a88a,2026-02-21T15:45:00+00:00,4,75.80900449032137,9.586735931355015
site_f5bcf8a88a,2026-02-21T15:45:00+00:00,96,155.6790409586699,62.99392190014997
site_f5bcf8a88a,2026-02-21T16:00:00+00:00,4,91.7036761528632,10.34895480156668
site_f5bcf8a88a,2026-02-21T16:00:00+00:00,96,114.8308910760247,50.71601946753552
site_f5bcf8a88a,2026-02-21T16:15:00+00:00,4,101.2067371995603,12.589890679828454
site_f5bcf8a88a,2026-02-21T16:15:00+00:00,96,150.5641613739706,59.76798147532902
site_f5bcf8a88a,2026-02-21T16:30:00+00:00,4,76.59656582097455,9.53587923380345
site_f5bcf8a88a,2026-02-21T16:30:00+00:00,96,146.49555791597146,59.346006414501694
site_f5bcf8a88a,2026-02-21T16:45:00+00:00,4,98.0375721603143,17.290646196201397
site_f5bcf8a88a,2026-02-21T16:45:00+00:00,96,106.09343977717259,41.73023650631133
site_f5bcf8a88a,2026-02-21T17:00:00+00:00,4,88.37609503056258,17.104096251930898
site_f5bcf8a88a,2026-02-21T17:00:00+00:00,96,164.86668450228692,58.31391669221574
site_f5bcf8a88a,2026-02-21T17:15:00+00:00,4,96.49491021682678,19.826370136540618
site_f5bcf8a88a,2026-02-21T17:15:00+00:00,96,74.9130272877998,29.48464443276434
site_f5bcf8a88a,2026-02-21T17:30:00+00:00,4,118.60082703894051,24.89524892452033
site_f5bcf8a88a,2026-02-21T17:30:00+00:00,96,107.10716049900627,38.04812528504164
site_f5bcf8a88a,2026-02-21T17:45:00+00:00,4,147.74393021936342,32.83175709959494
site_f5bcf8a88a,2026-02-21T17:45:00+00:00,96,112.12033675737203,39.46311029083585
site_f5bcf8a88a,2026-02-21T18:00:00+00:00,4,140.02332504020194,33.3206279437311
site_f5bcf8a88a,2026-02-21T18:00:00+00:00,96,182.6515922265019,62.08192841818441
site_f5bcf8a88a,2026-02-21T18:15:00+00:00,4,173.56152644905566,39.97208903195012
site_f5bcf8a88a,2026-02-21T18:15:00+00:00,96,144.6234290010407,45.05319103631054
site_f5bcf8a88a,2026-02-21T18:30:00+00:00,4,187.72674368751376,43.478159895619314
site_f5bcf8a88a,2026-02-21T18:30:00+00:00,96,103.05885726057593,34.68561781686451
site_f5bcf8a88a,2026-02-21T18:45:00+00:00,4,159.49547258919065,37.29720194973274
site_f5bcf8a88a,2026-02-21T18:45:00+00:00,96,78.45670334724372,25.863458586842604
site_f5bcf8a88a,2026-02-21T19:00:00+00:00,4,161.32453386852066,36.801985039791205
site_f5bcf8a88a,2026-02-21T19:00:00+00:00,96,107.5673085599787,32.49885077583929
site_f5bcf8a88a,2026-02-21T19:15:00+00:00,4,177.1772657603341,42.73777332619861
site_f5bcf8a88a,2026-02-21T19:15:00+00:00,96,81.52031455748225,25.514213602675568
site_f5bcf8a88a,2026-02-21T19:30:00+00:00,4,155.18050313470036,36.787229372090394
site_f5bcf8a88a,2026-02-21T19:30:00+00:00,96,155.8050182934458,43.87755952731014
site_f5bcf8a88a,2026-02-21T19:45:00+00:00,4,194.08666611472933,43.148667226298414
site_f5bcf8a88a,2026-02-21T19:45:00+00:00,96,88.34140527739444,27.121384222535994
site_f5bcf8a88a,2026-02-21T20:00:00+00:00,4,202.78396195677277,47.16448524049041
site_f5bcf8a88a,2026-02-21T20:00:00+00:00,96,65.99135025042376,21.12738450872004
site_f5bcf8a88a,2026-02-21T20:15:00+00:00,4,195.35796395969192,45.32946018722673
site_f5bcf8a88a,2026-02-21T20:15:00+00:00,96,144.81643616796075,42.41566355745677
site_f5bcf8a88a,2026-02-21T20:30:00+00:00,4,172.45327487608964,40.01043614556552
site_f5bcf8a88a,2026-02-21T20:30:00+00:00,96,166.4725733233894,47.1615396807655
site_f5bcf8a88a,2026-02-21T20:45:00+00:00,4,179.98603530192264,40.069686408139034
site_f5bcf8a88a,2026-02-21T20:45:00+00:00,96,239.98637277419618,61.52993373908725
site_f5bcf8a88a,2026-02-21T21:00:00+00:00,4,119.42876347927461,26.551868870924856
site_f5bcf8a88a,2026-02-21T21:00:00+00:00,96,287.70497654338465,75.04538234208998
site_f5bcf8a88a,2026-02-21T21:15:00+00:00,4,75.71757924611693,17.113494840515067
site_f5bcf8a88a,2026-02-21T21:15:00+00:00,96,315.78390468194914,83.16757211231518
site_f5bcf8a88a,2026-02-21T21:30:00+00:00,4,87.40927883034787,19.341433063119446
site_f5bcf8a88a,2026-02-21T21:30:00+00:00,96,299.3057182378524,76.24963937380171
site_f5bcf8a88a,2026-02-21T21:45:00+00:00,4,131.6995206036691,29.819900113310858
site_f5bcf8a88a,2026-02-21T21:45:00+00:00,96,343.277953364913,78.88619944744151
site_f5bcf8a88a,2026-02-21T22:00:00+00:00,4,108.24773963326555,24.70076247921881
site_f5bcf8a88a,2026-02-21T22:00:00+00:00,96,465.64963569187523,102.34173137704694
site_f5bcf8a88a,2026-02-21T22:15:00+00:00,4,90.87584833684262,22.563405598368423
site_f5bcf8a88a,2026-02-21T22:15:00+00:00,96,419.55214927229133,90.01253806075499
site_f5bcf8a88a,2026-02-21T22:30:00+00:00,4,82.53894375499591,18.952111430120897
site_f5bcf8a88a,2026-02-21T22:30:00+00:00,96,305.6065736817812,65.76541802109325
site_f5bcf8a88a,2026-02-21T22:45:00+00:00,4,54.657134254869014,14.795503622956357
site_f5bcf8a88a,2026-02-21T22:45:00+00:00,96,186.21590854789173,37.604732923579796
site_f5bcf8a88a,2026-02-21T23:00:00+00:00,4,27.991994405754987,6.379159333647619
site_f5bcf8a88a,2026-02-21T23:00:00+00:00,96,73.04415124638389,16.366628000800695
site_f5bcf8a88a,2026-02-21T23:15:00+00:00,4,52.43358525305726,11.828172194659803
site_f5bcf8a88a,2026-02-21T23:15:00+00:00,96,126.20698558525541,21.73498876683464
site_f5bcf8a88a,2026-02-21T23:30:00+00:00,4,36.835304977534186,8.333053445893277
site_f5bcf8a88a,2026-02-21T23:30:00+00:00,96,162.39486013224376,25.249167377801395
site_f5bcf8a88a,2026-02-21T23:45:00+00:00,4,26.168952682531437,5.914506434095298
site_f5bcf8a88a,2026-02-21T23:45:00+00:00,96,185.30071437794345,25.421170043189406
site_f5bcf8a88a,2026-02-22T00:00:00+00:00,4,30.53963066814807,6.670167299809483
site_f5bcf8a88a,2026-02-22T00:00:00+00:00,96,367.53473714043514,43.86118387672549
site_f5bcf8a88a,2026-02-22T00:15:00+00:00,4,40.382629364841186,8.553108637383943
site_f5bcf8a88a,2026-02-22T00:15:00+00:00,96,297.0188293209042,35.0233323635371
site_f5bcf8a88a,2026-02-22T00:30:00+00:00,4,40.75397125351748,8.40135385459315
site_f5bcf8a88a,2026-02-22T00:30:00+00:00,96,317.9211257480374,37.87560556251722
site_f5bcf8a88a,2026-02-22T00:45:00+00:00,4,39.3402656212616,7.912996828410378
site_f5bcf8a88a,2026-02-22T00:45:00+00:00,96,371.76609996374685,45.24755561267124
site_f5bcf8a88a,2026-02-22T01:00:00+00:00,4,21.573524907243833,4.24378202453777
site_f5bcf8a88a,2026-02-22T01:00:00+00:00,96,150.66517154462485,19.669493225300098
site_f5bcf8a88a,2026-02-22T01:15:00+00:00,4,28.416819573224046,4.249658980873919
site_f5bcf8a88a,2026-02-22T01:15:00+00:00,96,200.56163463940337,26.174220712402185
site_f5bcf8a88a,2026-02-22T01:30:00+00:00,4,50.304995253698166,8.59039736109061
site_f5bcf8a88a,2026-02-22T01:30:00+00:00,96,94.87353701468334,14.19008024809349
site_f5bcf8a88a,2026-02-22T01:45:00+00:00,4,61.69066374398988,10.279374435835901
site_f5bcf8a88a,2026-02-22T01:45:00+00:00,96,86.45846948068494,11.86213979503185
site_f5bcf8a88a,2026-02-22T02:00:00+00:00,4,80.37737183756637,13.733385563398985
site_f5bcf8a88a,2026-02-22T02:00:00+00:00,96,82.3936027142684,12.350505237244592
site_f5bcf8a88a,2026-02-22T02:15:00+00:00,4,75.4166203239001,14.416190719427458
site_f5bcf8a88a,2026-02-22T02:15:00+00:00,96,78.06904310081069,12.333716051963222
site_f5bcf8a88a,2026-02-22T02:30:00+00:00,4,72.85326333217729,9.545309146361367
site_f5bcf8a88a,2026-02-22T02:30:00+00:00,96,64.25642689162594,11.698359662801588
site_f5bcf8a88a,2026-02-22T02:45:00+00:00,4,87.14619289779667,14.9012601785369
site_f5bcf8a88a,2026-02-22T02:45:00+00:00,96,62.468419730510455,9.986902263494692
site_f5bcf8a88a,2026-02-22T03:00:00+00:00,4,81.32290473094422,9.737175919200707
site_f5bcf8a88a,2026-02-22T03:00:00+00:00,96,63.98971056950301,12.099948168086577
site_f5bcf8a88a,2026-02-22T03:15:00+00:00,4,90.5080267227747,8.831740457734387
site_f5bcf8a88a,2026-02-22T03:15:00+00:00,96,62.39532309792324,11.60295275767265
site_f5bcf8a88a,2026-02-22T03:30:00+00:00,4,99.03742079930173,9.748097608774568
site_f5bcf8a88a,2026-02-22T03:30:00+00:00,96,56.290764369291786,9.91062893135727
site_f5bcf8a88a,2026-02-22T03:45:00+00:00,4,100.9305445762,9.002350310524498
site_f5bcf8a88a,2026-02-22T03:45:00+00:00,96,53.209194000133635,10.067707168811586
site_f5bcf8a88a,2026-02-22T04:00:00+00:00,4,101.06393172883195,9.22140625716425
site_f5bcf8a88a,2026-02-22T04:00:00+00:00,96,269.64536705518947,39.167915847591985
site_f5bcf8a88a,2026-02-22T04:15:00+00:00,4,119.07610695511113,9.969072478045833
site_f5bcf8a88a,2026-02-22T04:15:00+00:00,96,158.23962811746452,24.233277113024492
site_f5bcf8a88a,2026-02-22T04:30:00+00:00,4,94.8190453806766,8.248683972603835
site_f5bcf8a88a,2026-02-22T04:30:00+00:00,96,86.95009548055373,15.669736570645945
site_f5bcf8a88a,2026-02-22T04:45:00+00:00,4,86.92330724936012,10.122730605058456
site_f5bcf8a88a,2026-02-22T04:45:00+00:00,96,53.977741492638195,9.809328512453956
site_f5bcf8a88a,2026-02-22T05:00:00+00:00,4,105.20192840070663,13.807375681722888
site_f5bcf8a88a,2026-02-22T05:00:00+00:00,96,86.99880332017543,14.538340725286751
site_f5bcf8a88a,2026-02-22T05:15:00+00:00,4,106.72193024275671,14.49199083644418
site_f5bcf8a88a,2026-02-22T05:15:00+00:00,96,97.10806693332262,16.7024065019104
site_f5bcf8a88a,2026-02-22T05:30:00+00:00,4,93.99713829228133,12.630913463853096
site_f5bcf8a88a,2026-02-22T05:30:00+00:00,96,84.61501237745098,14.95543262741226
site_f5bcf8a88a,2026-02-22T05:45:00+00:00,4,93.26929088650485,12.61075482577707
site_f5bcf8a88a,2026-02-22T05:45:00+00:00,96,130.28815006815702,21.506208349986462
site_f5bcf8a88a,2026-02-22T06:00:00+00:00,4,127.0639309792671,16.451891311345022
site_f5bcf8a88a,2026-02-22T06:00:00+00:00,96,162.0500926792035,24.821636267658516
site_f5bcf8a88a,2026-02-22T06:15:00+00:00,4,145.39202021242838,19.159600538621067
site_f5bcf8a88a,2026-02-22T06:15:00+00:00,96,102.71926447147327,17.06152620120552
site_f5bcf8a88a,2026-02-22T06:30:00+00:00,4,171.12371989720194,23.131425015430228
site_f5bcf8a88a,2026-02-22T06:30:00+00:00,96,91.56798769598235,17.11486648808832
site_f5bcf8a88a,2026-02-22T06:45:00+00:00,4,147.7321918816757,20.889026660403697
site_f5bcf8a88a,2026-02-22T06:45:00+00:00,96,69.90640675516993,12.382140110271047
site_f5bcf8a88a,2026-02-22T07:00:00+00:00,4,154.72752426182842,22.47970009001558
site_f5bcf8a88a,2026-02-22T07:00:00+00:00,96,121.1739551928072,21.58009318665695
site_f5bcf8a88a,2026-02-22T07:15:00+00:00,4,100.04681030935456,13.72127491725112
site_f5bcf8a88a,2026-02-22T07:15:00+00:00,96,72.81125330972458,14.16795046677465
site_f5bcf8a88a,2026-02-22T07:30:00+00:00,4,141.92833999608402,18.264567883794726
site_f5bcf8a88a,2026-02-22T07:30:00+00:00,96,74.01063897774509,13.530665269576737
site_f5bcf8a88a,2026-02-22T07:45:00+00:00,4,152.86002092560005,19.69612232093991
site_f5bcf8a88a,2026-02-22T07:45:00+00:00,96,82.46899053675297,15.115548593688569
site_f5bcf8a88a,2026-02-22T08:00:00+00:00,4,91.57144733885094,11.684018113650923
site_f5bcf8a88a,2026-02-22T08:00:00+00:00,96,93.31543408547309,14.980359033045893
site_f5bcf8a88a,2026-02-22T08:15:00+00:00,4,75.7578251568255,9.614496664295162
site_f5bcf8a88a,2026-02-22T08:15:00+00:00,96,77.86621981792055,13.879575554718889
site_f5bcf8a88a,2026-02-22T08:30:00+00:00,4,97.36238420696215,11.4041728975753
site_f5bcf8a88a,2026-02-22T08:30:00+00:00,96,94.26336290540239,17.165767543781005
site_f5bcf8a88a,2026-02-22T08:45:00+00:00,4,109.53095296671152,11.809147420511083
site_f5bcf8a88a,2026-02-22T08:45:00+00:00,96,84.74423803321562,15.191904137545738
site_f5bcf8a88a,2026-02-22T09:00:00+00:00,4,68.9899876294683,7.298055801661212
site_f5bcf8a88a,2026-02-22T09:00:00+00:00,96,55.98808424555502,10.800418933365615
site_f5bcf8a88a,2026-02-22T09:15:00+00:00,4,70.51834940822258,7.559844358841019
site_f5bcf8a88a,2026-02-22T09:15:00+00:00,96,53.49151883783288,11.478230932659773
site_f5bcf8a88a,2026-02-22T09:30:00+00:00,4,101.03441666814574,10.963555086738
site_f5bcf8a88a,2026-02-22T09:30:00+00:00,96,75.04411812267212,14.617908090119217
site_f5bcf8a88a,2026-02-23T06:45:00+00:00,96,167.968786674224,21.239641566026883
site_f5bcf8a88a,2026-02-23T07:00:00+00:00,96,101.76350415807946,13.268709162056169
site_f5bcf8a88a,2026-02-23T07:15:00+00:00,96,106.15895052447316,13.471374949558443
site_f5bcf8a88a,2026-02-23T07:30:00+00:00,96,106.73776766486895,13.517332293382774
site_f5bcf8a88a,2026-02-23T07:45:00+00:00,4,68.53996939790999,92.10540663106131
site_f5bcf8a88a,2026-02-23T07:45:00+00:00,96,116.10213563620898,13.237703545627074
site_f5bcf8a88a,2026-02-23T08:00:00+00:00,4,92.15458306497067,110.44110284182702
site_f5bcf8a88a,2026-02-23T08:00:00+00:00,96,102.43373698124599,11.447367938000289
site_f5bcf8a88a,2026-02-23T08:15:00+00:00,4,97.57850953756605,226.9808352108004
site_f5bcf8a88a,2026-02-23T08:15:00+00:00,96,108.15666833255922,12.278879389331502
site_f5bcf8a88a,2026-02-23T08:30:00+00:00,4,127.68783491416046,158.07065643427617
site_f5bcf8a88a,2026-02-23T08:30:00+00:00,96,128.23383612603897,14.629655275192498
site_f5bcf8a88a,2026-02-23T08:45:00+00:00,4,113.79108082090713,132.228446695215
site_f5bcf8a88a,2026-02-23T08:45:00+00:00,96,110.9553476033368,12.947648168931588
site_f5bcf8a88a,2026-02-23T09:00:00+00:00,4,131.0692956244072,88.85115921171639
site_f5bcf8a88a,2026-02-23T09:00:00+00:00,96,115.95713916950996,13.57579938879033
site_f5bcf8a88a,2026-02-23T09:15:00+00:00,4,137.9672164706508,54.65575489884252
site_f5bcf8a88a,2026-02-23T09:15:00+00:00,96,104.91423393660264,12.69957407254532
site_f5bcf8a88a,2026-02-23T09:30:00+00:00,4,137.88254538332086,23.800399510136714
site_f5bcf8a88a,2026-02-23T09:30:00+00:00,96,103.46501943018232,12.557769936058705
site_f5bcf8a88a,2026-02-23T09:45:00+00:00,4,145.95802179095034,19.358445098460983
site_f5bcf8a88a,2026-02-23T10:00:00+00:00,4,100.01048355986403,12.171309736311512
site_f5bcf8a88a,2026-02-23T10:15:00+00:00,4,93.76524484817313,12.843947429046064
site_f5bcf8a88a,2026-02-23T10:30:00+00:00,4,72.50785195657083,10.624984169674015
site_f5bcf8a88a,2026-02-23T10:45:00+00:00,4,71.99830565294135,10.496354099371278
site_f5bcf8a88a,2026-02-23T11:00:00+00:00,4,53.425358474674816,8.561710261145917
site_f5bcf8a88a,2026-02-23T11:15:00+00:00,4,57.2946635130132,9.152952083114299
site_f5bcf8a88a,2026-02-23T12:15:00+00:00,4,29.759012478359733,4.907505941820643
site_f5bcf8a88a,2026-02-23T12:30:00+00:00,4,29.759012478359733,4.907505941820643
site_f5bcf8a88a,2026-02-23T12:45:00+00:00,4,29.759012478359733,4.907505941820643
site_f5bcf8a88a,2026-02-23T13:00:00+00:00,4,29.759012478359733,4.907505941820643
site_f5bcf8a88a,2026-02-23T13:15:00+00:00,4,19.739404685972907,3.1524702395585953
site_f5bcf8a88a,2026-02-23T13:30:00+00:00,4,93.09307878823542,14.050600020894882
site_f5bcf8a88a,2026-02-23T13:45:00+00:00,4,139.57107665298324,20.64541552768749
site_f5bcf8a88a,2026-02-23T14:00:00+00:00,4,125.30558636476857,19.64509197367245
site_f5bcf8a88a,2026-02-23T14:15:00+00:00,4,133.25697891137088,20.67107086401241
site_f5bcf8a88a,2026-02-23T14:30:00+00:00,4,127.82378560830917,19.23083373923685
site_f5bcf8a88a,2026-02-23T14:45:00+00:00,4,142.11231788580744,20.524989501140293
site_f5bcf8a88a,2026-02-23T15:00:00+00:00,4,123.9856337588832,17.26069443035871
site_f5bcf8a88a,2026-02-23T15:15:00+00:00,4,152.27879903084178,21.156358235270773
site_f5bcf8a88a,2026-02-23T15:30:00+00:00,4,112.66448817485735,16.7857281413094
site_f5bcf8a88a,2026-02-23T15:45:00+00:00,4,140.45413453845543,21.213284252658003
site_f5bcf8a88a,2026-02-23T16:00:00+00:00,4,111.58340617010636,15.595779215981173
site_f5bcf8a88a,2026-02-23T16:15:00+00:00,4,125.2957390981219,16.72803413370103
site_f5bcf8a88a,2026-02-23T16:30:00+00:00,4,113.95249572669721,15.347632659247298
site_f5bcf8a88a,2026-02-23T16:45:00+00:00,4,124.0601660330926,16.641874240876884
site_f5bcf8a88a,2026-02-23T17:00:00+00:00,4,93.0901466683306,12.296936430889614
site_f5bcf8a88a,2026-02-23T17:15:00+00:00,4,100.07790852331769,13.014933853228209
site_f5bcf8a88a,2026-02-23T17:30:00+00:00,4,100.29016194122812,13.44228566546106
site_f5bcf8a88a,2026-02-23T17:45:00+00:00,4,111.39079968440385,14.79414218557459
site_f5bcf8a88a,2026-02-23T18:00:00+00:00,4,102.27065239450137,14.351822646916666
site_f5bcf8a88a,2026-02-23T18:15:00+00:00,4,109.0279505698764,14.978359873504775
site_f5bcf8a88a,2026-02-23T18:30:00+00:00,4,102.97646895536427,13.835270237929098
site_f5bcf8a88a,2026-02-23T18:45:00+00:00,4,106.67544222502099,15.541504946511068
site_f5bcf8a88a,2026-02-23T19:00:00+00:00,4,105.99726267279445,15.840555967687173
site_f5bcf8a88a,2026-02-23T19:15:00+00:00,4,104.9587644863785,16.014027618075655
site_f5bcf8a88a,2026-02-23T19:30:00+00:00,4,112.94159723850962,19.60452910125085
site_f5bcf8a88a,2026-02-23T19:45:00+00:00,4,98.36147954313961,18.51554194902697
site_f5bcf8a88a,2026-02-23T20:00:00+00:00,4,92.80953925372052,17.26981324140143
site_f5bcf8a88a,2026-02-23T20:15:00+00:00,4,103.39182318640263,24.711589849828613
site_f5bcf8a88a,2026-02-23T20:30:00+00:00,4,103.80404347752969,24.591968084576614
site_f5bcf8a88a,2026-02-23T20:45:00+00:00,4,113.54164056994317,32.74348333662623
site_f5bcf8a88a,2026-02-23T21:00:00+00:00,4,69.35822304411573,16.08772811003211
site_f5bcf8a88a,2026-02-23T21:15:00+00:00,4,82.13939321986743,21.88957471238991
site_f5bcf8a88a,2026-02-23T21:30:00+00:00,4,79.44860554958684,24.41620440769045
site_f5bcf8a88a,2026-02-23T21:45:00+00:00,4,76.19256001398483,23.942623660153313
site_f5bcf8a88a,2026-02-23T22:00:00+00:00,4,75.50915788801082,21.81027964484526
site_f5bcf8a88a,2026-02-23T22:15:00+00:00,4,81.91501396658451,23.678944420274778
site_f5bcf8a88a,2026-02-23T22:30:00+00:00,4,92.91091698943036,25.3887720191447
site_f5bcf8a88a,2026-02-23T22:45:00+00:00,4,92.36842729749793,22.460555423837675
site_f5bcf8a88a,2026-02-23T23:00:00+00:00,4,92.88363687182509,23.0073139712666
site_f5bcf8a88a,2026-02-23T23:15:00+00:00,4,93.52743768733471,54.44846841249978
site_f5bcf8a88a,2026-02-23T23:30:00+00:00,4,90.77776505405068,45.8046278264666
site_f5bcf8a88a,2026-02-23T23:45:00+00:00,4,89.13846903650739,55.14223985442891
site_f5bcf8a88a,2026-02-24T00:00:00+00:00,4,76.88306610075357,34.74212199195093
site_f5bcf8a88a,2026-02-24T00:15:00+00:00,4,78.32620857301215,16.9624947615641
site_f5bcf8a88a,2026-02-24T00:30:00+00:00,4,88.85019604962453,20.006899937426873
site_f5bcf8a88a,2026-02-24T00:45:00+00:00,4,94.16383508505149,20.961946132907176
site_f5bcf8a88a,2026-02-24T01:00:00+00:00,4,127.83492602344911,34.2272155572957
site_f5bcf8a88a,2026-02-24T01:15:00+00:00,4,116.73398892503252,28.216728914017704
site_f5bcf8a88a,2026-02-24T01:30:00+00:00,4,121.7462784673781,28.90275129703982
site_f5bcf8a88a,2026-02-24T01:45:00+00:00,4,119.55518480206025,34.534129476267424
site_f5bcf8a88a,2026-02-24T02:00:00+00:00,4,114.70205645925304,32.80490846683251
site_f5bcf8a88a,2026-02-24T02:15:00+00:00,4,116.75018379149256,36.14606850887632
site_f5bcf8a88a,2026-02-24T02:30:00+00:00,4,96.38766622750668,29.951793868413006
site_f5bcf8a88a,2026-02-24T02:45:00+00:00,4,109.90059522762564,37.74594969208083
site_f5bcf8a88a,2026-02-24T03:00:00+00:00,4,113.86788296714148,36.8689770844144
site_f5bcf8a88a,2026-02-24T03:15:00+00:00,4,121.3509634572537,39.97949571324065
site_f5bcf8a88a,2026-02-24T03:30:00+00:00,4,114.48982077411662,38.63510607943996
site_f5bcf8a88a,2026-02-24T03:45:00+00:00,4,121.65477911393786,42.32349207393497
site_f5bcf8a88a,2026-02-24T04:00:00+00:00,4,103.28282712223721,36.113167495779344
site_f5bcf8a88a,2026-02-24T04:00:00+00:00,96,103.46501943018232,12.557769936058705
site_f5bcf8a88a,2026-02-24T04:15:00+00:00,4,115.02719956647587,43.85392418434356
site_f5bcf8a88a,2026-02-24T04:15:00+00:00,96,103.46501943018232,12.557769936058705
site_f5bcf8a88a,2026-02-24T04:30:00+00:00,4,98.18777805031732,41.558010449171064
site_f5bcf8a88a,2026-02-24T04:45:00+00:00,4,88.41253634333894,37.929839646148864
site_f5bcf8a88a,2026-02-24T05:00:00+00:00,4,108.35898610825636,47.50301695749846
site_f5bcf8a88a,2026-02-24T05:15:00+00:00,4,128.69493564645856,60.66922904843301
site_f5bcf8a88a,2026-02-24T05:30:00+00:00,4,132.5216650680672,61.59766634856564
site_f5bcf8a88a,2026-02-24T05:45:00+00:00,4,148.51886976665924,71.87166011343969
site_f5bcf8a88a,2026-02-24T06:00:00+00:00,4,173.95150966933545,83.82435705291927
site_f5bcf8a88a,2026-02-24T06:15:00+00:00,4,191.59852251430092,97.22837102068635
site_f5bcf8a88a,2026-02-24T06:30:00+00:00,4,163.71778972183077,83.3130023550403
site_f5bcf8a88a,2026-02-24T06:45:00+00:00,4,203.42454913631178,101.30160780321766
site_f5bcf8a88a,2026-02-24T06:45:00+00:00,96,162.97111305049268,223.38686831087847
site_f5bcf8a88a,2026-02-24T07:00:00+00:00,4,210.01270178133228,101.98013351485056
site_f5bcf8a88a,2026-02-24T07:00:00+00:00,96,160.28527753896384,190.518411185648
site_f5bcf8a88a,2026-02-24T07:15:00+00:00,4,209.77363934737983,105.16942113273385
site_f5bcf8a88a,2026-02-24T07:15:00+00:00,96,155.93243797569147,372.447063979998
site_f5bcf8a88a,2026-02-24T07:30:00+00:00,4,235.43828434930018,173.4176996283331
site_f5bcf8a88a,2026-02-24T07:30:00+00:00,96,172.66471624629065,203.70492446108204
site_f5bcf8a88a,2026-02-24T07:45:00+00:00,4,228.75328263179006,299.5694899046935
site_f5bcf8a88a,2026-02-24T07:45:00+00:00,96,147.87104171681935,161.0298215969405
site_f5bcf8a88a,2026-02-24T08:00:00+00:00,4,233.4109137986947,350.28980215127365
site_f5bcf8a88a,2026-02-24T08:00:00+00:00,96,215.68241855585603,131.94973688406816
site_f5bcf8a88a,2026-02-24T08:15:00+00:00,4,247.55804160460147,224.44734429482793
site_f5bcf8a88a,2026-02-24T08:15:00+00:00,96,256.9632195683854,83.3095722335819
site_f5bcf8a88a,2026-02-24T08:30:00+00:00,4,213.32722427913205,121.88424572324584
site_f5bcf8a88a,2026-02-24T08:30:00+00:00,96,200.98574994536713,33.96711885277002
site_f5bcf8a88a,2026-02-24T08:45:00+00:00,4,219.0297658187543,123.93712615370144
site_f5bcf8a88a,2026-02-24T08:45:00+00:00,96,176.5160658985409,24.293184061977968
site_f5bcf8a88a,2026-02-24T09:00:00+00:00,4,182.64416745041217,107.24518234835125
site_f5bcf8a88a,2026-02-24T09:00:00+00:00,96,175.05783785971272,24.320271140251602
site_f5bcf8a88a,2026-02-24T09:15:00+00:00,4,221.70797756509054,131.32081058593832
site_f5bcf8a88a,2026-02-24T09:15:00+00:00,96,174.0555728385569,26.700661700281945
site_f5bcf8a88a,2026-02-24T09:30:00+00:00,4,227.06962604853217,130.99725981550668
site_f5bcf8a88a,2026-02-24T09:30:00+00:00,96,152.1048456508057,25.615290602429077
site_f5bcf8a88a,2026-02-24T09:45:00+00:00,4,172.75752280335197,97.84532471245817
site_f5bcf8a88a,2026-02-24T09:45:00+00:00,96,145.31290550537187,24.521859490993922
site_f5bcf8a88a,2026-02-24T10:00:00+00:00,4,182.47747426007197,103.2808261221058
site_f5bcf8a88a,2026-02-24T10:00:00+00:00,96,151.25576319472952,25.00002972503389
site_f5bcf8a88a,2026-02-24T10:15:00+00:00,4,230.6347955485781,122.4063146545611
site_f5bcf8a88a,2026-02-24T10:15:00+00:00,96,146.38318769555525,26.628418459438166
site_f5bcf8a88a,2026-02-24T10:30:00+00:00,4,136.06893666461855,69.84803333367307
site_f5bcf8a88a,2026-02-24T10:30:00+00:00,96,154.16389357116648,28.259593472248643
site_f5bcf8a88a,2026-02-24T10:45:00+00:00,4,174.9043341078249,99.60839965703994
site_f5bcf8a88a,2026-02-24T10:45:00+00:00,96,151.9207294422266,28.396678050016234
site_f5bcf8a88a,2026-02-24T11:00:00+00:00,4,184.6665022594023,102.6843198189555
site_f5bcf8a88a,2026-02-24T11:00:00+00:00,96,138.32607266657755,26.056022478666677
site_f5bcf8a88a,2026-02-24T11:15:00+00:00,4,217.47988592945995,122.94961414626368
site_f5bcf8a88a,2026-02-24T11:15:00+00:00,96,134.92801332736354,25.77360212097946
site_f5bcf8a88a,2026-02-24T11:30:00+00:00,4,182.88259010433944,99.55566950740493
site_f5bcf8a88a,2026-02-24T11:30:00+00:00,96,134.92801332736354,25.77360212097946
site_f5bcf8a88a,2026-02-24T11:45:00+00:00,4,175.6933787725294,93.46770291477696
site_f5bcf8a88a,2026-02-24T11:45:00+00:00,96,134.92801332736354,25.77360212097946
site_f5bcf8a88a,2026-02-24T12:00:00+00:00,4,199.8709500919487,107.62042263461282
site_f5bcf8a88a,2026-02-24T12:00:00+00:00,96,134.92801332736354,25.77360212097946
site_f5bcf8a88a,2026-02-24T12:15:00+00:00,4,185.12290266345158,97.63544753331145
site_f5bcf8a88a,2026-02-24T12:15:00+00:00,96,137.57057568882695,28.100118529465153
site_f5bcf8a88a,2026-02-24T12:30:00+00:00,4,199.4849337149695,103.20449524502402
site_f5bcf8a88a,2026-02-24T12:30:00+00:00,96,264.95518232204483,44.16646432352125
site_f5bcf8a88a,2026-02-24T12:45:00+00:00,4,199.5755145440152,104.05203664293855
site_f5bcf8a88a,2026-02-24T12:45:00+00:00,96,352.84295406969693,55.99553553022885
site_f5bcf8a88a,2026-02-24T13:00:00+00:00,4,198.23563102113397,102.97086305978972
site_f5bcf8a88a,2026-02-24T13:00:00+00:00,96,222.585349679606,35.83054017036443
site_f5bcf8a88a,2026-02-24T13:15:00+00:00,4,205.7056975416758,106.93974416343741
site_f5bcf8a88a,2026-02-24T13:15:00+00:00,96,204.52593776415205,31.952438664021674
site_f5bcf8a88a,2026-02-24T13:30:00+00:00,4,188.9048792928741,99.18851451305919
site_f5bcf8a88a,2026-02-24T13:30:00+00:00,96,158.1416966326318,27.12371946168192
site_f5bcf8a88a,2026-02-24T13:45:00+00:00,4,226.60095938023534,118.66268602522258
site_f5bcf8a88a,2026-02-24T13:45:00+00:00,96,188.49068863004234,29.732093867080934
site_f5bcf8a88a,2026-02-24T14:00:00+00:00,4,156.21304660719363,76.89436015589462
site_f5bcf8a88a,2026-02-24T14:00:00+00:00,96,179.525137432849,30.614174591376273
site_f5bcf8a88a,2026-02-24T14:15:00+00:00,4,160.05949207835303,80.52071715028343
site_f5bcf8a88a,2026-02-24T14:15:00+00:00,96,223.6356785822608,35.792047564751876
site_f5bcf8a88a,2026-02-24T14:30:00+00:00,4,175.9132568151447,89.7299949835129
site_f5bcf8a88a,2026-02-24T14:30:00+00:00,96,156.44631698406891,28.359326438288917
site_f5bcf8a88a,2026-02-24T14:45:00+00:00,4,153.79374837607315,77.95159358377732
site_f5bcf8a88a,2026-02-24T14:45:00+00:00,96,220.42075168742036,34.73490315010165
site_f5bcf8a88a,2026-02-24T15:00:00+00:00,4,173.76914074013928,89.60284256660995
site_f5bcf8a88a,2026-02-24T15:00:00+00:00,96,158.58003149488843,27.92235838213086
site_f5bcf8a88a,2026-02-24T15:15:00+00:00,4,215.4904009163788,104.99212664636809
site_f5bcf8a88a,2026-02-24T15:15:00+00:00,96,181.65940231968398,30.659802546072974
site_f5bcf8a88a,2026-02-24T15:30:00+00:00,4,228.9494461403634,115.15421815898837
site_f5bcf8a88a,2026-02-24T15:30:00+00:00,96,177.72261891962088,29.98003818153922
site_f5bcf8a88a,2026-02-24T15:45:00+00:00,4,234.35120567009938,119.13633948525012
site_f5bcf8a88a,2026-02-24T15:45:00+00:00,96,184.36605331910266,32.9264756481078
site_f5bcf8a88a,2026-02-24T16:00:00+00:00,4,242.49456939437653,121.79717495031156
site_f5bcf8a88a,2026-02-24T16:00:00+00:00,96,157.7558058390163,31.286179449322994
site_f5bcf8a88a,2026-02-24T16:15:00+00:00,4,257.30712090070074,124.19437339974216
site_f5bcf8a88a,2026-02-24T16:15:00+00:00,96,159.07150238380638,30.046260333656797
site_f5bcf8a88a,2026-02-24T16:30:00+00:00,4,253.9107400882712,122.37789998487787
site_f5bcf8a88a,2026-02-24T16:30:00+00:00,96,181.3720255855962,32.07007527748338
site_f5bcf8a88a,2026-02-24T16:45:00+00:00,4,201.65858980184908,96.9868428187751
site_f5bcf8a88a,2026-02-24T16:45:00+00:00,96,174.57370356684171,28.676976361804034
site_f5bcf8a88a,2026-02-24T17:00:00+00:00,4,267.45062789218446,130.41538216996554
site_f5bcf8a88a,2026-02-24T17:00:00+00:00,96,166.55460995199485,27.6626840464878
site_f5bcf8a88a,2026-02-24T17:15:00+00:00,4,234.26900639187778,111.8047599042557
site_f5bcf8a88a,2026-02-24T17:15:00+00:00,96,166.86939593019875,28.430884124473646
site_f5bcf8a88a,2026-02-24T17:30:00+00:00,4,268.152292840178,125.27119911725153
site_f5bcf8a88a,2026-02-24T17:30:00+00:00,96,166.43276515194003,28.128263947764758
site_f5bcf8a88a,2026-02-24T17:45:00+00:00,4,235.615904510449,112.20283668072189
site_f5bcf8a88a,2026-02-24T17:45:00+00:00,96,183.34966246160323,30.73566214043707
site_f5bcf8a88a,2026-02-24T18:00:00+00:00,4,299.52790091264126,141.2103804584845
site_f5bcf8a88a,2026-02-24T18:00:00+00:00,96,173.39172583386292,30.9619325651696
site_f5bcf8a88a,2026-02-24T18:15:00+00:00,4,297.48671156596953,143.38540706344543
site_f5bcf8a88a,2026-02-24T18:15:00+00:00,96,164.09006471782652,29.561823430807806
site_f5bcf8a88a,2026-02-24T18:30:00+00:00,4,314.8117418059332,152.7066535908593
site_f5bcf8a88a,2026-02-24T18:30:00+00:00,96,173.95410826334896,35.02105236593416
site_f5bcf8a88a,2026-02-24T18:45:00+00:00,4,230.78966519670277,113.23647694899873
site_f5bcf8a88a,2026-02-24T18:45:00+00:00,96,142.00016799503877,29.112072359133403
site_f5bcf8a88a,2026-02-24T19:00:00+00:00,4,241.80045289043466,118.95845732973294
site_f5bcf8a88a,2026-02-24T19:00:00+00:00,96,151.30541634108368,30.94556425572791
site_f5bcf8a88a,2026-02-24T19:15:00+00:00,4,196.80410430654464,97.67471185312424
site_f5bcf8a88a,2026-02-24T19:15:00+00:00,96,165.72358161438726,40.52294621204677
site_f5bcf8a88a,2026-02-24T19:30:00+00:00,4,220.42177422263094,106.64501439128738
site_f5bcf8a88a,2026-02-24T19:30:00+00:00,96,141.10383644981778,35.351413602110895
site_f5bcf8a88a,2026-02-24T19:45:00+00:00,4,194.40556844013886,94.26451356461486
site_f5bcf8a88a,2026-02-24T19:45:00+00:00,96,133.07414306543015,37.898421537197635
site_f5bcf8a88a,2026-02-24T20:00:00+00:00,4,187.20425124538755,86.08606056863704
site_f5bcf8a88a,2026-02-24T20:00:00+00:00,96,106.88123991267194,29.295004701631647
site_f5bcf8a88a,2026-02-24T20:15:00+00:00,4,185.62384778701332,85.56193690210603
site_f5bcf8a88a,2026-02-24T20:15:00+00:00,96,132.39042569999472,37.74309387803407
site_f5bcf8a88a,2026-02-24T20:30:00+00:00,4,124.0528287891404,56.28137008677507
site_f5bcf8a88a,2026-02-24T20:30:00+00:00,96,143.47580647774197,44.81402247680475
site_f5bcf8a88a,2026-02-24T20:45:00+00:00,4,144.62470025710297,66.90734667870542
site_f5bcf8a88a,2026-02-24T20:45:00+00:00,96,116.34632005910144,38.83225706898722
site_f5bcf8a88a,2026-02-24T21:00:00+00:00,4,115.57686492167014,54.96247071898055
site_f5bcf8a88a,2026-02-24T21:00:00+00:00,96,122.40259652738999,36.41925620157326
site_f5bcf8a88a,2026-02-24T21:15:00+00:00,4,144.17450286849063,67.06089678594743
site_f5bcf8a88a,2026-02-24T21:15:00+00:00,96,152.8251623074546,41.83079297287268
site_f5bcf8a88a,2026-02-24T21:30:00+00:00,4,110.99646922338607,52.823967354377075
site_f5bcf8a88a,2026-02-24T21:30:00+00:00,96,134.20675341935276,35.171576912832066
site_f5bcf8a88a,2026-02-24T21:45:00+00:00,4,126.19316378303711,56.99589562499557
site_f5bcf8a88a,2026-02-24T21:45:00+00:00,96,125.42089241535983,30.009803828768995
site_f5bcf8a88a,2026-02-24T22:00:00+00:00,4,108.56418607258604,47.66979320026228
site_f5bcf8a88a,2026-02-24T22:00:00+00:00,96,138.54019919876743,32.41751027781186
site_f5bcf8a88a,2026-02-24T22:15:00+00:00,4,98.14041312780425,45.013780189093936
site_f5bcf8a88a,2026-02-24T22:15:00+00:00,96,132.25278448257117,77.55473568289514
site_f5bcf8a88a,2026-02-24T22:30:00+00:00,4,112.78065692331481,50.72619062367261
site_f5bcf8a88a,2026-02-24T22:30:00+00:00,96,133.6311780916236,66.46007643654265
site_f5bcf8a88a,2026-02-24T22:45:00+00:00,4,90.80397904745311,41.20648318534184
site_f5bcf8a88a,2026-02-24T22:45:00+00:00,96,133.32893797721846,83.04140138609527
site_f5bcf8a88a,2026-02-24T23:00:00+00:00,4,107.50718715749846,47.655932232157454
site_f5bcf8a88a,2026-02-24T23:00:00+00:00,96,104.31100307201713,49.581060838212075
site_f5bcf8a88a,2026-02-24T23:15:00+00:00,4,123.65898722643163,55.09069747631031
site_f5bcf8a88a,2026-02-24T23:15:00+00:00,96,101.83269310222808,24.050171970323404
site_f5bcf8a88a,2026-02-24T23:30:00+00:00,4,64.05919855367037,30.161895883714465
site_f5bcf8a88a,2026-02-24T23:30:00+00:00,96,121.29285812743467,30.03550776074769
site_f5bcf8a88a,2026-02-24T23:45:00+00:00,4,58.37685518948356,26.687451937581024
site_f5bcf8a88a,2026-02-24T23:45:00+00:00,96,120.28773456731984,28.804450663955194
site_f5bcf8a88a,2026-02-25T00:00:00+00:00,4,55.26975993027346,24.11296384232933
site_f5bcf8a88a,2026-02-25T00:00:00+00:00,96,176.15452712206692,43.87561493541333
site_f5bcf8a88a,2026-02-25T00:15:00+00:00,4,64.90858085825623,28.65228038673076
site_f5bcf8a88a,2026-02-25T00:15:00+00:00,96,111.31890024756741,27.448974305730143
site_f5bcf8a88a,2026-02-25T00:30:00+00:00,4,51.35763710019275,22.798285978159004
site_f5bcf8a88a,2026-02-25T00:30:00+00:00,96,103.79609545527161,25.670067894974096
site_f5bcf8a88a,2026-02-25T00:45:00+00:00,4,81.01325650561581,34.53198756814052
site_f5bcf8a88a,2026-02-25T00:45:00+00:00,96,134.6901026599832,37.702922995240606
site_f5bcf8a88a,2026-02-25T01:00:00+00:00,4,103.51759660946826,45.105143993264875
site_f5bcf8a88a,2026-02-25T01:00:00+00:00,96,116.71330199774295,33.6944891198984
site_f5bcf8a88a,2026-02-25T01:15:00+00:00,4,106.90113884520547,45.15187446674395
site_f5bcf8a88a,2026-02-25T01:15:00+00:00,96,126.19189039833577,38.61677308200317
site_f5bcf8a88a,2026-02-25T01:30:00+00:00,4,112.11868806629715,47.30849953758084
site_f5bcf8a88a,2026-02-25T01:30:00+00:00,96,95.91105648418004,31.18669728826015
site_f5bcf8a88a,2026-02-25T01:45:00+00:00,4,130.74649514903848,56.25214058064731
site_f5bcf8a88a,2026-02-25T01:45:00+00:00,96,119.5156927181793,41.381336394949784
site_f5bcf8a88a,2026-02-25T02:00:00+00:00,4,153.07731782189816,65.50109041148136
site_f5bcf8a88a,2026-02-25T02:00:00+00:00,96,126.79205082386287,41.540641417991594
site_f5bcf8a88a,2026-02-25T02:15:00+00:00,4,121.4967368743157,51.03048604933288
site_f5bcf8a88a,2026-02-25T02:15:00+00:00,96,134.0837673005601,44.08610482603674
site_f5bcf8a88a,2026-02-25T02:30:00+00:00,4,141.23881824780324,59.880094619253235
site_f5bcf8a88a,2026-02-25T02:30:00+00:00,96,144.4006849980807,47.60008306016021
site_f5bcf8a88a,2026-02-25T02:45:00+00:00,4,130.9719558289042,59.124556299206354
site_f5bcf8a88a,2026-02-25T02:45:00+00:00,96,130.89266381029256,46.3737092156811
site_f5bcf8a88a,2026-02-25T03:00:00+00:00,4,119.81565330162695,51.18588517568736
site_f5bcf8a88a,2026-02-25T03:00:00+00:00,96,116.1972181998893,42.86334290956628
site_f5bcf8a88a,2026-02-25T03:15:00+00:00,4,131.98876097072494,55.981300229807374
site_f5bcf8a88a,2026-02-25T03:15:00+00:00,96,135.20857485779842,50.15155448534682
site_f5bcf8a88a,2026-02-25T03:30:00+00:00,4,109.10262226360882,46.83312146776018
site_f5bcf8a88a,2026-02-25T03:30:00+00:00,96,106.52484285050465,45.233928588785155
site_f5bcf8a88a,2026-02-25T03:45:00+00:00,4,88.1705534019727,37.465691388075435
site_f5bcf8a88a,2026-02-25T03:45:00+00:00,96,102.77403248451182,44.24549468209676
site_f5bcf8a88a,2026-02-25T04:00:00+00:00,4,104.60490965285518,43.21628906758619
site_f5bcf8a88a,2026-02-25T04:00:00+00:00,96,108.65302860176217,47.428034088026685
site_f5bcf8a88a,2026-02-25T04:15:00+00:00,4,134.43544839589237,57.61769314129755
site_f5bcf8a88a,2026-02-25T04:15:00+00:00,96,122.6191440516182,56.417369973338246
site_f5bcf8a88a,2026-02-25T04:30:00+00:00,4,64.98878698588581,28.416572524029633
site_f5bcf8a88a,2026-02-25T04:30:00+00:00,96,136.61272708959183,60.634090558271836
site_f5bcf8a88a,2026-02-25T04:45:00+00:00,4,107.1039348911213,46.56204257331966
site_f5bcf8a88a,2026-02-25T04:45:00+00:00,96,161.2832692040031,71.38803798100513
site_f5bcf8a88a,2026-02-25T05:00:00+00:00,4,127.61638195337027,55.1012865814897
site_f5bcf8a88a,2026-02-25T05:00:00+00:00,96,140.3878177768073,65.672316810086
site_f5bcf8a88a,2026-02-25T05:15:00+00:00,4,144.00740485616788,63.66293831590703
site_f5bcf8a88a,2026-02-25T05:15:00+00:00,96,162.1305171303577,78.40028933295204
site_f5bcf8a88a,2026-02-25T05:30:00+00:00,4,164.10730739873694,72.18251001901076
site_f5bcf8a88a,2026-02-25T05:30:00+00:00,96,141.11039201021026,68.18871991424749
site_f5bcf8a88a,2026-02-25T05:45:00+00:00,4,213.51581102925005,90.32636380256977
site_f5bcf8a88a,2026-02-25T05:45:00+00:00,96,151.03022845176216,72.16904561214602
site_f5bcf8a88a,2026-02-25T06:00:00+00:00,4,259.42990777377565,110.98977065873967
site_f5bcf8a88a,2026-02-25T06:00:00+00:00,96,161.34621400184733,77.8352448096926
site_f5bcf8a88a,2026-02-25T06:15:00+00:00,4,254.26559261650024,111.19246816065794
site_f5bcf8a88a,2026-02-25T06:15:00+00:00,96,192.1318713738807,93.0059343980584
site_f5bcf8a88a,2026-02-25T06:30:00+00:00,4,308.99353675376625,129.01574153985797
site_f5bcf8a88a,2026-02-25T06:30:00+00:00,96,341.8009953874438,244.6874278820196
site_f5bcf8a88a,2026-02-25T06:45:00+00:00,4,250.00094996768226,106.68432640125025
site_f5bcf8a88a,2026-02-25T06:45:00+00:00,96,272.3616597044283,356.1652174419493
site_f5bcf8a88a,2026-02-25T07:00:00+00:00,4,203.25718946778088,88.04297333385638
site_f5bcf8a88a,2026-02-25T07:00:00+00:00,96,205.9887487631794,307.18524624502214
site_f5bcf8a88a,2026-02-25T07:15:00+00:00,4,229.12250492368474,101.19276801771167
site_f5bcf8a88a,2026-02-25T07:15:00+00:00,96,310.071438582129,263.7445224217145
site_f5bcf8a88a,2026-02-25T07:30:00+00:00,4,270.8786436131654,116.13696310817818
site_f5bcf8a88a,2026-02-25T07:30:00+00:00,96,179.3747801219369,109.04582827402876
site_f5bcf8a88a,2026-02-25T07:45:00+00:00,4,289.47289199927513,127.47299105425475
site_f5bcf8a88a,2026-02-25T07:45:00+00:00,96,192.7725004823147,113.82098467605263
site_f5bcf8a88a,2026-02-25T08:00:00+00:00,4,268.1214443197464,114.28881162708831
site_f5bcf8a88a,2026-02-25T08:00:00+00:00,96,162.6515171493929,100.30010511146422
site_f5bcf8a88a,2026-02-25T08:15:00+00:00,4,296.772358210581,127.79285440638051
site_f5bcf8a88a,2026-02-25T08:15:00+00:00,96,192.2306890617603,114.66086162283402
site_f5bcf8a88a,2026-02-25T08:30:00+00:00,4,247.55552945940397,106.14297745637668
site_f5bcf8a88a,2026-02-25T08:30:00+00:00,96,171.44846617811123,104.34369881091507
site_f5bcf8a88a,2026-02-25T08:45:00+00:00,4,247.32784642334494,105.58867424533896
site_f5bcf8a88a,2026-02-25T08:45:00+00:00,96,136.3573487317141,82.14963426680313
site_f5bcf8a88a,2026-02-25T09:00:00+00:00,4,202.53650328561292,87.7864475913159
site_f5bcf8a88a,2026-02-25T09:00:00+00:00,96,167.1402273324908,97.28013228743862
site_f5bcf8a88a,2026-02-25T09:15:00+00:00,4,149.8002774727798,63.01061442445061
site_f5bcf8a88a,2026-02-25T09:15:00+00:00,96,187.4273977710193,109.86329576597129
site_f5bcf8a88a,2026-02-25T09:30:00+00:00,4,220.8689189010603,90.59013507414915
site_f5bcf8a88a,2026-02-25T09:30:00+00:00,96,130.36091378886925,80.54742536810487
site_f5bcf8a88a,2026-02-25T09:45:00+00:00,4,228.92783407863826,92.2001321413535
site_f5bcf8a88a,2026-02-25T09:45:00+00:00,96,178.1170210245753,103.76360065272499
site_f5bcf8a88a,2026-02-25T10:00:00+00:00,4,236.6729660664273,95.08010552440417
site_f5bcf8a88a,2026-02-25T10:00:00+00:00,96,170.52497867283762,101.02580089892083
site_f5bcf8a88a,2026-02-25T10:15:00+00:00,4,207.75734028036396,84.77459603036185
site_f5bcf8a88a,2026-02-25T10:15:00+00:00,96,193.86374265233252,110.34893785469652
site_f5bcf8a88a,2026-02-25T10:30:00+00:00,4,178.68303846501783,71.33411957900051
site_f5bcf8a88a,2026-02-25T10:30:00+00:00,96,159.68851222976417,93.05823647839911
site_f5bcf8a88a,2026-02-25T10:45:00+00:00,4,171.42781738359272,67.44107625787916
site_f5bcf8a88a,2026-02-25T10:45:00+00:00,96,153.8390657124954,88.06089521245158
site_f5bcf8a88a,2026-02-25T11:00:00+00:00,4,181.30143042249045,72.33696485934115
site_f5bcf8a88a,2026-02-25T11:00:00+00:00,96,224.63668961853045,121.84144035259735
site_f5bcf8a88a,2026-02-25T11:15:00+00:00,4,180.81875217749675,72.33543991965684
site_f5bcf8a88a,2026-02-25T11:15:00+00:00,96,162.77914260534726,93.34980570800279
site_f5bcf8a88a,2026-02-25T11:30:00+00:00,4,190.59161340666452,74.369782761091
site_f5bcf8a88a,2026-02-25T11:30:00+00:00,96,216.6910761824425,114.35105383228459
site_f5bcf8a88a,2026-02-25T11:45:00+00:00,4,219.50586667626357,88.765536694692
site_f5bcf8a88a,2026-02-25T11:45:00+00:00,96,213.37825420341855,113.34783039292057
site_f5bcf8a88a,2026-02-25T12:00:00+00:00,4,231.75815513169564,95.18865972854334
site_f5bcf8a88a,2026-02-25T12:00:00+00:00,96,172.27248089351826,92.88436985218229
site_f5bcf8a88a,2026-02-25T12:15:00+00:00,4,261.1009099440434,107.7061345415575
site_f5bcf8a88a,2026-02-25T12:15:00+00:00,96,231.34699746355088,116.88630624348416
site_f5bcf8a88a,2026-02-25T12:30:00+00:00,4,209.16896856091535,82.55229150773754
site_f5bcf8a88a,2026-02-25T12:30:00+00:00,96,173.01746003967799,93.22612149221905
site_f5bcf8a88a,2026-02-25T12:45:00+00:00,4,226.09299111979723,89.07178000006013
site_f5bcf8a88a,2026-02-25T12:45:00+00:00,96,243.96850887686884,126.76276688556067
site_f5bcf8a88a,2026-02-25T13:00:00+00:00,4,252.94350467663335,102.88838221293446
site_f5bcf8a88a,2026-02-25T13:00:00+00:00,96,148.93638612976054,80.4278384804468
site_f5bcf8a88a,2026-02-25T13:15:00+00:00,4,188.5969217450798,77.42777488361884
site_f5bcf8a88a,2026-02-25T13:15:00+00:00,96,177.79670292826563,89.71573124027412
site_f5bcf8a88a,2026-02-25T13:30:00+00:00,4,224.61275767119838,88.68832557506111
site_f5bcf8a88a,2026-02-25T13:30:00+00:00,96,161.38028311343038,85.82041068371748
site_f5bcf8a88a,2026-02-25T13:45:00+00:00,4,256.70488228029194,100.41645205075892
site_f5bcf8a88a,2026-02-25T13:45:00+00:00,96,142.21547629726837,76.77869135671713
site_f5bcf8a88a,2026-02-25T14:00:00+00:00,4,284.92337475884625,112.6030608194271
site_f5bcf8a88a,2026-02-25T14:00:00+00:00,96,193.97311220164914,98.57642862995911
site_f5bcf8a88a,2026-02-25T14:15:00+00:00,4,289.9821908823981,109.55283476082646
site_f5bcf8a88a,2026-02-25T14:15:00+00:00,96,276.34053064906016,130.19035424668033
site_f5bcf8a88a,2026-02-25T14:30:00+00:00,4,196.55697345674614,72.74775661133035
site_f5bcf8a88a,2026-02-25T14:30:00+00:00,96,289.13266045717324,134.16157387055205
site_f5bcf8a88a,2026-02-25T14:45:00+00:00,4,154.34318617297,57.514518863605986
site_f5bcf8a88a,2026-02-25T14:45:00+00:00,96,255.91280362804144,127.195100706965
site_f5bcf8a88a,2026-02-25T15:00:00+00:00,4,189.44291055887666,71.02159950894546
site_f5bcf8a88a,2026-02-25T15:00:00+00:00,96,305.0639464492664,146.6053983156709
site_f5bcf8a88a,2026-02-25T15:15:00+00:00,4,190.6238950669108,69.2349829350687
site_f5bcf8a88a,2026-02-25T15:15:00+00:00,96,286.4247375325173,137.15107028183985
site_f5bcf8a88a,2026-02-25T15:30:00+00:00,4,173.93569535395386,64.718465616961
site_f5bcf8a88a,2026-02-25T15:30:00+00:00,96,304.3056690901304,142.96734553642932
site_f5bcf8a88a,2026-02-25T15:45:00+00:00,4,113.38676284373406,39.67563032617842
site_f5bcf8a88a,2026-02-25T15:45:00+00:00,96,215.98544133824169,104.16019934124216
site_f5bcf8a88a,2026-02-25T16:00:00+00:00,4,147.84186394674683,46.28776723975187
site_f5bcf8a88a,2026-02-25T16:00:00+00:00,96,314.047501142437,148.92579289812326
site_f5bcf8a88a,2026-02-25T16:15:00+00:00,4,166.10571679142998,56.17390204402444
site_f5bcf8a88a,2026-02-25T16:15:00+00:00,96,231.8872255058098,116.46558813954807
site_f5bcf8a88a,2026-02-25T16:30:00+00:00,4,168.99903923156836,54.97935794371353
site_f5bcf8a88a,2026-02-25T16:30:00+00:00,96,202.7545381853774,102.90659228859955
site_f5bcf8a88a,2026-02-25T16:45:00+00:00,4,146.69152186923975,47.43314767259654
site_f5bcf8a88a,2026-02-25T16:45:00+00:00,96,228.6692936657426,117.4659704819102
site_f5bcf8a88a,2026-02-25T17:00:00+00:00,4,162.55073070374777,50.36668740558087
site_f5bcf8a88a,2026-02-25T17:00:00+00:00,96,312.5094681260274,156.03094628641338
site_f5bcf8a88a,2026-02-25T17:15:00+00:00,4,165.45542642610636,50.29492465531588
site_f5bcf8a88a,2026-02-25T17:15:00+00:00,96,335.8389152003391,163.73717600235437
site_f5bcf8a88a,2026-02-25T17:30:00+00:00,4,193.78093005049877,55.149547947954105
site_f5bcf8a88a,2026-02-25T17:30:00+00:00,96,294.59754039262276,149.50632069548888
site_f5bcf8a88a,2026-02-25T17:45:00+00:00,4,229.66428842614388,73.0583444704238
site_f5bcf8a88a,2026-02-25T17:45:00+00:00,96,220.93695305212015,117.25248895786078
site_f5bcf8a88a,2026-02-25T18:00:00+00:00,4,214.2455545862848,53.964175358480055
site_f5bcf8a88a,2026-02-25T18:00:00+00:00,96,216.3065162598587,117.04526097427302
site_f5bcf8a88a,2026-02-25T18:15:00+00:00,4,274.0522826390462,88.30996092440246
site_f5bcf8a88a,2026-02-25T18:15:00+00:00,96,199.69559346778226,107.88975921207845
site_f5bcf8a88a,2026-02-25T18:30:00+00:00,4,238.24079583047632,63.50289787738003
site_f5bcf8a88a,2026-02-25T18:30:00+00:00,96,210.7406985653056,113.61851107188073
site_f5bcf8a88a,2026-02-25T18:45:00+00:00,4,206.68208159070642,67.81265760278333
site_f5bcf8a88a,2026-02-25T18:45:00+00:00,96,159.31024730757693,87.98727995195344
site_f5bcf8a88a,2026-02-25T19:00:00+00:00,4,219.14470248537748,71.76275496267428
site_f5bcf8a88a,2026-02-25T19:00:00+00:00,96,148.3550674538061,81.73673408385736
site_f5bcf8a88a,2026-02-25T19:15:00+00:00,4,179.78585442599308,57.913751439918215
site_f5bcf8a88a,2026-02-25T19:15:00+00:00,96,162.74814017452053,88.0944712596634
site_f5bcf8a88a,2026-02-25T19:30:00+00:00,4,139.11335059401688,43.65458075040044
site_f5bcf8a88a,2026-02-25T19:30:00+00:00,96,124.9111863888286,67.48674353417212
site_f5bcf8a88a,2026-02-25T19:45:00+00:00,4,175.64248936742342,64.56518376447441
site_f5bcf8a88a,2026-02-25T19:45:00+00:00,96,175.16531028260886,86.94204716462265
site_f5bcf8a88a,2026-02-25T20:00:00+00:00,4,200.89085815427302,70.98976499071212
site_f5bcf8a88a,2026-02-25T20:00:00+00:00,96,126.58274474710572,65.40674110276467
site_f5bcf8a88a,2026-02-25T20:15:00+00:00,4,249.40571275863005,91.32297132490565
site_f5bcf8a88a,2026-02-25T20:15:00+00:00,96,196.83970645913448,94.77180727327209
site_f5bcf8a88a,2026-02-25T20:30:00+00:00,4,254.58762584560563,100.11249084426197
site_f5bcf8a88a,2026-02-25T20:30:00+00:00,96,153.53891635785462,77.26044963209256
site_f5bcf8a88a,2026-02-25T20:45:00+00:00,4,178.47974549556568,71.48256408228472
site_f5bcf8a88a,2026-02-25T20:45:00+00:00,96,154.80769741883023,75.07384435718356
site_f5bcf8a88a,2026-02-25T21:00:00+00:00,4,164.96032494508975,64.38192613419224
site_f5bcf8a88a,2026-02-25T21:00:00+00:00,96,110.30725322318389,57.47161396066004
site_f5bcf8a88a,2026-02-25T21:15:00+00:00,4,136.14088090344723,53.778968901647985
site_f5bcf8a88a,2026-02-25T21:15:00+00:00,96,115.38054875523544,58.75447664017866
site_f5bcf8a88a,2026-02-25T21:30:00+00:00,4,123.99765422912944,47.0765940405598
site_f5bcf8a88a,2026-02-25T21:30:00+00:00,96,167.250418104265,78.301878213635
site_f5bcf8a88a,2026-02-25T21:45:00+00:00,4,89.68234668147159,34.092521805327685
site_f5bcf8a88a,2026-02-25T21:45:00+00:00,96,96.58362293101368,48.723602459049644
site_f5bcf8a88a,2026-02-25T22:00:00+00:00,4,103.51744539184733,39.19422264610438
site_f5bcf8a88a,2026-02-25T22:00:00+00:00,96,158.44062855085252,73.86533202855443
site_f5bcf8a88a,2026-02-25T22:15:00+00:00,4,98.40244500708229,36.61668525848706
site_f5bcf8a88a,2026-02-25T22:15:00+00:00,96,169.24172743863386,79.56388038094569
site_f5bcf8a88a,2026-02-25T22:30:00+00:00,4,64.11182785557084,25.41723492928476
site_f5bcf8a88a,2026-02-25T22:30:00+00:00,96,78.22704876697642,41.45424038192485
site_f5bcf8a88a,2026-02-25T22:45:00+00:00,4,64.72720985317748,23.499424471674285
site_f5bcf8a88a,2026-02-25T22:45:00+00:00,96,81.92801582976541,43.851418683739325
site_f5bcf8a88a,2026-02-25T23:00:00+00:00,4,50.78775576702809,20.99329390835838
site_f5bcf8a88a,2026-02-25T23:00:00+00:00,96,73.20388503757758,38.513502969978234
site_f5bcf8a88a,2026-02-25T23:15:00+00:00,4,55.390022936373555,20.968382711771856
site_f5bcf8a88a,2026-02-25T23:15:00+00:00,96,74.43708221200306,37.42525722404169
site_f5bcf8a88a,2026-02-25T23:30:00+00:00,4,81.16552160855592,71.78676163451465
site_f5bcf8a88a,2026-02-25T23:30:00+00:00,96,67.8911743310883,35.13180377393896
site_f5bcf8a88a,2026-02-25T23:45:00+00:00,4,88.17640029186187,35.636985383499436
site_f5bcf8a88a,2026-02-25T23:45:00+00:00,96,103.52737423223576,47.06866657213883
site_f5bcf8a88a,2026-02-26T00:00:00+00:00,4,104.6100073890359,47.788211323230215
site_f5bcf8a88a,2026-02-26T00:00:00+00:00,96,87.34044232909211,39.37351520571315
site_f5bcf8a88a,2026-02-26T00:15:00+00:00,4,116.0127352416488,43.277727783479676
site_f5bcf8a88a,2026-02-26T00:15:00+00:00,96,73.9962919051331,34.02070769170804
site_f5bcf8a88a,2026-02-26T00:30:00+00:00,4,127.89579280202041,46.07528576867801
site_f5bcf8a88a,2026-02-26T00:30:00+00:00,96,94.52445999907863,42.61841510630519
site_f5bcf8a88a,2026-02-26T00:45:00+00:00,4,73.99205126079433,72.18690360835231
site_f5bcf8a88a,2026-02-26T00:45:00+00:00,96,111.5798797085154,49.93264162515364
site_f5bcf8a88a,2026-02-26T01:00:00+00:00,4,75.20547805588753,51.162116554872824
site_f5bcf8a88a,2026-02-26T01:00:00+00:00,96,104.38003952002215,46.17809666962527
site_f5bcf8a88a,2026-02-26T01:15:00+00:00,4,113.82157956906518,90.26355574707162
site_f5bcf8a88a,2026-02-26T01:15:00+00:00,96,107.37303940840654,47.93042756122004
site_f5bcf8a88a,2026-02-26T01:30:00+00:00,4,122.53265786842091,219.5835256926921
site_f5bcf8a88a,2026-02-26T01:30:00+00:00,96,186.50148779720112,76.71306307634264
site_f5bcf8a88a,2026-02-26T01:45:00+00:00,4,84.26677673553249,28.88692818407979
site_f5bcf8a88a,2026-02-26T01:45:00+00:00,96,131.7412130292027,56.99519367842821
site_f5bcf8a88a,2026-02-26T02:00:00+00:00,4,92.89336336579136,151.50587703441366
site_f5bcf8a88a,2026-02-26T02:00:00+00:00,96,90.12082269628272,40.75586491188588
site_f5bcf8a88a,2026-02-26T02:15:00+00:00,4,67.78902928596749,139.52182884539369
site_f5bcf8a88a,2026-02-26T02:15:00+00:00,96,132.50498728287113,57.57981718978513
site_f5bcf8a88a,2026-02-26T02:30:00+00:00,4,62.65366379690723,34.173919059817166
site_f5bcf8a88a,2026-02-26T02:30:00+00:00,96,98.6081059953311,46.45291344219824
site_f5bcf8a88a,2026-02-26T02:45:00+00:00,4,68.54432794700796,20.36938399618829
site_f5bcf8a88a,2026-02-26T02:45:00+00:00,96,68.17004410897718,32.815955305962255
site_f5bcf8a88a,2026-02-26T03:00:00+00:00,4,63.43597717727463,22.012321049794767
site_f5bcf8a88a,2026-02-26T03:00:00+00:00,96,86.48519038212746,41.126195167878414
site_f5bcf8a88a,2026-02-26T03:15:00+00:00,4,75.4391116622956,24.8043219482335
site_f5bcf8a88a,2026-02-26T03:15:00+00:00,96,115.96919019232988,52.28279543612419
site_f5bcf8a88a,2026-02-26T03:30:00+00:00,4,61.08727669595391,18.15615700582091
site_f5bcf8a88a,2026-02-26T03:30:00+00:00,96,82.45828919014424,40.9886618108244
site_f5bcf8a88a,2026-02-26T03:45:00+00:00,4,64.6123359600239,15.25238542179925
site_f5bcf8a88a,2026-02-26T03:45:00+00:00,96,129.53934447068144,56.687062806169855
site_f5bcf8a88a,2026-02-26T04:00:00+00:00,4,101.45317933280383,32.65894788064358
site_f5bcf8a88a,2026-02-26T04:00:00+00:00,96,136.89148570663824,62.247425347564814
site_f5bcf8a88a,2026-02-26T04:15:00+00:00,4,109.76871290156352,34.88311257662783
site_f5bcf8a88a,2026-02-26T04:15:00+00:00,96,129.0117103312775,58.166982628436315
site_f5bcf8a88a,2026-02-26T04:30:00+00:00,4,97.38074409044619,32.64129865871096
site_f5bcf8a88a,2026-02-26T04:30:00+00:00,96,217.52703974032906,91.50342143335608
site_f5bcf8a88a,2026-02-26T04:45:00+00:00,4,96.5139795905795,32.54758906000401
site_f5bcf8a88a,2026-02-26T04:45:00+00:00,96,273.66014764165845,114.34556880891289
site_f5bcf8a88a,2026-02-26T05:00:00+00:00,4,155.43844306512875,48.475764808530776
site_f5bcf8a88a,2026-02-26T05:00:00+00:00,96,220.2045759190921,95.35015368126084
site_f5bcf8a88a,2026-02-26T05:15:00+00:00,4,122.16332894683732,32.09088557603132
site_f5bcf8a88a,2026-02-26T05:15:00+00:00,96,164.64208893704085,74.8665147009335
site_f5bcf8a88a,2026-02-26T05:30:00+00:00,4,123.88121702804531,35.211744870161176
site_f5bcf8a88a,2026-02-26T05:30:00+00:00,96,227.0697072436491,96.42872980678165
site_f5bcf8a88a,2026-02-26T05:45:00+00:00,4,108.3070844624706,32.686388749028545
site_f5bcf8a88a,2026-02-26T05:45:00+00:00,96,187.90433734732403,80.83177011239702
site_f5bcf8a88a,2026-02-26T06:00:00+00:00,4,132.69567105121018,39.94516247697409
site_f5bcf8a88a,2026-02-26T06:00:00+00:00,96,126.8626312250027,58.48350287983718
site_f5bcf8a88a,2026-02-26T06:15:00+00:00,4,157.08942432741878,43.766070951682536
site_f5bcf8a88a,2026-02-26T06:15:00+00:00,96,176.66963070229323,78.57671200565399
site_f5bcf8a88a,2026-02-26T06:30:00+00:00,4,154.47624511803812,44.95753330751952
site_f5bcf8a88a,2026-02-26T06:30:00+00:00,96,217.2286767362362,93.67515344369335
site_f5bcf8a88a,2026-02-26T06:45:00+00:00,4,117.33531919943532,32.01671367641393
site_f5bcf8a88a,2026-02-26T06:45:00+00:00,96,312.6384299702644,128.69807032880573
site_f5bcf8a88a,2026-02-26T07:00:00+00:00,4,125.04195189149365,32.51002214215232
site_f5bcf8a88a,2026-02-26T07:00:00+00:00,96,199.2791395981713,85.75507728384775
site_f5bcf8a88a,2026-02-26T07:15:00+00:00,4,139.51690909947592,35.330434359198705
site_f5bcf8a88a,2026-02-26T07:15:00+00:00,96,309.8367355916222,123.15254564474124
site_f5bcf8a88a,2026-02-26T07:30:00+00:00,4,179.9820192526659,48.28541283929731
site_f5bcf8a88a,2026-02-26T07:30:00+00:00,96,172.69482361661596,72.20583361996266
site_f5bcf8a88a,2026-02-26T07:45:00+00:00,4,156.88175958200628,51.280514157143166
site_f5bcf8a88a,2026-02-26T07:45:00+00:00,96,148.83928089797539,61.734299186965
site_f5bcf8a88a,2026-02-26T08:00:00+00:00,4,172.40311007735517,52.11041577742267
site_f5bcf8a88a,2026-02-26T08:00:00+00:00,96,138.04599038533578,56.914557981343705
site_f5bcf8a88a,2026-02-26T08:15:00+00:00,4,148.69414506114353,41.46007616112664
site_f5bcf8a88a,2026-02-26T08:15:00+00:00,96,116.03759380257087,49.5042093696321
site_f5bcf8a88a,2026-02-26T08:30:00+00:00,4,156.12150308641571,38.86116613384517
site_f5bcf8a88a,2026-02-26T08:30:00+00:00,96,180.26544496903367,72.03089068246588
site_f5bcf8a88a,2026-02-26T08:45:00+00:00,4,163.84292016512526,43.524375125264086
site_f5bcf8a88a,2026-02-26T08:45:00+00:00,96,153.04259517268488,60.58802787385059
site_f5bcf8a88a,2026-02-26T09:00:00+00:00,4,168.65619433830588,46.988006717210475
site_f5bcf8a88a,2026-02-26T09:00:00+00:00,96,185.42649240973742,72.44299495105858
site_f5bcf8a88a,2026-02-26T09:15:00+00:00,4,178.9438713003915,49.83139985135833
site_f5bcf8a88a,2026-02-26T09:15:00+00:00,96,136.15708829726444,54.713819421627896
site_f5bcf8a88a,2026-02-26T09:30:00+00:00,4,175.17397185117284,46.943930458895906
site_f5bcf8a88a,2026-02-26T09:30:00+00:00,96,119.41631070375719,47.63112055763136
site_f5bcf8a88a,2026-02-26T09:45:00+00:00,4,172.78767020614188,44.117671151259174
site_f5bcf8a88a,2026-02-26T09:45:00+00:00,96,129.7665412069752,52.701731882773764
site_f5bcf8a88a,2026-02-26T10:00:00+00:00,4,189.32001479928022,52.0685580282369
site_f5bcf8a88a,2026-02-26T10:00:00+00:00,96,167.95308640559017,66.24402111880595
site_f5bcf8a88a,2026-02-26T10:15:00+00:00,4,136.5346808241465,36.21441220400408
site_f5bcf8a88a,2026-02-26T10:15:00+00:00,96,166.2377599052179,65.42908787463269
site_f5bcf8a88a,2026-02-26T10:30:00+00:00,4,144.50724674665736,32.75350052649619
site_f5bcf8a88a,2026-02-26T10:30:00+00:00,96,221.99280933603285,83.35460711881385
site_f5bcf8a88a,2026-02-26T10:45:00+00:00,4,165.86636597427668,38.231881808293515
site_f5bcf8a88a,2026-02-26T10:45:00+00:00,96,313.9575432335888,115.6467712788336
site_f5bcf8a88a,2026-02-26T11:00:00+00:00,4,173.7078259278139,42.412113246850986
site_f5bcf8a88a,2026-02-26T11:00:00+00:00,96,222.39779645789292,83.16343860513125
site_f5bcf8a88a,2026-02-26T11:15:00+00:00,4,159.26539094448543,40.26931059001977
site_f5bcf8a88a,2026-02-26T11:15:00+00:00,96,256.61266612047143,94.80670252495366
site_f5bcf8a88a,2026-02-26T11:30:00+00:00,4,168.86249718248828,41.764276889966744
site_f5bcf8a88a,2026-02-26T11:30:00+00:00,96,167.85238538622252,64.42405891324955
site_f5bcf8a88a,2026-02-26T11:45:00+00:00,4,173.0731137612849,42.50956603744923
site_f5bcf8a88a,2026-02-26T11:45:00+00:00,96,206.01683617460756,77.73943056680415
site_f5bcf8a88a,2026-02-26T12:00:00+00:00,4,168.17768529493966,40.46504701211468
site_f5bcf8a88a,2026-02-26T12:00:00+00:00,96,232.497591517471,86.45995257446742
site_f5bcf8a88a,2026-02-26T12:15:00+00:00,4,190.18302008593082,44.191923978624295
site_f5bcf8a88a,2026-02-26T12:15:00+00:00,96,173.2201139251285,64.7751914588376
site_f5bcf8a88a,2026-02-26T12:30:00+00:00,4,189.18352761432655,42.16775232647574
site_f5bcf8a88a,2026-02-26T12:30:00+00:00,96,165.26896076177238,61.770353687146084
site_f5bcf8a88a,2026-02-26T12:45:00+00:00,4,228.0118490478594,53.03863619382181
site_f5bcf8a88a,2026-02-26T12:45:00+00:00,96,185.44523370505587,69.60454360371362
site_f5bcf8a88a,2026-02-26T13:00:00+00:00,4,215.23749808999167,50.646258148907336
site_f5bcf8a88a,2026-02-26T13:00:00+00:00,96,190.1199208678225,69.32629281418255
site_f5bcf8a88a,2026-02-26T13:15:00+00:00,4,216.10631572078736,54.136838124835094
site_f5bcf8a88a,2026-02-26T13:15:00+00:00,96,223.43936792492366,77.50760265519195
site_f5bcf8a88a,2026-02-26T13:30:00+00:00,4,203.24036642961738,46.02857854296673
site_f5bcf8a88a,2026-02-26T13:30:00+00:00,96,120.83990997980591,46.23753259532879
site_f5bcf8a88a,2026-02-26T13:45:00+00:00,4,146.64169397542105,36.06483713200232
site_f5bcf8a88a,2026-02-26T13:45:00+00:00,96,100.90639615822943,39.31832805428421
site_f5bcf8a88a,2026-02-26T14:00:00+00:00,4,77.02333838415414,18.776327943385116
site_f5bcf8a88a,2026-02-26T14:00:00+00:00,96,143.69969299068114,49.86881658466379
site_f5bcf8a88a,2026-02-26T14:15:00+00:00,4,68.48730132079602,16.074663484135442
site_f5bcf8a88a,2026-02-26T14:15:00+00:00,96,142.82945782124216,50.377033105144456
site_f5bcf8a88a,2026-02-26T14:30:00+00:00,4,136.49266885797235,27.649234354887906
site_f5bcf8a88a,2026-02-26T14:30:00+00:00,96,129.72411750111132,49.41990651244822
site_f5bcf8a88a,2026-02-26T14:45:00+00:00,4,165.56870458670588,37.66463926735745
site_f5bcf8a88a,2026-02-26T14:45:00+00:00,96,86.82168330129743,35.27478234343111
site_f5bcf8a88a,2026-02-26T15:00:00+00:00,4,135.8926307854322,28.83191772595306
site_f5bcf8a88a,2026-02-26T15:00:00+00:00,96,116.1652350408339,40.698379401944294
site_f5bcf8a88a,2026-02-26T15:15:00+00:00,4,120.09899076819025,21.593667432297888
site_f5bcf8a88a,2026-02-26T15:15:00+00:00,96,155.02938853020441,53.887441944137834
site_f5bcf8a88a,2026-02-26T15:30:00+00:00,4,156.6127172949506,24.940314685538972
site_f5bcf8a88a,2026-02-26T15:30:00+00:00,96,155.7697362317016,52.02523749081075
site_f5bcf8a88a,2026-02-26T15:45:00+00:00,4,163.01236028653582,25.108599970762864
site_f5bcf8a88a,2026-02-26T15:45:00+00:00,96,141.27478544500886,49.097658227489916
site_f5bcf8a88a,2026-02-26T16:00:00+00:00,4,137.60578033265057,20.44935578419172
site_f5bcf8a88a,2026-02-26T16:00:00+00:00,96,151.92763684519252,49.42837441449369
site_f5bcf8a88a,2026-02-26T16:15:00+00:00,4,88.26068690974512,14.218903561714223
site_f5bcf8a88a,2026-02-26T16:15:00+00:00,96,187.48251826433224,55.762685489869895
site_f5bcf8a88a,2026-02-26T16:30:00+00:00,4,105.93925678831127,14.225466342943657
site_f5bcf8a88a,2026-02-26T16:30:00+00:00,96,252.08885038512716,69.58743204236467
site_f5bcf8a88a,2026-02-26T16:45:00+00:00,4,107.7336200464913,14.034412668599247
site_f5bcf8a88a,2026-02-26T16:45:00+00:00,96,375.77526833638547,107.14993819145955
site_f5bcf8a88a,2026-02-26T17:00:00+00:00,4,143.32584747885585,17.95628317056232
site_f5bcf8a88a,2026-02-26T17:00:00+00:00,96,188.86415885424213,46.8162130454653
site_f5bcf8a88a,2026-02-26T17:15:00+00:00,4,123.55765677407908,15.092858547663571
site_f5bcf8a88a,2026-02-26T17:15:00+00:00,96,336.3108341756929,100.70219073662287
site_f5bcf8a88a,2026-02-26T17:30:00+00:00,4,151.53660505566035,17.606765467319857
site_f5bcf8a88a,2026-02-26T17:30:00+00:00,96,197.6122233935768,45.74407548389057
site_f5bcf8a88a,2026-02-26T17:45:00+00:00,4,147.2040422900213,16.610554038341462
site_f5bcf8a88a,2026-02-26T17:45:00+00:00,96,145.68303931782611,44.25198755163271
site_f5bcf8a88a,2026-02-26T18:00:00+00:00,4,134.2419694063642,15.738104059700566
site_f5bcf8a88a,2026-02-26T18:00:00+00:00,96,187.76580220497183,56.90287875560096
site_f5bcf8a88a,2026-02-26T18:15:00+00:00,4,167.48878825506307,19.65477341049059
site_f5bcf8a88a,2026-02-26T18:15:00+00:00,96,116.48025375024082,34.54210266522122
site_f5bcf8a88a,2026-02-26T18:30:00+00:00,4,207.12753536464868,29.184496322851484
site_f5bcf8a88a,2026-02-26T18:30:00+00:00,96,95.49438912723471,29.19042351361201
site_f5bcf8a88a,2026-02-26T18:45:00+00:00,4,214.9360627535009,136.65910028612933
site_f5bcf8a88a,2026-02-26T18:45:00+00:00,96,146.3081994283571,50.70739991843246
site_f5bcf8a88a,2026-02-26T19:00:00+00:00,4,173.8795962660634,59.649749253377394
site_f5bcf8a88a,2026-02-26T19:00:00+00:00,96,140.35585818931116,47.8005454206179
site_f5bcf8a88a,2026-02-26T19:15:00+00:00,4,213.54705248844328,28.385898820132308
site_f5bcf8a88a,2026-02-26T19:15:00+00:00,96,178.86319007877648,62.27657767853765
site_f5bcf8a88a,2026-02-26T19:30:00+00:00,4,145.9174202789371,21.915208373961626
site_f5bcf8a88a,2026-02-26T19:30:00+00:00,96,212.0719671973349,74.33471464321944
site_f5bcf8a88a,2026-02-26T19:45:00+00:00,4,162.8970331125525,17.11937412651136
site_f5bcf8a88a,2026-02-26T19:45:00+00:00,96,127.0258366488134,45.85330800236173
site_f5bcf8a88a,2026-02-26T20:00:00+00:00,4,164.76390753417928,16.80374767704307
site_f5bcf8a88a,2026-02-26T20:00:00+00:00,96,138.60671016842298,50.782660778174424
site_f5bcf8a88a,2026-02-26T20:15:00+00:00,4,182.30999368835754,20.813556849558445
site_f5bcf8a88a,2026-02-26T20:15:00+00:00,96,99.37102595137736,38.396425677859064
site_f5bcf8a88a,2026-02-26T20:30:00+00:00,4,167.43901246017703,17.196241870541336
site_f5bcf8a88a,2026-02-26T20:30:00+00:00,96,135.94415017246516,48.01624125311782
site_f5bcf8a88a,2026-02-26T20:45:00+00:00,4,129.54352362220732,15.191181103213633
site_f5bcf8a88a,2026-02-26T20:45:00+00:00,96,88.49142806152763,32.95167189211733
site_f5bcf8a88a,2026-02-26T21:00:00+00:00,4,88.9371337368157,8.837893452946643
site_f5bcf8a88a,2026-02-26T21:00:00+00:00,96,101.5673680826009,35.66973126222554
site_f5bcf8a88a,2026-02-26T21:15:00+00:00,4,124.72819716560768,9.646431111948129
site_f5bcf8a88a,2026-02-26T21:15:00+00:00,96,90.34485648967811,32.23470157492956
site_f5bcf8a88a,2026-02-26T21:30:00+00:00,4,94.13859337608184,5.789329894368408
site_f5bcf8a88a,2026-02-26T21:30:00+00:00,96,66.95674954210712,26.095437347999876
site_f5bcf8a88a,2026-02-26T21:45:00+00:00,4,98.39162321768808,6.096575448088634
site_f5bcf8a88a,2026-02-26T21:45:00+00:00,96,75.45890982049241,26.42859525244311
site_f5bcf8a88a,2026-02-26T22:00:00+00:00,4,51.67045047552248,2.5810305151563173
site_f5bcf8a88a,2026-02-26T22:00:00+00:00,96,68.81287899806588,26.644474943595284
site_f5bcf8a88a,2026-02-26T22:15:00+00:00,4,57.101229960718406,2.698649180652674
site_f5bcf8a88a,2026-02-26T22:15:00+00:00,96,70.22195715294743,26.421208588883545
site_f5bcf8a88a,2026-02-26T22:30:00+00:00,4,64.54015405788003,4.140378312701316
site_f5bcf8a88a,2026-02-26T22:30:00+00:00,96,123.31164559014037,108.68835119570151
site_f5bcf8a88a,2026-02-26T22:45:00+00:00,4,84.94391150867489,7.186646161230694
site_f5bcf8a88a,2026-02-26T22:45:00+00:00,96,101.74764440723668,35.91804032525839
site_f5bcf8a88a,2026-02-26T23:00:00+00:00,4,92.20270023319851,12.41982402248191
site_f5bcf8a88a,2026-02-26T23:00:00+00:00,96,128.4653141653498,53.0528990420899
site_f5bcf8a88a,2026-02-26T23:15:00+00:00,4,95.27741975217654,15.110497130298265
site_f5bcf8a88a,2026-02-26T23:15:00+00:00,96,136.87087944231584,46.773351519701464
site_f5bcf8a88a,2026-02-26T23:30:00+00:00,4,92.95654196245056,16.238654878173765
site_f5bcf8a88a,2026-02-26T23:30:00+00:00,96,113.76571957811487,37.583451684312095
site_f5bcf8a88a,2026-02-26T23:45:00+00:00,4,94.0758454273477,15.809595404820362
site_f5bcf8a88a,2026-02-26T23:45:00+00:00,96,59.337969492686966,58.56926990963956
site_f5bcf8a88a,2026-02-27T00:00:00+00:00,4,99.95556325170409,29.326997740255386
site_f5bcf8a88a,2026-02-27T00:00:00+00:00,96,51.50642443342507,35.04138825634332
site_f5bcf8a88a,2026-02-27T00:15:00+00:00,4,125.20724451885872,21.840811475010696
site_f5bcf8a88a,2026-02-27T00:15:00+00:00,96,149.2014951171016,114.43353108686568
site_f5bcf8a88a,2026-02-27T00:30:00+00:00,4,95.08358225777178,46.41539820344591
site_f5bcf8a88a,2026-02-27T00:30:00+00:00,96,99.74840066035149,179.93038842983702
site_f5bcf8a88a,2026-02-27T00:45:00+00:00,4,70.01312725126878,13.473098079032903
site_f5bcf8a88a,2026-02-27T00:45:00+00:00,96,69.59288600111755,22.203153564756064
site_f5bcf8a88a,2026-02-27T01:00:00+00:00,4,95.14992423976635,15.500624152819846
site_f5bcf8a88a,2026-02-27T01:00:00+00:00,96,83.75691389616962,141.88518563634912
site_f5bcf8a88a,2026-02-27T01:15:00+00:00,4,90.2793582925408,17.45387526956127
site_f5bcf8a88a,2026-02-27T01:15:00+00:00,96,62.22990744762472,132.67607105132336
site_f5bcf8a88a,2026-02-27T01:30:00+00:00,4,110.74961754387994,21.87126093064756
site_f5bcf8a88a,2026-02-27T01:30:00+00:00,96,61.833821174272195,34.53834490910094
site_f5bcf8a88a,2026-02-27T01:45:00+00:00,4,104.19837824791945,19.012893236363837
site_f5bcf8a88a,2026-02-27T01:45:00+00:00,96,71.36180834618527,20.412228277146575
site_f5bcf8a88a,2026-02-27T02:00:00+00:00,4,65.9949880854975,12.108927353253353
site_f5bcf8a88a,2026-02-27T02:00:00+00:00,96,65.34641087793646,20.692412432729814
site_f5bcf8a88a,2026-02-27T02:15:00+00:00,4,100.69810643299988,16.35457596917079
site_f5bcf8a88a,2026-02-27T02:15:00+00:00,96,125.09073675600524,36.77720455442012
site_f5bcf8a88a,2026-02-27T02:30:00+00:00,4,123.3215737579563,19.66261846490188
site_f5bcf8a88a,2026-02-27T02:30:00+00:00,96,66.07241512412836,18.947650614686353
site_f5bcf8a88a,2026-02-27T02:45:00+00:00,4,146.4535045878916,23.35842042254408
site_f5bcf8a88a,2026-02-27T02:45:00+00:00,96,66.5681386560685,14.225529146658051
site_f5bcf8a88a,2026-02-27T03:00:00+00:00,4,134.95276285571558,22.80898361318546
site_f5bcf8a88a,2026-02-27T03:00:00+00:00,96,94.64771229570013,28.953899069315536
site_f5bcf8a88a,2026-02-27T03:15:00+00:00,4,163.36422027735665,40.76669073819063
site_f5bcf8a88a,2026-02-27T03:15:00+00:00,96,101.08658394120027,30.451929449736426
site_f5bcf8a88a,2026-02-27T03:30:00+00:00,4,136.4855329425203,20.912388018724947
site_f5bcf8a88a,2026-02-27T03:30:00+00:00,96,84.48402349668339,26.249434309299918
site_f5bcf8a88a,2026-02-27T03:45:00+00:00,4,123.82907743241981,20.842092372526
site_f5bcf8a88a,2026-02-27T03:45:00+00:00,96,90.84914987191334,28.46905043653405
site_f5bcf8a88a,2026-02-27T04:00:00+00:00,4,118.04321399456005,31.20200044327076
site_f5bcf8a88a,2026-02-27T04:00:00+00:00,96,176.71281951171238,50.31547027951818
site_f5bcf8a88a,2026-02-27T04:15:00+00:00,4,103.81889768152055,89.66231147108778
site_f5bcf8a88a,2026-02-27T04:15:00+00:00,96,96.08108553551683,24.9026479146999
site_f5bcf8a88a,2026-02-27T04:30:00+00:00,4,129.35248161491694,78.87760680398917
site_f5bcf8a88a,2026-02-27T04:30:00+00:00,96,107.42156596041468,30.677602162508915
site_f5bcf8a88a,2026-02-27T04:45:00+00:00,4,131.86308649960222,130.82485855418494
site_f5bcf8a88a,2026-02-27T04:45:00+00:00,96,125.11536787127949,37.71888251719423
site_f5bcf8a88a,2026-02-27T05:00:00+00:00,4,147.9554569537626,41.30027186823804
site_f5bcf8a88a,2026-02-27T05:00:00+00:00,96,119.37830784693074,35.48673960530043
site_f5bcf8a88a,2026-02-27T05:15:00+00:00,4,179.5642762471854,37.60578879074234
site_f5bcf8a88a,2026-02-27T05:15:00+00:00,96,128.86348218076327,36.948769758133494
site_f5bcf8a88a,2026-02-27T05:30:00+00:00,4,218.20364247186416,41.34446220963716
site_f5bcf8a88a,2026-02-27T05:30:00+00:00,96,139.13446450738527,40.7165634569254
site_f5bcf8a88a,2026-02-27T05:45:00+00:00,4,239.67847335600857,43.213940827236186
site_f5bcf8a88a,2026-02-27T05:45:00+00:00,96,111.46528213628923,31.259025143714805
site_f5bcf8a88a,2026-02-27T06:00:00+00:00,4,224.53159431494507,41.257285931371655
site_f5bcf8a88a,2026-02-27T06:00:00+00:00,96,122.28753853046672,31.279860965351972
site_f5bcf8a88a,2026-02-27T06:15:00+00:00,4,211.04916443888436,39.743063787713396
site_f5bcf8a88a,2026-02-27T06:15:00+00:00,96,128.2646037929678,31.830645010566343
site_f5bcf8a88a,2026-02-27T06:30:00+00:00,4,226.5168531930335,39.79106114142065
site_f5bcf8a88a,2026-02-27T06:30:00+00:00,96,242.76893009012394,62.83760459663454
site_f5bcf8a88a,2026-02-27T06:45:00+00:00,4,229.2090469421664,41.3314405716783
site_f5bcf8a88a,2026-02-27T06:45:00+00:00,96,156.30760605747037,51.55241232533495
site_f5bcf8a88a,2026-02-27T07:00:00+00:00,4,234.78338178842938,40.93468596315293
site_f5bcf8a88a,2026-02-27T07:00:00+00:00,96,193.706367939077,54.760371071840765
site_f5bcf8a88a,2026-02-27T07:15:00+00:00,4,212.13584805905907,38.76091759689052
site_f5bcf8a88a,2026-02-27T07:15:00+00:00,96,152.3299119755337,41.61346293073079
site_f5bcf8a88a,2026-02-27T07:30:00+00:00,4,202.99959157721833,39.705425944611555
site_f5bcf8a88a,2026-02-27T07:30:00+00:00,96,128.9082415107393,33.082080909500654
site_f5bcf8a88a,2026-02-27T07:45:00+00:00,4,276.9011413036708,57.883382148098136
site_f5bcf8a88a,2026-02-27T07:45:00+00:00,96,166.18939203110605,42.49920183990416
site_f5bcf8a88a,2026-02-27T08:00:00+00:00,4,181.46307309044474,36.8416525949415
site_f5bcf8a88a,2026-02-27T08:00:00+00:00,96,184.6301874550822,48.740871443467725
site_f5bcf8a88a,2026-02-27T08:15:00+00:00,4,223.38407290483377,49.982321002293496
site_f5bcf8a88a,2026-02-27T08:15:00+00:00,96,197.955761690354,51.22691771267934
site_f5bcf8a88a,2026-02-27T08:30:00+00:00,4,168.71631235103987,34.26062371850409
site_f5bcf8a88a,2026-02-27T08:30:00+00:00,96,177.04418953940586,46.915298068229795
site_f5bcf8a88a,2026-02-27T08:45:00+00:00,4,120.54625572193201,27.723512495604805
site_f5bcf8a88a,2026-02-27T08:45:00+00:00,96,146.41363678420228,37.87795256645772
site_f5bcf8a88a,2026-02-27T09:00:00+00:00,4,108.12220157942319,23.266531009004897
site_f5bcf8a88a,2026-02-27T09:00:00+00:00,96,223.39119431065103,57.55491894815669
site_f5bcf8a88a,2026-02-27T09:15:00+00:00,4,151.0389986258869,32.13188192011088
site_f5bcf8a88a,2026-02-27T09:15:00+00:00,96,115.57179816207024,31.09106754526811
site_f5bcf8a88a,2026-02-27T09:30:00+00:00,4,153.15019335762835,31.20213802777068
site_f5bcf8a88a,2026-02-27T09:30:00+00:00,96,135.2278077624918,32.46024564964083
site_f5bcf8a88a,2026-02-27T09:45:00+00:00,4,168.5002678970894,33.25914406641967
site_f5bcf8a88a,2026-02-27T09:45:00+00:00,96,167.9736029538084,38.46969111818635
site_f5bcf8a88a,2026-02-27T10:00:00+00:00,4,155.62557555525316,30.839503951663644
site_f5bcf8a88a,2026-02-27T10:00:00+00:00,96,141.22607179635926,35.93759803174504
site_f5bcf8a88a,2026-02-27T10:15:00+00:00,4,148.97718365422304,29.548112300191
site_f5bcf8a88a,2026-02-27T10:15:00+00:00,96,154.90439811852394,38.49741066292318
site_f5bcf8a88a,2026-02-27T10:30:00+00:00,4,153.13421488867488,32.15170141129132
site_f5bcf8a88a,2026-02-27T10:30:00+00:00,96,133.5781890436291,34.784077072168316
site_f5bcf8a88a,2026-02-27T10:45:00+00:00,4,166.930402461413,35.54055774204351
site_f5bcf8a88a,2026-02-27T10:45:00+00:00,96,177.28749071357203,42.07034659625904
site_f5bcf8a88a,2026-02-27T11:00:00+00:00,4,149.8465409560597,30.564144711583527
site_f5bcf8a88a,2026-02-27T11:00:00+00:00,96,195.01978790558172,45.14873165651585
site_f5bcf8a88a,2026-02-27T11:15:00+00:00,4,152.86859313529922,28.958447026260643
site_f5bcf8a88a,2026-02-27T11:15:00+00:00,96,233.54932479307314,48.941126151336036
site_f5bcf8a88a,2026-02-27T11:30:00+00:00,4,159.30546069550115,30.741886000950476
site_f5bcf8a88a,2026-02-27T11:30:00+00:00,96,199.4794240864694,41.720541453484294
site_f5bcf8a88a,2026-02-27T11:45:00+00:00,4,158.9834241744872,31.100684131658515
site_f5bcf8a88a,2026-02-27T11:45:00+00:00,96,243.74260872009268,54.506810564936686
site_f5bcf8a88a,2026-02-27T12:00:00+00:00,4,170.19074056861993,35.32047741863963
site_f5bcf8a88a,2026-02-27T12:00:00+00:00,96,211.44252399744494,47.56847232709988
site_f5bcf8a88a,2026-02-27T12:15:00+00:00,4,200.21510684641908,38.936948746463955
site_f5bcf8a88a,2026-02-27T12:15:00+00:00,96,213.06850486870803,51.28964684454621
site_f5bcf8a88a,2026-02-27T12:30:00+00:00,4,234.03818812257057,44.3656316625581
site_f5bcf8a88a,2026-02-27T12:30:00+00:00,96,178.87058320185406,40.0473610794337
site_f5bcf8a88a,2026-02-27T12:45:00+00:00,4,235.88100767742466,45.318003798646416
site_f5bcf8a88a,2026-02-27T12:45:00+00:00,96,152.5343293541165,36.71038965746059
site_f5bcf8a88a,2026-02-27T13:00:00+00:00,4,281.6151432036846,77.98285022495898
site_f5bcf8a88a,2026-02-27T13:00:00+00:00,96,138.08294119279597,34.317276903647965
site_f5bcf8a88a,2026-02-27T13:15:00+00:00,4,293.55232829264185,75.35311688928316
site_f5bcf8a88a,2026-02-27T13:15:00+00:00,96,144.69645937301644,35.33674442055834
site_f5bcf8a88a,2026-02-27T13:30:00+00:00,4,271.28936816177566,113.17757646145301
site_f5bcf8a88a,2026-02-27T13:30:00+00:00,96,157.86176122871035,33.56352487166621
site_f5bcf8a88a,2026-02-27T13:45:00+00:00,4,306.4817970073152,71.20680678680746
site_f5bcf8a88a,2026-02-27T13:45:00+00:00,96,166.04387002858203,37.021959957407674
site_f5bcf8a88a,2026-02-27T14:00:00+00:00,4,213.264314070922,39.3439761369974
site_f5bcf8a88a,2026-02-27T14:00:00+00:00,96,133.09885146846398,29.689883719707705
site_f5bcf8a88a,2026-02-27T14:15:00+00:00,4,284.0734144509397,118.37576461842629
site_f5bcf8a88a,2026-02-27T14:15:00+00:00,96,123.94493764720696,23.35633422396095
site_f5bcf8a88a,2026-02-27T14:30:00+00:00,4,240.91315981760363,51.46519582058733
site_f5bcf8a88a,2026-02-27T14:30:00+00:00,96,175.13379755669172,28.14947273512993
site_f5bcf8a88a,2026-02-27T14:45:00+00:00,4,222.13560272716958,150.131833366637
site_f5bcf8a88a,2026-02-27T14:45:00+00:00,96,125.71663057234218,19.763320249154248
site_f5bcf8a88a,2026-02-27T15:00:00+00:00,4,229.124472216233,44.77641158075406
site_f5bcf8a88a,2026-02-27T15:00:00+00:00,96,131.57585497792672,20.4440391988622
site_f5bcf8a88a,2026-02-27T15:15:00+00:00,4,202.12354937299264,41.13212549739288
site_f5bcf8a88a,2026-02-27T15:15:00+00:00,96,110.12102007540264,19.78237242495663
site_f5bcf8a88a,2026-02-27T15:30:00+00:00,4,227.08974252180226,77.75554812399575
site_f5bcf8a88a,2026-02-27T15:30:00+00:00,96,126.29297328546824,18.787494609046494
site_f5bcf8a88a,2026-02-27T15:45:00+00:00,4,214.35152681774426,48.40433428337538
site_f5bcf8a88a,2026-02-27T15:45:00+00:00,96,154.49044106105336,20.080086822302864
site_f5bcf8a88a,2026-02-27T16:00:00+00:00,4,203.64067324036205,62.605546824741225
site_f5bcf8a88a,2026-02-27T16:00:00+00:00,96,207.00259503454438,25.365018904033054
site_f5bcf8a88a,2026-02-27T16:15:00+00:00,4,238.90661166428805,76.74306919720559
site_f5bcf8a88a,2026-02-27T16:15:00+00:00,96,158.9139307679809,19.78464822549736
site_f5bcf8a88a,2026-02-27T16:30:00+00:00,4,247.5808094117927,185.99204594236068
site_f5bcf8a88a,2026-02-27T16:30:00+00:00,96,182.37576523161897,21.379532761002583
site_f5bcf8a88a,2026-02-27T16:45:00+00:00,4,241.59805176708636,72.09586798966703
site_f5bcf8a88a,2026-02-27T16:45:00+00:00,96,157.31090955072136,18.78764613077306
site_f5bcf8a88a,2026-02-27T17:00:00+00:00,4,216.20583829469098,51.25919950546276
site_f5bcf8a88a,2026-02-27T17:00:00+00:00,96,156.7881067975703,19.652384044381574
site_f5bcf8a88a,2026-02-27T17:15:00+00:00,4,224.84693711315873,51.8997851564482
site_f5bcf8a88a,2026-02-27T17:15:00+00:00,96,257.8066341727009,28.971882178634935
site_f5bcf8a88a,2026-02-27T17:30:00+00:00,4,202.40105588619681,48.52219521602296
site_f5bcf8a88a,2026-02-27T17:30:00+00:00,96,316.860891480707,43.84152435602765
site_f5bcf8a88a,2026-02-27T17:45:00+00:00,4,173.73497508926297,39.37533316440735
site_f5bcf8a88a,2026-02-27T17:45:00+00:00,96,246.55845731241607,160.93410979598326
site_f5bcf8a88a,2026-02-27T18:00:00+00:00,4,160.26783715639226,34.43742225296317
site_f5bcf8a88a,2026-02-27T18:00:00+00:00,96,162.61232535336887,51.65719780972361
site_f5bcf8a88a,2026-02-27T18:15:00+00:00,4,176.2583627601143,36.981856768876966
site_f5bcf8a88a,2026-02-27T18:15:00+00:00,96,275.80922937196044,31.63909600419657
site_f5bcf8a88a,2026-02-27T18:30:00+00:00,4,148.04253944295561,31.8688620657703
site_f5bcf8a88a,2026-02-27T18:30:00+00:00,96,98.29406083219186,14.5158217904161
site_f5bcf8a88a,2026-02-27T18:45:00+00:00,4,125.52054790785394,26.798305704860745
site_f5bcf8a88a,2026-02-27T18:45:00+00:00,96,138.31725877438697,14.944359592765856
site_f5bcf8a88a,2026-02-27T19:00:00+00:00,4,100.52293039972616,21.86526873940055
site_f5bcf8a88a,2026-02-27T19:00:00+00:00,96,121.48458277923592,14.8364812022489
site_f5bcf8a88a,2026-02-27T19:15:00+00:00,4,95.98685757588652,21.187005259851794
site_f5bcf8a88a,2026-02-27T19:15:00+00:00,96,138.67197115286078,17.659937212387856
site_f5bcf8a88a,2026-02-27T19:30:00+00:00,4,130.61422731377417,26.23927700758101
site_f5bcf8a88a,2026-02-27T19:30:00+00:00,96,125.34110657799857,14.68196459347261
site_f5bcf8a88a,2026-02-27T19:45:00+00:00,4,143.0932698794692,32.29297857616012
site_f5bcf8a88a,2026-02-27T19:45:00+00:00,96,98.1226734963905,12.244564442136486
site_f5bcf8a88a,2026-02-27T20:00:00+00:00,4,130.9222821189254,46.12703607482493
site_f5bcf8a88a,2026-02-27T20:00:00+00:00,96,89.63059205527799,9.531017131166294
site_f5bcf8a88a,2026-02-27T20:15:00+00:00,4,121.51651707165632,21.66313591952519
site_f5bcf8a88a,2026-02-27T20:15:00+00:00,96,106.33479131016897,8.653084938216352
site_f5bcf8a88a,2026-02-27T20:30:00+00:00,4,68.89922834001545,12.948421484748941
site_f5bcf8a88a,2026-02-27T20:30:00+00:00,96,86.3503682701548,6.144204366568457
site_f5bcf8a88a,2026-02-27T20:45:00+00:00,4,67.42506802258724,92.98401002617926
site_f5bcf8a88a,2026-02-27T20:45:00+00:00,96,101.07936325782316,6.361595179394082
site_f5bcf8a88a,2026-02-27T21:00:00+00:00,4,60.19091480857959,42.41481163809009
site_f5bcf8a88a,2026-02-27T21:00:00+00:00,96,58.31718992054317,3.574276277719167
site_f5bcf8a88a,2026-02-27T21:15:00+00:00,4,60.06669017319664,17.252978080354076
site_f5bcf8a88a,2026-02-27T21:15:00+00:00,96,63.52668158467117,3.8837935868540963
site_f5bcf8a88a,2026-02-27T21:30:00+00:00,4,40.221051804144246,12.91849763577612
site_f5bcf8a88a,2026-02-27T21:30:00+00:00,96,93.06186431253593,6.633635317784366
site_f5bcf8a88a,2026-02-27T21:45:00+00:00,4,43.49772702126294,13.402036982550163
site_f5bcf8a88a,2026-02-27T21:45:00+00:00,96,119.95171369063057,10.271130160510769
site_f5bcf8a88a,2026-02-27T22:00:00+00:00,4,30.795214080542078,9.32005245813702
site_f5bcf8a88a,2026-02-27T22:00:00+00:00,96,98.59476494255884,13.595206080112133
site_f5bcf8a88a,2026-02-27T22:15:00+00:00,4,61.25916752445868,15.598826877674513
site_f5bcf8a88a,2026-02-27T22:15:00+00:00,96,153.7605507681584,23.949832466048385
site_f5bcf8a88a,2026-02-27T22:30:00+00:00,4,36.29453004488902,10.402283619583262
site_f5bcf8a88a,2026-02-27T22:30:00+00:00,96,80.09358599206743,13.953072275157481
site_f5bcf8a88a,2026-02-27T22:45:00+00:00,4,31.97942740471027,8.887691944970738
site_f5bcf8a88a,2026-02-27T22:45:00+00:00,96,73.41582406139818,12.115061841806146
site_f5bcf8a88a,2026-02-27T23:00:00+00:00,4,27.118509452969995,6.870509141112207
site_f5bcf8a88a,2026-02-27T23:00:00+00:00,96,87.79141788683597,25.87890118735215
site_f5bcf8a88a,2026-02-27T23:15:00+00:00,4,38.044241025195696,10.188801532481648
site_f5bcf8a88a,2026-02-27T23:15:00+00:00,96,257.4914511682618,42.05875601480511
site_f5bcf8a88a,2026-02-27T23:30:00+00:00,4,22.85247307847903,6.094699961400123
site_f5bcf8a88a,2026-02-27T23:30:00+00:00,96,83.66679287827911,40.522146308813156
site_f5bcf8a88a,2026-02-27T23:45:00+00:00,4,43.09320863975866,26.19343343995879
site_f5bcf8a88a,2026-02-27T23:45:00+00:00,96,55.17374052989627,11.053520249971173
site_f5bcf8a88a,2026-02-28T00:00:00+00:00,4,52.796637910827954,17.649170884091063
site_f5bcf8a88a,2026-02-28T00:00:00+00:00,96,61.80453797082509,9.863895479628674
site_f5bcf8a88a,2026-02-28T00:15:00+00:00,4,58.11570692238538,18.1298705721037
site_f5bcf8a88a,2026-02-28T00:15:00+00:00,96,85.31410712899964,15.54310379075932
site_f5bcf8a88a,2026-02-28T00:30:00+00:00,4,63.190654500808336,40.92968659542499
site_f5bcf8a88a,2026-02-28T00:30:00+00:00,96,134.71258667274265,23.517229711142125
site_f5bcf8a88a,2026-02-28T00:45:00+00:00,4,52.697799045780506,15.071190202514627
site_f5bcf8a88a,2026-02-28T00:45:00+00:00,96,94.35110302536003,16.049435147879098
site_f5bcf8a88a,2026-02-28T01:00:00+00:00,4,84.7091715432735,61.663630848342144
site_f5bcf8a88a,2026-02-28T01:00:00+00:00,96,71.21731130930135,13.202021053594825
site_f5bcf8a88a,2026-02-28T01:15:00+00:00,4,52.420411763664525,16.247762812464106
site_f5bcf8a88a,2026-02-28T01:15:00+00:00,96,83.34948562268596,13.4716746644564
site_f5bcf8a88a,2026-02-28T01:30:00+00:00,4,104.1854952808863,144.23461022059604
site_f5bcf8a88a,2026-02-28T01:30:00+00:00,96,92.54785204343366,14.28319002069516
site_f5bcf8a88a,2026-02-28T01:45:00+00:00,4,109.19876490259932,35.2402131958891
site_f5bcf8a88a,2026-02-28T01:45:00+00:00,96,98.24753408058328,15.34140715127392
site_f5bcf8a88a,2026-02-28T02:00:00+00:00,4,100.71720123363701,33.133987282259724
site_f5bcf8a88a,2026-02-28T02:00:00+00:00,96,130.58870009960205,20.23304379246306
site_f5bcf8a88a,2026-02-28T02:15:00+00:00,4,81.87577442795433,24.95308592929937
site_f5bcf8a88a,2026-02-28T02:15:00+00:00,96,177.62551015927488,42.20438031300537
site_f5bcf8a88a,2026-02-28T02:30:00+00:00,4,130.56659105022476,40.180310262192606
site_f5bcf8a88a,2026-02-28T02:30:00+00:00,96,89.0814663984917,13.565299240990948
site_f5bcf8a88a,2026-02-28T02:45:00+00:00,4,147.34414885084487,45.84988336817872
site_f5bcf8a88a,2026-02-28T02:45:00+00:00,96,94.65627987451956,15.502616768516333
site_f5bcf8a88a,2026-02-28T03:00:00+00:00,4,103.52013072069695,29.92957782719874
site_f5bcf8a88a,2026-02-28T03:00:00+00:00,96,93.08014232282926,23.38983444081131
site_f5bcf8a88a,2026-02-28T03:15:00+00:00,4,101.05438151935127,32.80132247296408
site_f5bcf8a88a,2026-02-28T03:15:00+00:00,96,80.34231871755746,70.48319293721985
site_f5bcf8a88a,2026-02-28T03:30:00+00:00,4,126.36259541785245,82.93908211036425
site_f5bcf8a88a,2026-02-28T03:30:00+00:00,96,111.78447333778291,67.25437873678386
site_f5bcf8a88a,2026-02-28T03:45:00+00:00,4,86.32584819326745,80.37471108073422
site_f5bcf8a88a,2026-02-28T03:45:00+00:00,96,100.70948049843945,97.65737639065112
site_f5bcf8a88a,2026-02-28T04:00:00+00:00,4,87.67964728920467,35.23454889863181
site_f5bcf8a88a,2026-02-28T04:00:00+00:00,96,124.19983739503166,29.95562409278921
site_f5bcf8a88a,2026-02-28T04:15:00+00:00,4,83.02965755484546,21.798884967136047
site_f5bcf8a88a,2026-02-28T04:15:00+00:00,96,237.57132176912685,39.22638084444603
site_f5bcf8a88a,2026-02-28T04:30:00+00:00,4,81.43019647215031,21.26145011467638
site_f5bcf8a88a,2026-02-28T04:30:00+00:00,96,202.93944867599686,33.56966946214985
site_f5bcf8a88a,2026-02-28T04:45:00+00:00,4,93.91811359165766,23.80294572132011
site_f5bcf8a88a,2026-02-28T04:45:00+00:00,96,257.4406617851382,41.421924270799465
site_f5bcf8a88a,2026-02-28T05:00:00+00:00,4,105.10893171242938,25.851448670834696
site_f5bcf8a88a,2026-02-28T05:00:00+00:00,96,203.74057166614733,32.77168944636578
site_f5bcf8a88a,2026-02-28T05:15:00+00:00,4,90.838117102785,22.274287369318014
site_f5bcf8a88a,2026-02-28T05:15:00+00:00,96,160.3103190636322,26.35365405887422
site_f5bcf8a88a,2026-02-28T05:30:00+00:00,4,109.23772628686585,25.562576374005594
site_f5bcf8a88a,2026-02-28T05:30:00+00:00,96,180.49938632036648,28.02417623848178
site_f5bcf8a88a,2026-02-28T05:45:00+00:00,4,105.22977511419381,24.680242987319744
site_f5bcf8a88a,2026-02-28T05:45:00+00:00,96,162.98439493757098,27.48763649010426
site_f5bcf8a88a,2026-02-28T06:00:00+00:00,4,110.16798029392032,27.26567701523332
site_f5bcf8a88a,2026-02-28T06:00:00+00:00,96,141.05135755390262,24.48925221763836
site_f5bcf8a88a,2026-02-28T06:15:00+00:00,4,143.66171354689826,35.8079202793919
site_f5bcf8a88a,2026-02-28T06:15:00+00:00,96,127.50565007814956,23.726176944826925
site_f5bcf8a88a,2026-02-28T06:30:00+00:00,4,173.52542583343643,58.40525922074107
site_f5bcf8a88a,2026-02-28T06:30:00+00:00,96,136.39353238350324,27.223927290481026
site_f5bcf8a88a,2026-02-28T06:45:00+00:00,4,134.16384638007713,32.5436022700091
site_f5bcf8a88a,2026-02-28T06:45:00+00:00,96,218.82395062200197,43.6299308538029
site_f5bcf8a88a,2026-02-28T07:00:00+00:00,4,109.7496209054971,25.146581432752566
site_f5bcf8a88a,2026-02-28T07:00:00+00:00,96,126.0008380720974,26.7871275737347
site_f5bcf8a88a,2026-02-28T07:15:00+00:00,4,117.16155799149193,29.152531476011635
site_f5bcf8a88a,2026-02-28T07:15:00+00:00,96,158.76028809384513,33.13842635010915
site_f5bcf8a88a,2026-02-28T07:30:00+00:00,4,156.8002554856662,91.44209307592388
site_f5bcf8a88a,2026-02-28T07:30:00+00:00,96,98.61120233129505,21.327420737747122
site_f5bcf8a88a,2026-02-28T07:45:00+00:00,4,162.08068561697218,51.33011886129385
site_f5bcf8a88a,2026-02-28T07:45:00+00:00,96,94.05136171615723,20.887915952947274
site_f5bcf8a88a,2026-02-28T08:00:00+00:00,4,134.9817122557317,31.69924567946613
site_f5bcf8a88a,2026-02-28T08:00:00+00:00,96,95.51581404223998,21.58726588053878
site_f5bcf8a88a,2026-02-28T08:15:00+00:00,4,151.85645057812732,33.5759373454026
site_f5bcf8a88a,2026-02-28T08:15:00+00:00,96,122.80402968493313,25.892992351926555
site_f5bcf8a88a,2026-02-28T08:30:00+00:00,4,153.8465672920119,37.01770145365076
site_f5bcf8a88a,2026-02-28T08:30:00+00:00,96,107.5367712619811,23.332899521267066
site_f5bcf8a88a,2026-02-28T08:45:00+00:00,4,150.17323858626233,27.854079859080297
site_f5bcf8a88a,2026-02-28T08:45:00+00:00,96,109.31646957230305,22.873475946729442
site_f5bcf8a88a,2026-02-28T09:00:00+00:00,4,155.6622269769465,33.22935524411425
site_f5bcf8a88a,2026-02-28T09:00:00+00:00,96,106.14906862369024,22.008328228289653
site_f5bcf8a88a,2026-02-28T09:15:00+00:00,4,150.1076568917961,54.379458569486715
site_f5bcf8a88a,2026-02-28T09:15:00+00:00,96,95.30988355033512,19.424950872925866
site_f5bcf8a88a,2026-02-28T09:30:00+00:00,4,140.77811944720173,107.25999476194967
site_f5bcf8a88a,2026-02-28T09:30:00+00:00,96,136.75144346711102,26.89979442471813
site_f5bcf8a88a,2026-02-28T09:45:00+00:00,4,145.98751243404485,27.727557132892965
site_f5bcf8a88a,2026-02-28T09:45:00+00:00,96,176.71479198741045,33.654322670663944
site_f5bcf8a88a,2026-02-28T10:00:00+00:00,4,142.31287471331947,25.4541355354776
site_f5bcf8a88a,2026-02-28T10:00:00+00:00,96,119.96807081726098,24.061784318678594
site_f5bcf8a88a,2026-02-28T10:15:00+00:00,4,163.28668522858013,27.144158834829963
site_f5bcf8a88a,2026-02-28T10:15:00+00:00,96,104.13189779124308,20.575954613480626
site_f5bcf8a88a,2026-02-28T10:30:00+00:00,4,173.98546912761236,87.98990021810026
site_f5bcf8a88a,2026-02-28T10:30:00+00:00,96,120.85013974380584,23.475026797949866
site_f5bcf8a88a,2026-02-28T10:45:00+00:00,4,156.64416136037357,111.81876627086935
site_f5bcf8a88a,2026-02-28T10:45:00+00:00,96,171.04738512889958,32.20405909592662
site_f5bcf8a88a,2026-02-28T11:00:00+00:00,4,195.95899004071632,59.59485583846912
site_f5bcf8a88a,2026-02-28T11:00:00+00:00,96,167.54304063449575,31.049122351795063
site_f5bcf8a88a,2026-02-28T11:15:00+00:00,4,177.24020168349526,21.92431859273772
site_f5bcf8a88a,2026-02-28T11:15:00+00:00,96,265.53257494322645,46.872834619186065
site_f5bcf8a88a,2026-02-28T11:30:00+00:00,4,173.73152442661384,20.794912873460937
site_f5bcf8a88a,2026-02-28T11:30:00+00:00,96,251.24005185600186,44.07483772204184
site_f5bcf8a88a,2026-02-28T11:45:00+00:00,4,154.37681620766563,19.72545775540661
site_f5bcf8a88a,2026-02-28T11:45:00+00:00,96,184.47115551337717,32.8862333847993
site_f5bcf8a88a,2026-02-28T12:00:00+00:00,4,156.99823375365023,19.432935271322446
site_f5bcf8a88a,2026-02-28T12:00:00+00:00,96,234.50915932866064,61.66975477842912
site_f5bcf8a88a,2026-02-28T12:15:00+00:00,4,165.6771620282803,137.96886423744698
site_f5bcf8a88a,2026-02-28T12:15:00+00:00,96,209.51460621818063,50.835288388823535
site_f5bcf8a88a,2026-02-28T12:30:00+00:00,4,213.94338865263617,60.06225895795981
site_f5bcf8a88a,2026-02-28T12:30:00+00:00,96,201.1272340881053,80.76960751321103
site_f5bcf8a88a,2026-02-28T12:45:00+00:00,4,217.65413010375775,64.36593098367672
site_f5bcf8a88a,2026-02-28T12:45:00+00:00,96,205.38017410009724,45.644270092511626
site_f5bcf8a88a,2026-02-28T13:00:00+00:00,4,208.92842746509413,52.0842891360905
site_f5bcf8a88a,2026-02-28T13:00:00+00:00,96,117.97094950583244,22.423942836666733
site_f5bcf8a88a,2026-02-28T13:15:00+00:00,4,212.0378400597273,224.36016085432158
site_f5bcf8a88a,2026-02-28T13:15:00+00:00,96,193.35330403691646,77.99816920844921
site_f5bcf8a88a,2026-02-28T13:30:00+00:00,4,214.57344626012585,21.260888742974593
site_f5bcf8a88a,2026-02-28T13:30:00+00:00,96,127.43461260520186,27.893220488071407
site_f5bcf8a88a,2026-02-28T13:45:00+00:00,4,162.65131904209483,14.759595864119156
site_f5bcf8a88a,2026-02-28T13:45:00+00:00,96,125.97632771835512,85.6249807409301
site_f5bcf8a88a,2026-02-28T14:00:00+00:00,4,177.27278395766268,17.054183485445957
site_f5bcf8a88a,2026-02-28T14:00:00+00:00,96,143.85524108369128,28.178298121680335
site_f5bcf8a88a,2026-02-28T14:15:00+00:00,4,172.30670322021572,19.018142552482892
site_f5bcf8a88a,2026-02-28T14:15:00+00:00,96,124.52582106396213,25.450709922467052
site_f5bcf8a88a,2026-02-28T14:30:00+00:00,4,176.14712063608437,20.275043184810322
site_f5bcf8a88a,2026-02-28T14:30:00+00:00,96,151.98269974016205,51.188922804140915
site_f5bcf8a88a,2026-02-28T14:45:00+00:00,4,182.57258429789198,26.007036847121903
site_f5bcf8a88a,2026-02-28T14:45:00+00:00,96,177.7239397059078,38.05428395567963
site_f5bcf8a88a,2026-02-28T15:00:00+00:00,4,195.42003357162372,29.332205536768292
site_f5bcf8a88a,2026-02-28T15:00:00+00:00,96,149.01813952346868,45.78402487430712
site_f5bcf8a88a,2026-02-28T15:15:00+00:00,4,170.85436146968567,23.7834943505146
site_f5bcf8a88a,2026-02-28T15:15:00+00:00,96,220.7421023877255,67.46411866748167
site_f5bcf8a88a,2026-02-28T15:30:00+00:00,4,120.57866123349758,18.310146825776386
site_f5bcf8a88a,2026-02-28T15:30:00+00:00,96,232.1593562907388,172.27703031347616
site_f5bcf8a88a,2026-02-28T15:45:00+00:00,4,81.85911479236118,12.520710790928833
site_f5bcf8a88a,2026-02-28T15:45:00+00:00,96,219.3715681387892,58.64884500243125
site_f5bcf8a88a,2026-02-28T16:00:00+00:00,4,105.1729636308111,18.809720936902238
site_f5bcf8a88a,2026-02-28T16:00:00+00:00,96,206.8925083335052,46.78647121152884
site_f5bcf8a88a,2026-02-28T16:15:00+00:00,4,125.07479521386225,22.93573334255324
site_f5bcf8a88a,2026-02-28T16:15:00+00:00,96,158.3761825100728,36.380780329125926
site_f5bcf8a88a,2026-02-28T16:30:00+00:00,4,166.40828284959858,30.32172385963936
site_f5bcf8a88a,2026-02-28T16:30:00+00:00,96,186.13365211271764,42.69066932117446
site_f5bcf8a88a,2026-02-28T16:45:00+00:00,4,160.37244122902894,30.583953151596997
site_f5bcf8a88a,2026-02-28T16:45:00+00:00,96,134.32792065455965,32.405698806555804
site_f5bcf8a88a,2026-02-28T17:00:00+00:00,4,149.32717367647197,27.73516206478137
site_f5bcf8a88a,2026-02-28T17:00:00+00:00,96,124.59133383584991,29.12582529857847
site_f5bcf8a88a,2026-02-28T17:15:00+00:00,4,191.49368252295602,35.190006068886085
site_f5bcf8a88a,2026-02-28T17:15:00+00:00,96,176.6791049040861,40.525409732077435
site_f5bcf8a88a,2026-02-28T17:30:00+00:00,4,206.85912924534992,35.80136203374794
site_f5bcf8a88a,2026-02-28T17:30:00+00:00,96,137.2767881555624,32.66497953064608
site_f5bcf8a88a,2026-02-28T17:45:00+00:00,4,166.4314582114224,23.956750867070987
site_f5bcf8a88a,2026-02-28T17:45:00+00:00,96,133.34052282087447,31.35959669390608
site_f5bcf8a88a,2026-02-28T18:00:00+00:00,4,166.44845639558906,23.627180788168232
site_f5bcf8a88a,2026-02-28T18:00:00+00:00,96,133.41426860481042,30.27319472543829
site_f5bcf8a88a,2026-02-28T18:15:00+00:00,4,148.4274970672615,23.406326799015265
site_f5bcf8a88a,2026-02-28T18:15:00+00:00,96,116.72087487345225,27.36511618815723
site_f5bcf8a88a,2026-02-28T18:30:00+00:00,4,147.51275359051067,22.575648567327246
site_f5bcf8a88a,2026-02-28T18:30:00+00:00,96,113.0034593132938,23.119633797838116
site_f5bcf8a88a,2026-02-28T18:45:00+00:00,4,154.6697311278876,19.009820277456313
site_f5bcf8a88a,2026-02-28T18:45:00+00:00,96,118.41798160909937,27.335938942143418
site_f5bcf8a88a,2026-02-28T19:00:00+00:00,4,171.31259777052432,23.023851083351953
site_f5bcf8a88a,2026-02-28T19:00:00+00:00,96,127.15675750804556,43.74710231986712
site_f5bcf8a88a,2026-02-28T19:15:00+00:00,4,130.34190160203795,18.10259774904531
site_f5bcf8a88a,2026-02-28T19:15:00+00:00,96,111.04661169788,20.81743274127881
site_f5bcf8a88a,2026-02-28T19:30:00+00:00,4,104.83982229097971,12.4402004127044
site_f5bcf8a88a,2026-02-28T19:30:00+00:00,96,67.71494749109335,15.39656375209741
site_f5bcf8a88a,2026-02-28T19:45:00+00:00,4,101.40595691215832,12.753548929135434
site_f5bcf8a88a,2026-02-28T19:45:00+00:00,96,72.44975112389515,102.85647944113512
site_f5bcf8a88a,2026-02-28T20:00:00+00:00,4,92.21412462092188,14.709595706295005
site_f5bcf8a88a,2026-02-28T20:00:00+00:00,96,59.768564397420725,43.46104979133225
site_f5bcf8a88a,2026-02-28T20:15:00+00:00,4,69.39644421480423,10.369952076448598
site_f5bcf8a88a,2026-02-28T20:15:00+00:00,96,59.11547157635937,18.11081604214911
site_f5bcf8a88a,2026-02-28T20:30:00+00:00,4,61.50628955941617,9.399466964366315
site_f5bcf8a88a,2026-02-28T20:30:00+00:00,96,57.951323855684485,19.30746478840652
site_f5bcf8a88a,2026-02-28T20:45:00+00:00,4,61.14298814999309,9.25332649135493
site_f5bcf8a88a,2026-02-28T20:45:00+00:00,96,50.79210693236825,17.553699805444033
site_f5bcf8a88a,2026-02-28T21:00:00+00:00,4,48.527501997166056,7.10696301075214
site_f5bcf8a88a,2026-02-28T21:00:00+00:00,96,38.26488858566896,14.062620975312335
site_f5bcf8a88a,2026-02-28T21:15:00+00:00,4,27.721334426066264,3.985182539735324
site_f5bcf8a88a,2026-02-28T21:15:00+00:00,96,116.37586457172108,29.394652465487063
site_f5bcf8a88a,2026-02-28T21:30:00+00:00,4,26.966858198818922,5.187074979654793
site_f5bcf8a88a,2026-02-28T21:30:00+00:00,96,36.034423811983714,13.11876529868109
site_f5bcf8a88a,2026-02-28T21:45:00+00:00,4,33.10877478425556,5.563244846139522
site_f5bcf8a88a,2026-02-28T21:45:00+00:00,96,34.79914755938485,13.38335627711555
site_f5bcf8a88a,2026-02-28T22:00:00+00:00,4,38.78732912833078,7.1731012388274396
site_f5bcf8a88a,2026-02-28T22:00:00+00:00,96,33.2118087806876,12.558909578158843
site_f5bcf8a88a,2026-02-28T22:15:00+00:00,4,48.730399696695535,9.238024796761767
site_f5bcf8a88a,2026-02-28T22:15:00+00:00,96,52.65084597013258,16.13816817009897
site_f5bcf8a88a,2026-02-28T22:30:00+00:00,4,47.62362106599031,9.526966672687978
site_f5bcf8a88a,2026-02-28T22:30:00+00:00,96,48.415448805173405,16.654053257227787
site_f5bcf8a88a,2026-02-28T22:45:00+00:00,4,41.866356733220876,7.698000218584896
site_f5bcf8a88a,2026-02-28T22:45:00+00:00,96,61.59816284010614,39.351686696272935
site_f5bcf8a88a,2026-02-28T23:00:00+00:00,4,47.461868133733375,7.902020501834443
site_f5bcf8a88a,2026-02-28T23:00:00+00:00,96,101.08807369487809,31.861261558989167
site_f5bcf8a88a,2026-02-28T23:15:00+00:00,4,57.442652834016194,9.636280735777904
site_f5bcf8a88a,2026-02-28T23:15:00+00:00,96,56.253877802873134,19.663448098847482
site_f5bcf8a88a,2026-02-28T23:30:00+00:00,4,57.230026067585385,9.447111065097959
site_f5bcf8a88a,2026-02-28T23:30:00+00:00,96,81.12942083256792,52.428422903998865
site_f5bcf8a88a,2026-02-28T23:45:00+00:00,4,45.2705681104151,9.59915161508509
site_f5bcf8a88a,2026-02-28T23:45:00+00:00,96,37.34053322819378,12.960905775867849
site_f5bcf8a88a,2026-03-01T00:00:00+00:00,4,44.76476958118485,11.090224784338234
site_f5bcf8a88a,2026-03-01T00:00:00+00:00,96,112.9693592739711,82.31516509673776
site_f5bcf8a88a,2026-03-01T00:15:00+00:00,4,50.446890220727205,7.359071213142198
site_f5bcf8a88a,2026-03-01T00:15:00+00:00,96,61.02885419004826,19.411111357301195
site_f5bcf8a88a,2026-03-01T00:30:00+00:00,4,47.81509772737586,9.172008846601663
site_f5bcf8a88a,2026-03-01T00:30:00+00:00,96,178.70248768478922,257.2110877270979
site_f5bcf8a88a,2026-03-01T00:45:00+00:00,4,45.01063825600149,7.644045785937432
site_f5bcf8a88a,2026-03-01T00:45:00+00:00,96,154.51660751665528,43.71356799673315
site_f5bcf8a88a,2026-03-01T01:00:00+00:00,4,58.50918959022732,10.089983889574548
site_f5bcf8a88a,2026-03-01T01:00:00+00:00,96,79.32602352121081,24.812863559427672
site_f5bcf8a88a,2026-03-01T01:15:00+00:00,4,46.735506965441076,8.296250462765565
site_f5bcf8a88a,2026-03-01T01:15:00+00:00,96,74.65318108960619,22.312785915648178
site_f5bcf8a88a,2026-03-01T01:30:00+00:00,4,59.02522840987918,13.257828542476497
site_f5bcf8a88a,2026-03-01T01:30:00+00:00,96,228.5859607944619,62.52374202311744
site_f5bcf8a88a,2026-03-01T01:45:00+00:00,4,53.684314803968604,11.442683426535972
site_f5bcf8a88a,2026-03-01T01:45:00+00:00,96,140.30237132194637,40.49694914437993
site_f5bcf8a88a,2026-03-01T02:00:00+00:00,4,81.98379759333831,21.21156966995053
site_f5bcf8a88a,2026-03-01T02:00:00+00:00,96,73.50068496568689,23.106572864693906
site_f5bcf8a88a,2026-03-01T02:15:00+00:00,4,73.03293064701053,19.330655328214153
site_f5bcf8a88a,2026-03-01T02:15:00+00:00,96,82.95538320927147,28.02160749655497
site_f5bcf8a88a,2026-03-01T02:30:00+00:00,4,81.21059330135262,18.18275608656849
site_f5bcf8a88a,2026-03-01T02:30:00+00:00,96,104.46210918769285,69.43347229768169
site_f5bcf8a88a,2026-03-01T02:45:00+00:00,4,85.1011175312805,17.6811370868132
site_f5bcf8a88a,2026-03-01T02:45:00+00:00,96,68.67736546570266,65.41468297826519
site_f5bcf8a88a,2026-03-01T03:00:00+00:00,4,93.27844817395574,18.85745142071928
site_f5bcf8a88a,2026-03-01T03:00:00+00:00,96,64.2136690430576,26.647004912872596
site_f5bcf8a88a,2026-03-01T03:15:00+00:00,4,83.62672978790081,15.224141238816054
site_f5bcf8a88a,2026-03-01T03:15:00+00:00,96,60.32450946457104,17.91512289564602
site_f5bcf8a88a,2026-03-01T03:30:00+00:00,4,72.65629611130207,15.712119748090846
site_f5bcf8a88a,2026-03-01T03:30:00+00:00,96,65.71649025091553,18.992422440736615
site_f5bcf8a88a,2026-03-01T03:45:00+00:00,4,81.87724831592884,18.08996202604503
site_f5bcf8a88a,2026-03-01T03:45:00+00:00,96,86.4869903655956,23.364028139637576
site_f5bcf8a88a,2026-03-01T04:00:00+00:00,4,81.81838419042822,18.532277933375017
site_f5bcf8a88a,2026-03-01T04:00:00+00:00,96,93.3243480671189,24.465349927223006
site_f5bcf8a88a,2026-03-01T04:15:00+00:00,4,101.19040090602391,19.286797066566773
site_f5bcf8a88a,2026-03-01T04:15:00+00:00,96,71.41300063279299,21.43988491070673
site_f5bcf8a88a,2026-03-01T04:30:00+00:00,4,109.32062219081924,19.735763756064735
site_f5bcf8a88a,2026-03-01T04:30:00+00:00,96,71.6762392638755,19.685680428864423
site_f5bcf8a88a,2026-03-01T04:45:00+00:00,4,116.82884862945727,20.36532686992468
site_f5bcf8a88a,2026-03-01T04:45:00+00:00,96,74.59527594015607,19.608420431906474
site_f5bcf8a88a,2026-03-01T05:00:00+00:00,4,138.3593062094762,20.573390521635897
site_f5bcf8a88a,2026-03-01T05:00:00+00:00,96,80.54383144462676,21.751852209640983
site_f5bcf8a88a,2026-03-01T05:15:00+00:00,4,157.44544550987098,21.221375418371228
site_f5bcf8a88a,2026-03-01T05:15:00+00:00,96,109.7366519502532,27.616654315439774
site_f5bcf8a88a,2026-03-01T05:30:00+00:00,4,145.61697247543302,20.44870712848597
site_f5bcf8a88a,2026-03-01T05:30:00+00:00,96,187.58313150397004,60.04832579320929
site_f5bcf8a88a,2026-03-01T05:45:00+00:00,4,136.68003177957496,17.310032161743578
site_f5bcf8a88a,2026-03-01T05:45:00+00:00,96,84.0384802264791,21.68700667901688
site_f5bcf8a88a,2026-03-01T06:00:00+00:00,4,144.54621273786046,23.617625384512216
site_f5bcf8a88a,2026-03-01T06:00:00+00:00,96,67.23617435973642,18.573204002096972
site_f5bcf8a88a,2026-03-01T06:15:00+00:00,4,170.14560812507438,28.316233885469572
site_f5bcf8a88a,2026-03-01T06:15:00+00:00,96,89.50118746460232,23.813746710904116
site_f5bcf8a88a,2026-03-01T06:30:00+00:00,4,139.88861981575363,20.44174292969342
site_f5bcf8a88a,2026-03-01T06:30:00+00:00,96,118.18620916832855,70.2286562583661
site_f5bcf8a88a,2026-03-01T06:45:00+00:00,4,128.67242853247416,23.59063709399085
site_f5bcf8a88a,2026-03-01T06:45:00+00:00,96,159.51995698573108,46.80462887084177
site_f5bcf8a88a,2026-03-01T07:00:00+00:00,4,142.31822688095366,30.018402895246307
site_f5bcf8a88a,2026-03-01T07:00:00+00:00,96,118.93904213615556,29.07115515670097
site_f5bcf8a88a,2026-03-01T07:15:00+00:00,4,152.9380514929244,32.467258365265984
site_f5bcf8a88a,2026-03-01T07:15:00+00:00,96,135.47628949660302,30.555791998782208
site_f5bcf8a88a,2026-03-01T07:30:00+00:00,4,158.09027913807046,33.22513202016268
site_f5bcf8a88a,2026-03-01T07:30:00+00:00,96,158.13127399776414,35.95421499606053
site_f5bcf8a88a,2026-03-01T07:45:00+00:00,4,173.4686453493816,37.47648879971002
site_f5bcf8a88a,2026-03-01T07:45:00+00:00,96,116.76000898342525,22.887935039416966
site_f5bcf8a88a,2026-03-01T08:00:00+00:00,4,179.57429000662543,39.55809128237077
site_f5bcf8a88a,2026-03-01T08:00:00+00:00,96,158.30178511040575,30.883805953052157
site_f5bcf8a88a,2026-03-01T08:15:00+00:00,4,197.4900068360595,42.94647375961999
site_f5bcf8a88a,2026-03-01T08:15:00+00:00,96,106.73392293661713,39.56844136092081
site_f5bcf8a88a,2026-03-01T08:30:00+00:00,4,191.43557326998777,42.52068895490535
site_f5bcf8a88a,2026-03-01T08:30:00+00:00,96,108.18684647351233,81.32643433856025
site_f5bcf8a88a,2026-03-01T08:45:00+00:00,4,157.6112875005138,32.88365380355174
site_f5bcf8a88a,2026-03-01T08:45:00+00:00,96,132.90028736132672,24.403660628973498
site_f5bcf8a88a,2026-03-01T09:00:00+00:00,4,133.62391057097088,29.073615567432682
site_f5bcf8a88a,2026-03-01T09:00:00+00:00,96,127.21007727286542,22.704989367319236
site_f5bcf8a88a,2026-03-01T09:15:00+00:00,4,165.806675319253,34.589045900228186
site_f5bcf8a88a,2026-03-01T09:15:00+00:00,96,138.79356717507443,23.424778712747163
site_f5bcf8a88a,2026-03-01T09:30:00+00:00,4,201.63619918728324,38.989443925671694
site_f5bcf8a88a,2026-03-01T09:30:00+00:00,96,173.0775287365779,85.46259182297452
site_f5bcf8a88a,2026-03-01T09:45:00+00:00,4,214.35897223485455,39.706698668629976
site_f5bcf8a88a,2026-03-01T09:45:00+00:00,96,161.40387112428243,109.7339840111465
site_f5bcf8a88a,2026-03-01T10:00:00+00:00,4,209.18455485806555,38.582575441791704
site_f5bcf8a88a,2026-03-01T10:00:00+00:00,96,236.99235619449612,61.13358361713925
site_f5bcf8a88a,2026-03-01T10:15:00+00:00,4,269.3625598062375,46.67760291500963
site_f5bcf8a88a,2026-03-01T10:15:00+00:00,96,166.58400838062727,21.505867242536986
site_f5bcf8a88a,2026-03-01T10:30:00+00:00,4,178.92734837915106,31.26521659759518
site_f5bcf8a88a,2026-03-01T10:30:00+00:00,96,138.90009917655482,19.153118553282912
site_f5bcf8a88a,2026-03-01T10:45:00+00:00,4,193.95491600170396,31.191224504789957
site_f5bcf8a88a,2026-03-01T10:45:00+00:00,96,104.791004109612,16.609679614666
site_f5bcf8a88a,2026-03-01T11:00:00+00:00,4,193.25137730723665,32.016339427270466
site_f5bcf8a88a,2026-03-01T11:00:00+00:00,96,140.9512980169942,20.98284712635766
site_f5bcf8a88a,2026-03-01T11:15:00+00:00,4,201.19625600767264,29.073879039278154
site_f5bcf8a88a,2026-03-01T11:15:00+00:00,96,185.68594622042363,156.79637459649277
site_f5bcf8a88a,2026-03-01T11:30:00+00:00,4,213.52436726120717,26.369490288612575
site_f5bcf8a88a,2026-03-01T11:30:00+00:00,96,204.60703214642496,56.20349517758775
site_f5bcf8a88a,2026-03-01T11:45:00+00:00,4,224.87633616996155,24.5631967340595
site_f5bcf8a88a,2026-03-01T11:45:00+00:00,96,138.3352720439632,42.6328593731737
site_f5bcf8a88a,2026-03-01T12:00:00+00:00,4,239.68708869061496,25.339747738237474
site_f5bcf8a88a,2026-03-01T12:00:00+00:00,96,151.0163025997561,38.59727463744838
site_f5bcf8a88a,2026-03-01T12:15:00+00:00,4,287.23327755508603,28.45705349390556
site_f5bcf8a88a,2026-03-01T12:15:00+00:00,96,144.39354170246636,157.35212605972714
site_f5bcf8a88a,2026-03-01T12:30:00+00:00,4,315.2996435955527,24.49428457427137
site_f5bcf8a88a,2026-03-01T12:30:00+00:00,96,166.12646072467948,18.727909080095365
site_f5bcf8a88a,2026-03-01T12:45:00+00:00,4,308.900201946346,20.16189037756284
site_f5bcf8a88a,2026-03-01T12:45:00+00:00,96,118.3522472332914,13.920484006822345
site_f5bcf8a88a,2026-03-01T13:00:00+00:00,4,228.6551647564795,15.372438859288048
site_f5bcf8a88a,2026-03-01T13:00:00+00:00,96,143.24718661022865,18.462667766287215
site_f5bcf8a88a,2026-03-01T13:15:00+00:00,4,196.76655368822287,13.013661483740346
site_f5bcf8a88a,2026-03-01T13:15:00+00:00,96,130.8088988142886,18.989671630251987
site_f5bcf8a88a,2026-03-01T13:30:00+00:00,4,271.104322916156,17.780706459536805
site_f5bcf8a88a,2026-03-01T13:30:00+00:00,96,160.84331129653467,21.69105021008871
site_f5bcf8a88a,2026-03-01T13:45:00+00:00,4,242.01802925945887,15.914036517457784
site_f5bcf8a88a,2026-03-01T13:45:00+00:00,96,181.57325318508856,27.794185100165727
site_f5bcf8a88a,2026-03-01T14:00:00+00:00,4,249.09282284876855,17.53232486124408
site_f5bcf8a88a,2026-03-01T14:00:00+00:00,96,171.34919362866484,26.708860964234525
site_f5bcf8a88a,2026-03-01T14:15:00+00:00,4,260.28724230822945,29.949628588823163
site_f5bcf8a88a,2026-03-01T14:15:00+00:00,96,99.94173735879842,17.375345756805903
site_f5bcf8a88a,2026-03-01T14:30:00+00:00,4,271.45792483551844,42.10207139207548
site_f5bcf8a88a,2026-03-01T14:30:00+00:00,96,91.53844548831431,17.579876924141754
site_f5bcf8a88a,2026-03-01T14:45:00+00:00,4,249.3723910762331,19.594035587378368
site_f5bcf8a88a,2026-03-01T14:45:00+00:00,96,75.26014200142887,16.004208164715706
site_f5bcf8a88a,2026-03-01T15:00:00+00:00,4,251.54311923185577,20.053594841580207
site_f5bcf8a88a,2026-03-01T15:00:00+00:00,96,78.15165705679048,17.622693881371493
site_f5bcf8a88a,2026-03-01T15:15:00+00:00,4,230.02308360155615,62.37983452688243
site_f5bcf8a88a,2026-03-01T15:15:00+00:00,96,144.09513692023023,28.668797289685575
site_f5bcf8a88a,2026-03-01T15:30:00+00:00,4,245.68906214325273,205.6526807568031
site_f5bcf8a88a,2026-03-01T15:30:00+00:00,96,185.13038173198694,35.816718566757345
site_f5bcf8a88a,2026-03-01T15:45:00+00:00,4,185.5073828387672,121.12472577577125
site_f5bcf8a88a,2026-03-01T15:45:00+00:00,96,171.8433493672453,31.183125191947052
site_f5bcf8a88a,2026-03-01T16:00:00+00:00,4,189.23015564093382,426.9541301256526
site_f5bcf8a88a,2026-03-01T16:00:00+00:00,96,104.45638774544219,20.71992731119204
site_f5bcf8a88a,2026-03-01T16:15:00+00:00,4,195.72472930420616,504.3906009081301
site_f5bcf8a88a,2026-03-01T16:15:00+00:00,96,243.8733846035094,42.00027496384306
site_f5bcf8a88a,2026-03-01T16:30:00+00:00,4,199.93233558520583,518.2364227300478
site_f5bcf8a88a,2026-03-01T16:30:00+00:00,96,215.19603020399728,36.29722333643808
site_f5bcf8a88a,2026-03-01T16:45:00+00:00,4,191.37752996476462,505.01363126664666
site_f5bcf8a88a,2026-03-01T16:45:00+00:00,96,116.19498756095248,18.49309263676392
site_f5bcf8a88a,2026-03-01T17:00:00+00:00,4,187.3224744324617,498.6550955441315
site_f5bcf8a88a,2026-03-01T17:00:00+00:00,96,112.46978711300835,17.606829407446135
site_f5bcf8a88a,2026-03-01T17:15:00+00:00,4,189.57370002535984,504.9838657696074
site_f5bcf8a88a,2026-03-01T17:15:00+00:00,96,104.69114281690986,17.954236187571325
site_f5bcf8a88a,2026-03-01T17:30:00+00:00,4,192.854357525134,518.4985601015378
site_f5bcf8a88a,2026-03-01T17:30:00+00:00,96,98.59880115406312,16.182072390979975
site_f5bcf8a88a,2026-03-01T17:45:00+00:00,4,188.93396941172927,511.5867644784762
site_f5bcf8a88a,2026-03-01T17:45:00+00:00,96,105.5912862245291,14.92189129947894
site_f5bcf8a88a,2026-03-01T18:00:00+00:00,4,184.48032304062866,500.01357545685994
site_f5bcf8a88a,2026-03-01T18:00:00+00:00,96,113.71838676845277,17.226005662584924
site_f5bcf8a88a,2026-03-01T18:15:00+00:00,4,204.3858372028199,546.4561460398271
site_f5bcf8a88a,2026-03-01T18:15:00+00:00,96,76.74585627309503,13.061973329681793
site_f5bcf8a88a,2026-03-01T18:30:00+00:00,4,207.93194582487735,554.6048546451264
site_f5bcf8a88a,2026-03-01T18:30:00+00:00,96,75.53848112191828,11.836830891906375
site_f5bcf8a88a,2026-03-01T18:45:00+00:00,4,197.68277425643777,526.3762188175309
site_f5bcf8a88a,2026-03-01T18:45:00+00:00,96,73.40557539356514,11.549293260082884
site_f5bcf8a88a,2026-03-01T19:00:00+00:00,4,176.94284646604638,481.8078736122897
site_f5bcf8a88a,2026-03-01T19:00:00+00:00,96,70.80112280307985,13.661922906982031
site_f5bcf8a88a,2026-03-01T19:15:00+00:00,4,194.67776427284198,521.0028967206064
site_f5bcf8a88a,2026-03-01T19:15:00+00:00,96,62.28512669267771,11.154708888772312
site_f5bcf8a88a,2026-03-01T19:30:00+00:00,4,192.7381961104449,516.9728014603371
site_f5bcf8a88a,2026-03-01T19:30:00+00:00,96,59.767580150396604,10.294278520839782
site_f5bcf8a88a,2026-03-01T19:45:00+00:00,4,199.87173918731446,537.5447907881913
site_f5bcf8a88a,2026-03-01T19:45:00+00:00,96,75.2617322608852,13.399682511687553
site_f5bcf8a88a,2026-03-01T20:00:00+00:00,4,191.1751784271917,523.0351127142126
site_f5bcf8a88a,2026-03-01T20:00:00+00:00,96,69.72747638368287,10.736937138937943
site_f5bcf8a88a,2026-03-01T20:15:00+00:00,4,115.01850791788289,321.20166718937014
site_f5bcf8a88a,2026-03-01T20:15:00+00:00,96,48.585225489108176,8.73252963855226
site_f5bcf8a88a,2026-03-01T20:30:00+00:00,4,78.59229728982305,225.53789032622183
site_f5bcf8a88a,2026-03-01T20:30:00+00:00,96,61.54291800455609,12.46991572500918
site_f5bcf8a88a,2026-03-01T20:45:00+00:00,4,73.08057890230192,213.2414690391084
site_f5bcf8a88a,2026-03-01T20:45:00+00:00,96,50.094502976605256,9.364216057587909
site_f5bcf8a88a,2026-03-01T21:00:00+00:00,4,108.74496081800422,304.3639281573104
site_f5bcf8a88a,2026-03-01T21:00:00+00:00,96,55.477529589827405,11.384342512257309
site_f5bcf8a88a,2026-03-01T21:15:00+00:00,4,75.07874975955127,216.2532004121066
site_f5bcf8a88a,2026-03-01T21:15:00+00:00,96,78.23266666134529,15.835786246310082
site_f5bcf8a88a,2026-03-01T21:30:00+00:00,4,76.26127741078952,222.23761954725623
site_f5bcf8a88a,2026-03-01T21:30:00+00:00,96,59.542451267204456,12.164210533219851
site_f5bcf8a88a,2026-03-01T21:45:00+00:00,4,62.923484811242375,181.1415944242807
site_f5bcf8a88a,2026-03-01T21:45:00+00:00,96,47.93588707233147,10.083831948959888
site_f5bcf8a88a,2026-03-01T22:00:00+00:00,4,71.05481373639722,207.9894966796613
site_f5bcf8a88a,2026-03-01T22:00:00+00:00,96,61.46593024876309,10.813190050551574
site_f5bcf8a88a,2026-03-01T22:15:00+00:00,4,69.16982324111245,207.39062566336037
site_f5bcf8a88a,2026-03-01T22:15:00+00:00,96,92.42014225055482,15.20432972449274
site_f5bcf8a88a,2026-03-01T22:30:00+00:00,4,83.28686592092502,234.19610865722163
site_f5bcf8a88a,2026-03-01T22:30:00+00:00,96,77.67817398164635,12.266237299447209
site_f5bcf8a88a,2026-03-01T22:45:00+00:00,4,84.30230635072051,235.6749105974122
site_f5bcf8a88a,2026-03-01T22:45:00+00:00,96,72.57596173502426,14.640349449650758
site_f5bcf8a88a,2026-03-01T23:00:00+00:00,4,61.201757448210486,172.86985491442096
site_f5bcf8a88a,2026-03-01T23:00:00+00:00,96,54.626139527744904,13.919092250163226
site_f5bcf8a88a,2026-03-01T23:15:00+00:00,4,52.569804547319684,140.27528326602325
site_f5bcf8a88a,2026-03-01T23:15:00+00:00,96,44.504804437761486,7.7113405331456715
site_f5bcf8a88a,2026-03-01T23:30:00+00:00,4,64.0664644663909,172.94905931511212
site_f5bcf8a88a,2026-03-01T23:30:00+00:00,96,46.501526165574596,10.14174145173825
site_f5bcf8a88a,2026-03-01T23:45:00+00:00,4,64.06416666622326,171.55081488823478
site_f5bcf8a88a,2026-03-01T23:45:00+00:00,96,41.330120982905584,7.967609590271508
site_f5bcf8a88a,2026-03-02T00:00:00+00:00,4,58.2750825779951,155.72966020715202
site_f5bcf8a88a,2026-03-02T00:00:00+00:00,96,73.33918558492641,13.207954487037071
site_f5bcf8a88a,2026-03-02T00:15:00+00:00,4,49.04968256732978,131.70720043344033
site_f5bcf8a88a,2026-03-02T00:15:00+00:00,96,64.85091892203427,11.682224421620054
site_f5bcf8a88a,2026-03-02T00:30:00+00:00,4,64.95973086567975,91.981894161531
site_f5bcf8a88a,2026-03-02T00:30:00+00:00,96,108.65075337006274,24.533461888073013
site_f5bcf8a88a,2026-03-02T00:45:00+00:00,4,53.25857879355263,49.64181811903876
site_f5bcf8a88a,2026-03-02T00:45:00+00:00,96,73.06440548299479,15.544203876381749
site_f5bcf8a88a,2026-03-02T01:00:00+00:00,4,71.09037935779857,25.39124811226871
site_f5bcf8a88a,2026-03-02T01:00:00+00:00,96,106.9032139985334,27.392045142320192
site_f5bcf8a88a,2026-03-02T01:15:00+00:00,4,70.82267008479108,16.384358497446144
site_f5bcf8a88a,2026-03-02T01:15:00+00:00,96,85.88817865421736,22.22841108494736
site_f5bcf8a88a,2026-03-02T01:30:00+00:00,4,81.27894020033887,18.01456409395472
site_f5bcf8a88a,2026-03-02T01:30:00+00:00,96,112.39916464754745,24.1006571912038
site_f5bcf8a88a,2026-03-02T01:45:00+00:00,4,96.61775311939697,14.94555784540821
site_f5bcf8a88a,2026-03-02T01:45:00+00:00,96,108.98309994466518,22.35203559221157
site_f5bcf8a88a,2026-03-02T02:00:00+00:00,4,89.63608519553406,14.79401138014547
site_f5bcf8a88a,2026-03-02T02:00:00+00:00,96,110.334953963064,21.837752062177426
site_f5bcf8a88a,2026-03-02T02:15:00+00:00,4,91.12375385350555,14.118316634896908
site_f5bcf8a88a,2026-03-02T02:15:00+00:00,96,83.35057816347116,15.822810034684064
site_f5bcf8a88a,2026-03-02T02:30:00+00:00,4,77.84204892347203,11.825233290477218
site_f5bcf8a88a,2026-03-02T02:30:00+00:00,96,86.29583389357626,18.38426052855318
site_f5bcf8a88a,2026-03-02T02:45:00+00:00,4,79.94438928170817,12.693471805273834
site_f5bcf8a88a,2026-03-02T02:45:00+00:00,96,88.82952439513647,19.45890357607642
site_f5bcf8a88a,2026-03-02T03:00:00+00:00,4,81.08080132265597,12.958872428755429
site_f5bcf8a88a,2026-03-02T03:00:00+00:00,96,88.62416632299949,19.798503111883722
site_f5bcf8a88a,2026-03-02T03:15:00+00:00,4,85.1196201251584,14.357711008614261
site_f5bcf8a88a,2026-03-02T03:15:00+00:00,96,132.50766063633466,22.343470360917294
site_f5bcf8a88a,2026-03-02T03:30:00+00:00,4,90.08804137110313,13.696434145324696
site_f5bcf8a88a,2026-03-02T03:30:00+00:00,96,127.65422449696005,21.454654145235942
site_f5bcf8a88a,2026-03-02T03:45:00+00:00,4,102.31595554457863,12.637756030072552
site_f5bcf8a88a,2026-03-02T03:45:00+00:00,96,104.71192118609486,18.31337348938647
site_f5bcf8a88a,2026-03-02T04:00:00+00:00,4,92.99762003251327,11.493645470782043
site_f5bcf8a88a,2026-03-02T04:00:00+00:00,96,165.43315242768236,22.32955974144247
site_f5bcf8a88a,2026-03-02T04:15:00+00:00,4,83.75719670793396,10.107514980212063
site_f5bcf8a88a,2026-03-02T04:15:00+00:00,96,176.8348409425795,22.354388584795956
site_f5bcf8a88a,2026-03-02T04:30:00+00:00,4,112.6544170279517,12.91338410595796
site_f5bcf8a88a,2026-03-02T04:30:00+00:00,96,120.20390741039267,16.962512825899708
site_f5bcf8a88a,2026-03-02T04:45:00+00:00,4,146.89778504793276,17.653356632772386
site_f5bcf8a88a,2026-03-02T04:45:00+00:00,96,103.72091751917546,14.331800742286209
site_f5bcf8a88a,2026-03-02T05:00:00+00:00,4,169.0173637400904,22.381459268180752
site_f5bcf8a88a,2026-03-02T05:00:00+00:00,96,138.44113464528357,22.77361319850231
site_f5bcf8a88a,2026-03-02T05:15:00+00:00,4,135.09690960122788,20.212078406760273
site_f5bcf8a88a,2026-03-02T05:15:00+00:00,96,130.1949725597234,22.04100692763512
site_f5bcf8a88a,2026-03-02T05:30:00+00:00,4,178.26614876009052,28.860919701882686
site_f5bcf8a88a,2026-03-02T05:30:00+00:00,96,95.18153132572054,15.904521368359093
site_f5bcf8a88a,2026-03-02T05:45:00+00:00,4,195.76538524610203,31.79886448493596
site_f5bcf8a88a,2026-03-02T05:45:00+00:00,96,103.89196519003319,19.85903085964556
site_f5bcf8a88a,2026-03-02T06:00:00+00:00,4,205.005233826861,36.36855205229061
site_f5bcf8a88a,2026-03-02T06:00:00+00:00,96,136.8240871850553,27.43546288773029
site_f5bcf8a88a,2026-03-02T06:15:00+00:00,4,254.44182099696852,43.92603703667207
site_f5bcf8a88a,2026-03-02T06:15:00+00:00,96,141.22325098820235,28.730037474063145
site_f5bcf8a88a,2026-03-02T06:30:00+00:00,4,232.61831801161227,37.20248528780514
site_f5bcf8a88a,2026-03-02T06:30:00+00:00,96,213.2082755223841,43.08074351584224
site_f5bcf8a88a,2026-03-02T06:45:00+00:00,4,254.00841915152807,42.72611316660842
site_f5bcf8a88a,2026-03-02T06:45:00+00:00,96,198.4781086767161,40.259052605655484
site_f5bcf8a88a,2026-03-02T07:00:00+00:00,4,262.65354828150464,44.472145637125976
site_f5bcf8a88a,2026-03-02T07:00:00+00:00,96,193.50832558329495,39.43064264939187
site_f5bcf8a88a,2026-03-02T07:15:00+00:00,4,265.52507201300136,42.42504384583978
site_f5bcf8a88a,2026-03-02T07:15:00+00:00,96,243.0124097001991,49.38844280954549
site_f5bcf8a88a,2026-03-02T07:30:00+00:00,4,261.3037469315845,39.61439989038539
site_f5bcf8a88a,2026-03-02T07:30:00+00:00,96,205.6695423872435,42.971592462377835
site_f5bcf8a88a,2026-03-02T07:45:00+00:00,4,241.86238271245784,41.212745559980505
site_f5bcf8a88a,2026-03-02T07:45:00+00:00,96,119.33493762048673,25.82975909075125
site_f5bcf8a88a,2026-03-02T08:00:00+00:00,4,250.83122487736009,49.2748953862453
site_f5bcf8a88a,2026-03-02T08:00:00+00:00,96,91.98294359752919,20.194376891634246
site_f5bcf8a88a,2026-03-02T08:15:00+00:00,4,251.78584608754537,48.96867944729198
site_f5bcf8a88a,2026-03-02T08:15:00+00:00,96,167.57259845112856,33.35254598735301
site_f5bcf8a88a,2026-03-02T08:30:00+00:00,4,272.18588337510874,52.679580675302795
site_f5bcf8a88a,2026-03-02T08:30:00+00:00,96,165.44228482655078,31.659295812216026
site_f5bcf8a88a,2026-03-02T08:45:00+00:00,4,307.9302065199927,60.23384140649677
site_f5bcf8a88a,2026-03-02T08:45:00+00:00,96,246.10703072478765,38.62056719668609
site_f5bcf8a88a,2026-03-02T09:00:00+00:00,4,242.80791601746427,44.26483727397036
site_f5bcf8a88a,2026-03-02T09:00:00+00:00,96,144.93677746067186,27.085092846270975
site_f5bcf8a88a,2026-03-02T09:15:00+00:00,4,198.5433740224577,35.24036428792411
site_f5bcf8a88a,2026-03-02T09:15:00+00:00,96,257.3516745418715,39.26701656143885
site_f5bcf8a88a,2026-03-02T09:30:00+00:00,4,265.187414299946,47.52436471351266
site_f5bcf8a88a,2026-03-02T09:30:00+00:00,96,149.93041329642907,27.08894335712246
site_f5bcf8a88a,2026-03-02T09:45:00+00:00,4,172.6725974134309,28.80872442217496
site_f5bcf8a88a,2026-03-02T09:45:00+00:00,96,161.76635476305034,25.832201595382855
site_f5bcf8a88a,2026-03-02T10:00:00+00:00,4,212.32528158470046,34.61806683486711
site_f5bcf8a88a,2026-03-02T10:00:00+00:00,96,148.50203468884555,24.380215574702945
site_f5bcf8a88a,2026-03-02T10:15:00+00:00,4,229.35251142828338,34.17663572737135
site_f5bcf8a88a,2026-03-02T10:15:00+00:00,96,161.80194222870006,22.916778276404255
site_f5bcf8a88a,2026-03-02T10:30:00+00:00,4,215.012339776645,42.86047138287083
site_f5bcf8a88a,2026-03-02T10:30:00+00:00,96,173.9913943980127,20.810760156217224
site_f5bcf8a88a,2026-03-02T10:45:00+00:00,4,238.53329650578058,58.89304099866371
site_f5bcf8a88a,2026-03-02T10:45:00+00:00,96,176.40106332824377,18.60412073429857
site_f5bcf8a88a,2026-03-02T11:00:00+00:00,4,251.33022607523776,42.962855624400106
site_f5bcf8a88a,2026-03-02T11:00:00+00:00,96,274.80438759109995,25.95502192212806
site_f5bcf8a88a,2026-03-02T11:15:00+00:00,4,288.556293603835,61.53181833825418
site_f5bcf8a88a,2026-03-02T11:15:00+00:00,96,244.53237140218033,23.686083791344206
site_f5bcf8a88a,2026-03-02T11:30:00+00:00,4,279.7411890373167,51.62238530424912
site_f5bcf8a88a,2026-03-02T11:30:00+00:00,96,296.22944261360306,21.897557832851305
site_f5bcf8a88a,2026-03-02T11:45:00+00:00,4,287.59105435884976,62.610059510805854
site_f5bcf8a88a,2026-03-02T11:45:00+00:00,96,258.1968895668662,17.8065569720752
site_f5bcf8a88a,2026-03-02T12:00:00+00:00,4,307.57771517802473,68.07429657843767
site_f5bcf8a88a,2026-03-02T12:00:00+00:00,96,160.33975980710366,12.268315380688351
site_f5bcf8a88a,2026-03-02T12:15:00+00:00,4,244.34991992188583,52.022624481603636
site_f5bcf8a88a,2026-03-02T12:15:00+00:00,96,154.37030370616932,11.639974981351553
site_f5bcf8a88a,2026-03-02T12:30:00+00:00,4,267.3799686299703,58.77491336648485
site_f5bcf8a88a,2026-03-02T12:30:00+00:00,96,207.25446630020835,13.469495958563906
site_f5bcf8a88a,2026-03-02T12:45:00+00:00,4,283.79548758125804,61.79452060640619
site_f5bcf8a88a,2026-03-02T12:45:00+00:00,96,162.42612048628055,10.93521121477802
site_f5bcf8a88a,2026-03-02T13:00:00+00:00,4,291.2139932808498,128.9859059985851
site_f5bcf8a88a,2026-03-02T13:00:00+00:00,96,175.20973288839474,12.366250695274914
site_f5bcf8a88a,2026-03-02T13:15:00+00:00,4,291.250223134727,187.61014981810712
site_f5bcf8a88a,2026-03-02T13:15:00+00:00,96,205.88519454275732,23.76049967449788
site_f5bcf8a88a,2026-03-02T13:30:00+00:00,4,197.17485233275636,98.73972739652916
site_f5bcf8a88a,2026-03-02T13:30:00+00:00,96,208.84948102066605,31.717170154966873
site_f5bcf8a88a,2026-03-02T13:45:00+00:00,4,217.47951926180218,162.90060611324188
site_f5bcf8a88a,2026-03-02T13:45:00+00:00,96,175.70857839418466,13.241179274475531
site_f5bcf8a88a,2026-03-02T14:00:00+00:00,4,272.8826022509605,110.26728141786276
site_f5bcf8a88a,2026-03-02T14:00:00+00:00,96,210.76103927541214,15.793564447898651
site_f5bcf8a88a,2026-03-02T14:15:00+00:00,4,184.3684175968682,74.5102217869691
site_f5bcf8a88a,2026-03-02T14:15:00+00:00,96,197.09948041279742,53.192326761496545
site_f5bcf8a88a,2026-03-02T14:30:00+00:00,4,235.61147063507576,120.2263444561969
site_f5bcf8a88a,2026-03-02T14:30:00+00:00,96,189.48816782872788,163.46337031575058
site_f5bcf8a88a,2026-03-02T14:45:00+00:00,4,261.92181902676595,84.66757396341876
site_f5bcf8a88a,2026-03-02T14:45:00+00:00,96,164.26033734092078,105.56994001729085
site_f5bcf8a88a,2026-03-02T15:00:00+00:00,4,182.5812053954567,49.3092129790502
site_f5bcf8a88a,2026-03-02T15:00:00+00:00,96,179.2730943965693,420.9499368612223
site_f5bcf8a88a,2026-03-02T15:15:00+00:00,4,121.5180507983877,110.24607547837547
site_f5bcf8a88a,2026-03-02T15:15:00+00:00,96,221.6923439193077,588.7033021837262
site_f5bcf8a88a,2026-03-02T15:30:00+00:00,4,151.64156473411055,97.600412466423
site_f5bcf8a88a,2026-03-02T15:30:00+00:00,96,221.25136111367425,588.6791058379578
site_f5bcf8a88a,2026-03-02T15:45:00+00:00,4,201.46443203353934,92.85454365181853
site_f5bcf8a88a,2026-03-02T15:45:00+00:00,96,220.1348000020438,586.4266801637905
site_f5bcf8a88a,2026-03-02T16:00:00+00:00,4,268.13218570387517,195.79229835058862
site_f5bcf8a88a,2026-03-02T16:00:00+00:00,96,198.60311954733493,539.6818587321405
site_f5bcf8a88a,2026-03-02T16:15:00+00:00,4,255.8206094557853,248.14720419772576
site_f5bcf8a88a,2026-03-02T16:15:00+00:00,96,250.83097163278916,676.8695689578389
site_f5bcf8a88a,2026-03-02T16:30:00+00:00,4,216.33094597009486,165.3042507430318
site_f5bcf8a88a,2026-03-02T16:30:00+00:00,96,238.18521157115174,641.670138650574
site_f5bcf8a88a,2026-03-02T16:45:00+00:00,4,243.07305621154367,96.55037448696687
site_f5bcf8a88a,2026-03-02T16:45:00+00:00,96,220.39708110182028,594.6529967197513
site_f5bcf8a88a,2026-03-02T17:00:00+00:00,4,152.36756030578985,53.320051710125625
site_f5bcf8a88a,2026-03-02T17:00:00+00:00,96,210.0428003961656,566.3934919690348
site_f5bcf8a88a,2026-03-02T17:15:00+00:00,4,193.20524549486709,97.61863637862984
site_f5bcf8a88a,2026-03-02T17:15:00+00:00,96,204.29813225674866,552.8849271244658
site_f5bcf8a88a,2026-03-02T17:30:00+00:00,4,178.99745893293235,9.986964320838084
site_f5bcf8a88a,2026-03-02T17:30:00+00:00,96,203.00692715780266,547.9147402783656
site_f5bcf8a88a,2026-03-02T17:45:00+00:00,4,173.06360402871357,57.163487067812845
site_f5bcf8a88a,2026-03-02T17:45:00+00:00,96,214.03904568605333,576.4790007922803
site_f5bcf8a88a,2026-03-02T18:00:00+00:00,4,160.30095124445413,14.53015144052093
site_f5bcf8a88a,2026-03-02T18:00:00+00:00,96,184.78550019157387,499.5333389842304
site_f5bcf8a88a,2026-03-02T18:15:00+00:00,4,163.0122021076505,28.491837719057273
site_f5bcf8a88a,2026-03-02T18:15:00+00:00,96,205.44384647973425,554.5735358752167
site_f5bcf8a88a,2026-03-02T18:30:00+00:00,4,188.67939807208842,41.90736636180291
site_f5bcf8a88a,2026-03-02T18:30:00+00:00,96,200.7032040241891,538.8710517901837
site_f5bcf8a88a,2026-03-02T18:45:00+00:00,4,212.75981294908195,98.02535732485269
site_f5bcf8a88a,2026-03-02T18:45:00+00:00,96,204.5877657113371,550.1446944263478
site_f5bcf8a88a,2026-03-02T19:00:00+00:00,4,124.61689902727477,12.803894801092678
site_f5bcf8a88a,2026-03-02T19:00:00+00:00,96,194.15448467126532,521.0002652599344
site_f5bcf8a88a,2026-03-02T19:15:00+00:00,4,189.43721638475148,218.25884909655238
site_f5bcf8a88a,2026-03-02T19:15:00+00:00,96,108.62292076237378,294.9061285483964
site_f5bcf8a88a,2026-03-02T19:30:00+00:00,4,145.26766909203744,12.437969543259936
site_f5bcf8a88a,2026-03-02T19:30:00+00:00,96,106.52010207749512,288.9787519611032
site_f5bcf8a88a,2026-03-02T19:45:00+00:00,4,131.80569316801055,85.05337814243313
site_f5bcf8a88a,2026-03-02T19:45:00+00:00,96,114.48809183519568,310.142466684308
site_f5bcf8a88a,2026-03-02T20:00:00+00:00,4,117.13537233096805,164.15198795675866
site_f5bcf8a88a,2026-03-02T20:00:00+00:00,96,138.52694505488782,372.6462773705421
site_f5bcf8a88a,2026-03-02T20:15:00+00:00,4,127.47142944919065,208.73491139111363
site_f5bcf8a88a,2026-03-02T20:15:00+00:00,96,101.56320204236627,275.00802101050334
site_f5bcf8a88a,2026-03-02T20:30:00+00:00,4,110.43908604145138,256.42587075063534
site_f5bcf8a88a,2026-03-02T20:30:00+00:00,96,98.94712624665172,267.77105444663124
site_f5bcf8a88a,2026-03-02T20:45:00+00:00,4,116.04491912922163,306.8935043798856
site_f5bcf8a88a,2026-03-02T20:45:00+00:00,96,88.5901144517986,240.3414681895838
site_f5bcf8a88a,2026-03-02T21:00:00+00:00,4,141.08172700644013,367.48622648290865
site_f5bcf8a88a,2026-03-02T21:00:00+00:00,96,105.13864496728323,282.9803464973109
site_f5bcf8a88a,2026-03-02T21:15:00+00:00,4,86.93299604118917,227.11679582442804
site_f5bcf8a88a,2026-03-02T21:15:00+00:00,96,95.73229830128355,258.0355775262634
site_f5bcf8a88a,2026-03-02T21:30:00+00:00,4,104.27803969340539,274.3334707030751
site_f5bcf8a88a,2026-03-02T21:30:00+00:00,96,116.98159845094283,313.75745436130535
site_f5bcf8a88a,2026-03-02T21:45:00+00:00,4,102.97608734043042,273.6056676399982
site_f5bcf8a88a,2026-03-02T21:45:00+00:00,96,105.19633855332381,282.77999107816703
site_f5bcf8a88a,2026-03-02T22:00:00+00:00,4,94.79345366335309,254.0322603256893
site_f5bcf8a88a,2026-03-02T22:00:00+00:00,96,78.00136709646716,211.24495955549295
site_f5bcf8a88a,2026-03-02T22:15:00+00:00,4,91.89202945294096,249.73412019778524
site_f5bcf8a88a,2026-03-02T22:15:00+00:00,96,59.31821021534065,162.14529814648668
site_f5bcf8a88a,2026-03-02T22:30:00+00:00,4,75.82368908137656,202.86347268177798
site_f5bcf8a88a,2026-03-02T22:30:00+00:00,96,79.0964682397193,214.66493844341701
site_f5bcf8a88a,2026-03-02T22:45:00+00:00,4,57.19350618319039,148.60304004594002
site_f5bcf8a88a,2026-03-02T22:45:00+00:00,96,61.527223433542744,169.12096578840192
site_f5bcf8a88a,2026-03-02T23:00:00+00:00,4,61.49207005428506,166.8563455023516
site_f5bcf8a88a,2026-03-02T23:00:00+00:00,96,69.21920669821665,189.1436736357153
site_f5bcf8a88a,2026-03-02T23:15:00+00:00,4,57.36626227316925,152.37221940310673
site_f5bcf8a88a,2026-03-02T23:15:00+00:00,96,63.20426613961498,172.42439621066725
site_f5bcf8a88a,2026-03-02T23:30:00+00:00,4,69.05059607698293,186.00689376236275
site_f5bcf8a88a,2026-03-02T23:30:00+00:00,96,99.28369676393513,130.81535191500194
site_f5bcf8a88a,2026-03-02T23:45:00+00:00,4,51.55099849059054,137.69868142843458
site_f5bcf8a88a,2026-03-02T23:45:00+00:00,96,80.25172305830375,59.628273476788806
site_f5bcf8a88a,2026-03-03T00:00:00+00:00,4,60.410293073047434,158.94919526920037
site_f5bcf8a88a,2026-03-03T00:00:00+00:00,96,92.03199095396124,34.49735005589449
site_f5bcf8a88a,2026-03-03T00:15:00+00:00,4,54.354253189058554,143.53460388112515
site_f5bcf8a88a,2026-03-03T00:15:00+00:00,96,99.23848145029433,27.86717338673282
site_f5bcf8a88a,2026-03-03T00:30:00+00:00,4,67.46815289614938,64.6568567463713
site_f5bcf8a88a,2026-03-03T00:30:00+00:00,96,137.65938265718546,35.499595024392605
site_f5bcf8a88a,2026-03-03T00:45:00+00:00,4,73.95270485742286,61.73050525763704
site_f5bcf8a88a,2026-03-03T00:45:00+00:00,96,117.37271378232828,25.064220760675845
site_f5bcf8a88a,2026-03-03T01:00:00+00:00,4,81.6800341875878,51.882210335538126
site_f5bcf8a88a,2026-03-03T01:00:00+00:00,96,121.63745828480214,27.846321850773194
site_f5bcf8a88a,2026-03-03T01:15:00+00:00,4,92.27180110360847,41.961936562610155
site_f5bcf8a88a,2026-03-03T01:15:00+00:00,96,104.24200712553622,22.843179015756327
site_f5bcf8a88a,2026-03-03T01:30:00+00:00,4,94.24907981583151,48.24728483505834
site_f5bcf8a88a,2026-03-03T01:30:00+00:00,96,116.26606589547313,26.867814088325563
site_f5bcf8a88a,2026-03-03T01:45:00+00:00,4,88.13095959509928,35.39671582571251
site_f5bcf8a88a,2026-03-03T01:45:00+00:00,96,106.21044075557849,29.19771731127466
site_f5bcf8a88a,2026-03-03T02:00:00+00:00,4,96.04444732318382,82.58031808849039
site_f5bcf8a88a,2026-03-03T02:00:00+00:00,96,119.27513978837425,32.038853293229316
site_f5bcf8a88a,2026-03-03T02:15:00+00:00,4,104.61657653110137,66.89589644083578
site_f5bcf8a88a,2026-03-03T02:15:00+00:00,96,108.73781892086723,27.59403647306333
site_f5bcf8a88a,2026-03-03T02:30:00+00:00,4,85.76720325577865,33.07965836146457
site_f5bcf8a88a,2026-03-03T02:30:00+00:00,96,138.84449791181538,29.41592575967314
site_f5bcf8a88a,2026-03-03T02:45:00+00:00,4,56.015050252176025,22.360710000736983
site_f5bcf8a88a,2026-03-03T02:45:00+00:00,96,141.7730624174607,30.198565431527477
site_f5bcf8a88a,2026-03-03T03:00:00+00:00,4,83.04094639932043,49.11952111510714
site_f5bcf8a88a,2026-03-03T03:00:00+00:00,96,121.43190440707923,27.605181447327062
site_f5bcf8a88a,2026-03-03T03:15:00+00:00,4,69.63074641042601,27.912107216975944
site_f5bcf8a88a,2026-03-03T03:15:00+00:00,96,126.94772514033401,28.20489332449601
site_f5bcf8a88a,2026-03-03T03:30:00+00:00,4,73.59062386859509,57.0884069318866
site_f5bcf8a88a,2026-03-03T03:30:00+00:00,96,140.67024456253455,28.198788830290965
site_f5bcf8a88a,2026-03-03T03:45:00+00:00,4,102.93182798652278,66.9627543864438
site_f5bcf8a88a,2026-03-03T03:45:00+00:00,96,180.298290697653,30.87104318449171
site_f5bcf8a88a,2026-03-03T04:00:00+00:00,4,129.61392017500106,81.33342595949951
site_f5bcf8a88a,2026-03-03T04:00:00+00:00,96,278.3532185664594,46.90211590739392
site_f5bcf8a88a,2026-03-03T04:15:00+00:00,4,101.78663288565954,64.15133816807628
site_f5bcf8a88a,2026-03-03T04:15:00+00:00,96,222.2227929328035,40.97433615866187
site_f5bcf8a88a,2026-03-03T04:30:00+00:00,4,131.28749490681454,55.79611108438658
site_f5bcf8a88a,2026-03-03T04:30:00+00:00,96,202.99595548712648,41.10085590754276
site_f5bcf8a88a,2026-03-03T04:45:00+00:00,4,114.92732043208112,48.460596738556745
site_f5bcf8a88a,2026-03-03T04:45:00+00:00,96,233.16597077679768,45.02861142786587
site_f5bcf8a88a,2026-03-03T05:00:00+00:00,4,106.71913025415392,117.01795073977095
site_f5bcf8a88a,2026-03-03T05:00:00+00:00,96,237.40459706666746,47.358081542467204
site_f5bcf8a88a,2026-03-03T05:15:00+00:00,4,112.5106070461045,78.93959239453233
site_f5bcf8a88a,2026-03-03T05:15:00+00:00,96,370.91720834017906,69.16121567665189
site_f5bcf8a88a,2026-03-03T05:30:00+00:00,4,98.36275370687915,42.66453940505136
site_f5bcf8a88a,2026-03-03T05:30:00+00:00,96,228.85917320235268,45.07237507799339
site_f5bcf8a88a,2026-03-03T05:45:00+00:00,4,138.03478241778393,60.871109846499074
site_f5bcf8a88a,2026-03-03T05:45:00+00:00,96,269.6406547321577,52.57386798329745
site_f5bcf8a88a,2026-03-03T06:00:00+00:00,4,162.5212056835762,64.11257498003481
site_f5bcf8a88a,2026-03-03T06:00:00+00:00,96,269.96564785406633,58.56126114012329
site_f5bcf8a88a,2026-03-03T06:15:00+00:00,4,172.46408957275213,150.5413530332947
site_f5bcf8a88a,2026-03-03T06:15:00+00:00,96,240.4164642307723,51.44194915565091
site_f5bcf8a88a,2026-03-03T06:30:00+00:00,4,165.67920446574004,86.48593543146345
site_f5bcf8a88a,2026-03-03T06:30:00+00:00,96,208.40003162880663,44.39348919126728
site_f5bcf8a88a,2026-03-03T06:45:00+00:00,4,171.2532836617446,69.08016126458118
site_f5bcf8a88a,2026-03-03T06:45:00+00:00,96,210.78473338032472,48.77979691547149
site_f5bcf8a88a,2026-03-03T07:00:00+00:00,4,211.02489291375957,94.12088196784606
site_f5bcf8a88a,2026-03-03T07:00:00+00:00,96,216.40854722945932,55.716812327264435
site_f5bcf8a88a,2026-03-03T07:15:00+00:00,4,218.4845672757387,101.00294158694334
site_f5bcf8a88a,2026-03-03T07:15:00+00:00,96,225.60120195844723,55.967914888065984
site_f5bcf8a88a,2026-03-03T07:30:00+00:00,4,212.4025765063956,101.15474200352726
site_f5bcf8a88a,2026-03-03T07:30:00+00:00,96,316.4859898655684,67.75959250970816
site_f5bcf8a88a,2026-03-03T07:45:00+00:00,4,203.51370034143775,97.41747376835791
site_f5bcf8a88a,2026-03-03T07:45:00+00:00,96,331.1891898209492,72.0054192091838
site_f5bcf8a88a,2026-03-03T08:00:00+00:00,4,195.14690277794693,91.48003707972008
site_f5bcf8a88a,2026-03-03T08:00:00+00:00,96,185.93085716489247,47.66843341131803
site_f5bcf8a88a,2026-03-03T08:15:00+00:00,4,192.57119029865405,88.64150886431123
site_f5bcf8a88a,2026-03-03T08:15:00+00:00,96,182.16894725430194,45.31446897199079
site_f5bcf8a88a,2026-03-03T08:30:00+00:00,4,149.55315743869687,70.97182326892921
site_f5bcf8a88a,2026-03-03T08:30:00+00:00,96,307.9847811427178,64.82190836782496
site_f5bcf8a88a,2026-03-03T08:45:00+00:00,4,181.7617742221965,84.54751158715952
site_f5bcf8a88a,2026-03-03T08:45:00+00:00,96,194.67462899585757,47.70902067713418
site_f5bcf8a88a,2026-03-03T09:00:00+00:00,4,164.35410745089925,75.73369587544757
site_f5bcf8a88a,2026-03-03T09:00:00+00:00,96,230.03306433422193,49.98128054260737
site_f5bcf8a88a,2026-03-03T09:15:00+00:00,4,177.98685232427135,79.01143356899178
site_f5bcf8a88a,2026-03-03T09:15:00+00:00,96,215.48926646035483,48.353889787964064
site_f5bcf8a88a,2026-03-03T09:30:00+00:00,4,192.90606300491078,83.0408657436911
site_f5bcf8a88a,2026-03-03T09:30:00+00:00,96,208.5041593560564,54.07346040043525
site_f5bcf8a88a,2026-03-03T09:45:00+00:00,4,216.67031546728978,94.18031444234768
site_f5bcf8a88a,2026-03-03T09:45:00+00:00,96,290.14632587934364,80.85698473842739
site_f5bcf8a88a,2026-03-03T10:00:00+00:00,4,240.54547310482883,104.71682265849009
site_f5bcf8a88a,2026-03-03T10:00:00+00:00,96,220.39948011209248,47.6040552278994
site_f5bcf8a88a,2026-03-03T10:15:00+00:00,4,246.84552484651456,103.37173217492926
site_f5bcf8a88a,2026-03-03T10:15:00+00:00,96,352.18075492105777,77.42926902521225
site_f5bcf8a88a,2026-03-03T10:30:00+00:00,4,259.86332471766366,108.45747035217263
site_f5bcf8a88a,2026-03-03T10:30:00+00:00,96,191.5348498395404,48.65007849502287
site_f5bcf8a88a,2026-03-03T10:45:00+00:00,4,260.5792316436139,109.10269674967279
site_f5bcf8a88a,2026-03-03T10:45:00+00:00,96,317.2996849687006,73.83420404339793
site_f5bcf8a88a,2026-03-03T11:00:00+00:00,4,291.69097014368117,113.1624134005255
site_f5bcf8a88a,2026-03-03T11:00:00+00:00,96,268.1466751862504,67.59913508945351
site_f5bcf8a88a,2026-03-03T11:15:00+00:00,4,286.7879134414376,115.24299725446369
site_f5bcf8a88a,2026-03-03T11:15:00+00:00,96,193.39278741156738,57.4621874334714
site_f5bcf8a88a,2026-03-03T11:30:00+00:00,4,293.628731377149,107.10524705103653
site_f5bcf8a88a,2026-03-03T11:30:00+00:00,96,226.7574258530095,64.14094220038342
site_f5bcf8a88a,2026-03-03T11:45:00+00:00,4,321.95616786659593,122.93303856044105
site_f5bcf8a88a,2026-03-03T11:45:00+00:00,96,213.4591867229895,62.226555527364866
site_f5bcf8a88a,2026-03-03T12:00:00+00:00,4,340.47842227945443,125.97514657925832
site_f5bcf8a88a,2026-03-03T12:00:00+00:00,96,228.62871027306323,113.50601355072088
site_f5bcf8a88a,2026-03-03T12:15:00+00:00,4,313.3880868024379,110.90941101256449
site_f5bcf8a88a,2026-03-03T12:15:00+00:00,96,197.8979462500705,141.81093132167766
site_f5bcf8a88a,2026-03-03T12:30:00+00:00,4,294.5994192721465,104.0773505164251
site_f5bcf8a88a,2026-03-03T12:30:00+00:00,96,148.12632061890866,86.33266307031236
site_f5bcf8a88a,2026-03-03T12:45:00+00:00,4,341.014635823114,117.64573612346294
site_f5bcf8a88a,2026-03-03T12:45:00+00:00,96,211.94627420640342,167.24070408804388
site_f5bcf8a88a,2026-03-03T13:00:00+00:00,4,330.86753982462375,123.03517065649318
site_f5bcf8a88a,2026-03-03T13:00:00+00:00,96,209.17762466127928,94.53580460052994
site_f5bcf8a88a,2026-03-03T13:15:00+00:00,4,353.24170645291963,131.8363286895189
site_f5bcf8a88a,2026-03-03T13:15:00+00:00,96,169.3630896882608,83.16262268590707
site_f5bcf8a88a,2026-03-03T13:30:00+00:00,4,309.0747682850853,106.4544318730141
site_f5bcf8a88a,2026-03-03T13:30:00+00:00,96,263.6179948061608,139.8908541178367
site_f5bcf8a88a,2026-03-03T13:45:00+00:00,4,318.27826477681344,113.37287178668655
site_f5bcf8a88a,2026-03-03T13:45:00+00:00,96,196.89664916248762,72.53187579777776
site_f5bcf8a88a,2026-03-03T14:00:00+00:00,4,369.1590439510096,140.58476516109366
site_f5bcf8a88a,2026-03-03T14:00:00+00:00,96,169.284466730729,59.0019380812424
site_f5bcf8a88a,2026-03-03T14:15:00+00:00,4,331.4510935367596,130.2802421815513
site_f5bcf8a88a,2026-03-03T14:15:00+00:00,96,224.01425920893917,216.43894269528857
site_f5bcf8a88a,2026-03-03T14:30:00+00:00,4,297.4692729900298,125.8560853399149
site_f5bcf8a88a,2026-03-03T14:30:00+00:00,96,262.57539993215954,171.69785748644105
site_f5bcf8a88a,2026-03-03T14:45:00+00:00,4,268.05344137923754,100.26825277304948
site_f5bcf8a88a,2026-03-03T14:45:00+00:00,96,331.50444869164244,149.62017343989865
site_f5bcf8a88a,2026-03-03T15:00:00+00:00,4,328.472557030551,126.14854127672008
site_f5bcf8a88a,2026-03-03T15:00:00+00:00,96,417.03954316177465,306.76593309592937
site_f5bcf8a88a,2026-03-03T15:15:00+00:00,4,285.726579107093,112.09427774395327
site_f5bcf8a88a,2026-03-03T15:15:00+00:00,96,343.6273338376222,342.44624132999775
site_f5bcf8a88a,2026-03-03T15:30:00+00:00,4,310.0938349978454,135.30113681938474
site_f5bcf8a88a,2026-03-03T15:30:00+00:00,96,270.40810091112513,214.08078664563035
site_f5bcf8a88a,2026-03-03T15:45:00+00:00,4,294.7126098168842,127.95434415375625
site_f5bcf8a88a,2026-03-03T15:45:00+00:00,96,309.7140284753588,126.24093797502442
site_f5bcf8a88a,2026-03-03T16:00:00+00:00,4,316.5450688890335,159.73945940099924
site_f5bcf8a88a,2026-03-03T16:00:00+00:00,96,202.58124711968873,83.51540991879821
site_f5bcf8a88a,2026-03-03T16:15:00+00:00,4,321.3825585234637,142.1278662538352
site_f5bcf8a88a,2026-03-03T16:15:00+00:00,96,266.80977751639944,140.8971497687651
site_f5bcf8a88a,2026-03-03T16:30:00+00:00,4,327.11994896823296,146.5864869606149
site_f5bcf8a88a,2026-03-03T16:30:00+00:00,96,223.52263876753508,30.659613464228634
site_f5bcf8a88a,2026-03-03T16:45:00+00:00,4,324.3917536050685,159.52264045586156
site_f5bcf8a88a,2026-03-03T16:45:00+00:00,96,227.85351697762292,89.14654613761101
site_f5bcf8a88a,2026-03-03T17:00:00+00:00,4,349.4655909782516,175.41570059071614
site_f5bcf8a88a,2026-03-03T17:00:00+00:00,96,232.4882867834464,36.89781943894084
site_f5bcf8a88a,2026-03-03T17:15:00+00:00,4,291.8347782671169,124.68193851476164
site_f5bcf8a88a,2026-03-03T17:15:00+00:00,96,267.47736695089964,57.802852936007525
site_f5bcf8a88a,2026-03-03T17:30:00+00:00,4,244.7634516391967,99.0246275880462
site_f5bcf8a88a,2026-03-03T17:30:00+00:00,96,293.37752664225485,75.788540902273
site_f5bcf8a88a,2026-03-03T17:45:00+00:00,4,219.57130967982442,107.07537222460515
site_f5bcf8a88a,2026-03-03T17:45:00+00:00,96,272.28959998836643,139.73901078085584
site_f5bcf8a88a,2026-03-03T18:00:00+00:00,4,202.5639022160108,106.75458348487825
site_f5bcf8a88a,2026-03-03T18:00:00+00:00,96,189.82562791635914,34.43595530866371
site_f5bcf8a88a,2026-03-03T18:15:00+00:00,4,278.1141240395159,313.63552056212507
site_f5bcf8a88a,2026-03-03T18:15:00+00:00,96,377.34907357439755,457.61208009526734
site_f5bcf8a88a,2026-03-03T18:30:00+00:00,4,271.3155699308554,252.44655359946518
site_f5bcf8a88a,2026-03-03T18:30:00+00:00,96,248.47934973827034,34.30933842274521
site_f5bcf8a88a,2026-03-03T18:45:00+00:00,4,261.5870533613522,278.7688047110358
site_f5bcf8a88a,2026-03-03T18:45:00+00:00,96,215.04805472464946,154.09654664050808
site_f5bcf8a88a,2026-03-03T19:00:00+00:00,4,204.44527619542148,329.8208707305249
site_f5bcf8a88a,2026-03-03T19:00:00+00:00,96,244.41686482715994,361.4347114035922
site_f5bcf8a88a,2026-03-03T19:15:00+00:00,4,237.4258315004518,121.23918822380863
site_f5bcf8a88a,2026-03-03T19:15:00+00:00,96,180.31242057596498,303.96227237751134
site_f5bcf8a88a,2026-03-03T19:30:00+00:00,4,247.08599154347706,397.9591864511882
site_f5bcf8a88a,2026-03-03T19:30:00+00:00,96,217.21716238473365,518.932660896029
site_f5bcf8a88a,2026-03-03T19:45:00+00:00,4,256.28237429634873,648.7613496921483
site_f5bcf8a88a,2026-03-03T19:45:00+00:00,96,232.96861510772698,634.7243489793697
site_f5bcf8a88a,2026-03-03T20:00:00+00:00,4,228.04520151478306,592.3182321860307
site_f5bcf8a88a,2026-03-03T20:00:00+00:00,96,255.92171847025986,696.0899109704092
site_f5bcf8a88a,2026-03-03T20:15:00+00:00,4,223.76217188793723,598.1246104991257
site_f5bcf8a88a,2026-03-03T20:15:00+00:00,96,141.02061569715903,392.41925819575744
site_f5bcf8a88a,2026-03-03T20:30:00+00:00,4,208.28804137010877,567.0101821684764
site_f5bcf8a88a,2026-03-03T20:30:00+00:00,96,168.15003514720127,461.85789019879945
site_f5bcf8a88a,2026-03-03T20:45:00+00:00,4,241.12962887934228,640.1312192536294
site_f5bcf8a88a,2026-03-03T20:45:00+00:00,96,146.41532361242884,403.21244105642984
site_f5bcf8a88a,2026-03-03T21:00:00+00:00,4,222.86437271003382,600.5936545622232
site_f5bcf8a88a,2026-03-03T21:00:00+00:00,96,134.72056669907414,371.3396581856251
site_f5bcf8a88a,2026-03-03T21:15:00+00:00,4,235.36249901074777,631.6420134612894
site_f5bcf8a88a,2026-03-03T21:15:00+00:00,96,163.55305748606494,447.76880717527655
site_f5bcf8a88a,2026-03-03T21:30:00+00:00,4,213.58577137939207,581.1651216982464
site_f5bcf8a88a,2026-03-03T21:30:00+00:00,96,109.74235325917027,304.8184983730058
site_f5bcf8a88a,2026-03-03T21:45:00+00:00,4,160.2171908836334,440.4439758566463
site_f5bcf8a88a,2026-03-03T21:45:00+00:00,96,98.82099970180543,276.57222483328565
site_f5bcf8a88a,2026-03-03T22:00:00+00:00,4,201.14557834622454,447.5351806746679
site_f5bcf8a88a,2026-03-03T22:00:00+00:00,96,115.43524050192255,317.9376180515361
site_f5bcf8a88a,2026-03-03T22:15:00+00:00,4,212.98605700726696,574.0020371658949
site_f5bcf8a88a,2026-03-03T22:15:00+00:00,96,83.22851604441549,231.85987153713313
site_f5bcf8a88a,2026-03-03T22:30:00+00:00,4,151.0285620122376,418.1112539929172
site_f5bcf8a88a,2026-03-03T22:30:00+00:00,96,118.3903820898662,324.5753940614452
site_f5bcf8a88a,2026-03-03T22:45:00+00:00,4,82.09131392009044,230.1374963246037
site_f5bcf8a88a,2026-03-03T22:45:00+00:00,96,82.3552961106786,227.09988250923467
site_f5bcf8a88a,2026-03-03T23:00:00+00:00,4,104.87480766136267,294.8545692238912
site_f5bcf8a88a,2026-03-03T23:00:00+00:00,96,75.39529925286325,205.28334192581747
site_f5bcf8a88a,2026-03-03T23:15:00+00:00,4,136.72852498794194,376.92115778278423
site_f5bcf8a88a,2026-03-03T23:15:00+00:00,96,72.22210017947054,198.76570209093393
site_f5bcf8a88a,2026-03-03T23:30:00+00:00,4,122.65859782843891,354.31721985654747
site_f5bcf8a88a,2026-03-03T23:30:00+00:00,96,112.93051881414867,106.9844827026298
site_f5bcf8a88a,2026-03-03T23:45:00+00:00,4,134.27609558425553,360.5382482945674
site_f5bcf8a88a,2026-03-03T23:45:00+00:00,96,133.42274678971313,104.6415898257016
site_f5bcf8a88a,2026-03-04T00:00:00+00:00,4,119.97531715985417,255.07208230858538
site_f5bcf8a88a,2026-03-04T00:00:00+00:00,96,65.70001072666628,41.098464422752585
site_f5bcf8a88a,2026-03-04T00:15:00+00:00,4,77.96590788554789,214.5860562532333
site_f5bcf8a88a,2026-03-04T00:15:00+00:00,96,115.1066778044831,48.90321562090933
site_f5bcf8a88a,2026-03-04T00:30:00+00:00,4,69.42796968484046,138.48972238438856
site_f5bcf8a88a,2026-03-04T00:30:00+00:00,96,95.50657196243715,47.317777033575446
site_f5bcf8a88a,2026-03-04T00:45:00+00:00,4,113.96874379057694,72.80132773384649
site_f5bcf8a88a,2026-03-04T00:45:00+00:00,96,66.0838049656026,28.406894665248668
site_f5bcf8a88a,2026-03-04T01:00:00+00:00,4,127.3155229443244,51.837934094004844
site_f5bcf8a88a,2026-03-04T01:00:00+00:00,96,85.28937786935501,73.11760900828841
site_f5bcf8a88a,2026-03-04T01:15:00+00:00,4,142.44180783613712,63.08535159507651
site_f5bcf8a88a,2026-03-04T01:15:00+00:00,96,91.8522620886539,57.31918866805055
site_f5bcf8a88a,2026-03-04T01:30:00+00:00,4,149.56451588082626,79.26488448642914
site_f5bcf8a88a,2026-03-04T01:30:00+00:00,96,69.5802115772886,28.57103720580528
site_f5bcf8a88a,2026-03-04T01:45:00+00:00,4,156.93720789470777,65.74061402010497
site_f5bcf8a88a,2026-03-04T01:45:00+00:00,96,69.35828270302595,27.82186255419895
site_f5bcf8a88a,2026-03-04T02:00:00+00:00,4,178.1570573277942,71.68359812874098
site_f5bcf8a88a,2026-03-04T02:00:00+00:00,96,83.71341244051371,48.56320459786962
site_f5bcf8a88a,2026-03-04T02:15:00+00:00,4,153.2767459742519,59.6699579058641
site_f5bcf8a88a,2026-03-04T02:15:00+00:00,96,64.73098116406251,27.9412238238864
site_f5bcf8a88a,2026-03-04T02:30:00+00:00,4,106.7239539183716,43.23213818796725
site_f5bcf8a88a,2026-03-04T02:30:00+00:00,96,70.1219428613181,57.412666906337414
site_f5bcf8a88a,2026-03-04T02:45:00+00:00,4,129.77556809204182,57.59264087373308
site_f5bcf8a88a,2026-03-04T02:45:00+00:00,96,97.29099497449404,63.50364330118597
site_f5bcf8a88a,2026-03-04T03:00:00+00:00,4,129.505128979013,57.11579065421515
site_f5bcf8a88a,2026-03-04T03:00:00+00:00,96,140.13742277074482,88.82289976050237
site_f5bcf8a88a,2026-03-04T03:15:00+00:00,4,140.38769252573033,60.10815462567943
site_f5bcf8a88a,2026-03-04T03:15:00+00:00,96,91.43438543913724,55.46028763896484
site_f5bcf8a88a,2026-03-04T03:30:00+00:00,4,169.56398653223852,76.0917101684224
site_f5bcf8a88a,2026-03-04T03:30:00+00:00,96,141.78352592700026,58.982367259664535
site_f5bcf8a88a,2026-03-04T03:45:00+00:00,4,167.53133304964558,77.11180007255679
site_f5bcf8a88a,2026-03-04T03:45:00+00:00,96,99.94150038176983,45.99946215611358
site_f5bcf8a88a,2026-03-04T04:00:00+00:00,4,175.0356590604899,82.0124349848184
site_f5bcf8a88a,2026-03-04T04:00:00+00:00,96,106.73312395993482,119.00528903084187
site_f5bcf8a88a,2026-03-04T04:15:00+00:00,4,207.90654331882675,104.90845907531201
site_f5bcf8a88a,2026-03-04T04:15:00+00:00,96,114.02780909779683,85.98726547471985
site_f5bcf8a88a,2026-03-04T04:30:00+00:00,4,242.07783583541152,123.12961616653095
site_f5bcf8a88a,2026-03-04T04:30:00+00:00,96,101.83332185882375,47.81267860814279
site_f5bcf8a88a,2026-03-04T04:45:00+00:00,4,208.5928433480248,108.43047971514888
site_f5bcf8a88a,2026-03-04T04:45:00+00:00,96,141.6933415340343,64.88315113231614
site_f5bcf8a88a,2026-03-04T05:00:00+00:00,4,161.53894410823438,82.35810819199786
site_f5bcf8a88a,2026-03-04T05:00:00+00:00,96,144.04111993750863,62.36295188428502
site_f5bcf8a88a,2026-03-04T05:15:00+00:00,4,203.14685289310603,102.71417096346805
site_f5bcf8a88a,2026-03-04T05:15:00+00:00,96,142.30220877688384,131.17638182125108
site_f5bcf8a88a,2026-03-04T05:30:00+00:00,4,209.24022738693665,118.02166426332109
site_f5bcf8a88a,2026-03-04T05:30:00+00:00,96,143.90745124618817,79.31713786762924
site_f5bcf8a88a,2026-03-04T05:45:00+00:00,4,301.0249997134328,243.50023770404076
site_f5bcf8a88a,2026-03-04T05:45:00+00:00,96,154.46963974698545,69.1755573549737
site_f5bcf8a88a,2026-03-04T06:00:00+00:00,4,247.4416224759698,191.22450473696443
site_f5bcf8a88a,2026-03-04T06:00:00+00:00,96,245.2035196919156,111.79499767924742
site_f5bcf8a88a,2026-03-04T06:15:00+00:00,4,207.89690758597357,106.97402644331528
site_f5bcf8a88a,2026-03-04T06:15:00+00:00,96,222.2754190465289,110.1894628314118
site_f5bcf8a88a,2026-03-04T06:30:00+00:00,4,133.5703616809458,84.4487006690534
site_f5bcf8a88a,2026-03-04T06:30:00+00:00,96,195.20670016395866,96.52391584841371
site_f5bcf8a88a,2026-03-04T06:45:00+00:00,4,206.16881051846343,133.46190809465537
site_f5bcf8a88a,2026-03-04T06:45:00+00:00,96,183.99440989736075,92.74932596246012
site_f5bcf8a88a,2026-03-04T07:00:00+00:00,4,273.5342680547736,138.82068435815435
site_f5bcf8a88a,2026-03-04T07:00:00+00:00,96,184.61088375035519,93.72388943114734
site_f5bcf8a88a,2026-03-04T07:15:00+00:00,4,296.44277421713304,144.21791039974224
site_f5bcf8a88a,2026-03-04T07:15:00+00:00,96,170.24826212532147,86.32840689336146
site_f5bcf8a88a,2026-03-04T07:30:00+00:00,4,239.020458488825,126.15339377743443
site_f5bcf8a88a,2026-03-04T07:30:00+00:00,96,146.184682603927,79.06617825334192
site_f5bcf8a88a,2026-03-04T07:45:00+00:00,4,315.0425535153099,198.08112755749335
site_f5bcf8a88a,2026-03-04T07:45:00+00:00,96,182.17452976648752,92.77541073757776
site_f5bcf8a88a,2026-03-04T08:00:00+00:00,4,276.0607886535823,182.8737172562116
site_f5bcf8a88a,2026-03-04T08:00:00+00:00,96,174.36413788744994,86.21715175709858
site_f5bcf8a88a,2026-03-04T08:15:00+00:00,4,255.4410535625425,154.01629961334592
site_f5bcf8a88a,2026-03-04T08:15:00+00:00,96,175.50474462460286,83.70803961394586
site_f5bcf8a88a,2026-03-04T08:30:00+00:00,4,187.42624389397477,111.22574989970931
site_f5bcf8a88a,2026-03-04T08:30:00+00:00,96,293.256362917347,122.84962610771692
site_f5bcf8a88a,2026-03-04T08:45:00+00:00,4,232.44102643484183,120.42653624021858
site_f5bcf8a88a,2026-03-04T08:45:00+00:00,96,224.0075808785885,97.56500642656604
site_f5bcf8a88a,2026-03-04T09:00:00+00:00,4,250.88711566198646,134.63457757052203
site_f5bcf8a88a,2026-03-04T09:00:00+00:00,96,271.1799230113089,110.82926937743856
site_f5bcf8a88a,2026-03-04T09:15:00+00:00,4,205.1642961770698,109.3902555683844
site_f5bcf8a88a,2026-03-04T09:15:00+00:00,96,262.19323001049196,104.73506348697404
site_f5bcf8a88a,2026-03-04T09:30:00+00:00,4,183.74295894828236,127.79682823512437
site_f5bcf8a88a,2026-03-04T09:30:00+00:00,96,258.5488941439772,104.5227219512164
site_f5bcf8a88a,2026-03-04T09:45:00+00:00,4,247.31886262634882,147.64602971159476
site_f5bcf8a88a,2026-03-04T09:45:00+00:00,96,284.53156039815605,111.21851303314786
site_f5bcf8a88a,2026-03-04T10:00:00+00:00,4,200.31013724562368,105.40305892782061
site_f5bcf8a88a,2026-03-04T10:00:00+00:00,96,366.10447591612194,128.72988143528627
site_f5bcf8a88a,2026-03-04T10:15:00+00:00,4,241.30442356037014,119.80525005835061
site_f5bcf8a88a,2026-03-04T10:15:00+00:00,96,287.90549655716785,106.67240417627714
site_f5bcf8a88a,2026-03-04T10:30:00+00:00,4,239.77603092632432,120.10180548812605
site_f5bcf8a88a,2026-03-04T10:30:00+00:00,96,231.95849760506877,89.20339476241222
site_f5bcf8a88a,2026-03-04T10:45:00+00:00,4,275.81436928714925,135.01755081657473
site_f5bcf8a88a,2026-03-04T10:45:00+00:00,96,289.223434993679,106.29994046463736
site_f5bcf8a88a,2026-03-04T11:00:00+00:00,4,245.80877457526128,160.08674389069427
site_f5bcf8a88a,2026-03-04T11:00:00+00:00,96,300.0337104237084,109.29682625909675
site_f5bcf8a88a,2026-03-04T11:15:00+00:00,4,262.76899511882726,155.36205911783338
site_f5bcf8a88a,2026-03-04T11:15:00+00:00,96,246.89271537285,93.45747352618082
site_f5bcf8a88a,2026-03-04T11:30:00+00:00,4,280.98186458814746,150.15635885270865
site_f5bcf8a88a,2026-03-04T11:30:00+00:00,96,213.41237813222557,82.96114500352981
site_f5bcf8a88a,2026-03-04T11:45:00+00:00,4,236.44703100135152,113.20094517888441
site_f5bcf8a88a,2026-03-04T11:45:00+00:00,96,264.98073594256675,97.35476138093715
site_f5bcf8a88a,2026-03-04T12:00:00+00:00,4,299.30468799176094,145.56976167799814
site_f5bcf8a88a,2026-03-04T12:00:00+00:00,96,328.90353171276956,118.67823340842845
site_f5bcf8a88a,2026-03-04T12:15:00+00:00,4,303.78719218792895,140.23543236385729
site_f5bcf8a88a,2026-03-04T12:15:00+00:00,96,327.10077586186947,117.52544616695674
site_f5bcf8a88a,2026-03-04T12:30:00+00:00,4,264.9597513555095,115.59686156674243
site_f5bcf8a88a,2026-03-04T12:30:00+00:00,96,259.7178004944704,92.66839333520002
site_f5bcf8a88a,2026-03-04T12:45:00+00:00,4,310.08245066760463,134.9031436355847
site_f5bcf8a88a,2026-03-04T12:45:00+00:00,96,282.7654315748878,101.35179896433469
site_f5bcf8a88a,2026-03-04T13:00:00+00:00,4,363.17987598426373,177.8309912289357
site_f5bcf8a88a,2026-03-04T13:00:00+00:00,96,487.1565047196891,173.92409170868467
site_f5bcf8a88a,2026-03-04T13:15:00+00:00,4,360.6851878799229,177.44412218476097
site_f5bcf8a88a,2026-03-04T13:15:00+00:00,96,316.78245634192194,121.92730469344873
site_f5bcf8a88a,2026-03-04T13:30:00+00:00,4,357.28806565157527,173.62811087605877
site_f5bcf8a88a,2026-03-04T13:30:00+00:00,96,270.5345623214249,114.85373816528428
site_f5bcf8a88a,2026-03-04T13:45:00+00:00,4,312.7013235147551,159.31241668723152
site_f5bcf8a88a,2026-03-04T13:45:00+00:00,96,210.16920969753176,88.83732724794768
site_f5bcf8a88a,2026-03-04T14:00:00+00:00,4,303.6404727651153,148.03811983877293
site_f5bcf8a88a,2026-03-04T14:00:00+00:00,96,277.3725423278431,111.59769722968872
site_f5bcf8a88a,2026-03-04T14:15:00+00:00,4,394.42210072234155,209.89877625312963
site_f5bcf8a88a,2026-03-04T14:15:00+00:00,96,230.62666501123454,98.23666141807209
site_f5bcf8a88a,2026-03-04T14:30:00+00:00,4,320.0499544874376,172.02034598861255
site_f5bcf8a88a,2026-03-04T14:30:00+00:00,96,282.91039058629383,120.16883257669485
site_f5bcf8a88a,2026-03-04T14:45:00+00:00,4,311.4654228266773,169.22570434025644
site_f5bcf8a88a,2026-03-04T14:45:00+00:00,96,284.55478605879784,123.89859642328685
site_f5bcf8a88a,2026-03-04T15:00:00+00:00,4,306.6810786992002,172.94089770652766
site_f5bcf8a88a,2026-03-04T15:00:00+00:00,96,318.72055669950555,159.55605638050167
site_f5bcf8a88a,2026-03-04T15:15:00+00:00,4,294.3440413571175,164.6375997763682
site_f5bcf8a88a,2026-03-04T15:15:00+00:00,96,318.77369888305793,141.1067955603451
site_f5bcf8a88a,2026-03-04T15:30:00+00:00,4,326.63544675389954,180.4957837902071
site_f5bcf8a88a,2026-03-04T15:30:00+00:00,96,347.3664211539418,149.84100383823403
site_f5bcf8a88a,2026-03-04T15:45:00+00:00,4,336.2541908553999,186.2318185794263
site_f5bcf8a88a,2026-03-04T15:45:00+00:00,96,293.5177122536219,138.90948201097927
site_f5bcf8a88a,2026-03-04T16:00:00+00:00,4,353.2313821487433,204.1004031026048
site_f5bcf8a88a,2026-03-04T16:00:00+00:00,96,323.98761963350535,157.0560084009923
site_f5bcf8a88a,2026-03-04T16:15:00+00:00,4,359.6508929370431,201.34235615369693
site_f5bcf8a88a,2026-03-04T16:15:00+00:00,96,241.63661110602413,107.99736535779564
site_f5bcf8a88a,2026-03-04T16:30:00+00:00,4,343.3719476300861,200.0795488329451
site_f5bcf8a88a,2026-03-04T16:30:00+00:00,96,194.61465436601577,84.56712971616918
site_f5bcf8a88a,2026-03-04T16:45:00+00:00,4,440.7450692760772,302.2534033078235
site_f5bcf8a88a,2026-03-04T16:45:00+00:00,96,198.85206471162138,98.47103066428511
site_f5bcf8a88a,2026-03-04T17:00:00+00:00,4,390.6891796477149,252.3613259767829
site_f5bcf8a88a,2026-03-04T17:00:00+00:00,96,169.01969537137992,91.92579553163405
site_f5bcf8a88a,2026-03-04T17:15:00+00:00,4,392.7091817079145,240.80698342988654
site_f5bcf8a88a,2026-03-04T17:15:00+00:00,96,335.3504958366286,387.95072505091173
site_f5bcf8a88a,2026-03-04T17:30:00+00:00,4,423.7724856691338,308.1299724555339
site_f5bcf8a88a,2026-03-04T17:30:00+00:00,96,265.80381282068737,252.06649881074904
site_f5bcf8a88a,2026-03-04T17:45:00+00:00,4,435.4755726236745,246.32349081544217
site_f5bcf8a88a,2026-03-04T17:45:00+00:00,96,265.51716436588276,287.4203004951283
site_f5bcf8a88a,2026-03-04T18:00:00+00:00,4,415.9393483800757,238.34375792041186
site_f5bcf8a88a,2026-03-04T18:00:00+00:00,96,163.55218382225027,273.134884196285
site_f5bcf8a88a,2026-03-04T18:15:00+00:00,4,345.66470578094925,220.93700933163632
site_f5bcf8a88a,2026-03-04T18:15:00+00:00,96,268.10926891011246,124.67647995162064
site_f5bcf8a88a,2026-03-04T18:30:00+00:00,4,447.47722722474,287.2312857096757
site_f5bcf8a88a,2026-03-04T18:30:00+00:00,96,219.34395694024016,360.69488944986824
site_f5bcf8a88a,2026-03-04T18:45:00+00:00,4,293.03745850611483,159.00769061318817
site_f5bcf8a88a,2026-03-04T18:45:00+00:00,96,273.2691190857271,714.6226657444835
site_f5bcf8a88a,2026-03-04T19:00:00+00:00,4,250.1352893354847,132.84574769060393
site_f5bcf8a88a,2026-03-04T19:00:00+00:00,96,230.07011320146157,609.5068691180566
site_f5bcf8a88a,2026-03-04T19:15:00+00:00,4,279.1815763554667,155.47749399986495
site_f5bcf8a88a,2026-03-04T19:15:00+00:00,96,209.0455857272542,572.5191182839478
site_f5bcf8a88a,2026-03-04T19:30:00+00:00,4,326.08154976443774,421.13521215539765
site_f5bcf8a88a,2026-03-04T19:30:00+00:00,96,232.3662132394013,634.6816446566017
site_f5bcf8a88a,2026-03-04T19:45:00+00:00,4,296.1057273153457,272.43645015238314
site_f5bcf8a88a,2026-03-04T19:45:00+00:00,96,304.277575034534,823.4251546740597
site_f5bcf8a88a,2026-03-04T20:00:00+00:00,4,320.07223447657316,278.3291109625792
site_f5bcf8a88a,2026-03-04T20:00:00+00:00,96,321.4005931331078,849.0476353201417
site_f5bcf8a88a,2026-03-04T20:15:00+00:00,4,299.67713355221207,164.01879645907132
site_f5bcf8a88a,2026-03-04T20:15:00+00:00,96,316.53214500373554,857.1066430412891
site_f5bcf8a88a,2026-03-04T20:30:00+00:00,4,307.11700301287294,152.96532470834148
site_f5bcf8a88a,2026-03-04T20:30:00+00:00,96,286.2024601139333,774.509289308264
site_f5bcf8a88a,2026-03-04T20:45:00+00:00,4,266.4827805601366,124.57893182116729
site_f5bcf8a88a,2026-03-04T20:45:00+00:00,96,184.4417665868308,504.86098461299713
site_f5bcf8a88a,2026-03-04T21:00:00+00:00,4,243.50327523282004,121.48347915864973
site_f5bcf8a88a,2026-03-04T21:00:00+00:00,96,266.16714546170994,588.4566925613838
site_f5bcf8a88a,2026-03-04T21:15:00+00:00,4,267.57613566744203,129.87238703585467
site_f5bcf8a88a,2026-03-04T21:15:00+00:00,96,220.99169458410512,600.8865891762238
site_f5bcf8a88a,2026-03-04T21:30:00+00:00,4,244.00144716321478,119.46268724814149
site_f5bcf8a88a,2026-03-04T21:30:00+00:00,96,165.5537474194062,453.28260456598065
site_f5bcf8a88a,2026-03-04T21:45:00+00:00,4,217.80172174047448,109.7495459123336
site_f5bcf8a88a,2026-03-04T21:45:00+00:00,96,122.20289517136295,335.8665468647263
site_f5bcf8a88a,2026-03-04T22:00:00+00:00,4,224.22086232887338,107.21166951495508
site_f5bcf8a88a,2026-03-04T22:00:00+00:00,96,155.5475666634303,427.93029987461495
site_f5bcf8a88a,2026-03-04T22:15:00+00:00,4,236.2987216279838,114.56518141715203
site_f5bcf8a88a,2026-03-04T22:15:00+00:00,96,174.90059057731037,475.9958929363889
site_f5bcf8a88a,2026-03-04T22:30:00+00:00,4,237.08484692653695,113.58489295212112
site_f5bcf8a88a,2026-03-04T22:30:00+00:00,96,156.59695039845812,429.60881164226
site_f5bcf8a88a,2026-03-04T22:45:00+00:00,4,239.2435793364147,114.46005948579895
site_f5bcf8a88a,2026-03-04T22:45:00+00:00,96,187.89191499172307,493.3891784587734
site_f5bcf8a88a,2026-03-04T23:00:00+00:00,4,202.11325208799326,93.96420133084915
site_f5bcf8a88a,2026-03-04T23:00:00+00:00,96,114.02079313511229,231.4499118521123
site_f5bcf8a88a,2026-03-04T23:15:00+00:00,4,178.06090243374175,83.85732410583384
site_f5bcf8a88a,2026-03-04T23:15:00+00:00,96,110.08815819608493,305.80751208832834
site_f5bcf8a88a,2026-03-04T23:30:00+00:00,4,190.51823943346113,90.246877799955
site_f5bcf8a88a,2026-03-04T23:30:00+00:00,96,115.63044973814837,229.747101622565
site_f5bcf8a88a,2026-03-04T23:45:00+00:00,4,166.10751898614728,82.91285910190827
site_f5bcf8a88a,2026-03-04T23:45:00+00:00,96,174.15737078543054,98.39371399765245
site_f5bcf8a88a,2026-03-05T00:00:00+00:00,4,160.2722012559558,79.38331849592298
site_f5bcf8a88a,2026-03-05T00:00:00+00:00,96,106.0992702658858,42.96143168512469
site_f5bcf8a88a,2026-03-05T00:15:00+00:00,4,162.97569720513636,82.42505988056742
site_f5bcf8a88a,2026-03-05T00:15:00+00:00,96,187.1333084571379,73.18277336230335
site_f5bcf8a88a,2026-03-05T00:30:00+00:00,4,144.94560288283367,74.13563561506147
site_f5bcf8a88a,2026-03-05T00:30:00+00:00,96,269.2730311753546,111.63482486373618
site_f5bcf8a88a,2026-03-05T00:45:00+00:00,4,199.84371383267424,99.94523899920725
site_f5bcf8a88a,2026-03-05T00:45:00+00:00,96,155.21110026498275,57.67571980010668
site_f5bcf8a88a,2026-03-05T01:00:00+00:00,4,156.97202414443944,82.6746773644318
site_f5bcf8a88a,2026-03-05T01:00:00+00:00,96,207.82195745082942,77.33945270258872
site_f5bcf8a88a,2026-03-05T01:15:00+00:00,4,208.81454171639402,109.3776710566473
site_f5bcf8a88a,2026-03-05T01:15:00+00:00,96,119.52534288105275,49.4448107495009
site_f5bcf8a88a,2026-03-05T01:30:00+00:00,4,153.69536683556822,77.54237405336465
site_f5bcf8a88a,2026-03-05T01:30:00+00:00,96,93.2043994802587,39.1741837311858
site_f5bcf8a88a,2026-03-05T01:45:00+00:00,4,184.94154843347246,93.35243641120458
site_f5bcf8a88a,2026-03-05T01:45:00+00:00,96,139.18797606327297,58.714013727333736
site_f5bcf8a88a,2026-03-05T02:00:00+00:00,4,199.49979088446665,93.51652046195768
site_f5bcf8a88a,2026-03-05T02:00:00+00:00,96,128.1531282913014,57.3027114606053
site_f5bcf8a88a,2026-03-05T02:15:00+00:00,4,229.501612007877,101.81855194016313
site_f5bcf8a88a,2026-03-05T02:15:00+00:00,96,142.8767560779689,59.17771161321316
site_f5bcf8a88a,2026-03-05T02:30:00+00:00,4,245.34487905543148,111.60759403773707
site_f5bcf8a88a,2026-03-05T02:30:00+00:00,96,261.8011634560048,112.44204858218247
site_f5bcf8a88a,2026-03-05T02:45:00+00:00,4,238.64891693055122,105.57412918576945
site_f5bcf8a88a,2026-03-05T02:45:00+00:00,96,154.51193509677617,69.63638437636263
site_f5bcf8a88a,2026-03-05T03:00:00+00:00,4,246.93922278663726,103.48953428207776
site_f5bcf8a88a,2026-03-05T03:00:00+00:00,96,173.96001076838456,85.18847338625599
site_f5bcf8a88a,2026-03-05T03:15:00+00:00,4,245.13640851311482,105.5061716856822
site_f5bcf8a88a,2026-03-05T03:15:00+00:00,96,258.6288382466152,122.0044978380544
site_f5bcf8a88a,2026-03-05T03:30:00+00:00,4,183.1603305309629,79.2800928734824
site_f5bcf8a88a,2026-03-05T03:30:00+00:00,96,303.26653675310314,146.03124928210366
site_f5bcf8a88a,2026-03-05T03:45:00+00:00,4,149.76542824453594,63.755376392491726
site_f5bcf8a88a,2026-03-05T03:45:00+00:00,96,229.45498182456933,110.37610359970896
site_f5bcf8a88a,2026-03-05T04:00:00+00:00,4,162.0357102546537,67.5283547985122
site_f5bcf8a88a,2026-03-05T04:00:00+00:00,96,140.22029542272372,70.44073474354487
site_f5bcf8a88a,2026-03-05T04:15:00+00:00,4,206.8337689837839,81.98311978109477
site_f5bcf8a88a,2026-03-05T04:15:00+00:00,96,158.3800908149036,80.48800042214206
site_f5bcf8a88a,2026-03-05T04:30:00+00:00,4,264.93837270041695,121.92598303846943
site_f5bcf8a88a,2026-03-05T04:30:00+00:00,96,175.82175363382294,95.09164700008334
site_f5bcf8a88a,2026-03-05T04:45:00+00:00,4,180.4932058935969,82.73283193059929
site_f5bcf8a88a,2026-03-05T04:45:00+00:00,96,272.1551085992436,215.55564626074965
site_f5bcf8a88a,2026-03-05T05:00:00+00:00,4,234.8057806285827,104.34508969437326
site_f5bcf8a88a,2026-03-05T05:00:00+00:00,96,184.23769735081362,140.85066251173765
site_f5bcf8a88a,2026-03-05T05:15:00+00:00,4,210.56070083507825,100.09401400317846
site_f5bcf8a88a,2026-03-05T05:15:00+00:00,96,147.01352902389823,76.18526614394334
site_f5bcf8a88a,2026-03-05T05:30:00+00:00,4,231.88165789593825,113.77676029599971
site_f5bcf8a88a,2026-03-05T05:30:00+00:00,96,125.07904215085976,81.52131211529428
site_f5bcf8a88a,2026-03-05T05:45:00+00:00,4,195.11000004104835,96.87387756897513
site_f5bcf8a88a,2026-03-05T05:45:00+00:00,96,198.60408528176697,124.26633689060415
site_f5bcf8a88a,2026-03-05T06:00:00+00:00,4,292.11269228439915,142.54783517885957
site_f5bcf8a88a,2026-03-05T06:00:00+00:00,96,274.2851212815696,135.37852178072103
site_f5bcf8a88a,2026-03-05T06:15:00+00:00,4,236.25271693515515,112.62698118756543
site_f5bcf8a88a,2026-03-05T06:15:00+00:00,96,272.5886123927905,125.57185934631816
site_f5bcf8a88a,2026-03-05T06:30:00+00:00,4,279.85593030734333,135.0274535705226
site_f5bcf8a88a,2026-03-05T06:30:00+00:00,96,185.5585255069645,97.06184754507348
site_f5bcf8a88a,2026-03-05T06:45:00+00:00,4,296.91207241166404,142.3241840278341
site_f5bcf8a88a,2026-03-05T06:45:00+00:00,96,492.87557587615635,290.0312352494812
site_f5bcf8a88a,2026-03-05T07:00:00+00:00,4,332.61497622248,161.457339662539
site_f5bcf8a88a,2026-03-05T07:00:00+00:00,96,224.34792003522637,141.1797074308658
site_f5bcf8a88a,2026-03-05T07:15:00+00:00,4,307.987646415691,154.14664935558656
site_f5bcf8a88a,2026-03-05T07:15:00+00:00,96,187.96317525288197,108.73816765139244
site_f5bcf8a88a,2026-03-05T07:30:00+00:00,4,356.9332681411919,178.81034224849887
site_f5bcf8a88a,2026-03-05T07:30:00+00:00,96,138.6388628112189,80.78461893755255
site_f5bcf8a88a,2026-03-05T07:45:00+00:00,4,283.0410923562644,146.53632175023913
site_f5bcf8a88a,2026-03-05T07:45:00+00:00,96,197.72066999523457,101.24452364701443
site_f5bcf8a88a,2026-03-05T08:00:00+00:00,4,325.1684833501316,164.7106836028192
site_f5bcf8a88a,2026-03-05T08:00:00+00:00,96,192.74246520417293,104.62996199007347
site_f5bcf8a88a,2026-03-05T08:15:00+00:00,4,207.6200114023931,103.11080620311408
site_f5bcf8a88a,2026-03-05T08:15:00+00:00,96,164.0821975756499,87.35486928404106
site_f5bcf8a88a,2026-03-05T08:30:00+00:00,4,294.3565469615981,145.75516798941237
site_f5bcf8a88a,2026-03-05T08:30:00+00:00,96,170.24262402805704,120.47523814866481
site_f5bcf8a88a,2026-03-05T08:45:00+00:00,4,355.64655329325274,174.68800766842395
site_f5bcf8a88a,2026-03-05T08:45:00+00:00,96,169.92839725165393,105.20859649639205
site_f5bcf8a88a,2026-03-05T09:00:00+00:00,4,346.3624515665829,168.71783832396994
site_f5bcf8a88a,2026-03-05T09:00:00+00:00,96,168.77166529476239,88.31240540138806
site_f5bcf8a88a,2026-03-05T09:15:00+00:00,4,338.53249009094674,163.4524203261359
site_f5bcf8a88a,2026-03-05T09:15:00+00:00,96,194.30553973823737,99.23070784147218
site_f5bcf8a88a,2026-03-05T09:30:00+00:00,4,323.5014221129269,150.37554030684018
site_f5bcf8a88a,2026-03-05T09:30:00+00:00,96,208.8739221902697,103.75025137673944
site_f5bcf8a88a,2026-03-05T09:45:00+00:00,4,273.4422297213271,134.11143921627163
site_f5bcf8a88a,2026-03-05T09:45:00+00:00,96,299.4017965962597,134.20942333261627
site_f5bcf8a88a,2026-03-05T10:00:00+00:00,4,337.1231416029209,162.54582759616045
site_f5bcf8a88a,2026-03-05T10:00:00+00:00,96,287.5435430039963,171.85396763559487
site_f5bcf8a88a,2026-03-05T10:15:00+00:00,4,309.7830735101636,148.54940224751093
site_f5bcf8a88a,2026-03-05T10:15:00+00:00,96,235.77153773678663,129.37707589064945
site_f5bcf8a88a,2026-03-05T10:30:00+00:00,4,304.3936702614692,137.95210325976916
site_f5bcf8a88a,2026-03-05T10:30:00+00:00,96,267.41184046569697,130.33796417498485
site_f5bcf8a88a,2026-03-05T10:45:00+00:00,4,292.261934267243,130.80613778592826
site_f5bcf8a88a,2026-03-05T10:45:00+00:00,96,148.52728612768757,70.13519488888761
site_f5bcf8a88a,2026-03-05T11:00:00+00:00,4,302.4115403017452,138.1571462467186
site_f5bcf8a88a,2026-03-05T11:00:00+00:00,96,342.615039322127,149.8348932027866
site_f5bcf8a88a,2026-03-05T11:15:00+00:00,4,366.868076988045,162.96430332632238
site_f5bcf8a88a,2026-03-05T11:15:00+00:00,96,306.3322155138907,126.28474773023108
site_f5bcf8a88a,2026-03-05T11:30:00+00:00,4,343.9644332035309,150.9445082373075
site_f5bcf8a88a,2026-03-05T11:30:00+00:00,96,206.63230060940688,85.81331156180376
site_f5bcf8a88a,2026-03-05T11:45:00+00:00,4,395.7278586507018,165.00686121090493
site_f5bcf8a88a,2026-03-05T11:45:00+00:00,96,244.18333761595153,101.57454836721413
site_f5bcf8a88a,2026-03-05T12:00:00+00:00,4,383.1645648450095,151.2125022672379
site_f5bcf8a88a,2026-03-05T12:00:00+00:00,96,306.5459091499223,140.12179308163223
site_f5bcf8a88a,2026-03-05T12:15:00+00:00,4,414.9931268242007,148.1906900208757
site_f5bcf8a88a,2026-03-05T12:15:00+00:00,96,307.2929393669257,140.9315042878702
site_f5bcf8a88a,2026-03-05T12:30:00+00:00,4,456.8602063373444,161.22921454018203
site_f5bcf8a88a,2026-03-05T12:30:00+00:00,96,252.36464637832887,117.22816214445028
site_f5bcf8a88a,2026-03-05T12:45:00+00:00,4,433.35288849535004,218.39672570996342
site_f5bcf8a88a,2026-03-05T12:45:00+00:00,96,249.63534193072553,117.95085125201248
site_f5bcf8a88a,2026-03-05T13:00:00+00:00,4,410.5550285170253,176.0054339080433
site_f5bcf8a88a,2026-03-05T13:00:00+00:00,96,200.71072193980132,98.1998636073545
site_f5bcf8a88a,2026-03-05T13:15:00+00:00,4,449.32650190401307,213.53836186129007
site_f5bcf8a88a,2026-03-05T13:15:00+00:00,96,546.7177428156352,267.0633949180628
site_f5bcf8a88a,2026-03-05T13:30:00+00:00,4,399.54696029223805,189.24458250458758
site_f5bcf8a88a,2026-03-05T13:30:00+00:00,96,231.5538194201427,121.0238164541264
site_f5bcf8a88a,2026-03-05T13:45:00+00:00,4,417.6137042988739,315.54306517735165
site_f5bcf8a88a,2026-03-05T13:45:00+00:00,96,206.6323416491266,109.91020450566582
site_f5bcf8a88a,2026-03-05T14:00:00+00:00,4,473.66157457550844,366.4884316522987
site_f5bcf8a88a,2026-03-05T14:00:00+00:00,96,207.24049781061538,114.64401437450512
site_f5bcf8a88a,2026-03-05T14:15:00+00:00,4,507.48730396430847,393.5764768587024
site_f5bcf8a88a,2026-03-05T14:15:00+00:00,96,191.01575248733883,106.90349524881842
site_f5bcf8a88a,2026-03-05T14:30:00+00:00,4,585.0784231854933,441.8037930399163
site_f5bcf8a88a,2026-03-05T14:30:00+00:00,96,263.39960787467516,140.32279033648607
site_f5bcf8a88a,2026-03-05T14:45:00+00:00,4,623.0478879655093,586.9136866762008
site_f5bcf8a88a,2026-03-05T14:45:00+00:00,96,289.2139380746083,155.84693195300224
site_f5bcf8a88a,2026-03-05T15:00:00+00:00,4,590.0435236769796,392.2567835786442
site_f5bcf8a88a,2026-03-05T15:00:00+00:00,96,324.9626027072534,178.49565337444298
site_f5bcf8a88a,2026-03-05T15:15:00+00:00,4,593.1159699897145,531.5369848908081
site_f5bcf8a88a,2026-03-05T15:15:00+00:00,96,281.4596147008209,154.11783514152128
site_f5bcf8a88a,2026-03-05T15:30:00+00:00,4,610.6017445905422,587.3766641795605
site_f5bcf8a88a,2026-03-05T15:30:00+00:00,96,318.53125920003083,178.21554481755024
site_f5bcf8a88a,2026-03-05T15:45:00+00:00,4,572.1139843722076,525.9986680277211
site_f5bcf8a88a,2026-03-05T15:45:00+00:00,96,697.5891978303905,462.8390641628615
site_f5bcf8a88a,2026-03-05T16:00:00+00:00,4,579.7679943366462,303.575394723295
site_f5bcf8a88a,2026-03-05T16:00:00+00:00,96,253.15688333890068,156.27720343466666
site_f5bcf8a88a,2026-03-05T16:15:00+00:00,4,585.5082112445904,407.9627649539849
site_f5bcf8a88a,2026-03-05T16:15:00+00:00,96,217.45022056477433,129.8717910977971
site_f5bcf8a88a,2026-03-05T16:30:00+00:00,4,566.0282460754914,411.6318799195791
site_f5bcf8a88a,2026-03-05T16:30:00+00:00,96,292.00134507106816,206.0865414989168
site_f5bcf8a88a,2026-03-05T16:45:00+00:00,4,519.3372221728629,283.5908007808238
site_f5bcf8a88a,2026-03-05T16:45:00+00:00,96,303.6928299424313,159.48678659558234
site_f5bcf8a88a,2026-03-05T17:00:00+00:00,4,560.5767004889673,168.66267944567608
site_f5bcf8a88a,2026-03-05T17:00:00+00:00,96,273.017816486145,151.77016735995957
site_f5bcf8a88a,2026-03-05T17:15:00+00:00,4,470.69472867596704,153.1032580556308
site_f5bcf8a88a,2026-03-05T17:15:00+00:00,96,200.39603566922736,128.85738638749487
site_f5bcf8a88a,2026-03-05T17:30:00+00:00,4,437.0651123808138,127.32701151238308
site_f5bcf8a88a,2026-03-05T17:30:00+00:00,96,386.71539591114947,234.67630527541553
site_f5bcf8a88a,2026-03-05T17:45:00+00:00,4,405.2315801581301,101.93860384084074
site_f5bcf8a88a,2026-03-05T17:45:00+00:00,96,160.88530640199735,87.91983947764196
site_f5bcf8a88a,2026-03-05T18:00:00+00:00,4,476.37250999777274,145.11978753431444
site_f5bcf8a88a,2026-03-05T18:00:00+00:00,96,159.42769720223822,89.20141989308402
site_f5bcf8a88a,2026-03-05T18:15:00+00:00,4,387.3241640405166,71.77798283459647
site_f5bcf8a88a,2026-03-05T18:15:00+00:00,96,239.72556853618818,129.79977400336207
site_f5bcf8a88a,2026-03-05T18:30:00+00:00,4,366.70471753648684,146.86913850717715
site_f5bcf8a88a,2026-03-05T18:30:00+00:00,96,213.66031301328186,283.4555162186841
site_f5bcf8a88a,2026-03-05T18:45:00+00:00,4,341.16389817585616,44.44930935965461
site_f5bcf8a88a,2026-03-05T18:45:00+00:00,96,209.26776555092945,196.69790804751597
site_f5bcf8a88a,2026-03-05T19:00:00+00:00,4,309.8297337781575,41.565569422889446
site_f5bcf8a88a,2026-03-05T19:00:00+00:00,96,278.96468053952975,237.15822652402034
site_f5bcf8a88a,2026-03-05T19:15:00+00:00,4,345.7710183775183,111.09692481878842
site_f5bcf8a88a,2026-03-05T19:15:00+00:00,96,240.71030680948962,127.11999381544513
site_f5bcf8a88a,2026-03-05T19:30:00+00:00,4,329.5937702533275,38.09515456457571
site_f5bcf8a88a,2026-03-05T19:30:00+00:00,96,262.5593354649718,127.29201268794085
site_f5bcf8a88a,2026-03-05T19:45:00+00:00,4,321.8184832989042,92.9909739536601
site_f5bcf8a88a,2026-03-05T19:45:00+00:00,96,243.96695080812623,111.72810577919638
site_f5bcf8a88a,2026-03-05T20:00:00+00:00,4,299.9742671891363,91.85730356462206
site_f5bcf8a88a,2026-03-05T20:00:00+00:00,96,239.61276853266074,116.92936213522079
site_f5bcf8a88a,2026-03-05T20:15:00+00:00,4,321.78125978142975,158.70557011632144
site_f5bcf8a88a,2026-03-05T20:15:00+00:00,96,244.4977495504346,117.49642838953048
site_f5bcf8a88a,2026-03-05T20:30:00+00:00,4,274.3047192850995,192.36865978314972
site_f5bcf8a88a,2026-03-05T20:30:00+00:00,96,229.24957674514536,112.28795294760174
site_f5bcf8a88a,2026-03-05T20:45:00+00:00,4,207.23949734365786,216.92567311413646
site_f5bcf8a88a,2026-03-05T20:45:00+00:00,96,198.5830705573391,97.39211763199995
site_f5bcf8a88a,2026-03-05T21:00:00+00:00,4,181.98644914483924,120.55135128039282
site_f5bcf8a88a,2026-03-05T21:00:00+00:00,96,198.07009190703465,97.83606779129556
site_f5bcf8a88a,2026-03-05T21:15:00+00:00,4,242.32703931606747,95.65065645541085
site_f5bcf8a88a,2026-03-05T21:15:00+00:00,96,257.6858188236939,118.86003298320858
site_f5bcf8a88a,2026-03-05T21:30:00+00:00,4,251.23023726211954,186.67930405129144
site_f5bcf8a88a,2026-03-05T21:30:00+00:00,96,235.4206706613698,107.03771756668813
site_f5bcf8a88a,2026-03-05T21:45:00+00:00,4,187.34382759021798,166.6001843217961
site_f5bcf8a88a,2026-03-05T21:45:00+00:00,96,235.70599969682394,106.94932942821319
site_f5bcf8a88a,2026-03-05T22:00:00+00:00,4,142.77394040119478,91.17723325704844
site_f5bcf8a88a,2026-03-05T22:00:00+00:00,96,160.28029081953252,73.50749092240297
site_f5bcf8a88a,2026-03-05T22:15:00+00:00,4,194.7904814098189,192.06750743952975
site_f5bcf8a88a,2026-03-05T22:15:00+00:00,96,134.13881943950835,63.024147420590296
site_f5bcf8a88a,2026-03-05T22:30:00+00:00,4,212.0755620709503,164.70251489614043
site_f5bcf8a88a,2026-03-05T22:30:00+00:00,96,181.45605633103904,85.50283911351035
site_f5bcf8a88a,2026-03-05T22:45:00+00:00,4,188.56698655859083,181.76686218859987
site_f5bcf8a88a,2026-03-05T22:45:00+00:00,96,151.19153340044096,74.63799530048536
site_f5bcf8a88a,2026-03-05T23:00:00+00:00,4,179.58175047200487,218.38081139443887
site_f5bcf8a88a,2026-03-05T23:00:00+00:00,96,146.13119109175312,70.37924425236434
site_f5bcf8a88a,2026-03-05T23:15:00+00:00,4,192.62934543708906,109.97136200387486
site_f5bcf8a88a,2026-03-05T23:15:00+00:00,96,138.76668810199504,67.53596958608976
site_f5bcf8a88a,2026-03-05T23:30:00+00:00,4,104.18605076001903,82.52553326154326
site_f5bcf8a88a,2026-03-05T23:30:00+00:00,96,107.75584379545299,51.23358253836662
site_f5bcf8a88a,2026-03-05T23:45:00+00:00,4,115.92429460326152,60.54659041362534
site_f5bcf8a88a,2026-03-05T23:45:00+00:00,96,212.7981529357453,100.04924707450115
site_f5bcf8a88a,2026-03-06T00:00:00+00:00,4,166.55717632192582,62.51128709779482
site_f5bcf8a88a,2026-03-06T00:00:00+00:00,96,99.95177562210206,49.27108029515392
site_f5bcf8a88a,2026-03-06T00:15:00+00:00,4,147.2365812107502,55.42351863148259
site_f5bcf8a88a,2026-03-06T00:15:00+00:00,96,179.89288358002807,89.51023422024954
site_f5bcf8a88a,2026-03-06T00:30:00+00:00,4,134.99639377123336,50.41050645211291
site_f5bcf8a88a,2026-03-06T00:30:00+00:00,96,132.24813424851897,65.6213793322061
site_f5bcf8a88a,2026-03-06T00:45:00+00:00,4,128.0321836068676,50.92712050821457
site_f5bcf8a88a,2026-03-06T00:45:00+00:00,96,154.0347395589397,72.86771772030775
site_f5bcf8a88a,2026-03-06T01:00:00+00:00,4,173.60285004445495,62.41452546347586
site_f5bcf8a88a,2026-03-06T01:00:00+00:00,96,207.91962137297133,90.68197930908026
site_f5bcf8a88a,2026-03-06T01:15:00+00:00,4,143.84415001159468,49.622777424702555
site_f5bcf8a88a,2026-03-06T01:15:00+00:00,96,232.82794440578613,92.82295596629109
site_f5bcf8a88a,2026-03-06T01:30:00+00:00,4,113.89470695952032,40.417304876426286
site_f5bcf8a88a,2026-03-06T01:30:00+00:00,96,252.8071885436725,103.89453021724502
site_f5bcf8a88a,2026-03-06T01:45:00+00:00,4,121.00706570799977,45.75995528347756
site_f5bcf8a88a,2026-03-06T01:45:00+00:00,96,161.43833229491287,69.29916662201636
site_f5bcf8a88a,2026-03-06T02:00:00+00:00,4,127.33089661571,46.260631151871
site_f5bcf8a88a,2026-03-06T02:00:00+00:00,96,192.3969081083353,74.57675794570099
site_f5bcf8a88a,2026-03-06T02:15:00+00:00,4,152.9666235557798,66.64480901312646
site_f5bcf8a88a,2026-03-06T02:15:00+00:00,96,176.3253210572762,72.39332223860185
site_f5bcf8a88a,2026-03-06T02:30:00+00:00,4,129.02986571118026,55.46773682293815
site_f5bcf8a88a,2026-03-06T02:30:00+00:00,96,132.61070508419255,55.513637545787766
site_f5bcf8a88a,2026-03-06T02:45:00+00:00,4,98.25001864431076,37.01691832301474
site_f5bcf8a88a,2026-03-06T02:45:00+00:00,96,107.76327136963593,45.12021309641761
site_f5bcf8a88a,2026-03-06T03:00:00+00:00,4,86.55352915543311,35.358204568984725
site_f5bcf8a88a,2026-03-06T03:00:00+00:00,96,129.2360983560243,51.205563077882964
site_f5bcf8a88a,2026-03-06T03:15:00+00:00,4,81.3303144107899,35.23553125125885
site_f5bcf8a88a,2026-03-06T03:15:00+00:00,96,158.6503371873386,61.156388166281445
site_f5bcf8a88a,2026-03-06T03:30:00+00:00,4,108.55915918698673,47.21282291607348
site_f5bcf8a88a,2026-03-06T03:30:00+00:00,96,347.27545048348276,150.0781137323802
site_f5bcf8a88a,2026-03-06T03:45:00+00:00,4,174.4343412728972,86.56331896953827
site_f5bcf8a88a,2026-03-06T03:45:00+00:00,96,142.951725679108,63.29603241849558
site_f5bcf8a88a,2026-03-06T04:00:00+00:00,4,169.91041742231775,84.44613112738043
site_f5bcf8a88a,2026-03-06T04:00:00+00:00,96,175.55119276501483,74.07195937800839
site_f5bcf8a88a,2026-03-06T04:15:00+00:00,4,197.15533052254165,97.82271298531329
site_f5bcf8a88a,2026-03-06T04:15:00+00:00,96,144.34821050166613,66.39346586144391
site_f5bcf8a88a,2026-03-06T04:30:00+00:00,4,195.17561754742738,103.37392866341413
site_f5bcf8a88a,2026-03-06T04:30:00+00:00,96,203.8903352323788,91.88927461732384
site_f5bcf8a88a,2026-03-06T04:45:00+00:00,4,238.8287366165737,128.2884247648391
site_f5bcf8a88a,2026-03-06T04:45:00+00:00,96,179.25684675120607,83.43444912126799
site_f5bcf8a88a,2026-03-06T05:00:00+00:00,4,201.98339937440426,106.71148277189246
site_f5bcf8a88a,2026-03-06T05:00:00+00:00,96,405.0010140779889,175.96830711498208
site_f5bcf8a88a,2026-03-06T05:15:00+00:00,4,164.33217402712128,86.82635897885223
site_f5bcf8a88a,2026-03-06T05:15:00+00:00,96,192.0383495914135,86.92866060361652
site_f5bcf8a88a,2026-03-06T05:30:00+00:00,4,206.21427469861536,101.42054659121436
site_f5bcf8a88a,2026-03-06T05:30:00+00:00,96,323.80849504625536,141.65931889962457
site_f5bcf8a88a,2026-03-06T05:45:00+00:00,4,211.69727482056282,99.4929722779635
site_f5bcf8a88a,2026-03-06T05:45:00+00:00,96,239.5356347274585,108.94065250775388
site_f5bcf8a88a,2026-03-06T06:00:00+00:00,4,230.59315334391792,109.32256061349105
site_f5bcf8a88a,2026-03-06T06:00:00+00:00,96,246.92858052960247,111.47777360849811
site_f5bcf8a88a,2026-03-06T06:15:00+00:00,4,235.87687857010695,108.87775438702144
site_f5bcf8a88a,2026-03-06T06:15:00+00:00,96,235.3747899722934,108.50396986468249
site_f5bcf8a88a,2026-03-06T06:30:00+00:00,4,238.93964928835422,109.98088826228197
site_f5bcf8a88a,2026-03-06T06:30:00+00:00,96,331.71336160410726,147.43302897993397
site_f5bcf8a88a,2026-03-06T06:45:00+00:00,4,187.42939453154958,89.88574568189445
site_f5bcf8a88a,2026-03-06T06:45:00+00:00,96,227.78571834939834,105.06384341858042
site_f5bcf8a88a,2026-03-06T07:00:00+00:00,4,178.86128225418264,91.27914693368032
site_f5bcf8a88a,2026-03-06T07:00:00+00:00,96,332.6125861912321,151.74170270756022
site_f5bcf8a88a,2026-03-06T07:15:00+00:00,4,211.82591817830928,113.08707342808535
site_f5bcf8a88a,2026-03-06T07:15:00+00:00,96,140.73341111129764,66.81600838402923
site_f5bcf8a88a,2026-03-06T07:30:00+00:00,4,216.11665448753928,131.63976186549303
site_f5bcf8a88a,2026-03-06T07:30:00+00:00,96,270.4969092998063,120.29348881816423
site_f5bcf8a88a,2026-03-06T07:45:00+00:00,4,229.34433688810412,146.21177430403537
site_f5bcf8a88a,2026-03-06T07:45:00+00:00,96,277.64943724179824,126.78753527925589
site_f5bcf8a88a,2026-03-06T08:00:00+00:00,4,218.77717795653052,158.53010022553843
site_f5bcf8a88a,2026-03-06T08:00:00+00:00,96,226.21840079071657,102.65296509914916
site_f5bcf8a88a,2026-03-06T08:15:00+00:00,4,254.88521655190434,156.55412537933728
site_f5bcf8a88a,2026-03-06T08:15:00+00:00,96,292.80867035388803,127.27446270166006
site_f5bcf8a88a,2026-03-06T08:30:00+00:00,4,278.9545349736437,161.41732796613272
site_f5bcf8a88a,2026-03-06T08:30:00+00:00,96,183.38178215392384,82.83724255833198
site_f5bcf8a88a,2026-03-06T08:45:00+00:00,4,244.7358831094415,148.52462125698264
site_f5bcf8a88a,2026-03-06T08:45:00+00:00,96,172.2066861686046,78.89603819778013
site_f5bcf8a88a,2026-03-06T09:00:00+00:00,4,275.07997860673953,156.12980907195757
site_f5bcf8a88a,2026-03-06T09:00:00+00:00,96,266.8569549080814,114.27064116418101
site_f5bcf8a88a,2026-03-06T09:15:00+00:00,4,255.29229860639344,140.04508004600214
site_f5bcf8a88a,2026-03-06T09:15:00+00:00,96,278.00828966308154,117.85588713823361
site_f5bcf8a88a,2026-03-06T09:30:00+00:00,4,317.92451577592277,165.14956292380236
site_f5bcf8a88a,2026-03-06T09:30:00+00:00,96,202.48634146901125,86.92000928628858
site_f5bcf8a88a,2026-03-06T09:45:00+00:00,4,345.1257810362432,163.17506942141472
site_f5bcf8a88a,2026-03-06T09:45:00+00:00,96,229.7839990039637,97.84659594602057
site_f5bcf8a88a,2026-03-06T10:00:00+00:00,4,286.60006859929956,138.41167671125564
site_f5bcf8a88a,2026-03-06T10:00:00+00:00,96,257.03335790500375,106.56603424789269
site_f5bcf8a88a,2026-03-06T10:15:00+00:00,4,335.1785053561832,156.68002980347248
site_f5bcf8a88a,2026-03-06T10:15:00+00:00,96,358.54416472396315,143.8800701059719
site_f5bcf8a88a,2026-03-06T10:30:00+00:00,4,364.0333948779001,165.29909010929302
site_f5bcf8a88a,2026-03-06T10:30:00+00:00,96,315.7336715046854,123.60086421412865
site_f5bcf8a88a,2026-03-06T10:45:00+00:00,4,248.62246389370577,109.79041779625246
site_f5bcf8a88a,2026-03-06T10:45:00+00:00,96,497.4642168119718,180.6887086999287
site_f5bcf8a88a,2026-03-06T11:00:00+00:00,4,206.1962398664393,87.83644331896839
site_f5bcf8a88a,2026-03-06T11:00:00+00:00,96,331.5574223606263,120.6973510385109
site_f5bcf8a88a,2026-03-06T11:15:00+00:00,4,253.04882788628558,95.91875867281087
site_f5bcf8a88a,2026-03-06T11:15:00+00:00,96,588.8342418099269,185.8003221790406
site_f5bcf8a88a,2026-03-06T11:30:00+00:00,4,341.74459616089865,142.5583020402492
site_f5bcf8a88a,2026-03-06T11:30:00+00:00,96,511.92297775008063,160.1292992507029
site_f5bcf8a88a,2026-03-06T11:45:00+00:00,4,332.4885392060795,199.47330558724212
site_f5bcf8a88a,2026-03-06T11:45:00+00:00,96,345.63494915883405,170.72239313820032
site_f5bcf8a88a,2026-03-06T12:00:00+00:00,4,283.9295634414543,168.223308937093
site_f5bcf8a88a,2026-03-06T12:00:00+00:00,96,296.594597738956,122.00432814884718
site_f5bcf8a88a,2026-03-06T12:15:00+00:00,4,352.4909112179941,244.79633709528252
site_f5bcf8a88a,2026-03-06T12:15:00+00:00,96,442.7089920790596,200.30134907953098
site_f5bcf8a88a,2026-03-06T12:30:00+00:00,4,337.54252508642156,210.35590755518479
site_f5bcf8a88a,2026-03-06T12:30:00+00:00,96,310.0968039166578,142.31829101812897
site_f5bcf8a88a,2026-03-06T12:45:00+00:00,4,329.1751758528566,170.3341317910827
site_f5bcf8a88a,2026-03-06T12:45:00+00:00,96,373.7281024185529,277.39207709680255
site_f5bcf8a88a,2026-03-06T13:00:00+00:00,4,276.1961211555438,207.32221929415698
site_f5bcf8a88a,2026-03-06T13:00:00+00:00,96,627.1514850678666,475.54287072377076
site_f5bcf8a88a,2026-03-06T13:15:00+00:00,4,286.0905995791974,232.91366951159685
site_f5bcf8a88a,2026-03-06T13:15:00+00:00,96,395.77737609694395,306.954944527865
site_f5bcf8a88a,2026-03-06T13:30:00+00:00,4,332.16455346173905,128.30305843358394
site_f5bcf8a88a,2026-03-06T13:30:00+00:00,96,593.7500636454395,443.3183922333667
site_f5bcf8a88a,2026-03-06T13:45:00+00:00,4,366.13127195930934,174.32155380238456
site_f5bcf8a88a,2026-03-06T13:45:00+00:00,96,611.8813017719173,579.1404981168605
site_f5bcf8a88a,2026-03-06T14:00:00+00:00,4,373.6775558394305,170.80643116936642
site_f5bcf8a88a,2026-03-06T14:00:00+00:00,96,523.2938934804627,334.7068784441161
site_f5bcf8a88a,2026-03-06T14:15:00+00:00,4,366.14450772989943,151.90018097347274
site_f5bcf8a88a,2026-03-06T14:15:00+00:00,96,376.1212297369585,338.4998468746993
site_f5bcf8a88a,2026-03-06T14:30:00+00:00,4,377.86115810100006,166.72065133006078
site_f5bcf8a88a,2026-03-06T14:30:00+00:00,96,523.6593001376697,505.2978897834038
site_f5bcf8a88a,2026-03-06T14:45:00+00:00,4,414.5690264234985,185.85246386151243
site_f5bcf8a88a,2026-03-06T14:45:00+00:00,96,402.720881348633,369.7689533154083
site_f5bcf8a88a,2026-03-06T15:00:00+00:00,4,316.36281124392195,152.54397323985765
site_f5bcf8a88a,2026-03-06T15:00:00+00:00,96,397.2848619521491,201.6613285116022
site_f5bcf8a88a,2026-03-06T15:15:00+00:00,4,343.93212329198246,188.70236224408796
site_f5bcf8a88a,2026-03-06T15:15:00+00:00,96,412.99532520069624,286.8617027207678
site_f5bcf8a88a,2026-03-06T15:30:00+00:00,4,211.85116749069698,109.2821981043684
site_f5bcf8a88a,2026-03-06T15:30:00+00:00,96,432.4855717427261,311.5287243336726
site_f5bcf8a88a,2026-03-06T15:45:00+00:00,4,209.43309142013268,112.14697016058048
site_f5bcf8a88a,2026-03-06T15:45:00+00:00,96,327.47370061960385,174.49808084085302
site_f5bcf8a88a,2026-03-06T16:00:00+00:00,4,241.58458623005583,134.3005605103789
site_f5bcf8a88a,2026-03-06T16:00:00+00:00,96,333.88940406677193,95.27903704079986
site_f5bcf8a88a,2026-03-06T16:15:00+00:00,4,285.2131057099697,149.4234644785669
site_f5bcf8a88a,2026-03-06T16:15:00+00:00,96,238.55722686487857,79.66107482960113
site_f5bcf8a88a,2026-03-06T16:30:00+00:00,4,272.40182144976,217.1767801585129
site_f5bcf8a88a,2026-03-06T16:30:00+00:00,96,208.0014103551855,65.42025532731567
site_f5bcf8a88a,2026-03-06T16:45:00+00:00,4,313.14445451373217,232.7762537420633
site_f5bcf8a88a,2026-03-06T16:45:00+00:00,96,273.9139153471902,71.14571662617011
site_f5bcf8a88a,2026-03-06T17:00:00+00:00,4,290.37876785369855,230.69807729408956
site_f5bcf8a88a,2026-03-06T17:00:00+00:00,96,385.1988172476635,111.61897837164442
site_f5bcf8a88a,2026-03-06T17:15:00+00:00,4,309.423363486239,195.79653758351708
site_f5bcf8a88a,2026-03-06T17:15:00+00:00,96,243.73080250764042,46.136996812899824
site_f5bcf8a88a,2026-03-06T17:30:00+00:00,4,296.59745791993424,193.74009002631126
site_f5bcf8a88a,2026-03-06T17:30:00+00:00,96,230.7825893830676,94.91720158255154
site_f5bcf8a88a,2026-03-06T17:45:00+00:00,4,274.75731712153913,242.19850807872672
site_f5bcf8a88a,2026-03-06T17:45:00+00:00,96,176.57489900500062,27.99558188850343
site_f5bcf8a88a,2026-03-06T18:00:00+00:00,4,297.4612294995817,173.6670303829295
site_f5bcf8a88a,2026-03-06T18:00:00+00:00,96,214.93433667377562,31.975458951948546
site_f5bcf8a88a,2026-03-06T18:15:00+00:00,4,344.825116913583,205.38415868160055
site_f5bcf8a88a,2026-03-06T18:15:00+00:00,96,316.4461382629946,102.66475354102548
site_f5bcf8a88a,2026-03-06T18:30:00+00:00,4,251.62097001357415,206.65033663509107
site_f5bcf8a88a,2026-03-06T18:30:00+00:00,96,355.2074626410859,40.63529901383347
site_f5bcf8a88a,2026-03-06T18:45:00+00:00,4,292.40405528490646,169.28439195763974
site_f5bcf8a88a,2026-03-06T18:45:00+00:00,96,256.77019745650847,78.69678265317908
site_f5bcf8a88a,2026-03-06T19:00:00+00:00,4,299.89618905533877,155.3662723945899
site_f5bcf8a88a,2026-03-06T19:00:00+00:00,96,238.22865912668675,76.18658753562904
site_f5bcf8a88a,2026-03-06T19:15:00+00:00,4,332.92001392484775,172.7577180464591
site_f5bcf8a88a,2026-03-06T19:15:00+00:00,96,314.5715638948914,153.78453606671727
site_f5bcf8a88a,2026-03-06T19:30:00+00:00,4,313.00195813574555,162.4868832595419
site_f5bcf8a88a,2026-03-06T19:30:00+00:00,96,217.8582823868577,158.4130066592786
site_f5bcf8a88a,2026-03-06T19:45:00+00:00,4,340.10146220872844,218.23437032552937
site_f5bcf8a88a,2026-03-06T19:45:00+00:00,96,158.41651618236799,172.63617684505547
site_f5bcf8a88a,2026-03-06T20:00:00+00:00,4,163.51746990617576,87.27797206841092
site_f5bcf8a88a,2026-03-06T20:00:00+00:00,96,156.8668984584508,107.24775587242446
site_f5bcf8a88a,2026-03-06T20:15:00+00:00,4,199.0433249269721,161.06619188396138
site_f5bcf8a88a,2026-03-06T20:15:00+00:00,96,185.5022757516436,77.70966314054536
site_f5bcf8a88a,2026-03-06T20:30:00+00:00,4,240.03884428881253,107.78550028718996
site_f5bcf8a88a,2026-03-06T20:30:00+00:00,96,208.407391847812,160.58262029398915
site_f5bcf8a88a,2026-03-06T20:45:00+00:00,4,307.56629330188866,215.52019496676849
site_f5bcf8a88a,2026-03-06T20:45:00+00:00,96,137.0287642855405,126.19328636072632
site_f5bcf8a88a,2026-03-06T21:00:00+00:00,4,237.76368781352588,132.04159826213035
site_f5bcf8a88a,2026-03-06T21:00:00+00:00,96,127.13335799133235,83.43391790041065
site_f5bcf8a88a,2026-03-06T21:15:00+00:00,4,245.43208585131472,114.22007411409356
site_f5bcf8a88a,2026-03-06T21:15:00+00:00,96,208.679225625278,210.63151370133127
site_f5bcf8a88a,2026-03-06T21:30:00+00:00,4,234.57990121841158,111.4168851961102
site_f5bcf8a88a,2026-03-06T21:30:00+00:00,96,206.5118746337631,160.15976899143405
site_f5bcf8a88a,2026-03-06T21:45:00+00:00,4,199.7230990064447,91.70626996040698
site_f5bcf8a88a,2026-03-06T21:45:00+00:00,96,181.32205346063375,174.82400644268566
site_f5bcf8a88a,2026-03-06T22:00:00+00:00,4,159.45322937283643,73.37283682710347
site_f5bcf8a88a,2026-03-06T22:00:00+00:00,96,165.0672424184162,201.63010057597182
site_f5bcf8a88a,2026-03-06T22:15:00+00:00,4,158.82016712256342,70.73381200477031
site_f5bcf8a88a,2026-03-06T22:15:00+00:00,96,170.1801421756645,94.4041853506905
site_f5bcf8a88a,2026-03-06T22:30:00+00:00,4,154.01742336711624,69.99576717024397
site_f5bcf8a88a,2026-03-06T22:30:00+00:00,96,112.5509664129547,89.40317000666032
site_f5bcf8a88a,2026-03-06T22:45:00+00:00,4,207.64736543417163,119.17523318728921
site_f5bcf8a88a,2026-03-06T22:45:00+00:00,96,124.03492646245775,63.37163737987807
site_f5bcf8a88a,2026-03-06T23:00:00+00:00,4,189.30059160198974,98.34593137487428
site_f5bcf8a88a,2026-03-06T23:00:00+00:00,96,200.5865549535563,71.65307048606091
site_f5bcf8a88a,2026-03-06T23:15:00+00:00,4,177.13283313614377,93.58842228204082
site_f5bcf8a88a,2026-03-06T23:15:00+00:00,96,141.76015569368582,51.80615180835147
site_f5bcf8a88a,2026-03-06T23:30:00+00:00,4,159.6424524613232,118.61722060432447
site_f5bcf8a88a,2026-03-06T23:30:00+00:00,96,120.59491855086327,45.04082881799816
site_f5bcf8a88a,2026-03-06T23:45:00+00:00,4,196.23454989256948,125.89135504684569
site_f5bcf8a88a,2026-03-06T23:45:00+00:00,96,137.18082682914945,53.279288975062215
site_f5bcf8a88a,2026-03-07T00:00:00+00:00,4,142.8150236329366,78.40199444201185
site_f5bcf8a88a,2026-03-07T00:00:00+00:00,96,138.7854162798553,48.007074476487446
site_f5bcf8a88a,2026-03-07T00:15:00+00:00,4,137.18140569986613,75.67615909471328
site_f5bcf8a88a,2026-03-07T00:15:00+00:00,96,105.7970450876013,38.7767306769348
site_f5bcf8a88a,2026-03-07T00:30:00+00:00,4,118.37208711560653,68.92165826022372
site_f5bcf8a88a,2026-03-07T00:30:00+00:00,96,89.58447732220202,32.96365953802949
site_f5bcf8a88a,2026-03-07T00:45:00+00:00,4,102.5945822634497,54.000980904355174
site_f5bcf8a88a,2026-03-07T00:45:00+00:00,96,104.21231385138398,40.49015400383305
site_f5bcf8a88a,2026-03-07T01:00:00+00:00,4,77.52867151892362,41.28147741884751
site_f5bcf8a88a,2026-03-07T01:00:00+00:00,96,93.97197366180879,37.25522560807696
site_f5bcf8a88a,2026-03-07T01:15:00+00:00,4,69.52833212891493,39.004375174155385
site_f5bcf8a88a,2026-03-07T01:15:00+00:00,96,194.4678843817637,81.73311049728683
site_f5bcf8a88a,2026-03-07T01:30:00+00:00,4,89.14732732030457,52.06538294711238
site_f5bcf8a88a,2026-03-07T01:30:00+00:00,96,114.7459732633802,49.23558055622755
site_f5bcf8a88a,2026-03-07T01:45:00+00:00,4,73.11927195180274,43.577412277171774
site_f5bcf8a88a,2026-03-07T01:45:00+00:00,96,74.79157327937469,30.617487202955708
site_f5bcf8a88a,2026-03-07T02:00:00+00:00,4,41.4615596254816,25.903373747657362
site_f5bcf8a88a,2026-03-07T02:00:00+00:00,96,68.04625263743075,29.541667041271896
site_f5bcf8a88a,2026-03-07T02:15:00+00:00,4,76.49476852501189,45.73056682840343
site_f5bcf8a88a,2026-03-07T02:15:00+00:00,96,68.00795578161129,30.986014562204208
site_f5bcf8a88a,2026-03-07T02:30:00+00:00,4,50.21213728726039,36.03351799576842
site_f5bcf8a88a,2026-03-07T02:30:00+00:00,96,88.49611673226366,39.696847370150934
site_f5bcf8a88a,2026-03-07T02:45:00+00:00,4,51.527077578552564,33.692605276889324
site_f5bcf8a88a,2026-03-07T02:45:00+00:00,96,243.6622649343795,114.98902312021055
site_f5bcf8a88a,2026-03-07T03:00:00+00:00,4,40.470050414002706,23.124661364004755
site_f5bcf8a88a,2026-03-07T03:00:00+00:00,96,173.55271275336122,84.38306981994333
site_f5bcf8a88a,2026-03-07T03:15:00+00:00,4,46.79250840884983,25.948649019039447
site_f5bcf8a88a,2026-03-07T03:15:00+00:00,96,204.74333381572694,96.5543638365392
site_f5bcf8a88a,2026-03-07T03:30:00+00:00,4,72.00814162360975,41.59956282101596
site_f5bcf8a88a,2026-03-07T03:30:00+00:00,96,185.7650699072467,94.57049809826187
site_f5bcf8a88a,2026-03-07T03:45:00+00:00,4,75.51312487032241,43.30749444903534
site_f5bcf8a88a,2026-03-07T03:45:00+00:00,96,199.955963971956,101.43270813231257
site_f5bcf8a88a,2026-03-07T04:00:00+00:00,4,105.99627420002057,60.347043158675085
site_f5bcf8a88a,2026-03-07T04:00:00+00:00,96,145.0009515064504,74.71411484634528
site_f5bcf8a88a,2026-03-07T04:15:00+00:00,4,105.49500577603604,59.22483743255241
site_f5bcf8a88a,2026-03-07T04:15:00+00:00,96,98.63946431995355,53.00436432432007
site_f5bcf8a88a,2026-03-07T04:30:00+00:00,4,100.28450389493794,53.795304643967725
site_f5bcf8a88a,2026-03-07T04:30:00+00:00,96,150.12492293741545,73.825589080211
site_f5bcf8a88a,2026-03-07T04:45:00+00:00,4,125.68140016150966,68.37703999889217
site_f5bcf8a88a,2026-03-07T04:45:00+00:00,96,134.83751805579897,63.57893095094546
site_f5bcf8a88a,2026-03-07T05:00:00+00:00,4,100.80924754242008,59.5929491797242
site_f5bcf8a88a,2026-03-07T05:00:00+00:00,96,151.78351110420516,70.7915090594995
site_f5bcf8a88a,2026-03-07T05:15:00+00:00,4,134.74935804323255,84.11511831207295
site_f5bcf8a88a,2026-03-07T05:15:00+00:00,96,148.39577338096876,67.75497526401979
site_f5bcf8a88a,2026-03-07T05:30:00+00:00,4,109.24007502127697,70.94304466856511
site_f5bcf8a88a,2026-03-07T05:30:00+00:00,96,149.39175979363256,68.08391951862868
site_f5bcf8a88a,2026-03-07T05:45:00+00:00,4,99.02418744755026,67.3001023261254
site_f5bcf8a88a,2026-03-07T05:45:00+00:00,96,139.4819823407629,66.58677930403887
site_f5bcf8a88a,2026-03-07T06:00:00+00:00,4,94.89152060864787,62.63919885799979
site_f5bcf8a88a,2026-03-07T06:00:00+00:00,96,136.9507006367637,71.77460002705907
site_f5bcf8a88a,2026-03-07T06:15:00+00:00,4,118.94146837130123,72.57336943512964
site_f5bcf8a88a,2026-03-07T06:15:00+00:00,96,172.27236094735167,93.0649335595871
site_f5bcf8a88a,2026-03-07T06:30:00+00:00,4,157.82456380187375,97.71777889672654
site_f5bcf8a88a,2026-03-07T06:30:00+00:00,96,187.2667519683909,109.35833557137333
site_f5bcf8a88a,2026-03-07T06:45:00+00:00,4,156.29773454062865,99.05174312755776
site_f5bcf8a88a,2026-03-07T06:45:00+00:00,96,225.94590323269472,133.70244891166047
site_f5bcf8a88a,2026-03-07T07:00:00+00:00,4,107.83071682139862,144.41533707280166
site_f5bcf8a88a,2026-03-07T07:00:00+00:00,96,190.36408073645697,132.288411417241
site_f5bcf8a88a,2026-03-07T07:15:00+00:00,4,139.30678793234185,100.08569182594036
site_f5bcf8a88a,2026-03-07T07:15:00+00:00,96,275.04999620806757,155.67059777847038
site_f5bcf8a88a,2026-03-07T07:30:00+00:00,4,154.04747567517308,90.43238094946037
site_f5bcf8a88a,2026-03-07T07:30:00+00:00,96,276.5143378360712,147.15906899530597
site_f5bcf8a88a,2026-03-07T07:45:00+00:00,4,155.8280398922252,88.94351020616364
site_f5bcf8a88a,2026-03-07T07:45:00+00:00,96,186.3269347217256,105.97357996206578
site_f5bcf8a88a,2026-03-07T08:00:00+00:00,4,152.1379568474279,89.04034429807108
site_f5bcf8a88a,2026-03-07T08:00:00+00:00,96,229.35003258052436,120.85208934671181
site_f5bcf8a88a,2026-03-07T08:15:00+00:00,4,131.04539368370834,75.96032891472429
site_f5bcf8a88a,2026-03-07T08:15:00+00:00,96,165.8908436512356,88.35452830687606
site_f5bcf8a88a,2026-03-07T08:30:00+00:00,4,125.6665717392441,73.43386747812198
site_f5bcf8a88a,2026-03-07T08:30:00+00:00,96,231.09857052454447,111.71695334655215
site_f5bcf8a88a,2026-03-07T08:45:00+00:00,4,145.9054237678285,92.24538536895093
site_f5bcf8a88a,2026-03-07T08:45:00+00:00,96,363.3656057683098,152.99401669576196
site_f5bcf8a88a,2026-03-07T09:00:00+00:00,4,168.70389304987518,133.76937461962277
site_f5bcf8a88a,2026-03-07T09:00:00+00:00,96,173.5786762379418,80.87556095076316
site_f5bcf8a88a,2026-03-07T09:15:00+00:00,4,232.64868083037103,205.53187631869508
site_f5bcf8a88a,2026-03-07T09:15:00+00:00,96,302.77799810333374,128.56562321417343
site_f5bcf8a88a,2026-03-07T09:30:00+00:00,4,234.09851297309493,206.37948873917009
site_f5bcf8a88a,2026-03-07T09:30:00+00:00,96,261.0864692660272,109.7614345289399
site_f5bcf8a88a,2026-03-07T09:45:00+00:00,4,237.17519285546715,189.98492215731756
site_f5bcf8a88a,2026-03-07T09:45:00+00:00,96,151.01197895982997,67.47607022249542
site_f5bcf8a88a,2026-03-07T10:00:00+00:00,4,210.08377375626168,195.862009348625
site_f5bcf8a88a,2026-03-07T10:00:00+00:00,96,122.22631374981297,54.590422474141654
site_f5bcf8a88a,2026-03-07T10:15:00+00:00,4,204.32926613700553,170.41744115795277
site_f5bcf8a88a,2026-03-07T10:15:00+00:00,96,191.02291104298268,70.49171656981366
site_f5bcf8a88a,2026-03-07T10:30:00+00:00,4,169.24967770744627,139.5434745016355
site_f5bcf8a88a,2026-03-07T10:30:00+00:00,96,268.2603103634176,105.28090639589384
site_f5bcf8a88a,2026-03-07T10:45:00+00:00,4,200.4201830661582,215.10145829466822
site_f5bcf8a88a,2026-03-07T10:45:00+00:00,96,214.05895949437462,125.42520674791491
site_f5bcf8a88a,2026-03-07T11:00:00+00:00,4,208.83949366040434,233.3479075472198
site_f5bcf8a88a,2026-03-07T11:00:00+00:00,96,203.76995447692474,116.08958924463978
site_f5bcf8a88a,2026-03-07T11:15:00+00:00,4,273.94898360256684,269.02327911220874
site_f5bcf8a88a,2026-03-07T11:15:00+00:00,96,359.39215082819794,242.1575920903898
site_f5bcf8a88a,2026-03-07T11:30:00+00:00,4,287.5668776023529,313.47224283641583
site_f5bcf8a88a,2026-03-07T11:30:00+00:00,96,230.48236871523153,137.42461802293622
site_f5bcf8a88a,2026-03-07T11:45:00+00:00,4,325.4850109551361,251.83211725635323
site_f5bcf8a88a,2026-03-07T11:45:00+00:00,96,232.06499239886094,113.05720886659292
site_f5bcf8a88a,2026-03-07T12:00:00+00:00,4,315.73469002272134,269.36423176617046
site_f5bcf8a88a,2026-03-07T12:00:00+00:00,96,163.9480958742048,119.98000960177177
site_f5bcf8a88a,2026-03-07T12:15:00+00:00,4,337.03996879855725,319.05935603146713
site_f5bcf8a88a,2026-03-07T12:15:00+00:00,96,205.2536900076213,159.28941697718327
site_f5bcf8a88a,2026-03-07T12:30:00+00:00,4,340.3741488909867,328.56813125911617
site_f5bcf8a88a,2026-03-07T12:30:00+00:00,96,247.2994162677636,86.60664769561106
site_f5bcf8a88a,2026-03-07T12:45:00+00:00,4,356.14420960207906,305.8909748053694
site_f5bcf8a88a,2026-03-07T12:45:00+00:00,96,447.64889430062533,188.27087717931533
site_f5bcf8a88a,2026-03-07T13:00:00+00:00,4,212.8253338111975,339.18102702909744
site_f5bcf8a88a,2026-03-07T13:00:00+00:00,96,465.9175979966558,183.46823562714303
site_f5bcf8a88a,2026-03-07T13:15:00+00:00,4,188.89609110781703,230.69859943572683
site_f5bcf8a88a,2026-03-07T13:15:00+00:00,96,329.8901466406977,127.59354572783688
site_f5bcf8a88a,2026-03-07T13:30:00+00:00,4,153.71727393774225,83.11421797980188
site_f5bcf8a88a,2026-03-07T13:30:00+00:00,96,248.9798452281153,105.4093512614966
site_f5bcf8a88a,2026-03-07T13:45:00+00:00,4,163.50613379006816,84.87472377424818
site_f5bcf8a88a,2026-03-07T13:45:00+00:00,96,420.2459839727666,178.47328804903654
site_f5bcf8a88a,2026-03-07T14:00:00+00:00,4,237.7500778781477,221.52814185075812
site_f5bcf8a88a,2026-03-07T14:00:00+00:00,96,189.64078396389488,89.95526184902245
site_f5bcf8a88a,2026-03-07T14:15:00+00:00,4,265.91617012894835,148.76103420062356
site_f5bcf8a88a,2026-03-07T14:15:00+00:00,96,218.477801462239,116.51460203524846
site_f5bcf8a88a,2026-03-07T14:30:00+00:00,4,167.60391956771886,81.61154159644565
site_f5bcf8a88a,2026-03-07T14:30:00+00:00,96,121.17537937754791,66.55985893529024
site_f5bcf8a88a,2026-03-07T14:45:00+00:00,4,228.08929064121736,202.96250345094316
site_f5bcf8a88a,2026-03-07T14:45:00+00:00,96,147.88513783684374,77.34226527349577
site_f5bcf8a88a,2026-03-07T15:00:00+00:00,4,237.99015695442532,239.63536404198084
site_f5bcf8a88a,2026-03-07T15:00:00+00:00,96,180.48683018380905,97.06701187425996
site_f5bcf8a88a,2026-03-07T15:15:00+00:00,4,130.74339764941587,62.235419237531964
site_f5bcf8a88a,2026-03-07T15:15:00+00:00,96,205.43059398833654,102.60340989441063
site_f5bcf8a88a,2026-03-07T15:30:00+00:00,4,134.67852312840196,250.2819147734445
site_f5bcf8a88a,2026-03-07T15:30:00+00:00,96,218.65299787912886,168.29027679331193
site_f5bcf8a88a,2026-03-07T15:45:00+00:00,4,141.3013852292549,223.30548240139265
site_f5bcf8a88a,2026-03-07T15:45:00+00:00,96,274.908206499839,200.36270389211924
site_f5bcf8a88a,2026-03-07T16:00:00+00:00,4,140.7521087006884,128.10438261742127
site_f5bcf8a88a,2026-03-07T16:00:00+00:00,96,209.3972122509214,162.02846586970273
site_f5bcf8a88a,2026-03-07T16:15:00+00:00,4,112.66239503048115,87.82942335224227
site_f5bcf8a88a,2026-03-07T16:15:00+00:00,96,276.0891028739844,159.52315211196543
site_f5bcf8a88a,2026-03-07T16:30:00+00:00,4,160.7603083308332,188.9954232643414
site_f5bcf8a88a,2026-03-07T16:30:00+00:00,96,246.21151749395526,149.64181707529772
site_f5bcf8a88a,2026-03-07T16:45:00+00:00,4,168.4678672665762,222.9025221908158
site_f5bcf8a88a,2026-03-07T16:45:00+00:00,96,224.6106570863056,191.06504364925422
site_f5bcf8a88a,2026-03-07T17:00:00+00:00,4,153.26110874495805,219.37417818926113
site_f5bcf8a88a,2026-03-07T17:00:00+00:00,96,298.83282398693245,159.63718180880193
site_f5bcf8a88a,2026-03-07T17:15:00+00:00,4,147.7901909687142,202.6647906643577
site_f5bcf8a88a,2026-03-07T17:15:00+00:00,96,385.5121471122216,212.37582761130224
site_f5bcf8a88a,2026-03-07T17:30:00+00:00,4,171.29555885960733,262.69348668198865
site_f5bcf8a88a,2026-03-07T17:30:00+00:00,96,185.73154136777617,149.43671303231628
site_f5bcf8a88a,2026-03-07T17:45:00+00:00,4,169.30281492891143,202.9960238631031
site_f5bcf8a88a,2026-03-07T17:45:00+00:00,96,202.55242915981998,110.2912516880775
site_f5bcf8a88a,2026-03-07T18:00:00+00:00,4,160.22037921955248,246.35489715432286
site_f5bcf8a88a,2026-03-07T18:00:00+00:00,96,213.78698037238792,103.75076170202038
site_f5bcf8a88a,2026-03-07T18:15:00+00:00,4,142.3669090469915,190.89654392514976
site_f5bcf8a88a,2026-03-07T18:15:00+00:00,96,275.9840041985582,129.8320746364125
site_f5bcf8a88a,2026-03-07T18:30:00+00:00,4,140.315983577515,114.05113921825453
site_f5bcf8a88a,2026-03-07T18:30:00+00:00,96,259.52002746606155,122.1498580782675
site_f5bcf8a88a,2026-03-07T18:45:00+00:00,4,128.08696588146472,170.78933941411407
site_f5bcf8a88a,2026-03-07T18:45:00+00:00,96,293.30311888240146,174.4439455280299
site_f5bcf8a88a,2026-03-07T19:00:00+00:00,4,77.7896099739236,95.88283091433557
site_f5bcf8a88a,2026-03-07T19:00:00+00:00,96,103.37200217744342,55.00269719987974
site_f5bcf8a88a,2026-03-07T19:15:00+00:00,4,89.7133028109723,45.91120811675456
site_f5bcf8a88a,2026-03-07T19:15:00+00:00,96,172.92551490101192,135.66140075209165
site_f5bcf8a88a,2026-03-07T19:30:00+00:00,4,84.9289168764866,66.27532058591451
site_f5bcf8a88a,2026-03-07T19:30:00+00:00,96,186.88690220821996,81.44711358325986
site_f5bcf8a88a,2026-03-07T19:45:00+00:00,4,73.80491466268269,117.40029051634936
site_f5bcf8a88a,2026-03-07T19:45:00+00:00,96,288.9922633145204,195.11086449528642
site_f5bcf8a88a,2026-03-07T20:00:00+00:00,4,66.88966546262797,134.5802388781808
site_f5bcf8a88a,2026-03-07T20:00:00+00:00,96,189.47948302605505,101.21044720191102
site_f5bcf8a88a,2026-03-07T20:15:00+00:00,4,105.789794861516,124.42046775388349
site_f5bcf8a88a,2026-03-07T20:15:00+00:00,96,159.25308365384245,74.96670226237072
site_f5bcf8a88a,2026-03-07T20:30:00+00:00,4,105.53020544271918,77.90674333867472
site_f5bcf8a88a,2026-03-07T20:30:00+00:00,96,179.02007944950557,82.37622454343928
site_f5bcf8a88a,2026-03-07T20:45:00+00:00,4,98.7494057002159,71.66032509794611
site_f5bcf8a88a,2026-03-07T20:45:00+00:00,96,134.59946119032682,61.842207583206715
site_f5bcf8a88a,2026-03-07T21:00:00+00:00,4,78.90801963668227,54.21004084058264
site_f5bcf8a88a,2026-03-07T21:00:00+00:00,96,118.01902190177779,52.24720095265739
site_f5bcf8a88a,2026-03-07T21:15:00+00:00,4,70.20980005743232,46.15458963744412
site_f5bcf8a88a,2026-03-07T21:15:00+00:00,96,137.54442045320124,59.64885788679212
site_f5bcf8a88a,2026-03-07T21:30:00+00:00,4,122.43897082590348,73.7054781633432
site_f5bcf8a88a,2026-03-07T21:30:00+00:00,96,139.18454485160464,60.60762868799877
site_f5bcf8a88a,2026-03-07T21:45:00+00:00,4,108.82292202548662,70.41361466717314
site_f5bcf8a88a,2026-03-07T21:45:00+00:00,96,231.9705988791463,128.00946669277326
site_f5bcf8a88a,2026-03-07T22:00:00+00:00,4,128.60261516475077,90.89458603990329
site_f5bcf8a88a,2026-03-07T22:00:00+00:00,96,202.83304914317952,98.90785951831738
site_f5bcf8a88a,2026-03-07T22:15:00+00:00,4,169.3889190939879,102.62655797305464
site_f5bcf8a88a,2026-03-07T22:15:00+00:00,96,158.1028601544555,78.78316344050455
site_f5bcf8a88a,2026-03-07T22:30:00+00:00,4,210.10488187894333,131.49898529844955
site_f5bcf8a88a,2026-03-07T22:30:00+00:00,96,111.18826436997196,81.01076719606323
site_f5bcf8a88a,2026-03-07T22:45:00+00:00,4,248.1892014463325,152.36375551904268
site_f5bcf8a88a,2026-03-07T22:45:00+00:00,96,180.2596878668141,110.19377376877775
site_f5bcf8a88a,2026-03-07T23:00:00+00:00,4,221.695361120183,134.41270721572775
site_f5bcf8a88a,2026-03-07T23:00:00+00:00,96,116.54378391697884,60.92812020371021
site_f5bcf8a88a,2026-03-07T23:15:00+00:00,4,251.66399211011722,159.38822577103872
site_f5bcf8a88a,2026-03-07T23:15:00+00:00,96,116.68890713182282,61.230147682222416
site_f5bcf8a88a,2026-03-07T23:30:00+00:00,4,201.05518264020222,195.53998794046979
site_f5bcf8a88a,2026-03-07T23:30:00+00:00,96,77.06633622877678,44.201939341826964
site_f5bcf8a88a,2026-03-07T23:45:00+00:00,4,151.09444479567333,119.5796835558512
site_f5bcf8a88a,2026-03-07T23:45:00+00:00,96,52.80889274393881,29.262393681364586
site_f5bcf8a88a,2026-03-08T00:00:00+00:00,4,147.80186662556375,84.74506471362491
site_f5bcf8a88a,2026-03-08T00:00:00+00:00,96,42.38110887835208,25.023813586239626
site_f5bcf8a88a,2026-03-08T00:15:00+00:00,4,164.80456342600993,95.67524966264757
site_f5bcf8a88a,2026-03-08T00:15:00+00:00,96,44.3087306602134,25.84702172986672
site_f5bcf8a88a,2026-03-08T00:30:00+00:00,4,194.79018887803176,109.07250554490332
site_f5bcf8a88a,2026-03-08T00:30:00+00:00,96,70.13219876851821,41.05648991405857
site_f5bcf8a88a,2026-03-08T00:45:00+00:00,4,171.7838981707966,98.65507036621702
site_f5bcf8a88a,2026-03-08T00:45:00+00:00,96,62.561334663685315,37.711898165602754
site_f5bcf8a88a,2026-03-08T01:00:00+00:00,4,215.30634155335724,136.1200293136215
site_f5bcf8a88a,2026-03-08T01:00:00+00:00,96,54.87075485309226,33.39755663237183
site_f5bcf8a88a,2026-03-08T01:15:00+00:00,4,238.83250924614467,152.22704455493601
site_f5bcf8a88a,2026-03-08T01:15:00+00:00,96,74.37111828518995,45.385189018323565
site_f5bcf8a88a,2026-03-08T01:30:00+00:00,4,121.60245102900265,181.31472071912953
site_f5bcf8a88a,2026-03-08T01:30:00+00:00,96,94.3060751694016,58.615311168052024
site_f5bcf8a88a,2026-03-08T01:45:00+00:00,4,89.28799087273606,77.01142304962573
site_f5bcf8a88a,2026-03-08T01:45:00+00:00,96,58.049804106559414,35.03993779112361
site_f5bcf8a88a,2026-03-08T02:00:00+00:00,4,137.72540319325662,88.99143021841533
site_f5bcf8a88a,2026-03-08T02:00:00+00:00,96,62.14488974705671,36.309446627773134
site_f5bcf8a88a,2026-03-08T02:15:00+00:00,4,138.24499015293085,88.7917826616654
site_f5bcf8a88a,2026-03-08T02:15:00+00:00,96,61.46095080537619,36.646577527353024
site_f5bcf8a88a,2026-03-08T02:30:00+00:00,4,93.04025692452922,62.94333251944
site_f5bcf8a88a,2026-03-08T02:30:00+00:00,96,78.121656656199,47.092759803159744
site_f5bcf8a88a,2026-03-08T02:45:00+00:00,4,75.89056451458269,52.260879823292086
site_f5bcf8a88a,2026-03-08T02:45:00+00:00,96,87.74468349793807,52.587454729926804
site_f5bcf8a88a,2026-03-08T03:00:00+00:00,4,57.32062630104668,35.51206307574969
site_f5bcf8a88a,2026-03-08T03:00:00+00:00,96,95.15535059688571,57.55382837736612
site_f5bcf8a88a,2026-03-08T03:15:00+00:00,4,42.94538599282908,30.180914490142307
site_f5bcf8a88a,2026-03-08T03:15:00+00:00,96,99.23403546403938,56.967059400935355
site_f5bcf8a88a,2026-03-08T03:30:00+00:00,4,83.65756698160001,53.06043313805983
site_f5bcf8a88a,2026-03-08T03:30:00+00:00,96,115.27376257864248,63.700434487458246
site_f5bcf8a88a,2026-03-08T03:45:00+00:00,4,107.87352589543444,69.97786674207666
site_f5bcf8a88a,2026-03-08T03:45:00+00:00,96,128.23324536874276,67.79897188945675
site_f5bcf8a88a,2026-03-08T04:00:00+00:00,4,125.29906709558222,77.49302899512463
site_f5bcf8a88a,2026-03-08T04:00:00+00:00,96,92.77062516515554,54.05117641684802
site_f5bcf8a88a,2026-03-08T04:15:00+00:00,4,84.31776505519838,52.83568585759309
site_f5bcf8a88a,2026-03-08T04:15:00+00:00,96,126.14828670332264,74.29179807327101
site_f5bcf8a88a,2026-03-08T04:30:00+00:00,4,142.26052608263808,89.12486725339986
site_f5bcf8a88a,2026-03-08T04:30:00+00:00,96,94.39490481770787,59.03592674296971
site_f5bcf8a88a,2026-03-08T04:45:00+00:00,4,191.8139172836176,118.44011293931246
site_f5bcf8a88a,2026-03-08T04:45:00+00:00,96,93.68841740648806,59.71548030092304
site_f5bcf8a88a,2026-03-08T05:00:00+00:00,4,165.10134420599786,100.64876252814736
site_f5bcf8a88a,2026-03-08T05:00:00+00:00,96,98.18029637726247,65.7248674876445
site_f5bcf8a88a,2026-03-08T05:15:00+00:00,4,140.2601081723425,85.67604149851257
site_f5bcf8a88a,2026-03-08T05:15:00+00:00,96,132.8829954817511,77.62553355571039
site_f5bcf8a88a,2026-03-08T05:30:00+00:00,4,120.45925504501862,76.01745944528284
site_f5bcf8a88a,2026-03-08T05:30:00+00:00,96,235.24256801750442,140.32312537925327
site_f5bcf8a88a,2026-03-08T05:45:00+00:00,4,144.61657490071084,93.07770764970353
site_f5bcf8a88a,2026-03-08T05:45:00+00:00,96,196.91717196327562,115.23256938801151
site_f5bcf8a88a,2026-03-08T06:00:00+00:00,4,103.13753141750283,65.91719816059133
site_f5bcf8a88a,2026-03-08T06:00:00+00:00,96,106.77317726671669,140.97440185752131
site_f5bcf8a88a,2026-03-08T06:15:00+00:00,4,93.31389369593855,60.42539597608995
site_f5bcf8a88a,2026-03-08T06:15:00+00:00,96,114.5795788484728,80.51555453807674
site_f5bcf8a88a,2026-03-08T06:30:00+00:00,4,80.92398913053847,52.56022636116689
site_f5bcf8a88a,2026-03-08T06:30:00+00:00,96,149.93679105553275,83.41098310471213
site_f5bcf8a88a,2026-03-08T06:45:00+00:00,4,74.6942765975554,50.066560547616376
site_f5bcf8a88a,2026-03-08T06:45:00+00:00,96,112.09711400501745,61.05435257664117
site_f5bcf8a88a,2026-03-08T07:00:00+00:00,4,109.84165578447308,73.15716742359862
site_f5bcf8a88a,2026-03-08T07:00:00+00:00,96,129.61147335680806,74.06768967246458
site_f5bcf8a88a,2026-03-08T07:15:00+00:00,4,93.09908163754922,61.339561607469555
site_f5bcf8a88a,2026-03-08T07:15:00+00:00,96,95.37008640499286,55.34898289747691
site_f5bcf8a88a,2026-03-08T07:30:00+00:00,4,98.56150691418303,61.525419108759095
site_f5bcf8a88a,2026-03-08T07:30:00+00:00,96,109.89261593288896,65.06631789759385
site_f5bcf8a88a,2026-03-08T07:45:00+00:00,4,147.0862656344253,101.16519743730571
site_f5bcf8a88a,2026-03-08T07:45:00+00:00,96,131.31499745779826,82.92986757443622
site_f5bcf8a88a,2026-03-08T08:00:00+00:00,4,116.44523404664716,72.12972001651264
site_f5bcf8a88a,2026-03-08T08:00:00+00:00,96,181.5883421813989,138.10539975996937
site_f5bcf8a88a,2026-03-08T08:15:00+00:00,4,134.44127620854582,82.05391751416062
site_f5bcf8a88a,2026-03-08T08:15:00+00:00,96,301.48016287464935,249.43601703692255
site_f5bcf8a88a,2026-03-08T08:30:00+00:00,4,122.91080420160606,74.92360328589902
site_f5bcf8a88a,2026-03-08T08:30:00+00:00,96,304.7142665814036,252.3130309232351
site_f5bcf8a88a,2026-03-08T08:45:00+00:00,4,144.31254998177215,74.50206723035431
site_f5bcf8a88a,2026-03-08T08:45:00+00:00,96,291.45243599571495,216.4571804395824
site_f5bcf8a88a,2026-03-08T09:00:00+00:00,4,116.95468752829346,87.59458888978824
site_f5bcf8a88a,2026-03-08T09:00:00+00:00,96,151.53886604243803,133.5354790385035
site_f5bcf8a88a,2026-03-08T09:15:00+00:00,4,123.38721773375485,67.65209522358029
site_f5bcf8a88a,2026-03-08T09:15:00+00:00,96,149.81047670765858,115.32603709369273
site_f5bcf8a88a,2026-03-08T09:30:00+00:00,4,134.35886847633356,108.91666229490659
site_f5bcf8a88a,2026-03-08T09:30:00+00:00,96,114.27122661120877,88.47248391144878
site_f5bcf8a88a,2026-03-08T09:45:00+00:00,4,154.48662588203644,132.9724486771446
site_f5bcf8a88a,2026-03-08T09:45:00+00:00,96,154.46024835915364,157.7581250669027
site_f5bcf8a88a,2026-03-08T10:00:00+00:00,4,148.9376678397668,79.46497624035094
site_f5bcf8a88a,2026-03-08T10:00:00+00:00,96,138.02168205706107,148.16029825731107
site_f5bcf8a88a,2026-03-08T10:15:00+00:00,4,161.70451324531555,78.45162598176452
site_f5bcf8a88a,2026-03-08T10:15:00+00:00,96,194.24447508087349,182.4433295406705
site_f5bcf8a88a,2026-03-08T10:30:00+00:00,4,148.90465590705833,67.6270424343195
site_f5bcf8a88a,2026-03-08T10:30:00+00:00,96,200.6637600867932,210.2916964809507
site_f5bcf8a88a,2026-03-08T10:45:00+00:00,4,153.82412750565342,65.96531317417995
site_f5bcf8a88a,2026-03-08T10:45:00+00:00,96,260.17786297807584,182.564058636298
site_f5bcf8a88a,2026-03-08T11:00:00+00:00,4,149.81688611624006,60.53310809190035
site_f5bcf8a88a,2026-03-08T11:00:00+00:00,96,224.56871583869463,180.83864073889777
site_f5bcf8a88a,2026-03-08T11:15:00+00:00,4,114.65161914855585,46.90428876307377
site_f5bcf8a88a,2026-03-08T11:15:00+00:00,96,251.85570518355019,227.88156548065587
site_f5bcf8a88a,2026-03-08T11:30:00+00:00,4,147.41131899622067,59.62807755703611
site_f5bcf8a88a,2026-03-08T11:30:00+00:00,96,257.0722621767444,237.44557824386385
site_f5bcf8a88a,2026-03-08T11:45:00+00:00,4,179.78486898710443,148.3538057671185
site_f5bcf8a88a,2026-03-08T11:45:00+00:00,96,232.70462118893818,189.69324377911946
site_f5bcf8a88a,2026-03-08T12:00:00+00:00,4,184.68886776239293,106.64009777724279
site_f5bcf8a88a,2026-03-08T12:00:00+00:00,96,108.52363013952663,173.2378431410954
site_f5bcf8a88a,2026-03-08T12:15:00+00:00,4,227.79412146522736,170.9614613023046
site_f5bcf8a88a,2026-03-08T12:15:00+00:00,96,113.2470826757712,136.00348835574206
site_f5bcf8a88a,2026-03-08T12:30:00+00:00,4,181.86255339245574,81.78948226759968
site_f5bcf8a88a,2026-03-08T12:30:00+00:00,96,96.96824601455845,52.876570290538076
site_f5bcf8a88a,2026-03-08T12:45:00+00:00,4,166.9601905379336,69.6035712808465
site_f5bcf8a88a,2026-03-08T12:45:00+00:00,96,121.15042901290393,62.14103372619866
site_f5bcf8a88a,2026-03-08T13:00:00+00:00,4,150.16939805007118,72.51260724543249
site_f5bcf8a88a,2026-03-08T13:00:00+00:00,96,294.10797324907,256.5092217232428
site_f5bcf8a88a,2026-03-08T13:15:00+00:00,4,158.23480421065852,136.7127593097825
site_f5bcf8a88a,2026-03-08T13:15:00+00:00,96,210.93047211212425,102.78843710679809
site_f5bcf8a88a,2026-03-08T13:30:00+00:00,4,236.72399498939143,108.30796537867101
site_f5bcf8a88a,2026-03-08T13:30:00+00:00,96,121.94673248864677,54.65102311289437
site_f5bcf8a88a,2026-03-08T13:45:00+00:00,4,190.0537272295636,165.23987357341585
site_f5bcf8a88a,2026-03-08T13:45:00+00:00,96,204.92614748025488,175.63653144286585
site_f5bcf8a88a,2026-03-08T14:00:00+00:00,4,226.05440594064794,167.90699650110705
site_f5bcf8a88a,2026-03-08T14:00:00+00:00,96,188.04348688992025,180.0823984678463
site_f5bcf8a88a,2026-03-08T14:15:00+00:00,4,202.61868271347788,105.68884594240242
site_f5bcf8a88a,2026-03-08T14:15:00+00:00,96,99.01457657103919,45.01351899151435
site_f5bcf8a88a,2026-03-08T14:30:00+00:00,4,200.2379541797468,98.10445973923613
site_f5bcf8a88a,2026-03-08T14:30:00+00:00,96,87.66719770972003,162.47210690522303
site_f5bcf8a88a,2026-03-08T14:45:00+00:00,4,119.43794510694346,63.217746567683136
site_f5bcf8a88a,2026-03-08T14:45:00+00:00,96,91.91659715470824,146.9546297221864
site_f5bcf8a88a,2026-03-08T15:00:00+00:00,4,126.67152520524527,80.12442724867432
site_f5bcf8a88a,2026-03-08T15:00:00+00:00,96,120.75162683400372,102.71364507211561
site_f5bcf8a88a,2026-03-08T15:15:00+00:00,4,153.97090662025178,91.0038219143768
site_f5bcf8a88a,2026-03-08T15:15:00+00:00,96,101.5449805420355,76.94894776864818
site_f5bcf8a88a,2026-03-08T15:30:00+00:00,4,211.17828304437333,143.15218741010654
site_f5bcf8a88a,2026-03-08T15:30:00+00:00,96,184.83488977097636,209.49360051790742
site_f5bcf8a88a,2026-03-08T15:45:00+00:00,4,265.30260266768613,168.089712206613
site_f5bcf8a88a,2026-03-08T15:45:00+00:00,96,146.58526360357624,185.04909518838403
site_f5bcf8a88a,2026-03-08T16:00:00+00:00,4,255.97662406294089,200.37218769768555
site_f5bcf8a88a,2026-03-08T16:00:00+00:00,96,110.12667079539514,149.8202982747215
site_f5bcf8a88a,2026-03-08T16:15:00+00:00,4,302.89564800480537,194.98404075705588
site_f5bcf8a88a,2026-03-08T16:15:00+00:00,96,127.53649366788956,164.78545888791874
site_f5bcf8a88a,2026-03-08T16:30:00+00:00,4,214.4647420546039,141.839822069086
site_f5bcf8a88a,2026-03-08T16:30:00+00:00,96,188.4218130869857,277.0002357749493
site_f5bcf8a88a,2026-03-08T16:45:00+00:00,4,155.07121327961346,103.69057370364207
site_f5bcf8a88a,2026-03-08T16:45:00+00:00,96,158.89196387273552,172.55990459545237
site_f5bcf8a88a,2026-03-08T17:00:00+00:00,4,201.8254102971195,131.23632410167738
site_f5bcf8a88a,2026-03-08T17:00:00+00:00,96,173.7485022670503,255.36175762961506
site_f5bcf8a88a,2026-03-08T17:15:00+00:00,4,162.10832013665888,106.48988949523248
site_f5bcf8a88a,2026-03-08T17:15:00+00:00,96,120.3406086422037,154.43009368204267
site_f5bcf8a88a,2026-03-08T17:30:00+00:00,4,79.57517035434553,53.75508924300412
site_f5bcf8a88a,2026-03-08T17:30:00+00:00,96,128.4579372105362,97.02574734410831
site_f5bcf8a88a,2026-03-08T17:45:00+00:00,4,52.59158258543409,34.65429890395388
site_f5bcf8a88a,2026-03-08T17:45:00+00:00,96,99.65831473748483,130.844512890862
site_f5bcf8a88a,2026-03-08T18:00:00+00:00,4,124.71679709127532,79.54256222328178
site_f5bcf8a88a,2026-03-08T18:00:00+00:00,96,65.09953970870458,79.6113566238049
site_f5bcf8a88a,2026-03-08T18:15:00+00:00,4,111.26824225229149,74.24086540257991
site_f5bcf8a88a,2026-03-08T18:15:00+00:00,96,82.99858424803467,40.256139199553076
site_f5bcf8a88a,2026-03-08T18:30:00+00:00,4,86.00376801127368,54.572827986651475
site_f5bcf8a88a,2026-03-08T18:30:00+00:00,96,77.91814886587169,59.162283620701224
site_f5bcf8a88a,2026-03-08T18:45:00+00:00,4,100.30294234910515,56.5202098644502
site_f5bcf8a88a,2026-03-08T18:45:00+00:00,96,83.19287084129708,131.07747535050225
site_f5bcf8a88a,2026-03-08T19:00:00+00:00,4,156.63819276398453,86.54027826518843
site_f5bcf8a88a,2026-03-08T19:00:00+00:00,96,65.73784604395182,127.77462733904292
site_f5bcf8a88a,2026-03-08T19:15:00+00:00,4,152.11210217646303,84.29232972391839
site_f5bcf8a88a,2026-03-08T19:15:00+00:00,96,170.79114461305687,184.20596386158797
site_f5bcf8a88a,2026-03-08T19:30:00+00:00,4,67.50026543259189,38.94121944219616
site_f5bcf8a88a,2026-03-08T19:30:00+00:00,96,106.38108326115749,68.57956464761358
site_f5bcf8a88a,2026-03-08T19:45:00+00:00,4,111.25577950997605,88.22560842850578
site_f5bcf8a88a,2026-03-08T19:45:00+00:00,96,129.30557419872113,83.2888568786212
site_f5bcf8a88a,2026-03-08T20:00:00+00:00,4,81.7835713215562,64.9059624448172
site_f5bcf8a88a,2026-03-08T20:00:00+00:00,96,92.09132543688112,54.51533945059395
site_f5bcf8a88a,2026-03-08T20:15:00+00:00,4,85.26335087600886,43.52484671995687
site_f5bcf8a88a,2026-03-08T20:15:00+00:00,96,78.34721294363422,43.35060890523093
site_f5bcf8a88a,2026-03-08T20:30:00+00:00,4,140.7373844672515,77.10481754270222
site_f5bcf8a88a,2026-03-08T20:30:00+00:00,96,177.32600091911118,93.87299464782835
site_f5bcf8a88a,2026-03-08T20:45:00+00:00,4,155.9111652118144,215.5541786315617
site_f5bcf8a88a,2026-03-08T20:45:00+00:00,96,165.09662349400634,92.1848234603566
site_f5bcf8a88a,2026-03-08T21:00:00+00:00,4,107.02497155211364,71.08631398493004
site_f5bcf8a88a,2026-03-08T21:00:00+00:00,96,160.0466248465433,100.61967850728423
site_f5bcf8a88a,2026-03-08T21:15:00+00:00,4,102.99596479133068,60.6145229928088
site_f5bcf8a88a,2026-03-08T21:15:00+00:00,96,208.56484187383597,111.38013405087457
site_f5bcf8a88a,2026-03-08T21:30:00+00:00,4,77.39618764823678,46.02209243276831
site_f5bcf8a88a,2026-03-08T21:30:00+00:00,96,481.999665942763,272.3990849771856
site_f5bcf8a88a,2026-03-08T21:45:00+00:00,4,132.15677239345717,74.12356202746781
site_f5bcf8a88a,2026-03-08T21:45:00+00:00,96,508.299175467504,285.8193224679645
site_f5bcf8a88a,2026-03-08T22:00:00+00:00,4,99.2221420377929,74.31358849737236
site_f5bcf8a88a,2026-03-08T22:00:00+00:00,96,279.80642096550423,149.75778421763366
site_f5bcf8a88a,2026-03-08T22:15:00+00:00,4,133.44963481935153,77.29546634746991
site_f5bcf8a88a,2026-03-08T22:15:00+00:00,96,331.7639610986987,189.47154342547557
site_f5bcf8a88a,2026-03-08T22:30:00+00:00,4,110.66592855086694,88.27320977885111
site_f5bcf8a88a,2026-03-08T22:30:00+00:00,96,126.27258766567059,122.07741301117161
site_f5bcf8a88a,2026-03-08T22:45:00+00:00,4,121.3219291056194,69.23319111847363
site_f5bcf8a88a,2026-03-08T22:45:00+00:00,96,93.54034857922267,74.22418550333741
site_f5bcf8a88a,2026-03-08T23:00:00+00:00,4,105.89917591184667,69.9196148052101
site_f5bcf8a88a,2026-03-08T23:00:00+00:00,96,83.87906759065939,48.217065190750006
site_f5bcf8a88a,2026-03-08T23:15:00+00:00,4,97.7725006342141,56.014783696555355
site_f5bcf8a88a,2026-03-08T23:15:00+00:00,96,90.45770624549127,52.335698611747965
site_f5bcf8a88a,2026-03-08T23:30:00+00:00,4,67.05750390758216,40.09192915940145
site_f5bcf8a88a,2026-03-08T23:30:00+00:00,96,113.62347120639778,63.23209871086938
site_f5bcf8a88a,2026-03-08T23:45:00+00:00,4,64.94080575010558,35.0589686610113
site_f5bcf8a88a,2026-03-08T23:45:00+00:00,96,78.15247222580129,44.64217188355222
site_f5bcf8a88a,2026-03-09T00:00:00+00:00,4,44.4260953240451,24.79147155277139
site_f5bcf8a88a,2026-03-09T00:00:00+00:00,96,172.76325784397926,99.15886358509597
site_f5bcf8a88a,2026-03-09T00:15:00+00:00,4,63.12266457271051,33.99675382504847
site_f5bcf8a88a,2026-03-09T00:15:00+00:00,96,148.46021722670775,91.90260057224617
site_f5bcf8a88a,2026-03-09T00:30:00+00:00,4,116.49177297881384,71.3110191874519
site_f5bcf8a88a,2026-03-09T00:30:00+00:00,96,86.09580708673317,130.5605993297225
site_f5bcf8a88a,2026-03-09T00:45:00+00:00,4,87.9402982944943,49.51546175865571
site_f5bcf8a88a,2026-03-09T00:45:00+00:00,96,81.06160066587404,70.46288182501753
site_f5bcf8a88a,2026-03-09T01:00:00+00:00,4,76.38658513154307,41.00982915346168
site_f5bcf8a88a,2026-03-09T01:00:00+00:00,96,158.50701096324946,96.46782857288557
site_f5bcf8a88a,2026-03-09T01:15:00+00:00,4,151.48283278602614,79.97910904005019
site_f5bcf8a88a,2026-03-09T01:15:00+00:00,96,147.63286647315172,91.4605551301137
site_f5bcf8a88a,2026-03-09T01:30:00+00:00,4,214.20536618982544,110.81371503253335
site_f5bcf8a88a,2026-03-09T01:30:00+00:00,96,98.64881829980357,63.247457080746365
site_f5bcf8a88a,2026-03-09T01:45:00+00:00,4,155.06098085577773,79.74898567112677
site_f5bcf8a88a,2026-03-09T01:45:00+00:00,96,79.912160155925,51.81293089358795
site_f5bcf8a88a,2026-03-09T02:00:00+00:00,4,267.4366173130606,159.13391600181603
site_f5bcf8a88a,2026-03-09T02:00:00+00:00,96,56.066939765975675,37.3053626526314
site_f5bcf8a88a,2026-03-09T02:15:00+00:00,4,293.48406352041025,247.4058698020507
site_f5bcf8a88a,2026-03-09T02:15:00+00:00,96,54.231627719831764,36.10586034178529
site_f5bcf8a88a,2026-03-09T02:30:00+00:00,4,265.08275395134353,164.40679355746224
site_f5bcf8a88a,2026-03-09T02:30:00+00:00,96,100.2871664051421,62.2271296306108
site_f5bcf8a88a,2026-03-09T02:45:00+00:00,4,193.47040822012775,121.14727306441937
site_f5bcf8a88a,2026-03-09T02:45:00+00:00,96,119.46915619409367,74.4327988652727
site_f5bcf8a88a,2026-03-09T03:00:00+00:00,4,206.94474826268097,159.2137510187427
site_f5bcf8a88a,2026-03-09T03:00:00+00:00,96,125.08917300160246,75.82802647863127
site_f5bcf8a88a,2026-03-09T03:15:00+00:00,4,310.2199557543701,239.5757678254438
site_f5bcf8a88a,2026-03-09T03:15:00+00:00,96,79.24192546096775,52.286757461487774
site_f5bcf8a88a,2026-03-09T03:30:00+00:00,4,274.9854210702862,172.78938125709269
site_f5bcf8a88a,2026-03-09T03:30:00+00:00,96,221.68251023107166,131.52504819752335
site_f5bcf8a88a,2026-03-09T03:45:00+00:00,4,263.03492606784266,267.6601166537233
site_f5bcf8a88a,2026-03-09T03:45:00+00:00,96,242.38394415536078,143.4913012355393
site_f5bcf8a88a,2026-03-09T04:00:00+00:00,4,238.13914615347448,164.20950602070036
site_f5bcf8a88a,2026-03-09T04:00:00+00:00,96,128.78017356997395,77.02799849381746
site_f5bcf8a88a,2026-03-09T04:15:00+00:00,4,289.7518060733424,189.83630603589552
site_f5bcf8a88a,2026-03-09T04:15:00+00:00,96,130.4959621681564,79.30338022968208
site_f5bcf8a88a,2026-03-09T04:30:00+00:00,4,358.3127991495384,397.3327118948914
site_f5bcf8a88a,2026-03-09T04:30:00+00:00,96,115.27855866601304,73.05285955883976
site_f5bcf8a88a,2026-03-09T04:45:00+00:00,4,386.54735886124047,728.5417026753793
site_f5bcf8a88a,2026-03-09T04:45:00+00:00,96,130.08201128319763,84.3024510421965
site_f5bcf8a88a,2026-03-09T05:00:00+00:00,4,296.79998809874235,457.84577469858425
site_f5bcf8a88a,2026-03-09T05:00:00+00:00,96,108.11849505650538,70.72955470652666
site_f5bcf8a88a,2026-03-09T05:15:00+00:00,4,370.81674499854876,519.051042892047
site_f5bcf8a88a,2026-03-09T05:15:00+00:00,96,116.90508166729192,75.04923444603052
site_f5bcf8a88a,2026-03-09T05:30:00+00:00,4,413.0374412764997,869.1976077606647
site_f5bcf8a88a,2026-03-09T05:30:00+00:00,96,119.42249580913138,79.00544762701827
site_f5bcf8a88a,2026-03-09T05:45:00+00:00,4,381.7944711817515,711.6451340634433
site_f5bcf8a88a,2026-03-09T05:45:00+00:00,96,122.7894785560549,80.68980593411055
site_f5bcf8a88a,2026-03-09T06:00:00+00:00,4,409.57883966724455,769.369745452863
site_f5bcf8a88a,2026-03-09T06:00:00+00:00,96,144.57108343290855,89.73696502837238
site_f5bcf8a88a,2026-03-09T06:15:00+00:00,4,414.9023925677514,912.5208737649426
site_f5bcf8a88a,2026-03-09T06:15:00+00:00,96,120.91076489464112,76.88207505750012
site_f5bcf8a88a,2026-03-09T06:30:00+00:00,4,444.0468917097967,1058.5442271877835
site_f5bcf8a88a,2026-03-09T06:30:00+00:00,96,120.26131009649428,76.50218061512916
site_f5bcf8a88a,2026-03-09T06:45:00+00:00,4,451.99147922364676,1152.2061326019443
site_f5bcf8a88a,2026-03-09T06:45:00+00:00,96,162.9016647243206,110.43773619822197
site_f5bcf8a88a,2026-03-09T07:00:00+00:00,4,591.9506312814016,1535.9567274257001
site_f5bcf8a88a,2026-03-09T07:00:00+00:00,96,131.28423483808135,79.98021035008202
site_f5bcf8a88a,2026-03-09T07:15:00+00:00,4,560.1128127929044,1459.8572891970014
site_f5bcf8a88a,2026-03-09T07:15:00+00:00,96,170.0669824359802,98.68924474892455
site_f5bcf8a88a,2026-03-09T07:30:00+00:00,4,704.7314979046721,1817.2606233608938
site_f5bcf8a88a,2026-03-09T07:30:00+00:00,96,131.19694936252588,79.68359369450452
site_f5bcf8a88a,2026-03-09T07:45:00+00:00,4,701.0354715243332,1806.9388187310767
site_f5bcf8a88a,2026-03-09T07:45:00+00:00,96,163.15492173367335,80.37326372869208
site_f5bcf8a88a,2026-03-09T08:00:00+00:00,4,559.8470921912556,1455.6631723956812
site_f5bcf8a88a,2026-03-09T08:00:00+00:00,96,155.27331522505042,113.61920881378454
site_f5bcf8a88a,2026-03-09T08:15:00+00:00,4,596.1280011046726,1547.088606050871
site_f5bcf8a88a,2026-03-09T08:15:00+00:00,96,170.7024232626007,86.500881879213
site_f5bcf8a88a,2026-03-09T08:30:00+00:00,4,554.1924137875772,1446.2488952143958
site_f5bcf8a88a,2026-03-09T08:30:00+00:00,96,180.840769299791,141.0744036984159
site_f5bcf8a88a,2026-03-09T08:45:00+00:00,4,541.7954367391621,1409.4600793531492
site_f5bcf8a88a,2026-03-09T08:45:00+00:00,96,195.299290296573,160.89405720790052
site_f5bcf8a88a,2026-03-09T09:00:00+00:00,4,502.9871370361056,1315.9867497574417
site_f5bcf8a88a,2026-03-09T09:00:00+00:00,96,167.04538696806077,82.17365501174758
site_f5bcf8a88a,2026-03-09T09:15:00+00:00,4,427.36326436200693,1129.1900730704576
site_f5bcf8a88a,2026-03-09T09:15:00+00:00,96,201.8481811636317,91.12209364835189
site_f5bcf8a88a,2026-03-09T09:30:00+00:00,4,471.7959645334995,1240.6811833415045
site_f5bcf8a88a,2026-03-09T09:30:00+00:00,96,184.1963861247785,80.08409619164829
site_f5bcf8a88a,2026-03-09T09:45:00+00:00,4,438.3547625984741,1155.6907183377957
site_f5bcf8a88a,2026-03-09T09:45:00+00:00,96,228.3663651658572,89.42993283196098
site_f5bcf8a88a,2026-03-09T10:00:00+00:00,4,539.2804934986203,1405.1172878557643
site_f5bcf8a88a,2026-03-09T10:00:00+00:00,96,141.90484892480669,57.938660000910616
site_f5bcf8a88a,2026-03-09T10:15:00+00:00,4,518.5666443099366,1348.4841671283516
site_f5bcf8a88a,2026-03-09T10:15:00+00:00,96,132.18925317516783,54.636942948060316
site_f5bcf8a88a,2026-03-09T10:30:00+00:00,4,548.6509836701896,1422.6726342202992
site_f5bcf8a88a,2026-03-09T10:30:00+00:00,96,206.95851050761283,75.84181549500667
site_f5bcf8a88a,2026-03-09T10:45:00+00:00,4,523.0043599279697,1358.077375431297
site_f5bcf8a88a,2026-03-09T10:45:00+00:00,96,236.41608317781478,188.31498294033926
site_f5bcf8a88a,2026-03-09T11:00:00+00:00,4,563.855512113177,1468.4684219346425
site_f5bcf8a88a,2026-03-09T11:00:00+00:00,96,243.98551633269045,121.34535943843413
site_f5bcf8a88a,2026-03-09T11:15:00+00:00,4,586.5742392838526,1525.7673964187063
site_f5bcf8a88a,2026-03-09T11:15:00+00:00,96,367.37329641234305,256.6107486444838
site_f5bcf8a88a,2026-03-09T11:30:00+00:00,4,476.3375392136776,1240.0056757243408
site_f5bcf8a88a,2026-03-09T11:30:00+00:00,96,147.46721779061002,61.323095160140724
site_f5bcf8a88a,2026-03-09T11:45:00+00:00,4,513.7433642641221,1333.084985277941
site_f5bcf8a88a,2026-03-09T11:45:00+00:00,96,128.2708577334564,54.338888740454806
site_f5bcf8a88a,2026-03-09T12:00:00+00:00,4,442.275689123966,1152.7221650763613
site_f5bcf8a88a,2026-03-09T12:00:00+00:00,96,118.32872953313164,59.64190542426199
site_f5bcf8a88a,2026-03-09T12:15:00+00:00,4,473.38082472128906,1229.5778181225849
site_f5bcf8a88a,2026-03-09T12:15:00+00:00,96,130.9821853894357,114.08968306765124
site_f5bcf8a88a,2026-03-09T12:30:00+00:00,4,428.80767504324547,1121.7951569546976
site_f5bcf8a88a,2026-03-09T12:30:00+00:00,96,229.97475829940294,95.94848361090118
site_f5bcf8a88a,2026-03-09T12:45:00+00:00,4,482.4148980058756,1253.635400430111
site_f5bcf8a88a,2026-03-09T12:45:00+00:00,96,156.441640561337,133.72963067783581
site_f5bcf8a88a,2026-03-09T13:00:00+00:00,4,487.9814078560047,1218.3575670345251
site_f5bcf8a88a,2026-03-09T13:00:00+00:00,96,277.98012875210634,193.58798623336256
site_f5bcf8a88a,2026-03-09T13:15:00+00:00,4,507.3564196119968,1314.5164157334666
site_f5bcf8a88a,2026-03-09T13:15:00+00:00,96,163.39771228179515,79.88912883200175
site_f5bcf8a88a,2026-03-09T13:30:00+00:00,4,395.4186874605548,1037.2137172426496
site_f5bcf8a88a,2026-03-09T13:30:00+00:00,96,150.1231389959399,71.53221648364402
site_f5bcf8a88a,2026-03-09T13:45:00+00:00,4,326.4553453258854,862.2139528822088
site_f5bcf8a88a,2026-03-09T13:45:00+00:00,96,120.08458218054253,63.49826082071846
site_f5bcf8a88a,2026-03-09T14:00:00+00:00,4,284.9558430005128,762.2101169863483
site_f5bcf8a88a,2026-03-09T14:00:00+00:00,96,125.03507259564584,76.55754880291599
site_f5bcf8a88a,2026-03-09T14:15:00+00:00,4,398.05772910204337,1045.2374240792853
site_f5bcf8a88a,2026-03-09T14:15:00+00:00,96,150.07373136689705,88.71405614365037
site_f5bcf8a88a,2026-03-09T14:30:00+00:00,4,408.26505105685817,1090.5320650030046
site_f5bcf8a88a,2026-03-09T14:30:00+00:00,96,404.9080103734992,256.2897162989534
site_f5bcf8a88a,2026-03-09T14:45:00+00:00,4,466.3471882834256,1158.9161454392354
site_f5bcf8a88a,2026-03-09T14:45:00+00:00,96,439.5490493513891,255.83784410825933
site_f5bcf8a88a,2026-03-09T15:00:00+00:00,4,438.10563868842405,1121.3093938188217
site_f5bcf8a88a,2026-03-09T15:00:00+00:00,96,308.8779598405312,230.25089995714777
site_f5bcf8a88a,2026-03-09T15:15:00+00:00,4,404.17544042989516,989.7404511101977
site_f5bcf8a88a,2026-03-09T15:15:00+00:00,96,235.17448417616242,146.1655924156981
site_f5bcf8a88a,2026-03-09T15:30:00+00:00,4,321.31393594677985,685.498353009047
site_f5bcf8a88a,2026-03-09T15:30:00+00:00,96,189.4259018948244,118.61618709294255
site_f5bcf8a88a,2026-03-09T15:45:00+00:00,4,406.07383589670155,626.8741807967982
site_f5bcf8a88a,2026-03-09T15:45:00+00:00,96,129.03955407069049,86.21086507381878
site_f5bcf8a88a,2026-03-09T16:00:00+00:00,4,306.7250768481489,766.9707422259066
site_f5bcf8a88a,2026-03-09T16:00:00+00:00,96,158.66401420961517,102.14995452137899
site_f5bcf8a88a,2026-03-09T16:15:00+00:00,4,289.2431460249017,600.3019433407738
site_f5bcf8a88a,2026-03-09T16:15:00+00:00,96,125.04132060108935,81.98135078797205
site_f5bcf8a88a,2026-03-09T16:30:00+00:00,4,297.84276992382735,659.7780148163365
site_f5bcf8a88a,2026-03-09T16:30:00+00:00,96,98.59224512392271,68.31027007911766
site_f5bcf8a88a,2026-03-09T16:45:00+00:00,4,361.7387838823466,959.2922536083502
site_f5bcf8a88a,2026-03-09T16:45:00+00:00,96,96.85956687755795,63.96595295195807
site_f5bcf8a88a,2026-03-09T17:00:00+00:00,4,332.01863757733855,790.1022398833445
site_f5bcf8a88a,2026-03-09T17:00:00+00:00,96,177.68841046446371,108.79784667063501
site_f5bcf8a88a,2026-03-09T17:15:00+00:00,4,329.94959618791967,831.7453289688035
site_f5bcf8a88a,2026-03-09T17:15:00+00:00,96,136.8683600237408,82.05084326489339
site_f5bcf8a88a,2026-03-09T17:30:00+00:00,4,315.13538140999,816.2691431056296
site_f5bcf8a88a,2026-03-09T17:30:00+00:00,96,123.45646896538274,74.48050253475004
site_f5bcf8a88a,2026-03-09T17:45:00+00:00,4,342.4718974168233,672.6095803434143
site_f5bcf8a88a,2026-03-09T17:45:00+00:00,96,155.65700391366127,81.9368081441028
site_f5bcf8a88a,2026-03-09T18:00:00+00:00,4,367.16029917633745,811.1612203983348
site_f5bcf8a88a,2026-03-09T18:00:00+00:00,96,202.8476344117401,107.35507661587472
site_f5bcf8a88a,2026-03-09T18:15:00+00:00,4,342.8137019670271,787.9898118616867
site_f5bcf8a88a,2026-03-09T18:15:00+00:00,96,181.18714838096676,97.03266455003825
site_f5bcf8a88a,2026-03-09T18:30:00+00:00,4,321.0616163430001,856.1016178270569
site_f5bcf8a88a,2026-03-09T18:30:00+00:00,96,100.01483312656568,56.83720900958834
site_f5bcf8a88a,2026-03-09T18:45:00+00:00,4,291.6192318779981,602.6328598772723
site_f5bcf8a88a,2026-03-09T18:45:00+00:00,96,217.83049597985007,169.238889737747
site_f5bcf8a88a,2026-03-09T19:00:00+00:00,4,222.8349464412131,443.0116081917158
site_f5bcf8a88a,2026-03-09T19:00:00+00:00,96,135.99951725059645,98.1654381679328
site_f5bcf8a88a,2026-03-09T19:15:00+00:00,4,297.7195296240732,422.47158183623526
site_f5bcf8a88a,2026-03-09T19:15:00+00:00,96,140.48569554182345,72.28972620316978
site_f5bcf8a88a,2026-03-09T19:30:00+00:00,4,171.23883084047048,276.36798091266496
site_f5bcf8a88a,2026-03-09T19:30:00+00:00,96,255.71454975987118,134.59430452005023
site_f5bcf8a88a,2026-03-09T19:45:00+00:00,4,197.66172438897368,376.3188560075346
site_f5bcf8a88a,2026-03-09T19:45:00+00:00,96,189.0875453391377,266.5260303401574
site_f5bcf8a88a,2026-03-09T20:00:00+00:00,4,226.9461833104863,606.9114630846302
site_f5bcf8a88a,2026-03-09T20:00:00+00:00,96,139.85205886698378,84.6183016552224
site_f5bcf8a88a,2026-03-09T20:15:00+00:00,4,250.71533537242308,606.5024228658474
site_f5bcf8a88a,2026-03-09T20:15:00+00:00,96,139.91722918743898,76.3172634854792
site_f5bcf8a88a,2026-03-09T20:30:00+00:00,4,255.36360729673615,609.2497618220495
site_f5bcf8a88a,2026-03-09T20:30:00+00:00,96,98.11304592733484,56.827693796103546
site_f5bcf8a88a,2026-03-09T20:45:00+00:00,4,238.89243314084715,640.2911148145224
site_f5bcf8a88a,2026-03-09T20:45:00+00:00,96,221.75793901238256,113.47263940935825
site_f5bcf8a88a,2026-03-09T21:00:00+00:00,4,227.7269230254202,409.8008495512568
site_f5bcf8a88a,2026-03-09T21:00:00+00:00,96,154.5911108822911,106.41900126576485
site_f5bcf8a88a,2026-03-09T21:15:00+00:00,4,165.24220525014334,365.97154490221124
site_f5bcf8a88a,2026-03-09T21:15:00+00:00,96,188.6030283675639,95.79726643731291
site_f5bcf8a88a,2026-03-09T21:30:00+00:00,4,93.26278447436471,262.3090438152443
site_f5bcf8a88a,2026-03-09T21:30:00+00:00,96,132.49456110629814,98.71261318239232
site_f5bcf8a88a,2026-03-09T21:45:00+00:00,4,149.23327631953788,211.43258077053588
site_f5bcf8a88a,2026-03-09T21:45:00+00:00,96,138.77755834423562,74.63535038665654
site_f5bcf8a88a,2026-03-09T22:00:00+00:00,4,177.92099739603827,189.5920887088027
site_f5bcf8a88a,2026-03-09T22:00:00+00:00,96,111.31079555602864,75.79174108524518
site_f5bcf8a88a,2026-03-09T22:15:00+00:00,4,166.50775472046558,224.10361525312825
site_f5bcf8a88a,2026-03-09T22:15:00+00:00,96,120.617978638978,65.10116495254768
site_f5bcf8a88a,2026-03-09T22:30:00+00:00,4,112.46792254052924,224.11366001674784
site_f5bcf8a88a,2026-03-09T22:30:00+00:00,96,75.08172968411736,44.76321036210376
site_f5bcf8a88a,2026-03-09T22:45:00+00:00,4,116.8372198099264,211.06953657563935
site_f5bcf8a88a,2026-03-09T22:45:00+00:00,96,71.80448771494557,39.604694726381894
site_f5bcf8a88a,2026-03-09T23:00:00+00:00,4,132.32173517792134,219.6497531711408
site_f5bcf8a88a,2026-03-09T23:00:00+00:00,96,50.73479027934319,27.615888972123425
site_f5bcf8a88a,2026-03-09T23:15:00+00:00,4,171.96654949475504,413.71329945752365
site_f5bcf8a88a,2026-03-09T23:15:00+00:00,96,76.6858485711735,41.082329737402596
site_f5bcf8a88a,2026-03-09T23:30:00+00:00,4,179.30342498260003,434.79761600533095
site_f5bcf8a88a,2026-03-09T23:30:00+00:00,96,315.3424136450334,189.56122197510317
site_f5bcf8a88a,2026-03-09T23:45:00+00:00,4,199.68992562339068,454.3435208020636
site_f5bcf8a88a,2026-03-09T23:45:00+00:00,96,76.76734608924085,41.10302397748788
site_f5bcf8a88a,2026-03-10T00:00:00+00:00,4,249.84995499736473,384.6627173443822
site_f5bcf8a88a,2026-03-10T00:00:00+00:00,96,67.18566866283109,38.534563812665056
site_f5bcf8a88a,2026-03-10T00:15:00+00:00,4,251.03068991551748,304.07215533440854
site_f5bcf8a88a,2026-03-10T00:15:00+00:00,96,243.24820444341003,123.38556116322833
site_f5bcf8a88a,2026-03-10T00:30:00+00:00,4,273.2934129993807,210.07751628830886
site_f5bcf8a88a,2026-03-10T00:30:00+00:00,96,381.8642358567089,189.88203044494927
site_f5bcf8a88a,2026-03-10T00:45:00+00:00,4,322.170466003669,223.08584487707947
site_f5bcf8a88a,2026-03-10T00:45:00+00:00,96,136.7479058432681,69.80349299574044
site_f5bcf8a88a,2026-03-10T01:00:00+00:00,4,444.09228921802503,258.71829493811674
site_f5bcf8a88a,2026-03-10T01:00:00+00:00,96,593.6039071385865,345.82138360088777
site_f5bcf8a88a,2026-03-10T01:15:00+00:00,4,294.1778418954966,175.7732111197548
site_f5bcf8a88a,2026-03-10T01:15:00+00:00,96,517.4466314850102,423.8372892478501
site_f5bcf8a88a,2026-03-10T01:30:00+00:00,4,314.8126696744886,179.5400321819733
site_f5bcf8a88a,2026-03-10T01:30:00+00:00,96,251.65162285291967,145.09832026325967
site_f5bcf8a88a,2026-03-10T01:45:00+00:00,4,583.9976610230447,357.6780764502575
site_f5bcf8a88a,2026-03-10T01:45:00+00:00,96,169.86575740867818,100.57789366226491
site_f5bcf8a88a,2026-03-10T02:00:00+00:00,4,541.1699340980099,325.7797064045993
site_f5bcf8a88a,2026-03-10T02:00:00+00:00,96,197.54945112353045,142.41072162074056
site_f5bcf8a88a,2026-03-10T02:15:00+00:00,4,303.2090992498069,176.65887755345176
site_f5bcf8a88a,2026-03-10T02:15:00+00:00,96,318.0433002566352,235.61206003998544
site_f5bcf8a88a,2026-03-10T02:30:00+00:00,4,278.3511756107356,170.59338842391327
site_f5bcf8a88a,2026-03-10T02:30:00+00:00,96,264.6758238805045,153.58044778634462
site_f5bcf8a88a,2026-03-10T02:45:00+00:00,4,313.032438663996,185.04379417763238
site_f5bcf8a88a,2026-03-10T02:45:00+00:00,96,255.97414858817444,254.34522398304696
site_f5bcf8a88a,2026-03-10T03:00:00+00:00,4,400.2305701255206,269.7948653338929
site_f5bcf8a88a,2026-03-10T03:00:00+00:00,96,195.6216697940783,130.99139755408044
site_f5bcf8a88a,2026-03-10T03:15:00+00:00,4,318.70895128264306,220.03609443165487
site_f5bcf8a88a,2026-03-10T03:15:00+00:00,96,224.8575827127896,136.88522233616064
site_f5bcf8a88a,2026-03-10T03:30:00+00:00,4,339.9410856752795,290.3269270167298
site_f5bcf8a88a,2026-03-10T03:30:00+00:00,96,343.14791668404644,369.76193818390243
site_f5bcf8a88a,2026-03-10T03:45:00+00:00,4,479.5617400683261,329.3051662906466
site_f5bcf8a88a,2026-03-10T03:45:00+00:00,96,527.0627258729411,998.44521106944
site_f5bcf8a88a,2026-03-10T04:00:00+00:00,4,344.30221826383377,302.78371592203223
site_f5bcf8a88a,2026-03-10T04:00:00+00:00,96,287.30126926051645,432.84303953140534
site_f5bcf8a88a,2026-03-10T04:15:00+00:00,4,328.7928077165668,204.02960504037657
site_f5bcf8a88a,2026-03-10T04:15:00+00:00,96,293.3886556404856,401.12792644666285
site_f5bcf8a88a,2026-03-10T04:30:00+00:00,4,325.4930618116191,190.12180486865515
site_f5bcf8a88a,2026-03-10T04:30:00+00:00,96,445.819010796221,938.7194774687895
site_f5bcf8a88a,2026-03-10T04:45:00+00:00,4,439.65445632112085,247.99496941924838
site_f5bcf8a88a,2026-03-10T04:45:00+00:00,96,340.5242025481489,626.2335725447649
site_f5bcf8a88a,2026-03-10T05:00:00+00:00,4,384.04167782396013,229.14831940609042
site_f5bcf8a88a,2026-03-10T05:00:00+00:00,96,371.68804045138074,694.9665112968903
site_f5bcf8a88a,2026-03-10T05:15:00+00:00,4,413.8389587156644,295.15118703432097
site_f5bcf8a88a,2026-03-10T05:15:00+00:00,96,362.4824209378386,798.7771301668088
site_f5bcf8a88a,2026-03-10T05:30:00+00:00,4,361.3243984885278,218.26298751878556
site_f5bcf8a88a,2026-03-10T05:30:00+00:00,96,439.6612132697528,1055.7392308743126
site_f5bcf8a88a,2026-03-10T05:45:00+00:00,4,382.81973222877974,233.42925934267654
site_f5bcf8a88a,2026-03-10T05:45:00+00:00,96,414.6861156158578,1067.414916589144
site_f5bcf8a88a,2026-03-10T06:00:00+00:00,4,340.4950444345249,205.13527167382043
site_f5bcf8a88a,2026-03-10T06:00:00+00:00,96,1446.8796570179009,3837.9778597242166
site_f5bcf8a88a,2026-03-10T06:15:00+00:00,4,343.44867306570586,216.20728023374235
site_f5bcf8a88a,2026-03-10T06:15:00+00:00,96,443.9606662162938,1188.3294146841374
site_f5bcf8a88a,2026-03-10T06:30:00+00:00,4,345.0540148394532,221.7858458715186
site_f5bcf8a88a,2026-03-10T06:30:00+00:00,96,544.400998276057,1453.7926222684027
site_f5bcf8a88a,2026-03-10T06:45:00+00:00,4,379.5485402880536,298.2663377286783
site_f5bcf8a88a,2026-03-10T06:45:00+00:00,96,761.4723223316187,2028.4954886399478
site_f5bcf8a88a,2026-03-10T07:00:00+00:00,4,518.710957016779,418.5681632087615
site_f5bcf8a88a,2026-03-10T07:00:00+00:00,96,482.53053050615335,1290.1622173076737
site_f5bcf8a88a,2026-03-10T07:15:00+00:00,4,552.3268775561215,510.5612030739565
site_f5bcf8a88a,2026-03-10T07:15:00+00:00,96,467.6371427132908,1252.0617886149873
site_f5bcf8a88a,2026-03-10T07:30:00+00:00,4,666.800684957309,473.2047431406822
site_f5bcf8a88a,2026-03-10T07:30:00+00:00,96,448.4396786089269,1198.6740379149933
site_f5bcf8a88a,2026-03-10T07:45:00+00:00,4,674.0438805268136,413.9130484022044
site_f5bcf8a88a,2026-03-10T07:45:00+00:00,96,403.57853135682717,1082.814181459525
site_f5bcf8a88a,2026-03-10T08:00:00+00:00,4,437.36090299665466,265.81707826363385
site_f5bcf8a88a,2026-03-10T08:00:00+00:00,96,326.94829086886654,881.0623082242722
site_f5bcf8a88a,2026-03-10T08:15:00+00:00,4,558.8384705079494,357.4741009220107
site_f5bcf8a88a,2026-03-10T08:15:00+00:00,96,284.4958118622958,769.3856275421382
site_f5bcf8a88a,2026-03-10T08:30:00+00:00,4,429.67151056152625,347.52324070105635
site_f5bcf8a88a,2026-03-10T08:30:00+00:00,96,297.0311667544417,802.4495517620044
site_f5bcf8a88a,2026-03-10T08:45:00+00:00,4,434.2241314444959,318.052709332601
site_f5bcf8a88a,2026-03-10T08:45:00+00:00,96,290.0564828040314,784.429697380189
site_f5bcf8a88a,2026-03-10T09:00:00+00:00,4,401.46770622544915,232.16280652726113
site_f5bcf8a88a,2026-03-10T09:00:00+00:00,96,447.4494618684694,1198.2083817703153
site_f5bcf8a88a,2026-03-10T09:15:00+00:00,4,394.42952480971775,226.10675635269985
site_f5bcf8a88a,2026-03-10T09:15:00+00:00,96,435.10876618914676,1166.3911973082343
site_f5bcf8a88a,2026-03-10T09:30:00+00:00,4,368.85624567528,304.49966298126594
site_f5bcf8a88a,2026-03-10T09:30:00+00:00,96,470.543797319016,1260.5523158606632
site_f5bcf8a88a,2026-03-10T09:45:00+00:00,4,365.66880563152364,208.94864933371736
site_f5bcf8a88a,2026-03-10T09:45:00+00:00,96,485.60569780267866,1299.8018990757791
site_f5bcf8a88a,2026-03-10T10:00:00+00:00,4,423.4618664762066,305.24251094322676
site_f5bcf8a88a,2026-03-10T10:00:00+00:00,96,582.9875604040038,1553.3016727429483
site_f5bcf8a88a,2026-03-10T10:15:00+00:00,4,431.6774439869377,248.91109251307927
site_f5bcf8a88a,2026-03-10T10:15:00+00:00,96,563.2384904180032,1500.5793452413166
site_f5bcf8a88a,2026-03-10T10:30:00+00:00,4,418.5081918905315,262.2337247199082
site_f5bcf8a88a,2026-03-10T10:30:00+00:00,96,286.1199085540472,771.7982126958832
site_f5bcf8a88a,2026-03-10T10:45:00+00:00,4,334.29204472085223,181.98531874220734
site_f5bcf8a88a,2026-03-10T10:45:00+00:00,96,373.57896987175593,1003.0095134162061
site_f5bcf8a88a,2026-03-10T11:00:00+00:00,4,343.34517479706085,245.62543932345923
site_f5bcf8a88a,2026-03-10T11:00:00+00:00,96,271.98416880245827,735.6950503332977
site_f5bcf8a88a,2026-03-10T11:15:00+00:00,4,359.49866980079713,191.05689241957037
site_f5bcf8a88a,2026-03-10T11:15:00+00:00,96,374.6201309605807,1005.508596921831
site_f5bcf8a88a,2026-03-10T11:30:00+00:00,4,403.5326444993477,257.61393024942606
site_f5bcf8a88a,2026-03-10T11:30:00+00:00,96,259.1793654223258,701.5510261940881
site_f5bcf8a88a,2026-03-10T11:45:00+00:00,4,455.58098793180477,300.80210233309793
site_f5bcf8a88a,2026-03-10T11:45:00+00:00,96,315.18517073762956,849.7616826642575
site_f5bcf8a88a,2026-03-10T12:00:00+00:00,4,387.136206717672,311.5600473016604
site_f5bcf8a88a,2026-03-10T12:00:00+00:00,96,390.6521010957854,1002.9393184500927
site_f5bcf8a88a,2026-03-10T12:15:00+00:00,4,436.7019732755474,228.92861152700112
site_f5bcf8a88a,2026-03-10T12:15:00+00:00,96,494.79493482149263,1324.5289132815965
site_f5bcf8a88a,2026-03-10T12:30:00+00:00,4,370.25849528803036,353.0777237036936
site_f5bcf8a88a,2026-03-10T12:30:00+00:00,96,264.1854192384061,716.7978298620388
site_f5bcf8a88a,2026-03-10T12:45:00+00:00,4,351.0949128907598,295.08780914735075
site_f5bcf8a88a,2026-03-10T12:45:00+00:00,96,217.15538431748973,591.2500142156937
site_f5bcf8a88a,2026-03-10T13:00:00+00:00,4,399.70403810328025,261.8198386108064
site_f5bcf8a88a,2026-03-10T13:00:00+00:00,96,180.5061489064584,495.40781998032145
site_f5bcf8a88a,2026-03-10T13:15:00+00:00,4,424.548251700597,304.7238845920257
site_f5bcf8a88a,2026-03-10T13:15:00+00:00,96,298.72816270123724,806.4918268142321
site_f5bcf8a88a,2026-03-10T13:30:00+00:00,4,363.38362206445635,256.50274466667463
site_f5bcf8a88a,2026-03-10T13:30:00+00:00,96,351.56369728465796,944.3986984616639
site_f5bcf8a88a,2026-03-10T13:45:00+00:00,4,310.7714756456437,159.5244751868699
site_f5bcf8a88a,2026-03-10T13:45:00+00:00,96,402.66085136767987,1012.3354804804438
site_f5bcf8a88a,2026-03-10T14:00:00+00:00,4,323.12062229901176,154.55232286438866
site_f5bcf8a88a,2026-03-10T14:00:00+00:00,96,367.06935965642697,953.0187012128448
site_f5bcf8a88a,2026-03-10T14:15:00+00:00,4,345.5273811273219,187.8747232381729
site_f5bcf8a88a,2026-03-10T14:15:00+00:00,96,242.71173543625855,605.3859440983821
site_f5bcf8a88a,2026-03-10T14:30:00+00:00,4,371.2390067767558,220.95645946305171
site_f5bcf8a88a,2026-03-10T14:30:00+00:00,96,220.16295894884615,471.4022679672406
site_f5bcf8a88a,2026-03-10T14:45:00+00:00,4,492.77930026227034,593.4946371664163
site_f5bcf8a88a,2026-03-10T14:45:00+00:00,96,485.8495023097867,734.7869427070882
site_f5bcf8a88a,2026-03-10T15:00:00+00:00,4,431.858128951626,422.763367803376
site_f5bcf8a88a,2026-03-10T15:00:00+00:00,96,211.07741084465326,529.1081872572536
site_f5bcf8a88a,2026-03-10T15:15:00+00:00,4,481.325595074645,304.49861274261536
site_f5bcf8a88a,2026-03-10T15:15:00+00:00,96,163.18249796532353,342.58154302429983
site_f5bcf8a88a,2026-03-10T15:30:00+00:00,4,284.9708075067756,256.25179040555753
site_f5bcf8a88a,2026-03-10T15:30:00+00:00,96,185.2601455872292,415.5234938250236
site_f5bcf8a88a,2026-03-10T15:45:00+00:00,4,308.1789674129558,199.83388491813264
site_f5bcf8a88a,2026-03-10T15:45:00+00:00,96,260.6966903747407,705.8347022052194
site_f5bcf8a88a,2026-03-10T16:00:00+00:00,4,395.1257090399214,624.3638396165574
site_f5bcf8a88a,2026-03-10T16:00:00+00:00,96,201.62845704304647,492.7361929208545
site_f5bcf8a88a,2026-03-10T16:15:00+00:00,4,416.87428610571664,612.4563557365683
site_f5bcf8a88a,2026-03-10T16:15:00+00:00,96,249.33833927553064,632.0519501445726
site_f5bcf8a88a,2026-03-10T16:30:00+00:00,4,422.30596784310694,467.1828787056989
site_f5bcf8a88a,2026-03-10T16:30:00+00:00,96,245.0610025054297,631.7227280683665
site_f5bcf8a88a,2026-03-10T16:45:00+00:00,4,372.03595658159816,422.3254006022072
site_f5bcf8a88a,2026-03-10T16:45:00+00:00,96,258.228747698873,493.3927991006949
site_f5bcf8a88a,2026-03-10T17:00:00+00:00,4,482.7974256302721,628.1743255170634
site_f5bcf8a88a,2026-03-10T17:00:00+00:00,96,529.3930267142125,1152.5683551561506
site_f5bcf8a88a,2026-03-10T17:15:00+00:00,4,473.931343879578,454.904874812633
site_f5bcf8a88a,2026-03-10T17:15:00+00:00,96,324.52421492974224,742.8198457703074
site_f5bcf8a88a,2026-03-10T17:30:00+00:00,4,447.3465797366206,354.1124233679605
site_f5bcf8a88a,2026-03-10T17:30:00+00:00,96,220.7237914301078,596.8656578602187
site_f5bcf8a88a,2026-03-10T17:45:00+00:00,4,389.6832456331608,366.60675366335454
site_f5bcf8a88a,2026-03-10T17:45:00+00:00,96,227.3665171121752,461.76216484404864
site_f5bcf8a88a,2026-03-10T18:00:00+00:00,4,434.1177578534961,359.83537104714105
site_f5bcf8a88a,2026-03-10T18:00:00+00:00,96,172.20717696749892,330.1121003175466
site_f5bcf8a88a,2026-03-10T18:15:00+00:00,4,278.7585625575741,285.84457905347955
site_f5bcf8a88a,2026-03-10T18:15:00+00:00,96,404.51566733591085,521.3013018323422
site_f5bcf8a88a,2026-03-10T18:30:00+00:00,4,320.7576703970903,250.16923634986085
site_f5bcf8a88a,2026-03-10T18:30:00+00:00,96,128.01033258939228,198.20219065715276
site_f5bcf8a88a,2026-03-10T18:45:00+00:00,4,370.66886518450593,208.03027896240334
site_f5bcf8a88a,2026-03-10T18:45:00+00:00,96,208.47147801624902,387.69429858906693
site_f5bcf8a88a,2026-03-10T19:00:00+00:00,4,423.7681528413149,452.9719214201858
site_f5bcf8a88a,2026-03-10T19:00:00+00:00,96,161.09660133664448,439.973124959987
site_f5bcf8a88a,2026-03-10T19:15:00+00:00,4,514.3495954100017,1056.4680045564587
site_f5bcf8a88a,2026-03-10T19:15:00+00:00,96,181.0877490994219,444.9835178805869
site_f5bcf8a88a,2026-03-10T19:30:00+00:00,4,411.3655330716304,525.204346972938
site_f5bcf8a88a,2026-03-10T19:30:00+00:00,96,242.00619169869123,586.622357501135
site_f5bcf8a88a,2026-03-10T19:45:00+00:00,4,449.77180034266075,456.4620179932991
site_f5bcf8a88a,2026-03-10T19:45:00+00:00,96,160.36030040557483,442.73161714129856
site_f5bcf8a88a,2026-03-10T20:00:00+00:00,4,441.607415736845,418.13484651737605
site_f5bcf8a88a,2026-03-10T20:00:00+00:00,96,190.50498344902172,335.96904043535295
site_f5bcf8a88a,2026-03-10T20:15:00+00:00,4,440.24838991450247,705.4945162626218
site_f5bcf8a88a,2026-03-10T20:15:00+00:00,96,126.36542457706875,279.5543180552788
site_f5bcf8a88a,2026-03-10T20:30:00+00:00,4,349.5130255745079,446.1310800803211
site_f5bcf8a88a,2026-03-10T20:30:00+00:00,96,105.44792223815078,292.19469212295263
site_f5bcf8a88a,2026-03-10T20:45:00+00:00,4,401.6559476791683,873.7122730343456
site_f5bcf8a88a,2026-03-10T20:45:00+00:00,96,241.0616129961921,296.8410978101751
site_f5bcf8a88a,2026-03-10T21:00:00+00:00,4,346.2898507708509,778.1562907852201
site_f5bcf8a88a,2026-03-10T21:00:00+00:00,96,243.1171340838323,219.55769417852406
site_f5bcf8a88a,2026-03-10T21:15:00+00:00,4,327.5239530544009,703.6973701815685
site_f5bcf8a88a,2026-03-10T21:15:00+00:00,96,187.20150236155422,225.32633192030974
site_f5bcf8a88a,2026-03-10T21:30:00+00:00,4,212.8709943255061,521.8822482620451
site_f5bcf8a88a,2026-03-10T21:30:00+00:00,96,124.81847258888271,246.14443975041877
site_f5bcf8a88a,2026-03-10T21:45:00+00:00,4,307.6236410480242,216.9578348802276
site_f5bcf8a88a,2026-03-10T21:45:00+00:00,96,118.9753124663716,210.9035298150771
site_f5bcf8a88a,2026-03-10T22:00:00+00:00,4,330.8678695218786,201.48705414698514
site_f5bcf8a88a,2026-03-10T22:00:00+00:00,96,163.02681157940458,267.15180032701954
site_f5bcf8a88a,2026-03-10T22:15:00+00:00,4,299.5134494506566,182.70258402084667
site_f5bcf8a88a,2026-03-10T22:15:00+00:00,96,232.058861954534,554.6657325956824
site_f5bcf8a88a,2026-03-10T22:30:00+00:00,4,248.45387190602983,169.66236965134362
site_f5bcf8a88a,2026-03-10T22:30:00+00:00,96,226.60399060395565,529.9109211482219
site_f5bcf8a88a,2026-03-10T22:45:00+00:00,4,265.7585548843822,266.0279126084141
site_f5bcf8a88a,2026-03-10T22:45:00+00:00,96,332.1207162174462,707.0573402861096
site_f5bcf8a88a,2026-03-10T23:00:00+00:00,4,316.5307282622572,552.3076272696576
site_f5bcf8a88a,2026-03-10T23:00:00+00:00,96,392.332170953051,540.9472749285285
site_f5bcf8a88a,2026-03-10T23:15:00+00:00,4,240.58082455843194,224.59697864323488
site_f5bcf8a88a,2026-03-10T23:15:00+00:00,96,391.44535885858147,414.13334148641684
site_f5bcf8a88a,2026-03-10T23:30:00+00:00,4,279.3761160683494,307.349843862618
site_f5bcf8a88a,2026-03-10T23:30:00+00:00,96,382.33798299539495,256.99544559525896
site_f5bcf8a88a,2026-03-10T23:45:00+00:00,4,321.14717432825273,518.8383029377251
site_f5bcf8a88a,2026-03-10T23:45:00+00:00,96,577.8160970769413,337.4135630980328
site_f5bcf8a88a,2026-03-11T00:00:00+00:00,4,291.85201082951016,216.4310192403969
site_f5bcf8a88a,2026-03-11T00:00:00+00:00,96,665.7475111265339,339.1540741927551
site_f5bcf8a88a,2026-03-11T00:15:00+00:00,4,244.10487253851264,190.49486724995904
site_f5bcf8a88a,2026-03-11T00:15:00+00:00,96,242.69553218913927,131.03081251082338
site_f5bcf8a88a,2026-03-11T00:30:00+00:00,4,229.74535297967483,252.94805237368735
site_f5bcf8a88a,2026-03-11T00:30:00+00:00,96,253.11641570544396,140.01201289667938
site_f5bcf8a88a,2026-03-11T00:45:00+00:00,4,303.4094747805258,335.5452670769154
site_f5bcf8a88a,2026-03-11T00:45:00+00:00,96,1420.0746463743708,802.9373713052174
site_f5bcf8a88a,2026-03-11T01:00:00+00:00,4,343.32885602116505,421.68767357068987
site_f5bcf8a88a,2026-03-11T01:00:00+00:00,96,538.3370510022548,296.592765679785
site_f5bcf8a88a,2026-03-11T01:15:00+00:00,4,318.3640371398898,496.1964143038458
site_f5bcf8a88a,2026-03-11T01:15:00+00:00,96,192.71988511325523,117.701895311274
site_f5bcf8a88a,2026-03-11T01:30:00+00:00,4,302.45078895270393,306.92033846529904
site_f5bcf8a88a,2026-03-11T01:30:00+00:00,96,252.26926635260773,147.21126518684713
site_f5bcf8a88a,2026-03-11T01:45:00+00:00,4,347.75517590128885,460.645081754367
site_f5bcf8a88a,2026-03-11T01:45:00+00:00,96,265.1023583902911,148.9353348272786
site_f5bcf8a88a,2026-03-11T02:00:00+00:00,4,347.6301216230285,296.5115970211825
site_f5bcf8a88a,2026-03-11T02:00:00+00:00,96,443.33918521636855,287.02242050238544
site_f5bcf8a88a,2026-03-11T02:15:00+00:00,4,367.7973774526554,298.37559428584416
site_f5bcf8a88a,2026-03-11T02:15:00+00:00,96,256.13286946132484,168.9882828824355
site_f5bcf8a88a,2026-03-11T02:30:00+00:00,4,319.67954466429205,234.98394769763138
site_f5bcf8a88a,2026-03-11T02:30:00+00:00,96,275.0893605246205,226.0289194908855
site_f5bcf8a88a,2026-03-11T02:45:00+00:00,4,227.82588409519957,139.4353352166343
site_f5bcf8a88a,2026-03-11T02:45:00+00:00,96,422.9325976086868,280.31755357047024
site_f5bcf8a88a,2026-03-11T03:00:00+00:00,4,253.05261491647423,430.9583438101321
site_f5bcf8a88a,2026-03-11T03:00:00+00:00,96,174.63304976301163,155.88742775943314
site_f5bcf8a88a,2026-03-11T03:15:00+00:00,4,260.9248790971368,453.0704539943732
site_f5bcf8a88a,2026-03-11T03:15:00+00:00,96,275.45593185171197,162.4393503684097
site_f5bcf8a88a,2026-03-11T03:30:00+00:00,4,192.33749397195223,453.0260811878314
site_f5bcf8a88a,2026-03-11T03:30:00+00:00,96,202.94758769587744,124.2365290129975
site_f5bcf8a88a,2026-03-11T03:45:00+00:00,4,108.35400027117923,292.4132211767614
site_f5bcf8a88a,2026-03-11T03:45:00+00:00,96,289.4726924927694,162.9651708729375
site_f5bcf8a88a,2026-03-11T04:00:00+00:00,4,138.36795532568914,233.9590864916695
site_f5bcf8a88a,2026-03-11T04:00:00+00:00,96,355.72940148458076,205.3038876175701
site_f5bcf8a88a,2026-03-11T04:15:00+00:00,4,191.22564535308075,517.250059895344
site_f5bcf8a88a,2026-03-11T04:15:00+00:00,96,341.68878947499377,239.77407281626006
site_f5bcf8a88a,2026-03-11T04:30:00+00:00,4,218.64792109057683,517.3540262536416
site_f5bcf8a88a,2026-03-11T04:30:00+00:00,96,310.4076036433248,185.09000728208474
site_f5bcf8a88a,2026-03-11T04:45:00+00:00,4,154.6544175302805,420.91303052483545
site_f5bcf8a88a,2026-03-11T04:45:00+00:00,96,259.0715941106042,159.33029745496393
site_f5bcf8a88a,2026-03-11T05:00:00+00:00,4,177.299904817133,404.9205184992057
site_f5bcf8a88a,2026-03-11T05:00:00+00:00,96,270.72648323195335,162.5942816135195
site_f5bcf8a88a,2026-03-11T05:15:00+00:00,4,191.0178196000907,524.4465517991132
site_f5bcf8a88a,2026-03-11T05:15:00+00:00,96,331.8079840625718,201.2228890477925
site_f5bcf8a88a,2026-03-11T05:30:00+00:00,4,198.26761766023725,552.0988707497424
site_f5bcf8a88a,2026-03-11T05:30:00+00:00,96,316.2419369719605,199.2546799910661
site_f5bcf8a88a,2026-03-11T05:45:00+00:00,4,214.3005427553408,457.14078720685666
site_f5bcf8a88a,2026-03-11T05:45:00+00:00,96,517.543235927148,387.3061426539631
site_f5bcf8a88a,2026-03-11T06:00:00+00:00,4,251.23382815398463,507.5059648637608
site_f5bcf8a88a,2026-03-11T06:00:00+00:00,96,934.3625693396825,716.1364291717655
site_f5bcf8a88a,2026-03-11T06:15:00+00:00,4,250.0288153455661,635.5949026373072
site_f5bcf8a88a,2026-03-11T06:15:00+00:00,96,1025.4908598595036,898.0163336934556
site_f5bcf8a88a,2026-03-11T06:30:00+00:00,4,265.9062966078222,455.9925986914826
site_f5bcf8a88a,2026-03-11T06:30:00+00:00,96,1063.5759421920516,699.2644456354669
site_f5bcf8a88a,2026-03-11T06:45:00+00:00,4,239.0219494731836,519.7091416921057
site_f5bcf8a88a,2026-03-11T06:45:00+00:00,96,569.8374975996084,329.6712021018558
site_f5bcf8a88a,2026-03-11T07:00:00+00:00,4,242.29983332738888,193.03868205727974
site_f5bcf8a88a,2026-03-11T07:00:00+00:00,96,292.1647936433043,171.82875935261086
site_f5bcf8a88a,2026-03-11T07:15:00+00:00,4,276.27095668562777,313.6450946552833
site_f5bcf8a88a,2026-03-11T07:15:00+00:00,96,483.92055137512614,293.9077448410553
site_f5bcf8a88a,2026-03-11T07:30:00+00:00,4,275.41236194574395,630.6641409378296
site_f5bcf8a88a,2026-03-11T07:30:00+00:00,96,306.78654300517053,250.26991132775146
site_f5bcf8a88a,2026-03-11T07:45:00+00:00,4,291.0845316677896,626.5135086602329
site_f5bcf8a88a,2026-03-11T07:45:00+00:00,96,271.6630024595461,194.57655163080412
site_f5bcf8a88a,2026-03-11T08:00:00+00:00,4,349.3073367339607,796.0922387380351
site_f5bcf8a88a,2026-03-11T08:00:00+00:00,96,220.53382950996678,128.46236678446235
site_f5bcf8a88a,2026-03-11T08:15:00+00:00,4,380.08965353077525,920.1083466578177
site_f5bcf8a88a,2026-03-11T08:15:00+00:00,96,219.3827349998424,126.63118620002568
site_f5bcf8a88a,2026-03-11T08:30:00+00:00,4,364.48477725166913,897.461445791656
site_f5bcf8a88a,2026-03-11T08:30:00+00:00,96,238.82655854014095,194.59568230173403
site_f5bcf8a88a,2026-03-11T08:45:00+00:00,4,358.8624331625555,848.815611907097
site_f5bcf8a88a,2026-03-11T08:45:00+00:00,96,224.63430240109932,128.48142774478205
site_f5bcf8a88a,2026-03-11T09:00:00+00:00,4,379.80363979944434,608.6361537378552
site_f5bcf8a88a,2026-03-11T09:00:00+00:00,96,280.0619101888867,195.96588727036743
site_f5bcf8a88a,2026-03-11T09:15:00+00:00,4,384.4853419466841,953.5154673180139
site_f5bcf8a88a,2026-03-11T09:15:00+00:00,96,285.4759787354636,156.46470159590666
site_f5bcf8a88a,2026-03-11T09:30:00+00:00,4,366.0099560901525,974.1860152961056
site_f5bcf8a88a,2026-03-11T09:30:00+00:00,96,352.1279661655552,203.90897096282663
site_f5bcf8a88a,2026-03-11T09:45:00+00:00,4,376.5081001059431,686.080077966225
site_f5bcf8a88a,2026-03-11T09:45:00+00:00,96,251.09156612062236,130.69087175418426
site_f5bcf8a88a,2026-03-11T10:00:00+00:00,4,327.5887960771276,742.7104244381825
site_f5bcf8a88a,2026-03-11T10:00:00+00:00,96,224.63992070384217,160.40510699519606
site_f5bcf8a88a,2026-03-11T10:15:00+00:00,4,372.46067633189585,889.6569273095732
site_f5bcf8a88a,2026-03-11T10:15:00+00:00,96,254.35609408422792,128.52349487932264
site_f5bcf8a88a,2026-03-11T10:30:00+00:00,4,363.6839465129042,728.7973804933852
site_f5bcf8a88a,2026-03-11T10:30:00+00:00,96,335.9948563235606,201.7530123724177
site_f5bcf8a88a,2026-03-11T10:45:00+00:00,4,393.54666725418224,816.89876512909
site_f5bcf8a88a,2026-03-11T10:45:00+00:00,96,564.6169862317896,348.94959033657466
site_f5bcf8a88a,2026-03-11T11:00:00+00:00,4,367.4276422337401,827.4406358448973
site_f5bcf8a88a,2026-03-11T11:00:00+00:00,96,335.71625416944266,259.71329622919785
site_f5bcf8a88a,2026-03-11T11:15:00+00:00,4,375.15804217383527,649.9935304871865
site_f5bcf8a88a,2026-03-11T11:15:00+00:00,96,533.646229140908,255.579178374864
site_f5bcf8a88a,2026-03-11T11:30:00+00:00,4,378.3470710284166,463.0799745337271
site_f5bcf8a88a,2026-03-11T11:30:00+00:00,96,264.9905681133965,253.09350361614665
site_f5bcf8a88a,2026-03-11T11:45:00+00:00,4,387.5411951722797,478.53504343186614
site_f5bcf8a88a,2026-03-11T11:45:00+00:00,96,277.6919618287352,230.3913620113886
site_f5bcf8a88a,2026-03-11T12:00:00+00:00,4,241.64248466285062,311.30965153151374
site_f5bcf8a88a,2026-03-11T12:00:00+00:00,96,330.72987146122995,209.80563211111973
site_f5bcf8a88a,2026-03-11T12:15:00+00:00,4,317.1148535034135,515.43808459333
site_f5bcf8a88a,2026-03-11T12:15:00+00:00,96,497.27723090414327,334.99684089356754
site_f5bcf8a88a,2026-03-11T12:30:00+00:00,4,348.7962348807219,657.5554325258249
site_f5bcf8a88a,2026-03-11T12:30:00+00:00,96,227.12091897506122,159.0783860321991
site_f5bcf8a88a,2026-03-11T12:45:00+00:00,4,415.9098292791008,687.2018700558823
site_f5bcf8a88a,2026-03-11T12:45:00+00:00,96,207.3146462281665,107.25467044077823
site_f5bcf8a88a,2026-03-11T13:00:00+00:00,4,369.573260734864,311.92578655011664
site_f5bcf8a88a,2026-03-11T13:00:00+00:00,96,194.48093357644632,96.85413746634359
site_f5bcf8a88a,2026-03-11T13:15:00+00:00,4,410.14444224468366,230.15852841884382
site_f5bcf8a88a,2026-03-11T13:15:00+00:00,96,259.1833418240395,138.4187193839508
site_f5bcf8a88a,2026-03-11T13:30:00+00:00,4,383.11626449298984,263.05476127521
site_f5bcf8a88a,2026-03-11T13:30:00+00:00,96,338.7943639653398,190.48866791558856
site_f5bcf8a88a,2026-03-11T13:45:00+00:00,4,399.32510589816934,174.69110513353286
site_f5bcf8a88a,2026-03-11T13:45:00+00:00,96,806.3528827707497,972.5070814828991
site_f5bcf8a88a,2026-03-11T14:00:00+00:00,4,374.070491606639,278.6464422664566
site_f5bcf8a88a,2026-03-11T14:00:00+00:00,96,385.43112610419064,363.1138079744066
site_f5bcf8a88a,2026-03-11T14:15:00+00:00,4,401.92415767774895,278.94286871125075
site_f5bcf8a88a,2026-03-11T14:15:00+00:00,96,414.59636935975055,248.85853954787478
site_f5bcf8a88a,2026-03-11T14:30:00+00:00,4,250.65073046608094,47.66339305085349
site_f5bcf8a88a,2026-03-11T14:30:00+00:00,96,162.16066216253307,148.59947769279069
site_f5bcf8a88a,2026-03-11T14:45:00+00:00,4,352.3078575782264,469.8412202961293
site_f5bcf8a88a,2026-03-11T14:45:00+00:00,96,201.2667129169956,129.66553843250458
site_f5bcf8a88a,2026-03-11T15:00:00+00:00,4,324.8884971717627,307.8380354087056
site_f5bcf8a88a,2026-03-11T15:00:00+00:00,96,275.4463373361803,443.3410278954521
site_f5bcf8a88a,2026-03-11T15:15:00+00:00,4,226.26159603614195,362.4222245194366
site_f5bcf8a88a,2026-03-11T15:15:00+00:00,96,280.6596072552769,417.9751089877602
site_f5bcf8a88a,2026-03-11T15:30:00+00:00,4,294.5667462401537,262.637511001927
site_f5bcf8a88a,2026-03-11T15:30:00+00:00,96,344.4057111555902,370.14279642687995
site_f5bcf8a88a,2026-03-11T15:45:00+00:00,4,396.1223164888523,302.6473257254053
site_f5bcf8a88a,2026-03-11T15:45:00+00:00,96,281.71955965808667,317.5277227973651
site_f5bcf8a88a,2026-03-11T16:00:00+00:00,4,294.0200564727041,552.0753673131833
site_f5bcf8a88a,2026-03-11T16:00:00+00:00,96,403.4570536423379,525.7241538125616
site_f5bcf8a88a,2026-03-11T16:15:00+00:00,4,287.21737261348875,207.28161951353786
site_f5bcf8a88a,2026-03-11T16:15:00+00:00,96,387.98996900273835,363.09437572582215
site_f5bcf8a88a,2026-03-11T16:30:00+00:00,4,288.9612285166921,281.86996360273315
site_f5bcf8a88a,2026-03-11T16:30:00+00:00,96,439.76666050347905,339.0948170179187
site_f5bcf8a88a,2026-03-11T16:45:00+00:00,4,366.46529745968877,290.26353065394665
site_f5bcf8a88a,2026-03-11T16:45:00+00:00,96,364.39775372934196,339.874015381108
site_f5bcf8a88a,2026-03-11T17:00:00+00:00,4,333.21529933444657,114.06284097258141
site_f5bcf8a88a,2026-03-11T17:00:00+00:00,96,279.90622203397254,233.44438073212214
site_f5bcf8a88a,2026-03-11T17:15:00+00:00,4,296.13967156680275,91.89112643043296
site_f5bcf8a88a,2026-03-11T17:15:00+00:00,96,153.57796732070454,162.7072821545842
site_f5bcf8a88a,2026-03-11T17:30:00+00:00,4,338.3084940303736,170.87763744855656
site_f5bcf8a88a,2026-03-11T17:30:00+00:00,96,206.50088213712127,158.0941271216298
site_f5bcf8a88a,2026-03-11T17:45:00+00:00,4,359.9030592580966,246.9023346415653
site_f5bcf8a88a,2026-03-11T17:45:00+00:00,96,200.74878599524112,119.07950097507856
site_f5bcf8a88a,2026-03-11T18:00:00+00:00,4,315.7951413164544,166.55035867333584
site_f5bcf8a88a,2026-03-11T18:00:00+00:00,96,299.6541715390797,321.0516799620681
site_f5bcf8a88a,2026-03-11T18:15:00+00:00,4,302.40020757022774,89.47282137580784
site_f5bcf8a88a,2026-03-11T18:15:00+00:00,96,840.7929625265349,1760.0051297467655
site_f5bcf8a88a,2026-03-11T18:30:00+00:00,4,250.3811134387825,125.10386771893086
site_f5bcf8a88a,2026-03-11T18:30:00+00:00,96,345.3625719962325,442.88315769338044
site_f5bcf8a88a,2026-03-11T18:45:00+00:00,4,268.2995502069891,178.9793392808776
site_f5bcf8a88a,2026-03-11T18:45:00+00:00,96,303.6402863780515,309.70150010671694
site_f5bcf8a88a,2026-03-11T19:00:00+00:00,4,155.79487685568895,165.90939036693564
site_f5bcf8a88a,2026-03-11T19:00:00+00:00,96,264.2738152409176,255.35515854892225
site_f5bcf8a88a,2026-03-11T19:15:00+00:00,4,250.26552321239336,170.51491187994506
site_f5bcf8a88a,2026-03-11T19:15:00+00:00,96,306.3376512284227,501.18805093696653
site_f5bcf8a88a,2026-03-11T19:30:00+00:00,4,200.98553576068878,99.81294911461754
site_f5bcf8a88a,2026-03-11T19:30:00+00:00,96,215.4150452397545,277.75822325965413
site_f5bcf8a88a,2026-03-11T19:45:00+00:00,4,260.12048850019806,178.41891560158288
site_f5bcf8a88a,2026-03-11T19:45:00+00:00,96,266.08787909109395,596.9977474585602
site_f5bcf8a88a,2026-03-11T20:00:00+00:00,4,248.40195306742692,67.88861529676417
site_f5bcf8a88a,2026-03-11T20:00:00+00:00,96,235.51404887041627,541.0271585835437
site_f5bcf8a88a,2026-03-11T20:15:00+00:00,4,182.24990351991624,46.896637032885096
site_f5bcf8a88a,2026-03-11T20:15:00+00:00,96,177.46054075735577,395.67726271580506
site_f5bcf8a88a,2026-03-11T20:30:00+00:00,4,93.88233405152775,25.170767895613537
site_f5bcf8a88a,2026-03-11T20:30:00+00:00,96,121.31605736423259,306.18863272598094
site_f5bcf8a88a,2026-03-11T20:45:00+00:00,4,165.31647811920197,103.21603159981939
site_f5bcf8a88a,2026-03-11T20:45:00+00:00,96,359.07586095353105,225.9835641241453
site_f5bcf8a88a,2026-03-11T21:00:00+00:00,4,87.15125838920218,96.7409967134792
site_f5bcf8a88a,2026-03-11T21:00:00+00:00,96,262.2520155117784,144.4765422284054
site_f5bcf8a88a,2026-03-11T21:15:00+00:00,4,125.90396060895189,48.288326274438305
site_f5bcf8a88a,2026-03-11T21:15:00+00:00,96,209.59639802030642,119.21283132932186
site_f5bcf8a88a,2026-03-11T21:30:00+00:00,4,133.99806874628817,79.36431316859922
site_f5bcf8a88a,2026-03-11T21:30:00+00:00,96,243.84044115964932,138.46443583482585
site_f5bcf8a88a,2026-03-11T21:45:00+00:00,4,158.46410727970752,150.38137776415306
site_f5bcf8a88a,2026-03-11T21:45:00+00:00,96,198.7633378375741,192.3475208658552
site_f5bcf8a88a,2026-03-11T22:00:00+00:00,4,118.08102075370084,52.21497674600026
site_f5bcf8a88a,2026-03-11T22:00:00+00:00,96,248.74055057145625,424.0686071609959
site_f5bcf8a88a,2026-03-11T22:15:00+00:00,4,131.50278682035284,107.1249276441108
site_f5bcf8a88a,2026-03-11T22:15:00+00:00,96,182.3217318186894,156.88365387867617
site_f5bcf8a88a,2026-03-11T22:30:00+00:00,4,102.54323670895496,50.03447935095981
site_f5bcf8a88a,2026-03-11T22:30:00+00:00,96,290.6480495404008,307.0281321410251
site_f5bcf8a88a,2026-03-11T22:45:00+00:00,4,112.51998940005032,43.821358067544345
site_f5bcf8a88a,2026-03-11T22:45:00+00:00,96,364.7410614063763,566.3286765284013
site_f5bcf8a88a,2026-03-11T23:00:00+00:00,4,61.181453555100845,36.14663305047433
site_f5bcf8a88a,2026-03-11T23:00:00+00:00,96,277.92481798172827,187.81857368216524
site_f5bcf8a88a,2026-03-11T23:15:00+00:00,4,67.71646064720986,27.621445965320696
site_f5bcf8a88a,2026-03-11T23:15:00+00:00,96,247.75307013273783,180.3170501579644
site_f5bcf8a88a,2026-03-11T23:30:00+00:00,4,82.05324801737261,138.91151832348686
site_f5bcf8a88a,2026-03-11T23:30:00+00:00,96,217.30730413888529,227.1175455979647
site_f5bcf8a88a,2026-03-11T23:45:00+00:00,4,79.21661195262793,154.8196410831987
site_f5bcf8a88a,2026-03-11T23:45:00+00:00,96,285.7054570069516,300.04104196841456
site_f5bcf8a88a,2026-03-12T00:00:00+00:00,4,83.00295349669594,126.11435173321243
site_f5bcf8a88a,2026-03-12T00:00:00+00:00,96,219.43679964261185,254.12885199551394
site_f5bcf8a88a,2026-03-12T00:15:00+00:00,4,99.78230381650495,44.92671729957014
site_f5bcf8a88a,2026-03-12T00:15:00+00:00,96,186.48863453756906,282.0565279374655
site_f5bcf8a88a,2026-03-12T00:30:00+00:00,4,86.59222461905128,150.5973042603844
site_f5bcf8a88a,2026-03-12T00:30:00+00:00,96,180.71931230677527,172.7821454398781
site_f5bcf8a88a,2026-03-12T00:45:00+00:00,4,83.71559503891253,40.61611572977524
site_f5bcf8a88a,2026-03-12T00:45:00+00:00,96,217.87196368829058,290.13905556282634
site_f5bcf8a88a,2026-03-12T01:00:00+00:00,4,61.92704013280889,118.66877162635308
site_f5bcf8a88a,2026-03-12T01:00:00+00:00,96,229.10049438168897,188.98090633016741
site_f5bcf8a88a,2026-03-12T01:15:00+00:00,4,91.92052871313827,31.84944795428977
site_f5bcf8a88a,2026-03-12T01:15:00+00:00,96,237.2772971851547,182.38704817778984
site_f5bcf8a88a,2026-03-12T01:30:00+00:00,4,98.13251521405759,44.97514146105361
site_f5bcf8a88a,2026-03-12T01:30:00+00:00,96,201.71681267754073,140.60355063651645
site_f5bcf8a88a,2026-03-12T01:45:00+00:00,4,110.16695503625164,47.092800871001394
site_f5bcf8a88a,2026-03-12T01:45:00+00:00,96,126.78599669784273,78.96876529702517
site_f5bcf8a88a,2026-03-12T02:00:00+00:00,4,89.47692155460618,42.027146305445086
site_f5bcf8a88a,2026-03-12T02:00:00+00:00,96,217.89528003925653,375.67695995952016
site_f5bcf8a88a,2026-03-12T02:15:00+00:00,4,106.74349020813357,48.480480743379914
site_f5bcf8a88a,2026-03-12T02:15:00+00:00,96,170.84293811377873,299.24203459956306
site_f5bcf8a88a,2026-03-12T02:30:00+00:00,4,145.3611887599397,89.69708842874154
site_f5bcf8a88a,2026-03-12T02:30:00+00:00,96,128.24453409195257,303.8781044753709
site_f5bcf8a88a,2026-03-12T02:45:00+00:00,4,201.581892066729,111.95392225149001
site_f5bcf8a88a,2026-03-12T02:45:00+00:00,96,102.75170908614523,287.9672653802832
site_f5bcf8a88a,2026-03-12T03:00:00+00:00,4,249.62582745931036,145.62901609472345
site_f5bcf8a88a,2026-03-12T03:00:00+00:00,96,110.21098074854373,190.00058309441044
site_f5bcf8a88a,2026-03-12T03:15:00+00:00,4,269.1584393041181,189.34002125257297
site_f5bcf8a88a,2026-03-12T03:15:00+00:00,96,170.72851754489574,463.38922466385003
site_f5bcf8a88a,2026-03-12T03:30:00+00:00,4,339.89670323896524,326.1419206373886
site_f5bcf8a88a,2026-03-12T03:30:00+00:00,96,152.54444912940892,363.0573668210889
site_f5bcf8a88a,2026-03-12T03:45:00+00:00,4,251.30856527657923,108.38138505034891
site_f5bcf8a88a,2026-03-12T03:45:00+00:00,96,118.17607048040787,327.5610773211379
site_f5bcf8a88a,2026-03-12T04:00:00+00:00,4,324.2286205547015,308.13479039129857
site_f5bcf8a88a,2026-03-12T04:00:00+00:00,96,158.34412644324846,359.5513710921312
site_f5bcf8a88a,2026-03-12T04:15:00+00:00,4,329.87916942260733,264.1057276025563
site_f5bcf8a88a,2026-03-12T04:15:00+00:00,96,169.6996757016866,463.8343541705371
site_f5bcf8a88a,2026-03-12T04:30:00+00:00,4,321.10607384747607,327.5942895399698
site_f5bcf8a88a,2026-03-12T04:30:00+00:00,96,248.9039539248665,673.5552835357373
site_f5bcf8a88a,2026-03-12T04:45:00+00:00,4,308.9237986997449,218.59612954828197
site_f5bcf8a88a,2026-03-12T04:45:00+00:00,96,225.41940531779056,428.7966625332709
site_f5bcf8a88a,2026-03-12T05:00:00+00:00,4,380.592900286941,193.02006051382375
site_f5bcf8a88a,2026-03-12T05:00:00+00:00,96,204.48977514207158,387.82308099086157
site_f5bcf8a88a,2026-03-12T05:15:00+00:00,4,451.02389244533134,401.51236971743725
site_f5bcf8a88a,2026-03-12T05:15:00+00:00,96,215.65583688838257,530.6580400049791
site_f5bcf8a88a,2026-03-12T05:30:00+00:00,4,405.5547457772509,496.3797534705592
site_f5bcf8a88a,2026-03-12T05:30:00+00:00,96,193.5267878688307,314.267211748832
site_f5bcf8a88a,2026-03-12T05:45:00+00:00,4,337.53466668806965,391.0112763485627
site_f5bcf8a88a,2026-03-12T05:45:00+00:00,96,178.70748230233852,382.8757064495244
site_f5bcf8a88a,2026-03-12T06:00:00+00:00,4,360.69841704899534,403.631998987984
site_f5bcf8a88a,2026-03-12T06:00:00+00:00,96,192.08785330530435,137.11149474952995
site_f5bcf8a88a,2026-03-12T06:15:00+00:00,4,335.4866138266477,520.8518285317523
site_f5bcf8a88a,2026-03-12T06:15:00+00:00,96,433.13538283815876,411.4725861254693
site_f5bcf8a88a,2026-03-12T06:30:00+00:00,4,249.5678453035268,303.2331597379676
site_f5bcf8a88a,2026-03-12T06:30:00+00:00,96,215.675157702592,480.086344318869
site_f5bcf8a88a,2026-03-12T06:45:00+00:00,4,271.01697935015335,430.17459444664917
site_f5bcf8a88a,2026-03-12T06:45:00+00:00,96,296.74450458733037,612.0164173018294
site_f5bcf8a88a,2026-03-12T07:00:00+00:00,4,265.7048322850526,315.373894581453
site_f5bcf8a88a,2026-03-12T07:00:00+00:00,96,354.43466041793886,787.4255391216653
site_f5bcf8a88a,2026-03-12T07:15:00+00:00,4,281.1686591465123,122.55166476357147
site_f5bcf8a88a,2026-03-12T07:15:00+00:00,96,387.0346031643933,923.0127924686661
site_f5bcf8a88a,2026-03-12T07:30:00+00:00,4,291.09517417056844,149.16614240321246
site_f5bcf8a88a,2026-03-12T07:30:00+00:00,96,339.5864736926606,822.3991453515231
site_f5bcf8a88a,2026-03-12T07:45:00+00:00,4,347.28715245066206,194.51084095636844
site_f5bcf8a88a,2026-03-12T07:45:00+00:00,96,418.87948035744176,966.9755318767963
site_f5bcf8a88a,2026-03-12T08:00:00+00:00,4,369.6837502986069,182.50032788450588
site_f5bcf8a88a,2026-03-12T08:00:00+00:00,96,354.2689682397181,542.0039362164997
site_f5bcf8a88a,2026-03-12T08:15:00+00:00,4,302.0041100084974,85.23792480863088
site_f5bcf8a88a,2026-03-12T08:15:00+00:00,96,290.915940572083,723.8774027347598
site_f5bcf8a88a,2026-03-12T08:30:00+00:00,4,336.79725232648093,323.9287938769756
site_f5bcf8a88a,2026-03-12T08:30:00+00:00,96,225.72871583950985,611.3587643349875
site_f5bcf8a88a,2026-03-12T08:45:00+00:00,4,315.3123808879222,147.89737222583173
site_f5bcf8a88a,2026-03-12T08:45:00+00:00,96,249.37584211505776,451.2422956214203
site_f5bcf8a88a,2026-03-12T09:00:00+00:00,4,345.1624826663343,143.30678659636584
site_f5bcf8a88a,2026-03-12T09:00:00+00:00,96,193.93247824165405,445.72412649313566
site_f5bcf8a88a,2026-03-12T09:15:00+00:00,4,335.30687501178704,141.20794350470456
site_f5bcf8a88a,2026-03-12T09:15:00+00:00,96,285.9445566812535,693.7887401790324
site_f5bcf8a88a,2026-03-12T09:30:00+00:00,4,396.34249355110006,181.81409196641977
site_f5bcf8a88a,2026-03-12T09:30:00+00:00,96,261.9537061990562,512.2096494872333
site_f5bcf8a88a,2026-03-12T09:45:00+00:00,4,386.83851899865334,79.6227768225699
site_f5bcf8a88a,2026-03-12T09:45:00+00:00,96,363.1403001569721,741.0085815190026
site_f5bcf8a88a,2026-03-12T10:00:00+00:00,4,507.48650915932603,114.09883754835698
site_f5bcf8a88a,2026-03-12T10:00:00+00:00,96,218.30783159218277,485.0282251909233
site_f5bcf8a88a,2026-03-12T10:15:00+00:00,4,547.0385861047018,562.7854258069623
site_f5bcf8a88a,2026-03-12T10:15:00+00:00,96,263.78491695317337,446.5232876338372
site_f5bcf8a88a,2026-03-12T10:30:00+00:00,4,510.37246601322374,524.5386585705263
site_f5bcf8a88a,2026-03-12T10:30:00+00:00,96,285.2058672536808,330.0171452377664
site_f5bcf8a88a,2026-03-12T10:45:00+00:00,4,653.4941072348378,697.9847610661118
site_f5bcf8a88a,2026-03-12T10:45:00+00:00,96,441.49761654613405,512.3413755929023
site_f5bcf8a88a,2026-03-12T11:00:00+00:00,4,778.1836597080015,439.5249556491012
site_f5bcf8a88a,2026-03-12T11:00:00+00:00,96,163.97467612919002,195.06265243097693
site_f5bcf8a88a,2026-03-12T11:15:00+00:00,4,677.2496981072965,399.98149116132873
site_f5bcf8a88a,2026-03-12T11:15:00+00:00,96,319.75978378485877,491.6164441841465
site_f5bcf8a88a,2026-03-12T11:30:00+00:00,4,604.3577444225059,672.0619876110594
site_f5bcf8a88a,2026-03-12T11:30:00+00:00,96,246.64554382153074,449.92157035833486
site_f5bcf8a88a,2026-03-12T11:45:00+00:00,4,556.6984431232455,388.67621357682447
site_f5bcf8a88a,2026-03-12T11:45:00+00:00,96,378.188388590578,605.5814569725986
site_f5bcf8a88a,2026-03-12T12:00:00+00:00,4,530.9233053766438,409.2863968803715
site_f5bcf8a88a,2026-03-12T12:00:00+00:00,96,378.933722314484,268.2440455677095
site_f5bcf8a88a,2026-03-12T12:15:00+00:00,4,417.483485453172,349.3522988480271
site_f5bcf8a88a,2026-03-12T12:15:00+00:00,96,350.2031941946723,168.64541070265565
site_f5bcf8a88a,2026-03-12T12:30:00+00:00,4,506.4610753417965,434.9401625306099
site_f5bcf8a88a,2026-03-12T12:30:00+00:00,96,220.24803819267794,139.50969598195115
site_f5bcf8a88a,2026-03-12T12:45:00+00:00,4,435.7679076269076,418.73553590140295
site_f5bcf8a88a,2026-03-12T12:45:00+00:00,96,283.7147364731446,105.50526370920507
site_f5bcf8a88a,2026-03-12T13:00:00+00:00,4,520.5704409426263,494.5244890355303
site_f5bcf8a88a,2026-03-12T13:00:00+00:00,96,390.1868093862929,257.15618643718847
site_f5bcf8a88a,2026-03-12T13:15:00+00:00,4,493.1984126951159,272.93570918937644
site_f5bcf8a88a,2026-03-12T13:15:00+00:00,96,249.05958140669853,156.3723126222554
site_f5bcf8a88a,2026-03-12T13:30:00+00:00,4,493.1240434807477,335.41912140381055
site_f5bcf8a88a,2026-03-12T13:30:00+00:00,96,166.00567036305173,32.55608136598191
site_f5bcf8a88a,2026-03-12T13:45:00+00:00,4,529.2543400329904,164.17135279575757
site_f5bcf8a88a,2026-03-12T13:45:00+00:00,96,266.9056378805964,355.14326774030815
site_f5bcf8a88a,2026-03-12T14:00:00+00:00,4,525.1541998069157,360.7972084045144
site_f5bcf8a88a,2026-03-12T14:00:00+00:00,96,243.43982725332737,224.6551951799399
site_f5bcf8a88a,2026-03-12T14:15:00+00:00,4,482.7597762843863,340.9807154874636
site_f5bcf8a88a,2026-03-12T14:15:00+00:00,96,136.9369856122796,218.03846678290898
site_f5bcf8a88a,2026-03-12T14:30:00+00:00,4,545.8783022965777,170.5661317421434
site_f5bcf8a88a,2026-03-12T14:30:00+00:00,96,302.3675515590589,245.31453271650287
site_f5bcf8a88a,2026-03-12T14:45:00+00:00,4,357.3326104003703,140.6238941544766
site_f5bcf8a88a,2026-03-12T14:45:00+00:00,96,375.4458791940757,265.33253620564415
site_f5bcf8a88a,2026-03-12T15:00:00+00:00,4,462.3196526750432,309.6448442978453
site_f5bcf8a88a,2026-03-12T15:00:00+00:00,96,171.83180395676442,330.2015208773071
site_f5bcf8a88a,2026-03-12T15:15:00+00:00,4,380.528426510556,236.4045498093478
site_f5bcf8a88a,2026-03-12T15:15:00+00:00,96,169.40351821329264,122.91992501320325
site_f5bcf8a88a,2026-03-12T15:30:00+00:00,4,370.4608279080244,289.2904995805202
site_f5bcf8a88a,2026-03-12T15:30:00+00:00,96,240.54295146872965,227.2044250002235
site_f5bcf8a88a,2026-03-12T15:45:00+00:00,4,407.0182377205641,134.2932527632512
site_f5bcf8a88a,2026-03-12T15:45:00+00:00,96,308.1643955592525,230.95582727671706
site_f5bcf8a88a,2026-03-12T16:00:00+00:00,4,399.7224361000312,96.07511102669413
site_f5bcf8a88a,2026-03-12T16:00:00+00:00,96,241.68682069427982,79.85099190853788
site_f5bcf8a88a,2026-03-12T16:15:00+00:00,4,420.79872296790245,110.89899457002271
site_f5bcf8a88a,2026-03-12T16:15:00+00:00,96,238.55131366999274,72.60726129916634
site_f5bcf8a88a,2026-03-12T16:30:00+00:00,4,443.7988854194283,131.59150190439837
site_f5bcf8a88a,2026-03-12T16:30:00+00:00,96,277.16500177097356,134.50315553040187
site_f5bcf8a88a,2026-03-12T16:45:00+00:00,4,361.3659252230128,262.71593040953104
site_f5bcf8a88a,2026-03-12T16:45:00+00:00,96,303.36281299838487,200.2311785503983
site_f5bcf8a88a,2026-03-12T17:00:00+00:00,4,359.29886448015156,327.58014198605395
site_f5bcf8a88a,2026-03-12T17:00:00+00:00,96,251.47480472100762,128.14791592019668
