series_id,bucket_15m,peak_score,peak_pred
site_ad3433ffac,2026-02-18T14:15:00+00:00,0.0,0
site_ad3433ffac,2026-02-18T14:30:00+00:00,0.0,0
site_ad3433ffac,2026-02-18T14:45:00+00:00,0.0,0
site_ad3433ffac,2026-02-18T15:00:00+00:00,0.0,0
site_ad3433ffac,2026-02-18T15:15:00+00:00,0.15761810960445208,0
site_ad3433ffac,2026-02-18T15:30:00+00:00,0.15946613847482427,0
site_ad3433ffac,2026-02-18T15:45:00+00:00,0.1623671401681576,0
site_ad3433ffac,2026-02-18T16:00:00+00:00,0.14686388645484671,0
site_ad3433ffac,2026-02-18T16:15:00+00:00,0.1457862243098191,0
site_ad3433ffac,2026-02-18T16:30:00+00:00,0.13662296753772013,0
site_ad3433ffac,2026-02-18T16:45:00+00:00,0.13896574910053977,0
site_ad3433ffac,2026-02-18T17:00:00+00:00,0.09708855104161218,0
site_ad3433ffac,2026-02-18T17:15:00+00:00,0.07087563375594233,0
site_ad3433ffac,2026-02-18T17:30:00+00:00,0.14754590053354255,0
site_ad3433ffac,2026-02-18T17:45:00+00:00,0.08222949600062032,0
site_ad3433ffac,2026-02-18T18:00:00+00:00,0.10450455715099959,0
site_ad3433ffac,2026-02-18T18:15:00+00:00,0.13116699396613676,0
site_ad3433ffac,2026-02-18T18:30:00+00:00,0.1450091262861153,0
site_ad3433ffac,2026-02-18T18:45:00+00:00,0.0861437173364061,0
site_ad3433ffac,2026-02-18T19:00:00+00:00,0.065421547835059,0
site_ad3433ffac,2026-02-18T21:15:00+00:00,0.03376494336153592,0
site_ad3433ffac,2026-02-18T21:30:00+00:00,0.03376494336153592,0
site_ad3433ffac,2026-02-19T03:15:00+00:00,0.0,0
site_ad3433ffac,2026-02-19T09:00:00+00:00,0.0,0
site_ad3433ffac,2026-02-19T09:30:00+00:00,0.0,0
site_ad3433ffac,2026-02-19T10:30:00+00:00,0.004904583703455961,0
site_ad3433ffac,2026-02-19T14:00:00+00:00,0.0,0
site_ad3433ffac,2026-02-19T14:15:00+00:00,0.17470585774855255,0
site_ad3433ffac,2026-02-19T14:30:00+00:00,0.20530577584756385,1
site_ad3433ffac,2026-02-19T14:45:00+00:00,0.13879304732752865,0
site_ad3433ffac,2026-02-19T15:00:00+00:00,0.11505708200032552,0
site_ad3433ffac,2026-02-19T15:15:00+00:00,0.1537283777146631,0
site_ad3433ffac,2026-02-19T15:30:00+00:00,0.15644683353163247,0
site_ad3433ffac,2026-02-19T15:45:00+00:00,0.18897078118064742,0
site_ad3433ffac,2026-02-19T16:00:00+00:00,0.18736696594654717,0
site_ad3433ffac,2026-02-19T16:15:00+00:00,0.16031743699480194,0
site_ad3433ffac,2026-02-19T16:30:00+00:00,0.20159697349868486,1
site_ad3433ffac,2026-02-19T16:45:00+00:00,0.1666714585160837,0
site_ad3433ffac,2026-02-19T17:00:00+00:00,0.2048937703491146,1
site_ad3433ffac,2026-02-19T17:15:00+00:00,0.25674239070551585,1
site_ad3433ffac,2026-02-19T17:30:00+00:00,0.3319122074992124,1
site_ad3433ffac,2026-02-19T17:45:00+00:00,0.22488377041817648,1
site_ad3433ffac,2026-02-19T18:00:00+00:00,0.24185614925887947,1
site_ad3433ffac,2026-02-19T18:15:00+00:00,0.2670590387248445,1
site_ad3433ffac,2026-02-19T18:30:00+00:00,0.18486349976648048,0
site_ad3433ffac,2026-02-19T18:45:00+00:00,0.19295014083418008,0
site_ad3433ffac,2026-02-19T19:00:00+00:00,0.253364244342828,1
site_ad3433ffac,2026-02-19T19:15:00+00:00,0.376807940130706,1
site_ad3433ffac,2026-02-19T19:30:00+00:00,0.474934551870322,1
site_ad3433ffac,2026-02-19T19:45:00+00:00,0.5036007890155103,1
site_ad3433ffac,2026-02-19T20:00:00+00:00,0.4610863480265362,1
site_ad3433ffac,2026-02-19T20:15:00+00:00,0.3293904495254328,1
site_ad3433ffac,2026-02-19T20:30:00+00:00,0.3343985135433361,1
site_ad3433ffac,2026-02-19T20:45:00+00:00,0.42210031937377096,1
site_ad3433ffac,2026-02-19T21:00:00+00:00,0.3770668118530793,1
site_ad3433ffac,2026-02-19T21:15:00+00:00,0.31708084285536703,1
site_ad3433ffac,2026-02-19T21:30:00+00:00,0.34377257618437307,1
site_ad3433ffac,2026-02-19T21:45:00+00:00,0.24623638557304875,1
site_ad3433ffac,2026-02-19T22:00:00+00:00,0.20933074628642837,1
site_ad3433ffac,2026-02-19T22:15:00+00:00,0.18188649530802628,0
site_ad3433ffac,2026-02-19T22:30:00+00:00,0.19284601444793872,0
site_ad3433ffac,2026-02-19T22:45:00+00:00,0.16216841914296362,0
site_ad3433ffac,2026-02-19T23:00:00+00:00,0.17710807869377856,0
site_ad3433ffac,2026-02-19T23:15:00+00:00,0.284027127121682,1
site_ad3433ffac,2026-02-19T23:30:00+00:00,0.21578974291194056,1
site_ad3433ffac,2026-02-19T23:45:00+00:00,0.18036339578665764,0
site_ad3433ffac,2026-02-20T00:00:00+00:00,0.19788471456789714,0
site_ad3433ffac,2026-02-20T00:15:00+00:00,0.19576049061687686,0
site_ad3433ffac,2026-02-20T00:30:00+00:00,0.18998065708960818,0
site_ad3433ffac,2026-02-20T00:45:00+00:00,0.09874354993724174,0
site_ad3433ffac,2026-02-20T01:00:00+00:00,0.07280803201630902,0
site_ad3433ffac,2026-02-20T01:15:00+00:00,0.2230868957877835,1
site_ad3433ffac,2026-02-20T01:30:00+00:00,0.06314510943047792,0
site_ad3433ffac,2026-02-20T01:45:00+00:00,0.0898906314559735,0
site_ad3433ffac,2026-02-20T02:00:00+00:00,0.12831201106258164,0
site_ad3433ffac,2026-02-20T02:15:00+00:00,0.09417928050884943,0
site_ad3433ffac,2026-02-20T02:30:00+00:00,0.07558148805230563,0
site_ad3433ffac,2026-02-20T02:45:00+00:00,0.1144337957658422,0
site_ad3433ffac,2026-02-20T03:00:00+00:00,0.14054441788416386,0
site_ad3433ffac,2026-02-20T03:15:00+00:00,0.1339114975571604,0
site_ad3433ffac,2026-02-20T03:30:00+00:00,0.13131504773168812,0
site_ad3433ffac,2026-02-20T03:45:00+00:00,0.16420750404984225,0
site_ad3433ffac,2026-02-20T04:00:00+00:00,0.20815951583439846,1
site_ad3433ffac,2026-02-20T04:15:00+00:00,0.189365952812999,0
site_ad3433ffac,2026-02-20T04:30:00+00:00,0.14045986530019275,0
site_ad3433ffac,2026-02-20T04:45:00+00:00,0.13313747655007624,0
site_ad3433ffac,2026-02-20T05:00:00+00:00,0.12241118437044332,0
site_ad3433ffac,2026-02-20T05:15:00+00:00,0.15527243798808762,0
site_ad3433ffac,2026-02-20T05:30:00+00:00,0.14535663679122401,0
site_ad3433ffac,2026-02-20T05:45:00+00:00,0.11179621275625738,0
site_ad3433ffac,2026-02-20T06:00:00+00:00,0.12748311414037466,0
site_ad3433ffac,2026-02-20T06:15:00+00:00,0.11506871432192989,0
site_ad3433ffac,2026-02-20T06:30:00+00:00,0.15681851428146992,0
site_ad3433ffac,2026-02-20T06:45:00+00:00,0.1544375740806724,0
site_ad3433ffac,2026-02-20T07:00:00+00:00,0.23400333867259857,1
site_ad3433ffac,2026-02-20T07:15:00+00:00,0.25524398763012485,1
site_ad3433ffac,2026-02-20T07:30:00+00:00,0.23443347357056726,1
site_ad3433ffac,2026-02-20T07:45:00+00:00,0.20456059773478147,1
site_ad3433ffac,2026-02-20T08:00:00+00:00,0.14941425312489248,0
site_ad3433ffac,2026-02-20T08:15:00+00:00,0.19237089642884156,0
site_ad3433ffac,2026-02-20T08:30:00+00:00,0.1612250491075266,0
site_ad3433ffac,2026-02-20T08:45:00+00:00,0.18158097789890235,0
site_ad3433ffac,2026-02-20T09:00:00+00:00,0.1391926105911236,0
site_ad3433ffac,2026-02-20T09:15:00+00:00,0.2124818986972221,1
site_ad3433ffac,2026-02-20T09:30:00+00:00,0.17973127298795663,0
site_ad3433ffac,2026-02-20T09:45:00+00:00,0.23220213908825194,1
site_ad3433ffac,2026-02-20T10:00:00+00:00,0.37515331941983254,1
site_ad3433ffac,2026-02-20T10:15:00+00:00,0.28646242038032105,1
site_ad3433ffac,2026-02-20T10:30:00+00:00,0.13517141291083762,0
site_ad3433ffac,2026-02-20T10:45:00+00:00,0.20933177552629822,1
site_ad3433ffac,2026-02-20T11:00:00+00:00,0.28018117511299623,1
site_ad3433ffac,2026-02-20T11:15:00+00:00,0.3032912765187301,1
site_ad3433ffac,2026-02-20T11:30:00+00:00,0.27015981183993826,1
site_ad3433ffac,2026-02-20T11:45:00+00:00,0.35870180620709774,1
site_ad3433ffac,2026-02-20T12:00:00+00:00,0.38188487339552246,1
site_ad3433ffac,2026-02-20T12:15:00+00:00,0.3214222711468518,1
site_ad3433ffac,2026-02-20T12:30:00+00:00,0.28069769775889597,1
site_ad3433ffac,2026-02-20T12:45:00+00:00,0.3535936294980367,1
site_ad3433ffac,2026-02-20T13:00:00+00:00,0.3119066342235004,1
site_ad3433ffac,2026-02-20T13:15:00+00:00,0.32590562197284473,1
site_ad3433ffac,2026-02-20T13:30:00+00:00,0.3349710762110871,1
site_ad3433ffac,2026-02-20T13:45:00+00:00,0.23880576575040274,1
site_ad3433ffac,2026-02-20T14:00:00+00:00,0.23776980152449775,1
site_ad3433ffac,2026-02-20T14:15:00+00:00,0.34506454490998884,1
site_ad3433ffac,2026-02-20T14:30:00+00:00,0.251296092702249,1
site_ad3433ffac,2026-02-20T14:45:00+00:00,0.24057579295185963,1
site_ad3433ffac,2026-02-20T15:00:00+00:00,0.24495221470743203,1
site_ad3433ffac,2026-02-20T15:15:00+00:00,0.17533007611657417,0
site_ad3433ffac,2026-02-20T15:30:00+00:00,0.20212657692802485,1
site_ad3433ffac,2026-02-20T15:45:00+00:00,0.20753621579546044,1
site_ad3433ffac,2026-02-20T16:00:00+00:00,0.2833260801793873,1
site_ad3433ffac,2026-02-20T16:15:00+00:00,0.3235690564003663,1
site_ad3433ffac,2026-02-20T16:30:00+00:00,0.3863960031925888,1
site_ad3433ffac,2026-02-20T16:45:00+00:00,0.22894238194624167,1
site_ad3433ffac,2026-02-20T17:00:00+00:00,0.23222762587178536,1
site_ad3433ffac,2026-02-20T17:15:00+00:00,0.23156853705072286,1
site_ad3433ffac,2026-02-20T17:30:00+00:00,0.18380951434926168,0
site_ad3433ffac,2026-02-20T17:45:00+00:00,0.16298436065978422,0
site_ad3433ffac,2026-02-20T18:00:00+00:00,0.22708373549847177,1
site_ad3433ffac,2026-02-20T18:15:00+00:00,0.26028918746641266,1
site_ad3433ffac,2026-02-20T18:30:00+00:00,0.3635151299907241,1
site_ad3433ffac,2026-02-20T18:45:00+00:00,0.3879915964562228,1
site_ad3433ffac,2026-02-20T19:00:00+00:00,0.26921144985645484,1
site_ad3433ffac,2026-02-20T19:15:00+00:00,0.24503985091368133,1
site_ad3433ffac,2026-02-20T19:30:00+00:00,0.2489747184341497,1
site_ad3433ffac,2026-02-20T19:45:00+00:00,0.28716867145026975,1
site_ad3433ffac,2026-02-20T20:00:00+00:00,0.21724044728443864,1
site_ad3433ffac,2026-02-20T20:15:00+00:00,0.2305486297647585,1
site_ad3433ffac,2026-02-20T20:30:00+00:00,0.22181578469784985,1
site_ad3433ffac,2026-02-20T20:45:00+00:00,0.18634405063100606,0
site_ad3433ffac,2026-02-20T21:00:00+00:00,0.16918789475597448,0
site_ad3433ffac,2026-02-20T21:15:00+00:00,0.1665015790413658,0
site_ad3433ffac,2026-02-20T21:30:00+00:00,0.21482696421104167,1
site_ad3433ffac,2026-02-20T21:45:00+00:00,0.20964152719223217,1
site_ad3433ffac,2026-02-20T22:00:00+00:00,0.2007813238816231,1
site_ad3433ffac,2026-02-20T22:15:00+00:00,0.24126916768387782,1
site_ad3433ffac,2026-02-20T22:30:00+00:00,0.22464509968053947,1
site_ad3433ffac,2026-02-20T22:45:00+00:00,0.21937504952622996,1
site_ad3433ffac,2026-02-20T23:00:00+00:00,0.20670214480295696,1
site_ad3433ffac,2026-02-20T23:15:00+00:00,0.227858262809784,1
site_ad3433ffac,2026-02-20T23:30:00+00:00,0.22048753170711197,1
site_ad3433ffac,2026-02-20T23:45:00+00:00,0.16904974072255266,0
site_ad3433ffac,2026-02-21T00:00:00+00:00,0.12288552979030373,0
site_ad3433ffac,2026-02-21T00:15:00+00:00,0.16333930078782113,0
site_ad3433ffac,2026-02-21T00:30:00+00:00,0.21629768742716027,1
site_ad3433ffac,2026-02-21T00:45:00+00:00,0.19458988204867275,0
site_ad3433ffac,2026-02-21T01:00:00+00:00,0.20413148689952942,1
site_ad3433ffac,2026-02-21T01:15:00+00:00,0.17296223119643558,0
site_ad3433ffac,2026-02-21T01:30:00+00:00,0.16898914476845564,0
site_ad3433ffac,2026-02-21T01:45:00+00:00,0.17780757696109728,0
site_ad3433ffac,2026-02-21T02:00:00+00:00,0.17715990388019418,0
site_ad3433ffac,2026-02-21T02:15:00+00:00,0.20683840824663716,1
site_ad3433ffac,2026-02-21T02:30:00+00:00,0.17456154387353298,0
site_ad3433ffac,2026-02-21T02:45:00+00:00,0.17858901824479437,0
site_ad3433ffac,2026-02-21T03:00:00+00:00,0.21007551289807289,1
site_ad3433ffac,2026-02-21T03:15:00+00:00,0.16708652099227034,0
site_ad3433ffac,2026-02-21T03:30:00+00:00,0.10793786844409138,0
site_ad3433ffac,2026-02-21T03:45:00+00:00,0.13911730301537256,0
site_ad3433ffac,2026-02-21T04:00:00+00:00,0.13144776044803377,0
site_ad3433ffac,2026-02-21T04:15:00+00:00,0.13715810220780422,0
site_ad3433ffac,2026-02-21T04:45:00+00:00,0.09729674468244792,0
site_ad3433ffac,2026-02-21T05:00:00+00:00,0.14884830580775013,0
site_ad3433ffac,2026-02-21T05:15:00+00:00,0.11344365913613928,0
site_ad3433ffac,2026-02-21T05:30:00+00:00,0.11271591379715164,0
site_ad3433ffac,2026-02-21T05:45:00+00:00,0.10868832049385949,0
site_ad3433ffac,2026-02-21T06:00:00+00:00,0.1549628641597998,0
site_ad3433ffac,2026-02-21T06:15:00+00:00,0.19479188871335434,0
site_ad3433ffac,2026-02-21T06:30:00+00:00,0.17823285524157192,0
site_ad3433ffac,2026-02-21T06:45:00+00:00,0.15224805503364597,0
site_ad3433ffac,2026-02-21T07:00:00+00:00,0.11586212909191645,0
site_ad3433ffac,2026-02-21T07:15:00+00:00,0.15238960091651754,0
site_ad3433ffac,2026-02-21T07:30:00+00:00,0.12866067737709133,0
site_ad3433ffac,2026-02-21T07:45:00+00:00,0.15438337730112522,0
site_ad3433ffac,2026-02-21T08:00:00+00:00,0.13164138999506972,0
site_ad3433ffac,2026-02-21T08:15:00+00:00,0.1457534540985011,0
site_ad3433ffac,2026-02-21T08:30:00+00:00,0.19947645353423332,0
site_ad3433ffac,2026-02-21T08:45:00+00:00,0.16662426772674624,0
site_ad3433ffac,2026-02-21T09:00:00+00:00,0.5155524967725161,1
site_ad3433ffac,2026-02-21T09:15:00+00:00,0.14382925306232214,0
site_ad3433ffac,2026-02-21T09:30:00+00:00,0.11791067471464795,0
site_ad3433ffac,2026-02-21T09:45:00+00:00,0.21193857687310697,1
site_ad3433ffac,2026-02-21T10:00:00+00:00,0.13516506769407066,0
site_ad3433ffac,2026-02-21T10:15:00+00:00,0.1268722107219683,0
site_ad3433ffac,2026-02-21T10:30:00+00:00,0.1119646148006114,0
site_ad3433ffac,2026-02-21T10:45:00+00:00,0.29012713917753313,1
site_ad3433ffac,2026-02-21T11:00:00+00:00,0.278958280894939,1
site_ad3433ffac,2026-02-21T11:15:00+00:00,0.13702262113408187,0
site_ad3433ffac,2026-02-21T11:30:00+00:00,0.1278074494112175,0
site_ad3433ffac,2026-02-21T11:45:00+00:00,0.22506297242224121,1
site_ad3433ffac,2026-02-21T12:00:00+00:00,0.1657650231711854,0
site_ad3433ffac,2026-02-21T12:15:00+00:00,0.1990933678275224,0
site_ad3433ffac,2026-02-21T12:30:00+00:00,0.2333687868587757,1
site_ad3433ffac,2026-02-21T12:45:00+00:00,0.19011743752498142,0
site_ad3433ffac,2026-02-21T13:00:00+00:00,0.16266522075849751,0
site_ad3433ffac,2026-02-21T13:15:00+00:00,0.1830196279379895,0
site_ad3433ffac,2026-02-21T13:30:00+00:00,0.11528509720694138,0
site_ad3433ffac,2026-02-21T13:45:00+00:00,0.10495901747472589,0
site_ad3433ffac,2026-02-21T14:00:00+00:00,0.11201232993322988,0
site_ad3433ffac,2026-02-21T14:15:00+00:00,0.10968638183836263,0
site_ad3433ffac,2026-02-21T14:30:00+00:00,0.12358724568952272,0
site_ad3433ffac,2026-02-21T14:45:00+00:00,0.11380730110624553,0
site_ad3433ffac,2026-02-21T15:15:00+00:00,0.20999104566108168,1
site_ad3433ffac,2026-02-21T15:30:00+00:00,0.1273640457631038,0
site_ad3433ffac,2026-02-21T15:45:00+00:00,0.16532928256433585,0
site_ad3433ffac,2026-02-21T16:00:00+00:00,0.09676097692825512,0
site_ad3433ffac,2026-02-21T16:15:00+00:00,0.12005424739628347,0
site_ad3433ffac,2026-02-21T16:30:00+00:00,0.1365412696836042,0
site_ad3433ffac,2026-02-21T16:45:00+00:00,0.11222687715816079,0
site_ad3433ffac,2026-02-21T17:00:00+00:00,0.13607094056003766,0
site_ad3433ffac,2026-02-21T17:15:00+00:00,0.12649242311482292,0
site_ad3433ffac,2026-02-21T17:30:00+00:00,0.19145700152032608,0
site_ad3433ffac,2026-02-21T17:45:00+00:00,0.16576500371105082,0
site_ad3433ffac,2026-02-21T18:00:00+00:00,0.15716891148098464,0
site_ad3433ffac,2026-02-21T18:15:00+00:00,0.11294046487615508,0
site_ad3433ffac,2026-02-21T18:30:00+00:00,0.10593747072283176,0
site_ad3433ffac,2026-02-21T18:45:00+00:00,0.1340653960422694,0
site_ad3433ffac,2026-02-21T19:00:00+00:00,0.16148359080327593,0
site_ad3433ffac,2026-02-21T19:15:00+00:00,0.1327790783130821,0
site_ad3433ffac,2026-02-21T19:30:00+00:00,0.2140310849513414,1
site_ad3433ffac,2026-02-21T19:45:00+00:00,0.19987202221225003,0
site_ad3433ffac,2026-02-21T20:00:00+00:00,0.15921104375223072,0
site_ad3433ffac,2026-02-21T20:15:00+00:00,0.18832010748618688,0
site_ad3433ffac,2026-02-21T20:30:00+00:00,0.20545721955822005,1
site_ad3433ffac,2026-02-21T20:45:00+00:00,0.23179966097188678,1
site_ad3433ffac,2026-02-21T21:00:00+00:00,0.19712919186153752,0
site_ad3433ffac,2026-02-21T21:15:00+00:00,0.2036416686832063,1
site_ad3433ffac,2026-02-21T21:30:00+00:00,0.19924765648650553,0
site_ad3433ffac,2026-02-21T21:45:00+00:00,0.20593620023132242,1
site_ad3433ffac,2026-02-21T22:00:00+00:00,0.17236034083286034,0
site_ad3433ffac,2026-02-21T22:15:00+00:00,0.1470049614034171,0
site_ad3433ffac,2026-02-21T22:30:00+00:00,0.12202289078405362,0
site_ad3433ffac,2026-02-21T22:45:00+00:00,0.11628784753896373,0
site_ad3433ffac,2026-02-21T23:00:00+00:00,0.08710737784994149,0
site_ad3433ffac,2026-02-21T23:15:00+00:00,0.1535539570189882,0
site_ad3433ffac,2026-02-21T23:30:00+00:00,0.1990295695502528,0
site_ad3433ffac,2026-02-21T23:45:00+00:00,0.14568637149161612,0
site_ad3433ffac,2026-02-22T00:00:00+00:00,0.19544183303965218,0
site_ad3433ffac,2026-02-22T00:15:00+00:00,0.1303185934666393,0
site_ad3433ffac,2026-02-22T00:30:00+00:00,0.11455985538598915,0
site_ad3433ffac,2026-02-22T00:45:00+00:00,0.12321313945478898,0
site_ad3433ffac,2026-02-22T01:00:00+00:00,0.0913733637171425,0
site_ad3433ffac,2026-02-22T01:15:00+00:00,0.1315853697612815,0
site_ad3433ffac,2026-02-22T01:30:00+00:00,0.0950052010713215,0
site_ad3433ffac,2026-02-22T01:45:00+00:00,0.11033345591880332,0
site_ad3433ffac,2026-02-22T02:00:00+00:00,0.10443994248588667,0
site_ad3433ffac,2026-02-22T02:15:00+00:00,0.09171469155373232,0
site_ad3433ffac,2026-02-22T02:30:00+00:00,0.08538648073445722,0
site_ad3433ffac,2026-02-22T02:45:00+00:00,0.12336843381277146,0
site_ad3433ffac,2026-02-22T03:00:00+00:00,0.12242725238801544,0
site_ad3433ffac,2026-02-22T03:15:00+00:00,0.1209581923738858,0
site_ad3433ffac,2026-02-22T03:30:00+00:00,0.10174160429862705,0
site_ad3433ffac,2026-02-22T03:45:00+00:00,0.11057626575944181,0
site_ad3433ffac,2026-02-22T04:00:00+00:00,0.29015297179991284,1
site_ad3433ffac,2026-02-22T04:15:00+00:00,0.1492259831593337,0
site_ad3433ffac,2026-02-22T04:30:00+00:00,0.12938842332562275,0
site_ad3433ffac,2026-02-22T04:45:00+00:00,0.10738162828693666,0
site_ad3433ffac,2026-02-22T05:00:00+00:00,0.11784589590878007,0
site_ad3433ffac,2026-02-22T05:15:00+00:00,0.09961443601742072,0
site_ad3433ffac,2026-02-22T05:30:00+00:00,0.08808462771166738,0
site_ad3433ffac,2026-02-22T05:45:00+00:00,0.17840058050417662,0
site_ad3433ffac,2026-02-22T06:00:00+00:00,0.14860647888250397,0
site_ad3433ffac,2026-02-22T06:15:00+00:00,0.12524026608836195,0
site_ad3433ffac,2026-02-22T06:30:00+00:00,0.12392861091061008,0
site_ad3433ffac,2026-02-22T06:45:00+00:00,0.13549732057010683,0
site_ad3433ffac,2026-02-22T07:00:00+00:00,0.1377487846392416,0
site_ad3433ffac,2026-02-22T07:15:00+00:00,0.10924615846932205,0
site_ad3433ffac,2026-02-22T07:30:00+00:00,0.13435537808435155,0
site_ad3433ffac,2026-02-22T07:45:00+00:00,0.1396913791314672,0
site_ad3433ffac,2026-02-22T08:00:00+00:00,0.12882732406385036,0
site_ad3433ffac,2026-02-22T08:15:00+00:00,0.10183945422119245,0
site_ad3433ffac,2026-02-22T08:30:00+00:00,0.12327514723434792,0
site_ad3433ffac,2026-02-22T08:45:00+00:00,0.15376653327861833,0
site_ad3433ffac,2026-02-22T09:00:00+00:00,0.11228171460129499,0
site_ad3433ffac,2026-02-22T09:15:00+00:00,0.09236590037576559,0
site_ad3433ffac,2026-02-22T09:30:00+00:00,0.08240418861763588,0
site_ad3433ffac,2026-02-23T04:15:00+00:00,0.11827022174779826,0
site_ad3433ffac,2026-02-23T06:45:00+00:00,0.20061709414712167,1
site_ad3433ffac,2026-02-23T07:00:00+00:00,0.12307681425844387,0
site_ad3433ffac,2026-02-23T07:15:00+00:00,0.12058874543970798,0
site_ad3433ffac,2026-02-23T07:30:00+00:00,0.1278083159635247,0
site_ad3433ffac,2026-02-23T07:45:00+00:00,0.21209087666098705,1
site_ad3433ffac,2026-02-23T08:00:00+00:00,0.19797165815165474,0
site_ad3433ffac,2026-02-23T08:15:00+00:00,0.2407748414006662,1
site_ad3433ffac,2026-02-23T08:30:00+00:00,0.21908280871400676,1
site_ad3433ffac,2026-02-23T08:45:00+00:00,0.1905428644270382,0
site_ad3433ffac,2026-02-23T09:00:00+00:00,0.16518112908107363,0
site_ad3433ffac,2026-02-23T09:15:00+00:00,0.16872786258756733,0
site_ad3433ffac,2026-02-23T09:30:00+00:00,0.17670103556903,0
site_ad3433ffac,2026-02-23T09:45:00+00:00,0.2833874610312186,1
site_ad3433ffac,2026-02-23T10:00:00+00:00,0.24122449283950875,1
site_ad3433ffac,2026-02-23T10:15:00+00:00,0.26656584207388306,1
site_ad3433ffac,2026-02-23T10:30:00+00:00,0.2989089897604181,1
site_ad3433ffac,2026-02-23T10:45:00+00:00,0.3069004910044795,1
site_ad3433ffac,2026-02-23T11:00:00+00:00,0.31732889421698207,1
site_ad3433ffac,2026-02-23T11:15:00+00:00,0.33010856733460114,1
site_ad3433ffac,2026-02-23T11:30:00+00:00,0.2633704153211466,1
site_ad3433ffac,2026-02-23T11:45:00+00:00,0.3248003295798384,1
site_ad3433ffac,2026-02-23T12:00:00+00:00,0.28363977029471604,1
site_ad3433ffac,2026-02-23T12:15:00+00:00,0.34077639468942234,1
site_ad3433ffac,2026-02-23T12:30:00+00:00,0.3019075851469903,1
site_ad3433ffac,2026-02-23T12:45:00+00:00,0.26530685253938474,1
site_ad3433ffac,2026-02-23T13:00:00+00:00,0.33194258277837246,1
site_ad3433ffac,2026-02-23T13:15:00+00:00,0.32598240633958864,1
site_ad3433ffac,2026-02-23T13:30:00+00:00,0.3176990755801591,1
site_ad3433ffac,2026-02-23T13:45:00+00:00,0.2616144440785023,1
site_ad3433ffac,2026-02-23T14:00:00+00:00,0.25913858729631334,1
site_ad3433ffac,2026-02-23T14:15:00+00:00,0.24864678461874903,1
site_ad3433ffac,2026-02-23T14:30:00+00:00,0.28546095727745197,1
site_ad3433ffac,2026-02-23T14:45:00+00:00,0.21125163001864725,1
site_ad3433ffac,2026-02-23T15:00:00+00:00,0.1704547023646776,0
site_ad3433ffac,2026-02-23T15:15:00+00:00,0.23666551335272443,1
site_ad3433ffac,2026-02-23T15:30:00+00:00,0.25341127241225914,1
site_ad3433ffac,2026-02-23T15:45:00+00:00,0.3198059776824142,1
site_ad3433ffac,2026-02-23T16:00:00+00:00,0.24526445730385116,1
site_ad3433ffac,2026-02-23T16:15:00+00:00,0.299399001288905,1
site_ad3433ffac,2026-02-23T16:30:00+00:00,0.26780799896283203,1
site_ad3433ffac,2026-02-23T16:45:00+00:00,0.27487419621966275,1
site_ad3433ffac,2026-02-23T17:00:00+00:00,0.2582058802761774,1
site_ad3433ffac,2026-02-23T17:15:00+00:00,0.3164410058777187,1
site_ad3433ffac,2026-02-23T17:30:00+00:00,0.32602255345820036,1
site_ad3433ffac,2026-02-23T17:45:00+00:00,0.339127726734268,1
site_ad3433ffac,2026-02-23T18:00:00+00:00,0.34707277442229995,1
site_ad3433ffac,2026-02-23T18:15:00+00:00,0.32938337589084127,1
site_ad3433ffac,2026-02-23T18:30:00+00:00,0.3033251020301521,1
site_ad3433ffac,2026-02-23T18:45:00+00:00,0.2946371571278995,1
site_ad3433ffac,2026-02-23T19:00:00+00:00,0.25883123361663307,1
site_ad3433ffac,2026-02-23T19:15:00+00:00,0.27486769422484375,1
site_ad3433ffac,2026-02-23T19:30:00+00:00,0.30513640252156216,1
site_ad3433ffac,2026-02-23T19:45:00+00:00,0.3001901628604358,1
site_ad3433ffac,2026-02-23T20:00:00+00:00,0.2791123973515081,1
site_ad3433ffac,2026-02-23T20:15:00+00:00,0.29549791354458477,1
site_ad3433ffac,2026-02-23T20:30:00+00:00,0.27233591688246844,1
site_ad3433ffac,2026-02-23T20:45:00+00:00,0.26287073376160897,1
site_ad3433ffac,2026-02-23T21:00:00+00:00,0.20086789533729724,1
site_ad3433ffac,2026-02-23T21:15:00+00:00,0.25900520702794333,1
site_ad3433ffac,2026-02-23T21:30:00+00:00,0.30988653851358594,1
site_ad3433ffac,2026-02-23T21:45:00+00:00,0.2678008251990426,1
site_ad3433ffac,2026-02-23T22:00:00+00:00,0.26283822368116666,1
site_ad3433ffac,2026-02-23T22:15:00+00:00,0.322700562793253,1
site_ad3433ffac,2026-02-23T22:30:00+00:00,0.22783854030275594,1
site_ad3433ffac,2026-02-23T22:45:00+00:00,0.20677036286749717,1
site_ad3433ffac,2026-02-23T23:00:00+00:00,0.2545354474975044,1
site_ad3433ffac,2026-02-23T23:15:00+00:00,0.2871547541708877,1
site_ad3433ffac,2026-02-23T23:30:00+00:00,0.24990699822854812,1
site_ad3433ffac,2026-02-23T23:45:00+00:00,0.2579391698042156,1
site_ad3433ffac,2026-02-24T00:00:00+00:00,0.2450219190160883,1
site_ad3433ffac,2026-02-24T00:15:00+00:00,0.19726545043540572,0
site_ad3433ffac,2026-02-24T00:30:00+00:00,0.20585034737205316,1
site_ad3433ffac,2026-02-24T00:45:00+00:00,0.2286437150993396,1
site_ad3433ffac,2026-02-24T01:00:00+00:00,0.32914723725172634,1
site_ad3433ffac,2026-02-24T01:15:00+00:00,0.2668193363583239,1
site_ad3433ffac,2026-02-24T01:30:00+00:00,0.2668209266192058,1
site_ad3433ffac,2026-02-24T01:45:00+00:00,0.3026877160895423,1
site_ad3433ffac,2026-02-24T02:00:00+00:00,0.27630079918896466,1
site_ad3433ffac,2026-02-24T02:15:00+00:00,0.2846346026632531,1
site_ad3433ffac,2026-02-24T02:30:00+00:00,0.20183454212883614,1
site_ad3433ffac,2026-02-24T02:45:00+00:00,0.2528445365967674,1
site_ad3433ffac,2026-02-24T03:00:00+00:00,0.24109299110208798,1
site_ad3433ffac,2026-02-24T03:15:00+00:00,0.23380115774602625,1
site_ad3433ffac,2026-02-24T03:30:00+00:00,0.24712370197050865,1
site_ad3433ffac,2026-02-24T03:45:00+00:00,0.2423514304347474,1
site_ad3433ffac,2026-02-24T04:00:00+00:00,0.155397551653364,0
site_ad3433ffac,2026-02-24T04:15:00+00:00,0.24613285633703819,1
site_ad3433ffac,2026-02-24T04:30:00+00:00,0.2224006311420332,1
site_ad3433ffac,2026-02-24T04:45:00+00:00,0.2287028702435683,1
site_ad3433ffac,2026-02-24T05:00:00+00:00,0.2283312625890063,1
site_ad3433ffac,2026-02-24T05:15:00+00:00,0.24488894902444525,1
site_ad3433ffac,2026-02-24T05:30:00+00:00,0.24855553742408076,1
site_ad3433ffac,2026-02-24T05:45:00+00:00,0.27730492781348254,1
site_ad3433ffac,2026-02-24T06:00:00+00:00,0.2712908741132861,1
site_ad3433ffac,2026-02-24T06:15:00+00:00,0.2894720395229572,1
site_ad3433ffac,2026-02-24T06:30:00+00:00,0.2677498900322163,1
site_ad3433ffac,2026-02-24T06:45:00+00:00,0.29851209173879756,1
site_ad3433ffac,2026-02-24T07:00:00+00:00,0.2383266527175087,1
site_ad3433ffac,2026-02-24T07:15:00+00:00,0.32054791044572895,1
site_ad3433ffac,2026-02-24T07:30:00+00:00,0.3220846754923305,1
site_ad3433ffac,2026-02-24T07:45:00+00:00,0.302765642613285,1
site_ad3433ffac,2026-02-24T08:00:00+00:00,0.2722075429398165,1
site_ad3433ffac,2026-02-24T08:15:00+00:00,0.2685833652566035,1
site_ad3433ffac,2026-02-24T08:30:00+00:00,0.2939803176519695,1
site_ad3433ffac,2026-02-24T08:45:00+00:00,0.35506057206819575,1
site_ad3433ffac,2026-02-24T09:00:00+00:00,0.2356101123443482,1
site_ad3433ffac,2026-02-24T09:15:00+00:00,0.27565790032598536,1
site_ad3433ffac,2026-02-24T09:30:00+00:00,0.2829175800607846,1
site_ad3433ffac,2026-02-24T09:45:00+00:00,0.3071620913605697,1
site_ad3433ffac,2026-02-24T10:00:00+00:00,0.29851765565517513,1
site_ad3433ffac,2026-02-24T10:15:00+00:00,0.29479083438673737,1
site_ad3433ffac,2026-02-24T10:30:00+00:00,0.2050309408359554,1
site_ad3433ffac,2026-02-24T10:45:00+00:00,0.2850373607179734,1
site_ad3433ffac,2026-02-24T11:00:00+00:00,0.2603284976173041,1
site_ad3433ffac,2026-02-24T11:15:00+00:00,0.40761439106156516,1
site_ad3433ffac,2026-02-24T11:30:00+00:00,0.29083487227510957,1
site_ad3433ffac,2026-02-24T11:45:00+00:00,0.24054734395630525,1
site_ad3433ffac,2026-02-24T12:00:00+00:00,0.33072038762645267,1
site_ad3433ffac,2026-02-24T12:15:00+00:00,0.2944735750048834,1
site_ad3433ffac,2026-02-24T12:30:00+00:00,0.2844113715354078,1
site_ad3433ffac,2026-02-24T12:45:00+00:00,0.24250693839844625,1
site_ad3433ffac,2026-02-24T13:00:00+00:00,0.22370390974155693,1
site_ad3433ffac,2026-02-24T13:15:00+00:00,0.25217960713126203,1
site_ad3433ffac,2026-02-24T13:30:00+00:00,0.27508889711146994,1
site_ad3433ffac,2026-02-24T13:45:00+00:00,0.26760556719163947,1
site_ad3433ffac,2026-02-24T14:00:00+00:00,0.2006369182181227,1
site_ad3433ffac,2026-02-24T14:15:00+00:00,0.2991945625884425,1
site_ad3433ffac,2026-02-24T14:30:00+00:00,0.254727369880872,1
site_ad3433ffac,2026-02-24T14:45:00+00:00,0.3544288141874305,1
site_ad3433ffac,2026-02-24T15:00:00+00:00,0.2686957171639807,1
site_ad3433ffac,2026-02-24T15:15:00+00:00,0.3110518746381115,1
site_ad3433ffac,2026-02-24T15:30:00+00:00,0.28458268135140774,1
site_ad3433ffac,2026-02-24T15:45:00+00:00,0.2896339565083747,1
site_ad3433ffac,2026-02-24T16:00:00+00:00,0.2675618358664621,1
site_ad3433ffac,2026-02-24T16:15:00+00:00,0.29459994429848096,1
site_ad3433ffac,2026-02-24T16:30:00+00:00,0.3127419386366932,1
site_ad3433ffac,2026-02-24T16:45:00+00:00,0.31689632986525107,1
site_ad3433ffac,2026-02-24T17:00:00+00:00,0.32885719310275563,1
site_ad3433ffac,2026-02-24T17:15:00+00:00,0.2828141101670896,1
site_ad3433ffac,2026-02-24T17:30:00+00:00,0.25682668565085753,1
site_ad3433ffac,2026-02-24T17:45:00+00:00,0.2638504425935828,1
site_ad3433ffac,2026-02-24T18:00:00+00:00,0.2531567750434692,1
site_ad3433ffac,2026-02-24T18:15:00+00:00,0.26936366401081024,1
site_ad3433ffac,2026-02-24T18:30:00+00:00,0.3146020413735528,1
site_ad3433ffac,2026-02-24T18:45:00+00:00,0.27391562155784505,1
site_ad3433ffac,2026-02-24T19:00:00+00:00,0.2933914339770189,1
site_ad3433ffac,2026-02-24T19:15:00+00:00,0.2981906739859424,1
site_ad3433ffac,2026-02-24T19:30:00+00:00,0.2778151698052847,1
site_ad3433ffac,2026-02-24T19:45:00+00:00,0.25224174436508773,1
site_ad3433ffac,2026-02-24T20:00:00+00:00,0.22653741274951686,1
site_ad3433ffac,2026-02-24T20:15:00+00:00,0.24605477605836787,1
site_ad3433ffac,2026-02-24T20:30:00+00:00,0.25675254758085214,1
site_ad3433ffac,2026-02-24T20:45:00+00:00,0.23101957216829763,1
site_ad3433ffac,2026-02-24T21:00:00+00:00,0.23452650809934403,1
site_ad3433ffac,2026-02-24T21:15:00+00:00,0.31114454045158907,1
site_ad3433ffac,2026-02-24T21:30:00+00:00,0.19769945147791065,0
site_ad3433ffac,2026-02-24T21:45:00+00:00,0.19173985077273453,0
site_ad3433ffac,2026-02-24T22:00:00+00:00,0.2287734457066409,1
site_ad3433ffac,2026-02-24T22:15:00+00:00,0.23202369908238887,1
site_ad3433ffac,2026-02-24T22:30:00+00:00,0.1885344369549855,0
site_ad3433ffac,2026-02-24T22:45:00+00:00,0.18095701207290904,0
site_ad3433ffac,2026-02-24T23:00:00+00:00,0.15285679447335546,0
site_ad3433ffac,2026-02-24T23:15:00+00:00,0.125128989557595,0
site_ad3433ffac,2026-02-24T23:30:00+00:00,0.13903219252301943,0
site_ad3433ffac,2026-02-24T23:45:00+00:00,0.14233544198312778,0
site_ad3433ffac,2026-02-25T00:00:00+00:00,0.23898980985925136,1
site_ad3433ffac,2026-02-25T00:15:00+00:00,0.1620996497019481,0
site_ad3433ffac,2026-02-25T00:30:00+00:00,0.12271567262030375,0
site_ad3433ffac,2026-02-25T00:45:00+00:00,0.18663609772483508,0
site_ad3433ffac,2026-02-25T01:00:00+00:00,0.17742575498145957,0
site_ad3433ffac,2026-02-25T01:15:00+00:00,0.19812224384878435,0
site_ad3433ffac,2026-02-25T01:30:00+00:00,0.15477282305621726,0
site_ad3433ffac,2026-02-25T01:45:00+00:00,0.22329983855380212,1
site_ad3433ffac,2026-02-25T02:00:00+00:00,0.18448093835598173,0
site_ad3433ffac,2026-02-25T02:15:00+00:00,0.19618570652501138,0
site_ad3433ffac,2026-02-25T02:30:00+00:00,0.23502990521293088,1
site_ad3433ffac,2026-02-25T02:45:00+00:00,0.18773067449367425,0
site_ad3433ffac,2026-02-25T03:00:00+00:00,0.16149622088712057,0
site_ad3433ffac,2026-02-25T03:15:00+00:00,0.23141576597020722,1
site_ad3433ffac,2026-02-25T03:30:00+00:00,0.18604111366800136,0
site_ad3433ffac,2026-02-25T03:45:00+00:00,0.15516714242594773,0
site_ad3433ffac,2026-02-25T04:00:00+00:00,0.18396372127462157,0
site_ad3433ffac,2026-02-25T04:15:00+00:00,0.20426301462747096,1
site_ad3433ffac,2026-02-25T04:30:00+00:00,0.22288234226710332,1
site_ad3433ffac,2026-02-25T04:45:00+00:00,0.20569088427124366,1
site_ad3433ffac,2026-02-25T05:00:00+00:00,0.18219288517383875,0
site_ad3433ffac,2026-02-25T05:15:00+00:00,0.22732310466578579,1
site_ad3433ffac,2026-02-25T05:30:00+00:00,0.21970412362823308,1
site_ad3433ffac,2026-02-25T05:45:00+00:00,0.23350033745580956,1
site_ad3433ffac,2026-02-25T06:00:00+00:00,0.21946111226465284,1
site_ad3433ffac,2026-02-25T06:15:00+00:00,0.24459263382785792,1
site_ad3433ffac,2026-02-25T06:30:00+00:00,0.2856072869777876,1
site_ad3433ffac,2026-02-25T06:45:00+00:00,0.2931048167979453,1
site_ad3433ffac,2026-02-25T07:00:00+00:00,0.2382365117250446,1
site_ad3433ffac,2026-02-25T07:15:00+00:00,0.26604003372743135,1
site_ad3433ffac,2026-02-25T07:30:00+00:00,0.2345182039155306,1
site_ad3433ffac,2026-02-25T07:45:00+00:00,0.264284243290761,1
site_ad3433ffac,2026-02-25T08:00:00+00:00,0.26974381122570407,1
site_ad3433ffac,2026-02-25T08:15:00+00:00,0.29584808242052585,1
site_ad3433ffac,2026-02-25T08:30:00+00:00,0.2756054766533973,1
site_ad3433ffac,2026-02-25T08:45:00+00:00,0.21790837970153684,1
site_ad3433ffac,2026-02-25T09:00:00+00:00,0.27294894113748247,1
site_ad3433ffac,2026-02-25T09:15:00+00:00,0.26501681992164383,1
site_ad3433ffac,2026-02-25T09:30:00+00:00,0.2476183261746449,1
site_ad3433ffac,2026-02-25T09:45:00+00:00,0.25890676090768966,1
site_ad3433ffac,2026-02-25T10:00:00+00:00,0.2751069035504269,1
site_ad3433ffac,2026-02-25T10:15:00+00:00,0.3191478507646053,1
site_ad3433ffac,2026-02-25T10:30:00+00:00,0.25498020179281833,1
site_ad3433ffac,2026-02-25T10:45:00+00:00,0.2565981314185041,1
site_ad3433ffac,2026-02-25T11:00:00+00:00,0.2952868783163176,1
site_ad3433ffac,2026-02-25T11:15:00+00:00,0.2303652215871281,1
site_ad3433ffac,2026-02-25T11:30:00+00:00,0.2682179816857397,1
site_ad3433ffac,2026-02-25T11:45:00+00:00,0.29629985195212416,1
site_ad3433ffac,2026-02-25T12:00:00+00:00,0.2357325464783184,1
site_ad3433ffac,2026-02-25T12:15:00+00:00,0.27463047038423377,1
site_ad3433ffac,2026-02-25T12:30:00+00:00,0.21404740797297192,1
site_ad3433ffac,2026-02-25T12:45:00+00:00,0.28309499052841597,1
site_ad3433ffac,2026-02-25T13:00:00+00:00,0.25141922181577325,1
site_ad3433ffac,2026-02-25T13:15:00+00:00,0.30800102735021917,1
site_ad3433ffac,2026-02-25T13:30:00+00:00,0.27356141460540556,1
site_ad3433ffac,2026-02-25T13:45:00+00:00,0.27054133358948607,1
site_ad3433ffac,2026-02-25T14:00:00+00:00,0.29381250070649995,1
site_ad3433ffac,2026-02-25T14:15:00+00:00,0.3266843532115369,1
site_ad3433ffac,2026-02-25T14:30:00+00:00,0.26070032975224705,1
site_ad3433ffac,2026-02-25T14:45:00+00:00,0.25025701385571547,1
site_ad3433ffac,2026-02-25T15:00:00+00:00,0.276484851800936,1
site_ad3433ffac,2026-02-25T15:15:00+00:00,0.3017221587461094,1
site_ad3433ffac,2026-02-25T15:30:00+00:00,0.32036158168194173,1
site_ad3433ffac,2026-02-25T15:45:00+00:00,0.26121133808045643,1
site_ad3433ffac,2026-02-25T16:00:00+00:00,0.3648582849977751,1
site_ad3433ffac,2026-02-25T16:15:00+00:00,0.29184868736823705,1
site_ad3433ffac,2026-02-25T16:30:00+00:00,0.26742653735930566,1
site_ad3433ffac,2026-02-25T16:45:00+00:00,0.21151646179890815,1
site_ad3433ffac,2026-02-25T17:00:00+00:00,0.22283565535447028,1
site_ad3433ffac,2026-02-25T17:15:00+00:00,0.24261323977538693,1
site_ad3433ffac,2026-02-25T17:30:00+00:00,0.2503267007682938,1
site_ad3433ffac,2026-02-25T17:45:00+00:00,0.240375011990366,1
site_ad3433ffac,2026-02-25T18:00:00+00:00,0.312629022541227,1
site_ad3433ffac,2026-02-25T18:15:00+00:00,0.261664846453602,1
site_ad3433ffac,2026-02-25T18:30:00+00:00,0.2588635737045879,1
site_ad3433ffac,2026-02-25T18:45:00+00:00,0.2093775171296047,1
site_ad3433ffac,2026-02-25T19:00:00+00:00,0.2140652017629834,1
site_ad3433ffac,2026-02-25T19:15:00+00:00,0.21834907786980845,1
site_ad3433ffac,2026-02-25T19:30:00+00:00,0.17572632288147988,0
site_ad3433ffac,2026-02-25T19:45:00+00:00,0.21731809795078214,1
site_ad3433ffac,2026-02-25T20:00:00+00:00,0.16629744315368028,0
site_ad3433ffac,2026-02-25T20:15:00+00:00,0.2056884129322857,1
site_ad3433ffac,2026-02-25T20:30:00+00:00,0.219311608497504,1
site_ad3433ffac,2026-02-25T20:45:00+00:00,0.22149489992670396,1
site_ad3433ffac,2026-02-25T21:00:00+00:00,0.20893987705697536,1
site_ad3433ffac,2026-02-25T21:15:00+00:00,0.2106579596588457,1
site_ad3433ffac,2026-02-25T21:30:00+00:00,0.20845878471727072,1
site_ad3433ffac,2026-02-25T21:45:00+00:00,0.14768971102513104,0
site_ad3433ffac,2026-02-25T22:00:00+00:00,0.13688664109604273,0
site_ad3433ffac,2026-02-25T22:15:00+00:00,0.12720547068831772,0
site_ad3433ffac,2026-02-25T22:30:00+00:00,0.10996988433477786,0
site_ad3433ffac,2026-02-25T22:45:00+00:00,0.11711932396848955,0
site_ad3433ffac,2026-02-25T23:00:00+00:00,0.13678083972886187,0
site_ad3433ffac,2026-02-25T23:15:00+00:00,0.16001035223739227,0
site_ad3433ffac,2026-02-25T23:30:00+00:00,0.16576341340472175,0
site_ad3433ffac,2026-02-25T23:45:00+00:00,0.20643719988022152,1
site_ad3433ffac,2026-02-26T00:00:00+00:00,0.16072822865051392,0
site_ad3433ffac,2026-02-26T00:15:00+00:00,0.1818102383777617,0
site_ad3433ffac,2026-02-26T00:30:00+00:00,0.22890791313664996,1
site_ad3433ffac,2026-02-26T00:45:00+00:00,0.24132280152367977,1
site_ad3433ffac,2026-02-26T01:00:00+00:00,0.21647880722355442,1
site_ad3433ffac,2026-02-26T01:15:00+00:00,0.2034274367684998,1
site_ad3433ffac,2026-02-26T01:30:00+00:00,0.2623662559709142,1
site_ad3433ffac,2026-02-26T01:45:00+00:00,0.16019286620756504,0
site_ad3433ffac,2026-02-26T02:00:00+00:00,0.13287703161682202,0
site_ad3433ffac,2026-02-26T02:15:00+00:00,0.16745444493334777,0
site_ad3433ffac,2026-02-26T02:30:00+00:00,0.14079010835317973,0
site_ad3433ffac,2026-02-26T02:45:00+00:00,0.10831562965366168,0
site_ad3433ffac,2026-02-26T03:00:00+00:00,0.128347267398911,0
site_ad3433ffac,2026-02-26T03:15:00+00:00,0.1576087112649935,0
site_ad3433ffac,2026-02-26T03:30:00+00:00,0.13620030749097287,0
site_ad3433ffac,2026-02-26T03:45:00+00:00,0.14356887399926196,0
site_ad3433ffac,2026-02-26T04:00:00+00:00,0.1576419374919263,0
site_ad3433ffac,2026-02-26T04:15:00+00:00,0.19337187016869814,0
site_ad3433ffac,2026-02-26T04:30:00+00:00,0.28704467296114533,1
site_ad3433ffac,2026-02-26T04:45:00+00:00,0.3200257910592499,1
site_ad3433ffac,2026-02-26T05:00:00+00:00,0.2339220757695063,1
site_ad3433ffac,2026-02-26T05:15:00+00:00,0.17761675269302865,0
site_ad3433ffac,2026-02-26T05:30:00+00:00,0.22786091144363071,1
site_ad3433ffac,2026-02-26T05:45:00+00:00,0.21576364860180533,1
site_ad3433ffac,2026-02-26T06:00:00+00:00,0.18797160557466008,0
site_ad3433ffac,2026-02-26T06:15:00+00:00,0.23737988117640638,1
site_ad3433ffac,2026-02-26T06:30:00+00:00,0.25463296824993126,1
site_ad3433ffac,2026-02-26T06:45:00+00:00,0.2765872817950417,1
site_ad3433ffac,2026-02-26T07:00:00+00:00,0.21271122137229495,1
site_ad3433ffac,2026-02-26T07:15:00+00:00,0.2298434060478641,1
site_ad3433ffac,2026-02-26T07:30:00+00:00,0.1936810831076445,0
site_ad3433ffac,2026-02-26T07:45:00+00:00,0.2177059730773534,1
site_ad3433ffac,2026-02-26T08:00:00+00:00,0.2314716420099526,1
site_ad3433ffac,2026-02-26T08:15:00+00:00,0.24321395881400282,1
site_ad3433ffac,2026-02-26T08:30:00+00:00,0.2862983959898977,1
site_ad3433ffac,2026-02-26T08:45:00+00:00,0.2020797755249303,1
site_ad3433ffac,2026-02-26T09:00:00+00:00,0.26252045498611015,1
site_ad3433ffac,2026-02-26T09:15:00+00:00,0.22174004383589804,1
site_ad3433ffac,2026-02-26T09:30:00+00:00,0.19956615691726665,0
site_ad3433ffac,2026-02-26T09:45:00+00:00,0.19348859540383,0
site_ad3433ffac,2026-02-26T10:00:00+00:00,0.23961758157805102,1
site_ad3433ffac,2026-02-26T10:15:00+00:00,0.20174094484740576,1
site_ad3433ffac,2026-02-26T10:30:00+00:00,0.26497716262239607,1
site_ad3433ffac,2026-02-26T10:45:00+00:00,0.34356716024352774,1
site_ad3433ffac,2026-02-26T11:00:00+00:00,0.21601421959486103,1
site_ad3433ffac,2026-02-26T11:15:00+00:00,0.21875981139787318,1
site_ad3433ffac,2026-02-26T11:30:00+00:00,0.18483728668785443,0
site_ad3433ffac,2026-02-26T11:45:00+00:00,0.2396150619149466,1
site_ad3433ffac,2026-02-26T12:00:00+00:00,0.24893762122233717,1
site_ad3433ffac,2026-02-26T12:15:00+00:00,0.31847244993907653,1
site_ad3433ffac,2026-02-26T12:30:00+00:00,0.30824544745979504,1
site_ad3433ffac,2026-02-26T12:45:00+00:00,0.3188033668920815,1
site_ad3433ffac,2026-02-26T13:00:00+00:00,0.2631046050496095,1
site_ad3433ffac,2026-02-26T13:15:00+00:00,0.32300266275261563,1
site_ad3433ffac,2026-02-26T13:30:00+00:00,0.24940274094074463,1
site_ad3433ffac,2026-02-26T13:45:00+00:00,0.21492917094711864,1
site_ad3433ffac,2026-02-26T14:00:00+00:00,0.2426245990193033,1
site_ad3433ffac,2026-02-26T14:15:00+00:00,0.2558968672952126,1
site_ad3433ffac,2026-02-26T14:30:00+00:00,0.2197587199922605,1
site_ad3433ffac,2026-02-26T14:45:00+00:00,0.17267653984924544,0
site_ad3433ffac,2026-02-26T15:00:00+00:00,0.24174813686634014,1
site_ad3433ffac,2026-02-26T15:15:00+00:00,0.25495255231036956,1
site_ad3433ffac,2026-02-26T15:30:00+00:00,0.27425456344765853,1
site_ad3433ffac,2026-02-26T15:45:00+00:00,0.21652933914553335,1
site_ad3433ffac,2026-02-26T16:00:00+00:00,0.21241621832255067,1
site_ad3433ffac,2026-02-26T16:15:00+00:00,0.18605226884732257,0
site_ad3433ffac,2026-02-26T16:30:00+00:00,0.1986297803292677,0
site_ad3433ffac,2026-02-26T16:45:00+00:00,0.2379360602559588,1
site_ad3433ffac,2026-02-26T17:00:00+00:00,0.22181310758397438,1
site_ad3433ffac,2026-02-26T17:15:00+00:00,0.20714114973953485,1
site_ad3433ffac,2026-02-26T17:30:00+00:00,0.20339962985775234,1
site_ad3433ffac,2026-02-26T17:45:00+00:00,0.19538166304378268,0
site_ad3433ffac,2026-02-26T18:00:00+00:00,0.19955895226363402,0
site_ad3433ffac,2026-02-26T18:15:00+00:00,0.19852081863575047,0
site_ad3433ffac,2026-02-26T18:30:00+00:00,0.20135766081844161,1
site_ad3433ffac,2026-02-26T18:45:00+00:00,0.22350086023948373,1
site_ad3433ffac,2026-02-26T19:00:00+00:00,0.18213228610517052,0
site_ad3433ffac,2026-02-26T19:15:00+00:00,0.21395558703967,1
site_ad3433ffac,2026-02-26T19:30:00+00:00,0.2480163884696848,1
site_ad3433ffac,2026-02-26T19:45:00+00:00,0.18597672537147503,0
site_ad3433ffac,2026-02-26T20:00:00+00:00,0.23826104869390757,1
site_ad3433ffac,2026-02-26T20:15:00+00:00,0.19442000303913035,0
site_ad3433ffac,2026-02-26T20:30:00+00:00,0.18152452536469796,0
site_ad3433ffac,2026-02-26T20:45:00+00:00,0.14892925937188842,0
site_ad3433ffac,2026-02-26T21:00:00+00:00,0.15273157420549224,0
site_ad3433ffac,2026-02-26T21:15:00+00:00,0.14833764270874256,0
site_ad3433ffac,2026-02-26T21:30:00+00:00,0.12553210807524284,0
site_ad3433ffac,2026-02-26T21:45:00+00:00,0.14467087249061283,0
site_ad3433ffac,2026-02-26T22:00:00+00:00,0.17470521337247247,0
site_ad3433ffac,2026-02-26T22:15:00+00:00,0.15050881602709512,0
site_ad3433ffac,2026-02-26T22:30:00+00:00,0.17034899092690323,0
site_ad3433ffac,2026-02-26T22:45:00+00:00,0.22156351580449637,1
site_ad3433ffac,2026-02-26T23:00:00+00:00,0.1457211344528529,0
site_ad3433ffac,2026-02-26T23:15:00+00:00,0.14103482290724437,0
site_ad3433ffac,2026-02-26T23:30:00+00:00,0.13950651446386542,0
site_ad3433ffac,2026-02-26T23:45:00+00:00,0.10779230978596055,0
site_ad3433ffac,2026-02-27T00:00:00+00:00,0.09940050959745184,0
site_ad3433ffac,2026-02-27T00:15:00+00:00,0.17103431563473892,0
site_ad3433ffac,2026-02-27T00:30:00+00:00,0.12639243910536146,0
site_ad3433ffac,2026-02-27T00:45:00+00:00,0.11542208594618378,0
site_ad3433ffac,2026-02-27T01:00:00+00:00,0.09137044277606961,0
site_ad3433ffac,2026-02-27T01:15:00+00:00,0.10006163355618392,0
site_ad3433ffac,2026-02-27T01:30:00+00:00,0.13013423030342172,0
site_ad3433ffac,2026-02-27T01:45:00+00:00,0.13028713423903945,0
site_ad3433ffac,2026-02-27T02:00:00+00:00,0.11749411336829749,0
site_ad3433ffac,2026-02-27T02:15:00+00:00,0.17836437206256459,0
site_ad3433ffac,2026-02-27T02:30:00+00:00,0.12615517078027907,0
site_ad3433ffac,2026-02-27T02:45:00+00:00,0.1215071360252372,0
site_ad3433ffac,2026-02-27T03:00:00+00:00,0.17206128193269707,0
site_ad3433ffac,2026-02-27T03:15:00+00:00,0.17447895646056208,0
site_ad3433ffac,2026-02-27T03:30:00+00:00,0.13463387441039526,0
site_ad3433ffac,2026-02-27T03:45:00+00:00,0.14713114047323095,0
site_ad3433ffac,2026-02-27T04:00:00+00:00,0.14666347030725715,0
site_ad3433ffac,2026-02-27T04:15:00+00:00,0.14800760942246327,0
site_ad3433ffac,2026-02-27T04:30:00+00:00,0.16706044413616375,0
site_ad3433ffac,2026-02-27T04:45:00+00:00,0.16771517094273564,0
site_ad3433ffac,2026-02-27T05:00:00+00:00,0.1862404878052275,0
site_ad3433ffac,2026-02-27T05:15:00+00:00,0.2157593236491399,1
site_ad3433ffac,2026-02-27T05:30:00+00:00,0.24739715345311833,1
site_ad3433ffac,2026-02-27T05:45:00+00:00,0.24557880165960394,1
site_ad3433ffac,2026-02-27T06:00:00+00:00,0.23350856509224124,1
site_ad3433ffac,2026-02-27T06:15:00+00:00,0.23895244693047352,1
site_ad3433ffac,2026-02-27T06:30:00+00:00,0.25105656885684785,1
site_ad3433ffac,2026-02-27T06:45:00+00:00,0.2522061721525255,1
site_ad3433ffac,2026-02-27T07:00:00+00:00,0.2624434729997757,1
site_ad3433ffac,2026-02-27T07:15:00+00:00,0.2509245359683786,1
site_ad3433ffac,2026-02-27T07:30:00+00:00,0.2325473684999347,1
site_ad3433ffac,2026-02-27T07:45:00+00:00,0.2640084273320533,1
site_ad3433ffac,2026-02-27T08:00:00+00:00,0.22766992491137117,1
site_ad3433ffac,2026-02-27T08:15:00+00:00,0.2179525674736377,1
site_ad3433ffac,2026-02-27T08:30:00+00:00,0.2067502420360734,1
site_ad3433ffac,2026-02-27T08:45:00+00:00,0.1967312604024706,0
site_ad3433ffac,2026-02-27T09:00:00+00:00,0.23860565625704622,1
site_ad3433ffac,2026-02-27T09:15:00+00:00,0.21247483921408716,1
site_ad3433ffac,2026-02-27T09:30:00+00:00,0.24439618268287183,1
site_ad3433ffac,2026-02-27T09:45:00+00:00,0.2270529140063801,1
site_ad3433ffac,2026-02-27T10:00:00+00:00,0.2102664095476896,1
site_ad3433ffac,2026-02-27T10:15:00+00:00,0.24068248769084472,1
site_ad3433ffac,2026-02-27T10:30:00+00:00,0.24597805049222263,1
site_ad3433ffac,2026-02-27T10:45:00+00:00,0.25575732620628644,1
site_ad3433ffac,2026-02-27T11:00:00+00:00,0.23853807456929513,1
site_ad3433ffac,2026-02-27T11:15:00+00:00,0.23673371047404987,1
site_ad3433ffac,2026-02-27T11:30:00+00:00,0.21050189089972743,1
site_ad3433ffac,2026-02-27T11:45:00+00:00,0.23007251365866047,1
site_ad3433ffac,2026-02-27T12:00:00+00:00,0.21808782630185697,1
site_ad3433ffac,2026-02-27T12:15:00+00:00,0.24296153159819986,1
site_ad3433ffac,2026-02-27T12:30:00+00:00,0.29749326619268474,1
site_ad3433ffac,2026-02-27T12:45:00+00:00,0.22485668517462315,1
site_ad3433ffac,2026-02-27T13:00:00+00:00,0.19726037317398828,0
site_ad3433ffac,2026-02-27T13:15:00+00:00,0.2230089944642006,1
site_ad3433ffac,2026-02-27T13:30:00+00:00,0.20483849575556562,1
site_ad3433ffac,2026-02-27T13:45:00+00:00,0.18345268810365278,0
site_ad3433ffac,2026-02-27T14:00:00+00:00,0.19139985801573395,0
site_ad3433ffac,2026-02-27T14:15:00+00:00,0.24814337220649432,1
site_ad3433ffac,2026-02-27T14:30:00+00:00,0.24444831654902588,1
site_ad3433ffac,2026-02-27T14:45:00+00:00,0.2042672812910415,1
site_ad3433ffac,2026-02-27T15:00:00+00:00,0.2370296774518224,1
site_ad3433ffac,2026-02-27T15:15:00+00:00,0.18134193651090028,0
site_ad3433ffac,2026-02-27T15:30:00+00:00,0.22096613464916282,1
site_ad3433ffac,2026-02-27T15:45:00+00:00,0.22838173927480526,1
site_ad3433ffac,2026-02-27T16:00:00+00:00,0.266532797908336,1
site_ad3433ffac,2026-02-27T16:15:00+00:00,0.226460530995091,1
site_ad3433ffac,2026-02-27T16:30:00+00:00,0.21178007852600214,1
site_ad3433ffac,2026-02-27T16:45:00+00:00,0.21115863657116993,1
site_ad3433ffac,2026-02-27T17:00:00+00:00,0.2047493845454771,1
site_ad3433ffac,2026-02-27T17:15:00+00:00,0.20857884877056682,1
site_ad3433ffac,2026-02-27T17:30:00+00:00,0.23742229644630558,1
site_ad3433ffac,2026-02-27T17:45:00+00:00,0.2299570266536084,1
site_ad3433ffac,2026-02-27T18:00:00+00:00,0.20387260825771292,1
site_ad3433ffac,2026-02-27T18:15:00+00:00,0.28160714494203354,1
site_ad3433ffac,2026-02-27T18:30:00+00:00,0.16639791335002382,0
site_ad3433ffac,2026-02-27T18:45:00+00:00,0.16568979025171854,0
site_ad3433ffac,2026-02-27T19:00:00+00:00,0.15470886588068322,0
site_ad3433ffac,2026-02-27T19:15:00+00:00,0.17240369370743894,0
site_ad3433ffac,2026-02-27T19:30:00+00:00,0.16094033076478967,0
site_ad3433ffac,2026-02-27T19:45:00+00:00,0.1671626392775781,0
site_ad3433ffac,2026-02-27T20:00:00+00:00,0.15795670139667428,0
site_ad3433ffac,2026-02-27T20:15:00+00:00,0.15786704737592663,0
site_ad3433ffac,2026-02-27T20:30:00+00:00,0.14296394164732168,0
site_ad3433ffac,2026-02-27T20:45:00+00:00,0.17158916186017187,0
site_ad3433ffac,2026-02-27T21:00:00+00:00,0.11471822836138781,0
site_ad3433ffac,2026-02-27T21:15:00+00:00,0.09995899349219661,0
site_ad3433ffac,2026-02-27T21:30:00+00:00,0.09150827445037948,0
site_ad3433ffac,2026-02-27T21:45:00+00:00,0.08367240244125367,0
site_ad3433ffac,2026-02-27T22:00:00+00:00,0.09918218532211973,0
site_ad3433ffac,2026-02-27T22:15:00+00:00,0.14317181882796684,0
site_ad3433ffac,2026-02-27T22:30:00+00:00,0.07470500506390806,0
site_ad3433ffac,2026-02-27T22:45:00+00:00,0.06330377599112849,0
site_ad3433ffac,2026-02-27T23:00:00+00:00,0.06783294994222885,0
site_ad3433ffac,2026-02-27T23:15:00+00:00,0.27188392750504736,1
site_ad3433ffac,2026-02-27T23:30:00+00:00,0.065804169812212,0
site_ad3433ffac,2026-02-27T23:45:00+00:00,0.07600066393438497,0
site_ad3433ffac,2026-02-28T00:00:00+00:00,0.08757812961488254,0
site_ad3433ffac,2026-02-28T00:15:00+00:00,0.0810918999376889,0
site_ad3433ffac,2026-02-28T00:30:00+00:00,0.1400448062648687,0
site_ad3433ffac,2026-02-28T00:45:00+00:00,0.10243116035571949,0
site_ad3433ffac,2026-02-28T01:00:00+00:00,0.10424506209660003,0
site_ad3433ffac,2026-02-28T01:15:00+00:00,0.15522775928139573,0
site_ad3433ffac,2026-02-28T01:30:00+00:00,0.14237351642698123,0
site_ad3433ffac,2026-02-28T01:45:00+00:00,0.11419610222782271,0
site_ad3433ffac,2026-02-28T02:00:00+00:00,0.13318796288679122,0
site_ad3433ffac,2026-02-28T02:15:00+00:00,0.13976062984302637,0
site_ad3433ffac,2026-02-28T02:30:00+00:00,0.13718146714185658,0
site_ad3433ffac,2026-02-28T02:45:00+00:00,0.15322902312489114,0
site_ad3433ffac,2026-02-28T03:00:00+00:00,0.11508268121493782,0
site_ad3433ffac,2026-02-28T03:15:00+00:00,0.09799842358164035,0
site_ad3433ffac,2026-02-28T03:30:00+00:00,0.12461557881312693,0
site_ad3433ffac,2026-02-28T03:45:00+00:00,0.1352917342497603,0
site_ad3433ffac,2026-02-28T04:00:00+00:00,0.14153694943499617,0
site_ad3433ffac,2026-02-28T04:15:00+00:00,0.24127615858246088,1
site_ad3433ffac,2026-02-28T04:30:00+00:00,0.20771227949938126,1
site_ad3433ffac,2026-02-28T05:15:00+00:00,0.13310690211557125,0
site_ad3433ffac,2026-02-28T05:30:00+00:00,0.13755282061898497,0
site_ad3433ffac,2026-02-28T05:45:00+00:00,0.1293807820942909,0
site_ad3433ffac,2026-02-28T06:00:00+00:00,0.12181467278080049,0
site_ad3433ffac,2026-02-28T06:15:00+00:00,0.12399884248078648,0
site_ad3433ffac,2026-02-28T06:30:00+00:00,0.14240712045548254,0
site_ad3433ffac,2026-02-28T06:45:00+00:00,0.22898114599385647,1
site_ad3433ffac,2026-02-28T07:00:00+00:00,0.17250617077101554,0
site_ad3433ffac,2026-02-28T07:15:00+00:00,0.15102515857609347,0
site_ad3433ffac,2026-02-28T07:30:00+00:00,0.15656439309187561,0
site_ad3433ffac,2026-02-28T07:45:00+00:00,0.1710030964926626,0
site_ad3433ffac,2026-02-28T08:00:00+00:00,0.16663956354961557,0
site_ad3433ffac,2026-02-28T08:15:00+00:00,0.18105771317213135,0
site_ad3433ffac,2026-02-28T08:30:00+00:00,0.17509572402863569,0
site_ad3433ffac,2026-02-28T08:45:00+00:00,0.1479360800999087,0
site_ad3433ffac,2026-02-28T09:00:00+00:00,0.176810125175402,0
site_ad3433ffac,2026-02-28T09:15:00+00:00,0.24159070150059175,1
site_ad3433ffac,2026-02-28T09:30:00+00:00,0.2336384942397039,1
site_ad3433ffac,2026-02-28T09:45:00+00:00,0.20367538996689122,1
site_ad3433ffac,2026-02-28T10:00:00+00:00,0.18160252160256185,0
site_ad3433ffac,2026-02-28T10:15:00+00:00,0.14507134132059207,0
site_ad3433ffac,2026-02-28T10:30:00+00:00,0.15569796303935451,0
site_ad3433ffac,2026-02-28T10:45:00+00:00,0.1849707527840324,0
site_ad3433ffac,2026-02-28T11:00:00+00:00,0.19102921834257888,0
site_ad3433ffac,2026-02-28T11:15:00+00:00,0.21608562208695717,1
site_ad3433ffac,2026-02-28T11:30:00+00:00,0.20414668777192005,1
site_ad3433ffac,2026-02-28T11:45:00+00:00,0.18053999216889785,0
site_ad3433ffac,2026-02-28T12:00:00+00:00,0.22699735084692163,1
site_ad3433ffac,2026-02-28T12:15:00+00:00,0.20733863678555461,1
site_ad3433ffac,2026-02-28T12:30:00+00:00,0.24401978618079703,1
site_ad3433ffac,2026-02-28T12:45:00+00:00,0.23680424494874955,1
site_ad3433ffac,2026-02-28T13:00:00+00:00,0.2017287159622703,1
site_ad3433ffac,2026-02-28T13:15:00+00:00,0.23924929238723752,1
site_ad3433ffac,2026-02-28T13:30:00+00:00,0.2443451741079167,1
site_ad3433ffac,2026-02-28T13:45:00+00:00,0.20124294240689444,1
site_ad3433ffac,2026-02-28T14:00:00+00:00,0.17715510219454808,0
site_ad3433ffac,2026-02-28T14:15:00+00:00,0.17703684370411218,0
site_ad3433ffac,2026-02-28T14:30:00+00:00,0.2195076222414751,1
site_ad3433ffac,2026-02-28T14:45:00+00:00,0.22965778023379446,1
site_ad3433ffac,2026-02-28T15:00:00+00:00,0.27033858475518013,1
site_ad3433ffac,2026-02-28T15:15:00+00:00,0.25722832399197837,1
site_ad3433ffac,2026-02-28T15:30:00+00:00,0.20591259204570028,1
site_ad3433ffac,2026-02-28T15:45:00+00:00,0.18333964815849496,0
site_ad3433ffac,2026-02-28T16:00:00+00:00,0.16800193029605098,0
site_ad3433ffac,2026-02-28T16:15:00+00:00,0.17290223007491243,0
site_ad3433ffac,2026-02-28T16:30:00+00:00,0.17227227474249932,0
site_ad3433ffac,2026-02-28T16:45:00+00:00,0.18547852649533914,0
site_ad3433ffac,2026-02-28T17:00:00+00:00,0.17156570232064816,0
site_ad3433ffac,2026-02-28T17:15:00+00:00,0.20791370825458746,1
site_ad3433ffac,2026-02-28T17:30:00+00:00,0.21629663506130722,1
site_ad3433ffac,2026-02-28T17:45:00+00:00,0.21327129637690348,1
site_ad3433ffac,2026-02-28T18:00:00+00:00,0.17638671958327112,0
site_ad3433ffac,2026-02-28T18:15:00+00:00,0.1716583091472086,0
site_ad3433ffac,2026-02-28T18:30:00+00:00,0.1684642521578469,0
site_ad3433ffac,2026-02-28T18:45:00+00:00,0.15698179480733399,0
site_ad3433ffac,2026-02-28T19:00:00+00:00,0.13519224071170613,0
site_ad3433ffac,2026-02-28T19:15:00+00:00,0.12634920601148897,0
site_ad3433ffac,2026-02-28T19:30:00+00:00,0.09807015119401151,0
site_ad3433ffac,2026-02-28T19:45:00+00:00,0.1236249311319468,0
site_ad3433ffac,2026-02-28T20:00:00+00:00,0.12133724900426887,0
site_ad3433ffac,2026-02-28T20:15:00+00:00,0.11961321904817386,0
site_ad3433ffac,2026-02-28T20:30:00+00:00,0.09678709721076886,0
site_ad3433ffac,2026-02-28T20:45:00+00:00,0.08146095942492282,0
site_ad3433ffac,2026-02-28T21:00:00+00:00,0.06510442163576012,0
site_ad3433ffac,2026-02-28T21:15:00+00:00,0.07997699632859036,0
site_ad3433ffac,2026-02-28T21:30:00+00:00,0.05244183829513796,0
site_ad3433ffac,2026-02-28T21:45:00+00:00,0.04460772237501468,0
site_ad3433ffac,2026-02-28T22:00:00+00:00,0.06848682882023234,0
site_ad3433ffac,2026-02-28T22:15:00+00:00,0.06517453105361601,0
site_ad3433ffac,2026-02-28T22:30:00+00:00,0.07586143718112147,0
site_ad3433ffac,2026-02-28T22:45:00+00:00,0.06677468247955202,0
site_ad3433ffac,2026-02-28T23:00:00+00:00,0.0845106536763853,0
site_ad3433ffac,2026-02-28T23:15:00+00:00,0.08211952308990558,0
site_ad3433ffac,2026-02-28T23:30:00+00:00,0.10014628490232153,0
site_ad3433ffac,2026-02-28T23:45:00+00:00,0.06436055532750627,0
site_ad3433ffac,2026-03-01T00:00:00+00:00,0.13681913022321812,0
site_ad3433ffac,2026-03-01T00:15:00+00:00,0.07506725288224234,0
site_ad3433ffac,2026-03-01T00:30:00+00:00,0.18672932966370018,0
site_ad3433ffac,2026-03-01T00:45:00+00:00,0.11950483204991123,0
site_ad3433ffac,2026-03-01T01:00:00+00:00,0.08277922981614427,0
site_ad3433ffac,2026-03-01T01:15:00+00:00,0.10187223612034782,0
site_ad3433ffac,2026-03-01T01:30:00+00:00,0.20979660532581584,1
site_ad3433ffac,2026-03-01T01:45:00+00:00,0.10118960997387276,0
site_ad3433ffac,2026-03-01T02:00:00+00:00,0.0853806447932352,0
site_ad3433ffac,2026-03-01T02:15:00+00:00,0.08653357696475288,0
site_ad3433ffac,2026-03-01T02:30:00+00:00,0.10128405038706734,0
site_ad3433ffac,2026-03-01T02:45:00+00:00,0.10662741130031121,0
site_ad3433ffac,2026-03-01T03:00:00+00:00,0.10154668081829293,0
site_ad3433ffac,2026-03-01T03:15:00+00:00,0.10797810670063351,0
site_ad3433ffac,2026-03-01T03:30:00+00:00,0.1322034536026453,0
site_ad3433ffac,2026-03-01T03:45:00+00:00,0.1271451186996938,0
site_ad3433ffac,2026-03-01T04:00:00+00:00,0.12183395440530716,0
site_ad3433ffac,2026-03-01T04:15:00+00:00,0.12780841721034897,0
site_ad3433ffac,2026-03-01T04:30:00+00:00,0.1497285868108355,0
site_ad3433ffac,2026-03-01T04:45:00+00:00,0.10247781839679829,0
site_ad3433ffac,2026-03-01T05:00:00+00:00,0.12808789022961956,0
site_ad3433ffac,2026-03-01T05:15:00+00:00,0.14971395678256721,0
site_ad3433ffac,2026-03-01T05:30:00+00:00,0.16605275423953572,0
site_ad3433ffac,2026-03-01T05:45:00+00:00,0.18017988176336905,0
site_ad3433ffac,2026-03-01T06:00:00+00:00,0.17704512700942074,0
site_ad3433ffac,2026-03-01T06:15:00+00:00,0.20752395684095137,1
site_ad3433ffac,2026-03-01T06:30:00+00:00,0.19080223281007014,0
site_ad3433ffac,2026-03-01T06:45:00+00:00,0.19573387536272077,0
site_ad3433ffac,2026-03-01T07:00:00+00:00,0.19843114430766529,0
site_ad3433ffac,2026-03-01T07:15:00+00:00,0.2280896113759645,1
site_ad3433ffac,2026-03-01T07:30:00+00:00,0.24803823521244334,1
site_ad3433ffac,2026-03-01T07:45:00+00:00,0.22018687735845785,1
site_ad3433ffac,2026-03-01T08:00:00+00:00,0.23579269647631912,1
site_ad3433ffac,2026-03-01T08:15:00+00:00,0.19789819612877055,0
site_ad3433ffac,2026-03-01T08:30:00+00:00,0.20520965732512117,1
site_ad3433ffac,2026-03-01T08:45:00+00:00,0.18099711633360166,0
site_ad3433ffac,2026-03-01T09:00:00+00:00,0.14896387989738807,0
site_ad3433ffac,2026-03-01T09:15:00+00:00,0.149319032914575,0
site_ad3433ffac,2026-03-01T09:30:00+00:00,0.18789963600163045,0
site_ad3433ffac,2026-03-01T09:45:00+00:00,0.18110606345966673,0
site_ad3433ffac,2026-03-01T10:00:00+00:00,0.2283035526502217,1
site_ad3433ffac,2026-03-01T10:15:00+00:00,0.21579759042465693,1
site_ad3433ffac,2026-03-01T10:30:00+00:00,0.2133644940656699,1
site_ad3433ffac,2026-03-01T10:45:00+00:00,0.1976370370686552,0
site_ad3433ffac,2026-03-01T11:00:00+00:00,0.19300919090816773,0
site_ad3433ffac,2026-03-01T11:15:00+00:00,0.19346609965206102,0
site_ad3433ffac,2026-03-01T11:30:00+00:00,0.21917229786989995,1
site_ad3433ffac,2026-03-01T11:45:00+00:00,0.22970149035171816,1
site_ad3433ffac,2026-03-01T12:00:00+00:00,0.2343026553913622,1
site_ad3433ffac,2026-03-01T12:15:00+00:00,0.23306484281358356,1
site_ad3433ffac,2026-03-01T12:30:00+00:00,0.25633523023565524,1
site_ad3433ffac,2026-03-01T12:45:00+00:00,0.23668974777774565,1
site_ad3433ffac,2026-03-01T13:00:00+00:00,0.18827234990517772,0
site_ad3433ffac,2026-03-01T13:15:00+00:00,0.19504503533945386,0
site_ad3433ffac,2026-03-01T13:30:00+00:00,0.2251842265359144,1
site_ad3433ffac,2026-03-01T13:45:00+00:00,0.2826990862152756,1
site_ad3433ffac,2026-03-01T14:00:00+00:00,0.27961120269828044,1
site_ad3433ffac,2026-03-01T14:15:00+00:00,0.20085328938553335,1
site_ad3433ffac,2026-03-01T14:30:00+00:00,0.1514772000266027,0
site_ad3433ffac,2026-03-01T14:45:00+00:00,0.1406775976630595,0
site_ad3433ffac,2026-03-01T15:00:00+00:00,0.15855490676974232,0
site_ad3433ffac,2026-03-01T15:15:00+00:00,0.2071216021216903,1
site_ad3433ffac,2026-03-01T15:30:00+00:00,0.20995157499285594,1
site_ad3433ffac,2026-03-01T15:45:00+00:00,0.21073503746046976,1
site_ad3433ffac,2026-03-01T16:00:00+00:00,0.2398499392117709,1
site_ad3433ffac,2026-03-01T16:15:00+00:00,0.324561123846188,1
site_ad3433ffac,2026-03-01T16:30:00+00:00,0.2977183927697711,1
site_ad3433ffac,2026-03-01T16:45:00+00:00,0.2880495761191033,1
site_ad3433ffac,2026-03-01T17:00:00+00:00,0.30602956177941576,1
site_ad3433ffac,2026-03-01T17:15:00+00:00,0.30868365414059945,1
site_ad3433ffac,2026-03-01T17:30:00+00:00,0.2808383640089934,1
site_ad3433ffac,2026-03-01T17:45:00+00:00,0.2690393280843475,1
site_ad3433ffac,2026-03-01T18:00:00+00:00,0.2415601706291833,1
site_ad3433ffac,2026-03-01T18:15:00+00:00,0.24810373490492715,1
site_ad3433ffac,2026-03-01T18:30:00+00:00,0.2405051058855128,1
site_ad3433ffac,2026-03-01T18:45:00+00:00,0.26672957507819123,1
site_ad3433ffac,2026-03-01T19:00:00+00:00,0.24510430543158046,1
site_ad3433ffac,2026-03-01T19:15:00+00:00,0.250517680086477,1
site_ad3433ffac,2026-03-01T19:30:00+00:00,0.22293106086101497,1
site_ad3433ffac,2026-03-01T19:45:00+00:00,0.21870386143001724,1
site_ad3433ffac,2026-03-01T20:00:00+00:00,0.22621500819229964,1
site_ad3433ffac,2026-03-01T20:15:00+00:00,0.24021554746247928,1
site_ad3433ffac,2026-03-01T20:30:00+00:00,0.27247956387839883,1
site_ad3433ffac,2026-03-01T20:45:00+00:00,0.24441424498249958,1
site_ad3433ffac,2026-03-01T21:00:00+00:00,0.26215453970987634,1
site_ad3433ffac,2026-03-01T21:15:00+00:00,0.23532201844236897,1
site_ad3433ffac,2026-03-01T21:30:00+00:00,0.24427814210237941,1
site_ad3433ffac,2026-03-01T21:45:00+00:00,0.20631872641773,1
site_ad3433ffac,2026-03-01T22:00:00+00:00,0.17988882403887996,0
site_ad3433ffac,2026-03-01T22:15:00+00:00,0.1779049039571657,0
site_ad3433ffac,2026-03-01T22:30:00+00:00,0.19316928968880145,0
site_ad3433ffac,2026-03-01T22:45:00+00:00,0.17482061447659117,0
site_ad3433ffac,2026-03-01T23:00:00+00:00,0.14922065159802728,0
site_ad3433ffac,2026-03-01T23:15:00+00:00,0.1296629374770829,0
site_ad3433ffac,2026-03-01T23:30:00+00:00,0.1378304039935223,0
site_ad3433ffac,2026-03-01T23:45:00+00:00,0.1355667285825178,0
site_ad3433ffac,2026-03-02T00:00:00+00:00,0.15078335662238881,0
site_ad3433ffac,2026-03-02T00:15:00+00:00,0.16589422246707544,0
site_ad3433ffac,2026-03-02T00:30:00+00:00,0.14822582833433662,0
site_ad3433ffac,2026-03-02T00:45:00+00:00,0.10725277769231754,0
site_ad3433ffac,2026-03-02T01:00:00+00:00,0.13468144020547276,0
site_ad3433ffac,2026-03-02T01:15:00+00:00,0.12188433692227273,0
site_ad3433ffac,2026-03-02T01:30:00+00:00,0.129982637170775,0
site_ad3433ffac,2026-03-02T01:45:00+00:00,0.1492981037196432,0
site_ad3433ffac,2026-03-02T02:00:00+00:00,0.1549174332602509,0
site_ad3433ffac,2026-03-02T02:15:00+00:00,0.1211090967505965,0
site_ad3433ffac,2026-03-02T02:30:00+00:00,0.13723763940551348,0
site_ad3433ffac,2026-03-02T02:45:00+00:00,0.13709463011869463,0
site_ad3433ffac,2026-03-02T03:00:00+00:00,0.12168883568873418,0
site_ad3433ffac,2026-03-02T03:15:00+00:00,0.1995235746786142,0
site_ad3433ffac,2026-03-02T03:30:00+00:00,0.24341226747379693,1
site_ad3433ffac,2026-03-02T03:45:00+00:00,0.11666492556619454,0
site_ad3433ffac,2026-03-02T04:00:00+00:00,0.15046756292546917,0
site_ad3433ffac,2026-03-02T04:15:00+00:00,0.18348311072631682,0
site_ad3433ffac,2026-03-02T04:30:00+00:00,0.16104119810275794,0
site_ad3433ffac,2026-03-02T04:45:00+00:00,0.15754514147971158,0
site_ad3433ffac,2026-03-02T05:00:00+00:00,0.20075982759047684,1
site_ad3433ffac,2026-03-02T05:15:00+00:00,0.20190755519147582,1
site_ad3433ffac,2026-03-02T05:30:00+00:00,0.18839976134099823,0
site_ad3433ffac,2026-03-02T05:45:00+00:00,0.1988870047209176,0
site_ad3433ffac,2026-03-02T06:00:00+00:00,0.24049921312983133,1
site_ad3433ffac,2026-03-02T06:15:00+00:00,0.2427216859448178,1
site_ad3433ffac,2026-03-02T06:30:00+00:00,0.24744715522398936,1
site_ad3433ffac,2026-03-02T06:45:00+00:00,0.1967990498347098,0
site_ad3433ffac,2026-03-02T07:00:00+00:00,0.18389444089009774,0
site_ad3433ffac,2026-03-02T07:15:00+00:00,0.1934304021442795,0
site_ad3433ffac,2026-03-02T07:30:00+00:00,0.21264604966815454,1
site_ad3433ffac,2026-03-02T07:45:00+00:00,0.1947611995884868,0
site_ad3433ffac,2026-03-02T08:00:00+00:00,0.19534864958508724,0
site_ad3433ffac,2026-03-02T08:15:00+00:00,0.17068965190158195,0
site_ad3433ffac,2026-03-02T08:30:00+00:00,0.18177734548935906,0
site_ad3433ffac,2026-03-02T08:45:00+00:00,0.21293905104793,1
site_ad3433ffac,2026-03-02T09:00:00+00:00,0.20273840998494252,1
site_ad3433ffac,2026-03-02T09:15:00+00:00,0.24802532272546893,1
site_ad3433ffac,2026-03-02T09:30:00+00:00,0.20595011897069135,1
site_ad3433ffac,2026-03-02T09:45:00+00:00,0.20346363286431782,1
site_ad3433ffac,2026-03-02T10:00:00+00:00,0.1797404186769594,0
site_ad3433ffac,2026-03-02T10:15:00+00:00,0.18865625933751243,0
site_ad3433ffac,2026-03-02T10:30:00+00:00,0.18948566493531888,0
site_ad3433ffac,2026-03-02T10:45:00+00:00,0.22384539245482926,1
site_ad3433ffac,2026-03-02T11:00:00+00:00,0.2976204351838038,1
site_ad3433ffac,2026-03-02T11:15:00+00:00,0.2622954031955711,1
site_ad3433ffac,2026-03-02T11:30:00+00:00,0.2477546883326776,1
site_ad3433ffac,2026-03-02T11:45:00+00:00,0.21844312137539504,1
site_ad3433ffac,2026-03-02T12:00:00+00:00,0.17589063285167486,0
site_ad3433ffac,2026-03-02T12:15:00+00:00,0.14403980485243517,0
site_ad3433ffac,2026-03-02T12:30:00+00:00,0.17749750656510896,0
site_ad3433ffac,2026-03-02T12:45:00+00:00,0.15921642436369832,0
site_ad3433ffac,2026-03-02T13:00:00+00:00,0.21465034645006875,1
site_ad3433ffac,2026-03-02T13:15:00+00:00,0.17659689988550184,0
site_ad3433ffac,2026-03-02T13:30:00+00:00,0.14992377037540044,0
site_ad3433ffac,2026-03-02T13:45:00+00:00,0.1707834424514018,0
site_ad3433ffac,2026-03-02T14:00:00+00:00,0.163511902001446,0
site_ad3433ffac,2026-03-02T14:15:00+00:00,0.1809116555397236,0
site_ad3433ffac,2026-03-02T14:30:00+00:00,0.19056564896784828,0
site_ad3433ffac,2026-03-02T14:45:00+00:00,0.17254533504844025,0
site_ad3433ffac,2026-03-02T15:00:00+00:00,0.2734671398318921,1
site_ad3433ffac,2026-03-02T15:15:00+00:00,0.35904677902300647,1
site_ad3433ffac,2026-03-02T15:30:00+00:00,0.35293332796629845,1
site_ad3433ffac,2026-03-02T15:45:00+00:00,0.34663190500703966,1
site_ad3433ffac,2026-03-02T16:00:00+00:00,0.36375438539786425,1
site_ad3433ffac,2026-03-02T16:15:00+00:00,0.3452890881940955,1
site_ad3433ffac,2026-03-02T16:30:00+00:00,0.35758819676152614,1
site_ad3433ffac,2026-03-02T16:45:00+00:00,0.35731923074148414,1
site_ad3433ffac,2026-03-02T17:00:00+00:00,0.34184348746812065,1
site_ad3433ffac,2026-03-02T17:15:00+00:00,0.3257532672757018,1
site_ad3433ffac,2026-03-02T17:30:00+00:00,0.3515082680066828,1
site_ad3433ffac,2026-03-02T17:45:00+00:00,0.3689856924055971,1
site_ad3433ffac,2026-03-02T18:00:00+00:00,0.3147050474968278,1
site_ad3433ffac,2026-03-02T18:15:00+00:00,0.3125286451958195,1
site_ad3433ffac,2026-03-02T18:30:00+00:00,0.3231772417497458,1
site_ad3433ffac,2026-03-02T18:45:00+00:00,0.2795869986263396,1
site_ad3433ffac,2026-03-02T19:00:00+00:00,0.3246557133222708,1
site_ad3433ffac,2026-03-02T19:15:00+00:00,0.30100572251950675,1
site_ad3433ffac,2026-03-02T19:30:00+00:00,0.33914803325725157,1
site_ad3433ffac,2026-03-02T19:45:00+00:00,0.3580802220337063,1
site_ad3433ffac,2026-03-02T20:00:00+00:00,0.36358973834064634,1
site_ad3433ffac,2026-03-02T20:15:00+00:00,0.31723364618150984,1
site_ad3433ffac,2026-03-02T20:30:00+00:00,0.40647193821347427,1
site_ad3433ffac,2026-03-02T20:45:00+00:00,0.35283870024807157,1
site_ad3433ffac,2026-03-02T21:00:00+00:00,0.33152456140324127,1
site_ad3433ffac,2026-03-02T21:15:00+00:00,0.2644108890360308,1
site_ad3433ffac,2026-03-02T21:30:00+00:00,0.3021852493426773,1
site_ad3433ffac,2026-03-02T21:45:00+00:00,0.2816827539853942,1
site_ad3433ffac,2026-03-02T22:00:00+00:00,0.26373854365449434,1
site_ad3433ffac,2026-03-02T22:15:00+00:00,0.26150417789420455,1
site_ad3433ffac,2026-03-02T22:30:00+00:00,0.28085705220475143,1
site_ad3433ffac,2026-03-02T22:45:00+00:00,0.23441973928685492,1
site_ad3433ffac,2026-03-02T23:00:00+00:00,0.23228951500949138,1
site_ad3433ffac,2026-03-02T23:15:00+00:00,0.21602769917383027,1
site_ad3433ffac,2026-03-02T23:30:00+00:00,0.2053976549456586,1
site_ad3433ffac,2026-03-02T23:45:00+00:00,0.17667501032646163,0
site_ad3433ffac,2026-03-03T00:00:00+00:00,0.14697862079488033,0
site_ad3433ffac,2026-03-03T00:15:00+00:00,0.09773863755731725,0
site_ad3433ffac,2026-03-03T00:30:00+00:00,0.11067617605573903,0
site_ad3433ffac,2026-03-03T00:45:00+00:00,0.10122917079286453,0
site_ad3433ffac,2026-03-03T01:00:00+00:00,0.127957772511227,0
site_ad3433ffac,2026-03-03T01:15:00+00:00,0.13282393918781044,0
site_ad3433ffac,2026-03-03T01:30:00+00:00,0.10643771161304147,0
site_ad3433ffac,2026-03-03T01:45:00+00:00,0.11967957968669424,0
site_ad3433ffac,2026-03-03T02:00:00+00:00,0.13433754670970552,0
site_ad3433ffac,2026-03-03T02:15:00+00:00,0.10252596637444925,0
site_ad3433ffac,2026-03-03T02:30:00+00:00,0.10490438428156469,0
site_ad3433ffac,2026-03-03T02:45:00+00:00,0.1251736092435407,0
site_ad3433ffac,2026-03-03T03:00:00+00:00,0.15049978082620907,0
site_ad3433ffac,2026-03-03T03:15:00+00:00,0.1698972363550914,0
site_ad3433ffac,2026-03-03T03:30:00+00:00,0.16433595955995692,0
site_ad3433ffac,2026-03-03T03:45:00+00:00,0.20780755423253336,1
site_ad3433ffac,2026-03-03T04:00:00+00:00,0.24576380785241475,1
site_ad3433ffac,2026-03-03T04:15:00+00:00,0.20768679057857267,1
site_ad3433ffac,2026-03-03T04:30:00+00:00,0.21752696529490997,1
site_ad3433ffac,2026-03-03T04:45:00+00:00,0.1914467285629788,0
site_ad3433ffac,2026-03-03T05:00:00+00:00,0.21983065142320826,1
site_ad3433ffac,2026-03-03T05:15:00+00:00,0.28204544073215093,1
site_ad3433ffac,2026-03-03T05:30:00+00:00,0.18190611526425485,0
site_ad3433ffac,2026-03-03T05:45:00+00:00,0.16250975311399857,0
site_ad3433ffac,2026-03-03T06:00:00+00:00,0.18152625462158836,0
site_ad3433ffac,2026-03-03T06:15:00+00:00,0.20707605094920759,1
site_ad3433ffac,2026-03-03T06:30:00+00:00,0.1892351614888954,0
site_ad3433ffac,2026-03-03T06:45:00+00:00,0.20756994294130493,1
site_ad3433ffac,2026-03-03T07:00:00+00:00,0.2153371475761783,1
site_ad3433ffac,2026-03-03T07:15:00+00:00,0.18575672194996004,0
site_ad3433ffac,2026-03-03T07:30:00+00:00,0.24659849656210941,1
site_ad3433ffac,2026-03-03T07:45:00+00:00,0.23556686264435966,1
site_ad3433ffac,2026-03-03T08:00:00+00:00,0.21972469231562336,1
site_ad3433ffac,2026-03-03T08:15:00+00:00,0.21818497334502848,1
site_ad3433ffac,2026-03-03T08:30:00+00:00,0.234312714151824,1
site_ad3433ffac,2026-03-03T08:45:00+00:00,0.2135881311204651,1
site_ad3433ffac,2026-03-03T09:00:00+00:00,0.21871181683920157,1
site_ad3433ffac,2026-03-03T09:15:00+00:00,0.2449906864949129,1
site_ad3433ffac,2026-03-03T09:30:00+00:00,0.26270424058412595,1
site_ad3433ffac,2026-03-03T09:45:00+00:00,0.2794648670302471,1
site_ad3433ffac,2026-03-03T10:00:00+00:00,0.24910282205539025,1
site_ad3433ffac,2026-03-03T10:15:00+00:00,0.2980488918627385,1
site_ad3433ffac,2026-03-03T10:30:00+00:00,0.22562627471258628,1
site_ad3433ffac,2026-03-03T10:45:00+00:00,0.2518152023898236,1
site_ad3433ffac,2026-03-03T11:00:00+00:00,0.26648333753901116,1
site_ad3433ffac,2026-03-03T11:15:00+00:00,0.25518268426881185,1
site_ad3433ffac,2026-03-03T11:30:00+00:00,0.25353120827423287,1
site_ad3433ffac,2026-03-03T11:45:00+00:00,0.26255770974171283,1
site_ad3433ffac,2026-03-03T12:00:00+00:00,0.26758645213861654,1
site_ad3433ffac,2026-03-03T12:15:00+00:00,0.2730750502947337,1
site_ad3433ffac,2026-03-03T12:30:00+00:00,0.2551949024780014,1
site_ad3433ffac,2026-03-03T12:45:00+00:00,0.3171715230768646,1
site_ad3433ffac,2026-03-03T13:00:00+00:00,0.28678565111410115,1
site_ad3433ffac,2026-03-03T13:15:00+00:00,0.2828090863720777,1
site_ad3433ffac,2026-03-03T13:30:00+00:00,0.2700250991485357,1
site_ad3433ffac,2026-03-03T13:45:00+00:00,0.2621096929213064,1
site_ad3433ffac,2026-03-03T14:00:00+00:00,0.3055659635617481,1
site_ad3433ffac,2026-03-03T14:15:00+00:00,0.31001450378080364,1
site_ad3433ffac,2026-03-03T14:30:00+00:00,0.22865264407371974,1
site_ad3433ffac,2026-03-03T14:45:00+00:00,0.27771111900512696,1
site_ad3433ffac,2026-03-03T15:00:00+00:00,0.3182074123363401,1
site_ad3433ffac,2026-03-03T15:15:00+00:00,0.29946283848725325,1
site_ad3433ffac,2026-03-03T15:30:00+00:00,0.30459535735719506,1
site_ad3433ffac,2026-03-03T15:45:00+00:00,0.3930023338845609,1
site_ad3433ffac,2026-03-03T16:00:00+00:00,0.35968891860201274,1
site_ad3433ffac,2026-03-03T16:15:00+00:00,0.3120261285533364,1
site_ad3433ffac,2026-03-03T16:30:00+00:00,0.3394859325228008,1
site_ad3433ffac,2026-03-03T16:45:00+00:00,0.2670333424322768,1
site_ad3433ffac,2026-03-03T17:00:00+00:00,0.3022166507982758,1
site_ad3433ffac,2026-03-03T17:15:00+00:00,0.3316832659600844,1
site_ad3433ffac,2026-03-03T17:30:00+00:00,0.33175885681148504,1
site_ad3433ffac,2026-03-03T17:45:00+00:00,0.28713192639709256,1
site_ad3433ffac,2026-03-03T18:00:00+00:00,0.2924354484738265,1
site_ad3433ffac,2026-03-03T18:15:00+00:00,0.373758906595049,1
site_ad3433ffac,2026-03-03T18:30:00+00:00,0.302412247729489,1
site_ad3433ffac,2026-03-03T18:45:00+00:00,0.3155003030061763,1
site_ad3433ffac,2026-03-03T19:00:00+00:00,0.35284866173893753,1
site_ad3433ffac,2026-03-03T19:15:00+00:00,0.34602750888672845,1
site_ad3433ffac,2026-03-03T19:30:00+00:00,0.5099149211155971,1
site_ad3433ffac,2026-03-03T19:45:00+00:00,0.5292050569974132,1
site_ad3433ffac,2026-03-03T20:00:00+00:00,0.5243780779513191,1
site_ad3433ffac,2026-03-03T20:15:00+00:00,0.4500667685635398,1
site_ad3433ffac,2026-03-03T20:30:00+00:00,0.4639654838600702,1
site_ad3433ffac,2026-03-03T20:45:00+00:00,0.4533469632926258,1
site_ad3433ffac,2026-03-03T21:00:00+00:00,0.37084946704603367,1
site_ad3433ffac,2026-03-03T21:15:00+00:00,0.44301322556525347,1
site_ad3433ffac,2026-03-03T21:30:00+00:00,0.45860396268942366,1
site_ad3433ffac,2026-03-03T21:45:00+00:00,0.38332348885305634,1
site_ad3433ffac,2026-03-03T22:00:00+00:00,0.3190085771613784,1
site_ad3433ffac,2026-03-03T22:15:00+00:00,0.33057570080431586,1
site_ad3433ffac,2026-03-03T22:30:00+00:00,0.304975025847042,1
site_ad3433ffac,2026-03-03T22:45:00+00:00,0.2374450760085679,1
site_ad3433ffac,2026-03-03T23:00:00+00:00,0.27545338716431395,1
site_ad3433ffac,2026-03-03T23:15:00+00:00,0.22747369583264088,1
site_ad3433ffac,2026-03-03T23:30:00+00:00,0.19097309502334112,0
site_ad3433ffac,2026-03-03T23:45:00+00:00,0.2165158096928992,1
site_ad3433ffac,2026-03-04T00:00:00+00:00,0.18049919908680345,0
site_ad3433ffac,2026-03-04T00:15:00+00:00,0.268987469169591,1
site_ad3433ffac,2026-03-04T00:30:00+00:00,0.21158013561865804,1
site_ad3433ffac,2026-03-04T00:45:00+00:00,0.15904735301534856,0
site_ad3433ffac,2026-03-04T01:00:00+00:00,0.1560964469447693,0
site_ad3433ffac,2026-03-04T01:15:00+00:00,0.12370594923577671,0
site_ad3433ffac,2026-03-04T01:30:00+00:00,0.1637570673186821,0
site_ad3433ffac,2026-03-04T01:45:00+00:00,0.14097747478689526,0
site_ad3433ffac,2026-03-04T02:00:00+00:00,0.2196813006396538,1
site_ad3433ffac,2026-03-04T02:15:00+00:00,0.19871542201442957,0
site_ad3433ffac,2026-03-04T02:30:00+00:00,0.2001053063509455,1
site_ad3433ffac,2026-03-04T02:45:00+00:00,0.2007955858827746,1
site_ad3433ffac,2026-03-04T03:00:00+00:00,0.17880650165774659,0
site_ad3433ffac,2026-03-04T03:15:00+00:00,0.17691946163670902,0
site_ad3433ffac,2026-03-04T03:30:00+00:00,0.2494348139282603,1
site_ad3433ffac,2026-03-04T03:45:00+00:00,0.16156415509736008,0
site_ad3433ffac,2026-03-04T04:00:00+00:00,0.15809006183272992,0
site_ad3433ffac,2026-03-04T04:15:00+00:00,0.17233413954604093,0
site_ad3433ffac,2026-03-04T04:30:00+00:00,0.20140530571533027,1
site_ad3433ffac,2026-03-04T04:45:00+00:00,0.20870829357194876,1
site_ad3433ffac,2026-03-04T05:00:00+00:00,0.17853405017639798,0
site_ad3433ffac,2026-03-04T05:15:00+00:00,0.19146399310857415,0
site_ad3433ffac,2026-03-04T05:30:00+00:00,0.18994330049647629,0
site_ad3433ffac,2026-03-04T05:45:00+00:00,0.22588605341333212,1
site_ad3433ffac,2026-03-04T06:00:00+00:00,0.22939826011931208,1
site_ad3433ffac,2026-03-04T06:15:00+00:00,0.1997215081680236,0
site_ad3433ffac,2026-03-04T06:30:00+00:00,0.19552906618825372,0
site_ad3433ffac,2026-03-04T06:45:00+00:00,0.23246176337156077,1
site_ad3433ffac,2026-03-04T07:00:00+00:00,0.2382136472655642,1
site_ad3433ffac,2026-03-04T07:15:00+00:00,0.2051966499644584,1
site_ad3433ffac,2026-03-04T07:30:00+00:00,0.17876070210069123,0
site_ad3433ffac,2026-03-04T07:45:00+00:00,0.2365836142247779,1
site_ad3433ffac,2026-03-04T08:00:00+00:00,0.23981317900028393,1
site_ad3433ffac,2026-03-04T08:15:00+00:00,0.2771758856937041,1
site_ad3433ffac,2026-03-04T08:30:00+00:00,0.3635766162454658,1
site_ad3433ffac,2026-03-04T08:45:00+00:00,0.2945903327169178,1
site_ad3433ffac,2026-03-04T09:00:00+00:00,0.2916331594921657,1
site_ad3433ffac,2026-03-04T09:15:00+00:00,0.27382979168455246,1
site_ad3433ffac,2026-03-04T09:30:00+00:00,0.27350815238340537,1
site_ad3433ffac,2026-03-04T09:45:00+00:00,0.27324890296590687,1
site_ad3433ffac,2026-03-04T10:00:00+00:00,0.2808964053858984,1
site_ad3433ffac,2026-03-04T10:15:00+00:00,0.26901872441571345,1
site_ad3433ffac,2026-03-04T10:30:00+00:00,0.261417360053266,1
site_ad3433ffac,2026-03-04T10:45:00+00:00,0.28402781484971545,1
site_ad3433ffac,2026-03-04T11:00:00+00:00,0.27311782933655443,1
site_ad3433ffac,2026-03-04T11:15:00+00:00,0.2983647483508968,1
site_ad3433ffac,2026-03-04T11:30:00+00:00,0.26004640614638985,1
site_ad3433ffac,2026-03-04T11:45:00+00:00,0.26983601373612526,1
site_ad3433ffac,2026-03-04T12:00:00+00:00,0.3033529943658651,1
site_ad3433ffac,2026-03-04T12:15:00+00:00,0.3306080755947002,1
site_ad3433ffac,2026-03-04T12:30:00+00:00,0.2772888893390699,1
site_ad3433ffac,2026-03-04T12:45:00+00:00,0.2863486134557146,1
site_ad3433ffac,2026-03-04T13:00:00+00:00,0.40073486099539407,1
site_ad3433ffac,2026-03-04T13:15:00+00:00,0.2983398762935055,1
site_ad3433ffac,2026-03-04T13:30:00+00:00,0.23914946244349589,1
site_ad3433ffac,2026-03-04T13:45:00+00:00,0.26088893893329423,1
site_ad3433ffac,2026-03-04T14:00:00+00:00,0.2958921858232631,1
site_ad3433ffac,2026-03-04T14:15:00+00:00,0.3161999468931432,1
site_ad3433ffac,2026-03-04T14:30:00+00:00,0.3442296874219924,1
site_ad3433ffac,2026-03-04T14:45:00+00:00,0.32508836162509047,1
site_ad3433ffac,2026-03-04T15:00:00+00:00,0.2744463762985448,1
site_ad3433ffac,2026-03-04T15:15:00+00:00,0.2984000218183282,1
site_ad3433ffac,2026-03-04T15:30:00+00:00,0.2959244714455995,1
site_ad3433ffac,2026-03-04T15:45:00+00:00,0.29152446799565646,1
site_ad3433ffac,2026-03-04T16:00:00+00:00,0.3006262326634982,1
site_ad3433ffac,2026-03-04T16:15:00+00:00,0.2577490278745369,1
site_ad3433ffac,2026-03-04T16:30:00+00:00,0.2909037500139445,1
site_ad3433ffac,2026-03-04T16:45:00+00:00,0.3282046360403967,1
site_ad3433ffac,2026-03-04T17:00:00+00:00,0.3935371749489583,1
site_ad3433ffac,2026-03-04T17:15:00+00:00,0.44508508042139555,1
site_ad3433ffac,2026-03-04T17:30:00+00:00,0.3789136658603641,1
site_ad3433ffac,2026-03-04T17:45:00+00:00,0.35820555585308966,1
site_ad3433ffac,2026-03-04T18:00:00+00:00,0.34054663312530953,1
site_ad3433ffac,2026-03-04T18:15:00+00:00,0.2970298569004138,1
site_ad3433ffac,2026-03-04T18:30:00+00:00,0.3660669736771292,1
site_ad3433ffac,2026-03-04T18:45:00+00:00,0.40028126991592744,1
site_ad3433ffac,2026-03-04T19:00:00+00:00,0.363428008282661,1
site_ad3433ffac,2026-03-04T19:15:00+00:00,0.36205039962447716,1
site_ad3433ffac,2026-03-04T19:30:00+00:00,0.4062428962863947,1
site_ad3433ffac,2026-03-04T19:45:00+00:00,0.37613258030688795,1
site_ad3433ffac,2026-03-04T20:00:00+00:00,0.39104343202048575,1
site_ad3433ffac,2026-03-04T20:15:00+00:00,0.42212397254929424,1
site_ad3433ffac,2026-03-04T20:30:00+00:00,0.42996932433368507,1
site_ad3433ffac,2026-03-04T20:45:00+00:00,0.34380931677870313,1
site_ad3433ffac,2026-03-04T21:00:00+00:00,0.30886748877794995,1
site_ad3433ffac,2026-03-04T21:15:00+00:00,0.3234499912695856,1
site_ad3433ffac,2026-03-04T21:30:00+00:00,0.31605350436052376,1
site_ad3433ffac,2026-03-04T21:45:00+00:00,0.24829468499773766,1
site_ad3433ffac,2026-03-04T22:00:00+00:00,0.2901522367398021,1
site_ad3433ffac,2026-03-04T22:15:00+00:00,0.247376408994709,1
site_ad3433ffac,2026-03-04T22:30:00+00:00,0.2537216985240446,1
site_ad3433ffac,2026-03-04T22:45:00+00:00,0.2616453788044906,1
site_ad3433ffac,2026-03-04T23:00:00+00:00,0.2061099947728733,1
site_ad3433ffac,2026-03-04T23:15:00+00:00,0.3004040235512374,1
site_ad3433ffac,2026-03-04T23:30:00+00:00,0.23873273805241618,1
site_ad3433ffac,2026-03-04T23:45:00+00:00,0.19852838819405388,0
site_ad3433ffac,2026-03-05T00:00:00+00:00,0.11560432380864763,0
site_ad3433ffac,2026-03-05T00:15:00+00:00,0.14516658126434057,0
site_ad3433ffac,2026-03-05T00:30:00+00:00,0.30408739511259864,1
site_ad3433ffac,2026-03-05T00:45:00+00:00,0.17849490106165594,0
site_ad3433ffac,2026-03-05T01:00:00+00:00,0.19609860433470921,0
site_ad3433ffac,2026-03-05T01:15:00+00:00,0.16459731770611943,0
site_ad3433ffac,2026-03-05T01:30:00+00:00,0.18953976221280322,0
site_ad3433ffac,2026-03-05T01:45:00+00:00,0.23307027944590766,1
site_ad3433ffac,2026-03-05T02:00:00+00:00,0.22038220978994427,1
site_ad3433ffac,2026-03-05T02:15:00+00:00,0.24672071297758544,1
site_ad3433ffac,2026-03-05T02:30:00+00:00,0.2582787754247512,1
site_ad3433ffac,2026-03-05T02:45:00+00:00,0.21303460906912267,1
site_ad3433ffac,2026-03-05T03:00:00+00:00,0.23258392297094194,1
site_ad3433ffac,2026-03-05T03:15:00+00:00,0.2540419991137752,1
site_ad3433ffac,2026-03-05T03:30:00+00:00,0.25644155179877737,1
site_ad3433ffac,2026-03-05T03:45:00+00:00,0.28548164094350276,1
site_ad3433ffac,2026-03-05T04:00:00+00:00,0.24531754131579295,1
site_ad3433ffac,2026-03-05T04:15:00+00:00,0.2429701148667434,1
site_ad3433ffac,2026-03-05T04:30:00+00:00,0.25136189818986954,1
site_ad3433ffac,2026-03-05T04:45:00+00:00,0.23754359214586682,1
site_ad3433ffac,2026-03-05T05:00:00+00:00,0.24085369210327023,1
site_ad3433ffac,2026-03-05T05:15:00+00:00,0.20912081974515329,1
site_ad3433ffac,2026-03-05T05:30:00+00:00,0.2179646168137841,1
site_ad3433ffac,2026-03-05T05:45:00+00:00,0.2090604911828877,1
site_ad3433ffac,2026-03-05T06:00:00+00:00,0.2531379123543349,1
site_ad3433ffac,2026-03-05T06:15:00+00:00,0.2668786943344031,1
site_ad3433ffac,2026-03-05T06:30:00+00:00,0.22756624434736208,1
site_ad3433ffac,2026-03-05T06:45:00+00:00,0.31856810570377236,1
site_ad3433ffac,2026-03-05T07:00:00+00:00,0.2678921287920257,1
site_ad3433ffac,2026-03-05T07:15:00+00:00,0.2504109307635794,1
site_ad3433ffac,2026-03-05T07:30:00+00:00,0.27136897520628417,1
site_ad3433ffac,2026-03-05T07:45:00+00:00,0.30532463976231417,1
site_ad3433ffac,2026-03-05T08:00:00+00:00,0.4000913528896109,1
site_ad3433ffac,2026-03-05T08:15:00+00:00,0.2555438814755756,1
site_ad3433ffac,2026-03-05T08:30:00+00:00,0.2783334781126292,1
site_ad3433ffac,2026-03-05T08:45:00+00:00,0.2832067744247837,1
site_ad3433ffac,2026-03-05T09:00:00+00:00,0.26029418383569297,1
site_ad3433ffac,2026-03-05T09:15:00+00:00,0.28012012985424484,1
site_ad3433ffac,2026-03-05T09:30:00+00:00,0.2836417088066351,1
site_ad3433ffac,2026-03-05T09:45:00+00:00,0.30316447357347914,1
site_ad3433ffac,2026-03-05T10:00:00+00:00,0.31620217671021017,1
site_ad3433ffac,2026-03-05T10:15:00+00:00,0.30785694127260577,1
site_ad3433ffac,2026-03-05T10:30:00+00:00,0.3075094768934285,1
site_ad3433ffac,2026-03-05T10:45:00+00:00,0.27970924054384766,1
site_ad3433ffac,2026-03-05T11:00:00+00:00,0.3599583458767851,1
site_ad3433ffac,2026-03-05T11:15:00+00:00,0.343742418978441,1
site_ad3433ffac,2026-03-05T11:30:00+00:00,0.3244325142684225,1
site_ad3433ffac,2026-03-05T11:45:00+00:00,0.3271543519011356,1
site_ad3433ffac,2026-03-05T12:00:00+00:00,0.34588325629468336,1
site_ad3433ffac,2026-03-05T12:15:00+00:00,0.3315105649646524,1
site_ad3433ffac,2026-03-05T12:30:00+00:00,0.33348633605048006,1
site_ad3433ffac,2026-03-05T12:45:00+00:00,0.31404441886548146,1
site_ad3433ffac,2026-03-05T13:00:00+00:00,0.29865053459024354,1
site_ad3433ffac,2026-03-05T13:15:00+00:00,0.34353229463157336,1
site_ad3433ffac,2026-03-05T13:30:00+00:00,0.28741210689082314,1
site_ad3433ffac,2026-03-05T13:45:00+00:00,0.28366739439256755,1
site_ad3433ffac,2026-03-05T14:00:00+00:00,0.3050886674569668,1
site_ad3433ffac,2026-03-05T14:15:00+00:00,0.3438228591470079,1
site_ad3433ffac,2026-03-05T14:30:00+00:00,0.3664192603850316,1
site_ad3433ffac,2026-03-05T14:45:00+00:00,0.3813999367429059,1
site_ad3433ffac,2026-03-05T15:00:00+00:00,0.35086737789857425,1
site_ad3433ffac,2026-03-05T15:15:00+00:00,0.30231264719283296,1
site_ad3433ffac,2026-03-05T15:30:00+00:00,0.3666239648446255,1
site_ad3433ffac,2026-03-05T15:45:00+00:00,0.3950975771109904,1
site_ad3433ffac,2026-03-05T16:00:00+00:00,0.343052391880657,1
site_ad3433ffac,2026-03-05T16:15:00+00:00,0.2949503019936561,1
site_ad3433ffac,2026-03-05T16:30:00+00:00,0.33357074318674673,1
site_ad3433ffac,2026-03-05T16:45:00+00:00,0.3039435061009692,1
site_ad3433ffac,2026-03-05T17:00:00+00:00,0.3284531969697338,1
site_ad3433ffac,2026-03-05T17:15:00+00:00,0.2565229837001178,1
site_ad3433ffac,2026-03-05T17:30:00+00:00,0.30472678775159984,1
site_ad3433ffac,2026-03-05T17:45:00+00:00,0.27636933727093616,1
site_ad3433ffac,2026-03-05T18:00:00+00:00,0.2729161859310264,1
site_ad3433ffac,2026-03-05T18:15:00+00:00,0.2542475418474871,1
site_ad3433ffac,2026-03-05T18:30:00+00:00,0.23161648143757257,1
site_ad3433ffac,2026-03-05T18:45:00+00:00,0.2611570350501759,1
site_ad3433ffac,2026-03-05T19:00:00+00:00,0.3230336937153043,1
site_ad3433ffac,2026-03-05T19:15:00+00:00,0.2919464840224446,1
site_ad3433ffac,2026-03-05T19:30:00+00:00,0.30403862280916155,1
site_ad3433ffac,2026-03-05T19:45:00+00:00,0.24883212180183567,1
site_ad3433ffac,2026-03-05T20:00:00+00:00,0.23403353815503355,1
site_ad3433ffac,2026-03-05T20:15:00+00:00,0.24489028537775817,1
site_ad3433ffac,2026-03-05T20:30:00+00:00,0.2509851336942465,1
site_ad3433ffac,2026-03-05T20:45:00+00:00,0.23400796243344352,1
site_ad3433ffac,2026-03-05T21:00:00+00:00,0.2324021248988991,1
site_ad3433ffac,2026-03-05T21:15:00+00:00,0.2558684928409544,1
site_ad3433ffac,2026-03-05T21:30:00+00:00,0.2298921870693914,1
site_ad3433ffac,2026-03-05T21:45:00+00:00,0.2076929909985813,1
site_ad3433ffac,2026-03-05T22:00:00+00:00,0.1722497716214541,0
site_ad3433ffac,2026-03-05T22:15:00+00:00,0.23033360180622667,1
site_ad3433ffac,2026-03-05T22:30:00+00:00,0.2056169221089353,1
site_ad3433ffac,2026-03-05T22:45:00+00:00,0.18594011469284194,0
site_ad3433ffac,2026-03-05T23:00:00+00:00,0.16959057921482246,0
site_ad3433ffac,2026-03-05T23:15:00+00:00,0.16407732575099418,0
site_ad3433ffac,2026-03-05T23:30:00+00:00,0.13823926062457517,0
site_ad3433ffac,2026-03-05T23:45:00+00:00,0.19641037859601346,0
site_ad3433ffac,2026-03-06T00:00:00+00:00,0.15863015622407656,0
site_ad3433ffac,2026-03-06T00:15:00+00:00,0.1925143202076805,0
site_ad3433ffac,2026-03-06T00:30:00+00:00,0.1674565572732643,0
site_ad3433ffac,2026-03-06T00:45:00+00:00,0.19087525426902163,0
site_ad3433ffac,2026-03-06T01:00:00+00:00,0.20304435475273158,1
site_ad3433ffac,2026-03-06T01:15:00+00:00,0.2023051148153705,1
site_ad3433ffac,2026-03-06T01:30:00+00:00,0.21288429890649002,1
site_ad3433ffac,2026-03-06T01:45:00+00:00,0.15912455206297008,0
site_ad3433ffac,2026-03-06T02:00:00+00:00,0.19075500341154902,0
site_ad3433ffac,2026-03-06T02:15:00+00:00,0.19349286973288962,0
site_ad3433ffac,2026-03-06T02:30:00+00:00,0.18059524761645215,0
site_ad3433ffac,2026-03-06T02:45:00+00:00,0.1615791957456545,0
site_ad3433ffac,2026-03-06T03:00:00+00:00,0.1789206175745061,0
site_ad3433ffac,2026-03-06T03:15:00+00:00,0.20152477640486785,1
site_ad3433ffac,2026-03-06T03:30:00+00:00,0.2840235882275284,1
site_ad3433ffac,2026-03-06T03:45:00+00:00,0.17596611699026082,0
site_ad3433ffac,2026-03-06T04:00:00+00:00,0.19728446918785247,0
site_ad3433ffac,2026-03-06T04:15:00+00:00,0.19795615588240026,0
site_ad3433ffac,2026-03-06T04:30:00+00:00,0.23985149556335503,1
site_ad3433ffac,2026-03-06T04:45:00+00:00,0.20699670341529935,1
site_ad3433ffac,2026-03-06T05:00:00+00:00,0.2486484489046734,1
site_ad3433ffac,2026-03-06T05:15:00+00:00,0.30353229172229956,1
site_ad3433ffac,2026-03-06T05:30:00+00:00,0.20831406531409621,1
site_ad3433ffac,2026-03-06T05:45:00+00:00,0.27090467894126674,1
site_ad3433ffac,2026-03-06T06:00:00+00:00,0.2612549949135086,1
site_ad3433ffac,2026-03-06T06:15:00+00:00,0.25710315781828785,1
site_ad3433ffac,2026-03-06T06:30:00+00:00,0.3082921532318753,1
site_ad3433ffac,2026-03-06T06:45:00+00:00,0.3328044509493167,1
site_ad3433ffac,2026-03-06T07:00:00+00:00,0.36458842445673756,1
site_ad3433ffac,2026-03-06T07:15:00+00:00,0.2643488749938883,1
site_ad3433ffac,2026-03-06T07:30:00+00:00,0.3287382796885726,1
site_ad3433ffac,2026-03-06T07:45:00+00:00,0.3018120822435141,1
site_ad3433ffac,2026-03-06T08:00:00+00:00,0.29640845953466777,1
site_ad3433ffac,2026-03-06T08:15:00+00:00,0.37396723804318716,1
site_ad3433ffac,2026-03-06T08:30:00+00:00,0.34787361971473146,1
site_ad3433ffac,2026-03-06T08:45:00+00:00,0.3310050743417267,1
site_ad3433ffac,2026-03-06T09:00:00+00:00,0.3118957315525628,1
site_ad3433ffac,2026-03-06T09:15:00+00:00,0.3024412056712548,1
site_ad3433ffac,2026-03-06T09:30:00+00:00,0.3111574850524155,1
site_ad3433ffac,2026-03-06T09:45:00+00:00,0.31908899596564844,1
site_ad3433ffac,2026-03-06T10:00:00+00:00,0.32303795882060454,1
site_ad3433ffac,2026-03-06T10:15:00+00:00,0.3387069459685,1
site_ad3433ffac,2026-03-06T10:30:00+00:00,0.30669477595159905,1
site_ad3433ffac,2026-03-06T10:45:00+00:00,0.3177809081628486,1
site_ad3433ffac,2026-03-06T11:00:00+00:00,0.25793474220127266,1
site_ad3433ffac,2026-03-06T11:15:00+00:00,0.29188079582281723,1
site_ad3433ffac,2026-03-06T11:30:00+00:00,0.3107003778985501,1
site_ad3433ffac,2026-03-06T11:45:00+00:00,0.3001469137112703,1
site_ad3433ffac,2026-03-06T12:00:00+00:00,0.2857404616123839,1
site_ad3433ffac,2026-03-06T12:15:00+00:00,0.340202127755104,1
site_ad3433ffac,2026-03-06T12:30:00+00:00,0.2792558946827306,1
site_ad3433ffac,2026-03-06T12:45:00+00:00,0.2922716558427081,1
site_ad3433ffac,2026-03-06T13:00:00+00:00,0.3322574294068525,1
site_ad3433ffac,2026-03-06T13:15:00+00:00,0.31517144467243,1
site_ad3433ffac,2026-03-06T13:30:00+00:00,0.3487565630048326,1
site_ad3433ffac,2026-03-06T13:45:00+00:00,0.3997836798466607,1
site_ad3433ffac,2026-03-06T14:00:00+00:00,0.35930125309264405,1
site_ad3433ffac,2026-03-06T14:15:00+00:00,0.3539891190366218,1
site_ad3433ffac,2026-03-06T14:30:00+00:00,0.36161779453435833,1
site_ad3433ffac,2026-03-06T14:45:00+00:00,0.34485678205131964,1
site_ad3433ffac,2026-03-06T15:00:00+00:00,0.28779999316629334,1
site_ad3433ffac,2026-03-06T15:15:00+00:00,0.31484163588284064,1
site_ad3433ffac,2026-03-06T15:30:00+00:00,0.32469291189896277,1
site_ad3433ffac,2026-03-06T15:45:00+00:00,0.3429447680929036,1
site_ad3433ffac,2026-03-06T16:00:00+00:00,0.3562948809010621,1
site_ad3433ffac,2026-03-06T16:15:00+00:00,0.3101469799374827,1
site_ad3433ffac,2026-03-06T16:30:00+00:00,0.3210232446977042,1
site_ad3433ffac,2026-03-06T16:45:00+00:00,0.36743707477091786,1
site_ad3433ffac,2026-03-06T17:00:00+00:00,0.341622096979314,1
site_ad3433ffac,2026-03-06T17:15:00+00:00,0.27603392612023114,1
site_ad3433ffac,2026-03-06T17:30:00+00:00,0.2561962787851587,1
site_ad3433ffac,2026-03-06T17:45:00+00:00,0.2523405372561152,1
site_ad3433ffac,2026-03-06T18:00:00+00:00,0.2683266005342096,1
site_ad3433ffac,2026-03-06T18:15:00+00:00,0.3243598341714283,1
site_ad3433ffac,2026-03-06T18:30:00+00:00,0.353346698940466,1
site_ad3433ffac,2026-03-06T18:45:00+00:00,0.3076866962875396,1
site_ad3433ffac,2026-03-06T19:00:00+00:00,0.2855633222066282,1
site_ad3433ffac,2026-03-06T19:15:00+00:00,0.2780620687249011,1
site_ad3433ffac,2026-03-06T19:30:00+00:00,0.26550631196811564,1
site_ad3433ffac,2026-03-06T19:45:00+00:00,0.2382848636941338,1
site_ad3433ffac,2026-03-06T20:00:00+00:00,0.27022338502083465,1
site_ad3433ffac,2026-03-06T20:15:00+00:00,0.2796781737507057,1
site_ad3433ffac,2026-03-06T20:30:00+00:00,0.2660338157442646,1
site_ad3433ffac,2026-03-06T20:45:00+00:00,0.2721316619021819,1
site_ad3433ffac,2026-03-06T21:00:00+00:00,0.21271019478729325,1
site_ad3433ffac,2026-03-06T21:15:00+00:00,0.2549688480700791,1
site_ad3433ffac,2026-03-06T21:30:00+00:00,0.19712022488530173,0
site_ad3433ffac,2026-03-06T21:45:00+00:00,0.2128694855594737,1
site_ad3433ffac,2026-03-06T22:00:00+00:00,0.16851803035100077,0
site_ad3433ffac,2026-03-06T22:15:00+00:00,0.1836180349717976,0
site_ad3433ffac,2026-03-06T22:30:00+00:00,0.18922265979656544,0
site_ad3433ffac,2026-03-06T22:45:00+00:00,0.20627999991328158,1
site_ad3433ffac,2026-03-06T23:00:00+00:00,0.21692215939855478,1
site_ad3433ffac,2026-03-06T23:15:00+00:00,0.19220981007728624,0
site_ad3433ffac,2026-03-06T23:30:00+00:00,0.17562821384335123,0
site_ad3433ffac,2026-03-06T23:45:00+00:00,0.1876220316637899,0
site_ad3433ffac,2026-03-07T00:00:00+00:00,0.1624270183537373,0
site_ad3433ffac,2026-03-07T00:15:00+00:00,0.13611850794016636,0
site_ad3433ffac,2026-03-07T00:30:00+00:00,0.10666003692430631,0
site_ad3433ffac,2026-03-07T00:45:00+00:00,0.10512987676455217,0
site_ad3433ffac,2026-03-07T01:00:00+00:00,0.1045411663451477,0
site_ad3433ffac,2026-03-07T01:15:00+00:00,0.18033665825678852,0
site_ad3433ffac,2026-03-07T01:30:00+00:00,0.11963961004361823,0
site_ad3433ffac,2026-03-07T01:45:00+00:00,0.10415113221609923,0
site_ad3433ffac,2026-03-07T02:00:00+00:00,0.0972057678915669,0
site_ad3433ffac,2026-03-07T02:15:00+00:00,0.14638524269571404,0
site_ad3433ffac,2026-03-07T02:30:00+00:00,0.14112445913148158,0
site_ad3433ffac,2026-03-07T02:45:00+00:00,0.2478306976406287,1
site_ad3433ffac,2026-03-07T03:00:00+00:00,0.18975612647355022,0
site_ad3433ffac,2026-03-07T03:15:00+00:00,0.20904208684504474,1
site_ad3433ffac,2026-03-07T03:30:00+00:00,0.20141317287069768,1
site_ad3433ffac,2026-03-07T03:45:00+00:00,0.15427499624828508,0
site_ad3433ffac,2026-03-07T04:00:00+00:00,0.13293325295829872,0
site_ad3433ffac,2026-03-07T04:15:00+00:00,0.1252827489562276,0
site_ad3433ffac,2026-03-07T04:30:00+00:00,0.19542983209367498,0
site_ad3433ffac,2026-03-07T04:45:00+00:00,0.21573319397548277,1
site_ad3433ffac,2026-03-07T05:00:00+00:00,0.19593346984366924,0
site_ad3433ffac,2026-03-07T05:15:00+00:00,0.2033402980275897,1
site_ad3433ffac,2026-03-07T05:30:00+00:00,0.18654354057230244,0
site_ad3433ffac,2026-03-07T05:45:00+00:00,0.2118697793031689,1
site_ad3433ffac,2026-03-07T06:00:00+00:00,0.1956647044476487,0
site_ad3433ffac,2026-03-07T06:15:00+00:00,0.22185040107781626,1
site_ad3433ffac,2026-03-07T06:30:00+00:00,0.23889281657054917,1
site_ad3433ffac,2026-03-07T06:45:00+00:00,0.24663229216622143,1
site_ad3433ffac,2026-03-07T07:00:00+00:00,0.22042510238240715,1
site_ad3433ffac,2026-03-07T07:15:00+00:00,0.30732081747569134,1
site_ad3433ffac,2026-03-07T07:30:00+00:00,0.29224666965978874,1
site_ad3433ffac,2026-03-07T07:45:00+00:00,0.2282601158263142,1
site_ad3433ffac,2026-03-07T08:00:00+00:00,0.20997554817603295,1
site_ad3433ffac,2026-03-07T08:15:00+00:00,0.16572565815619916,0
site_ad3433ffac,2026-03-07T08:30:00+00:00,0.18785806832930155,0
site_ad3433ffac,2026-03-07T08:45:00+00:00,0.26789325459559893,1
site_ad3433ffac,2026-03-07T09:00:00+00:00,0.20187377909257384,1
site_ad3433ffac,2026-03-07T09:15:00+00:00,0.24833771469027055,1
site_ad3433ffac,2026-03-07T09:30:00+00:00,0.21798463029265375,1
site_ad3433ffac,2026-03-07T09:45:00+00:00,0.19669658602513665,0
site_ad3433ffac,2026-03-07T10:00:00+00:00,0.15117043764994612,0
site_ad3433ffac,2026-03-07T10:15:00+00:00,0.16301823676350993,0
site_ad3433ffac,2026-03-07T10:30:00+00:00,0.1980935343395181,0
site_ad3433ffac,2026-03-07T10:45:00+00:00,0.2510978940532988,1
site_ad3433ffac,2026-03-07T11:00:00+00:00,0.2835645442815672,1
site_ad3433ffac,2026-03-07T11:15:00+00:00,0.3956741258021592,1
site_ad3433ffac,2026-03-07T11:30:00+00:00,0.28977288310623067,1
site_ad3433ffac,2026-03-07T11:45:00+00:00,0.2669361175911872,1
site_ad3433ffac,2026-03-07T12:00:00+00:00,0.23366930396944793,1
site_ad3433ffac,2026-03-07T12:15:00+00:00,0.24669823580854647,1
site_ad3433ffac,2026-03-07T12:30:00+00:00,0.26129606598971206,1
site_ad3433ffac,2026-03-07T12:45:00+00:00,0.4360007336462896,1
site_ad3433ffac,2026-03-07T13:00:00+00:00,0.385860168708341,1
site_ad3433ffac,2026-03-07T13:15:00+00:00,0.3091567426983937,1
site_ad3433ffac,2026-03-07T13:30:00+00:00,0.19879687999078055,0
site_ad3433ffac,2026-03-07T13:45:00+00:00,0.2606647318387666,1
site_ad3433ffac,2026-03-07T14:00:00+00:00,0.20188332159015213,1
site_ad3433ffac,2026-03-07T14:15:00+00:00,0.22144157379622703,1
site_ad3433ffac,2026-03-07T14:30:00+00:00,0.19004512714213098,0
site_ad3433ffac,2026-03-07T14:45:00+00:00,0.24965822221810227,1
site_ad3433ffac,2026-03-07T15:00:00+00:00,0.23734790022476546,1
site_ad3433ffac,2026-03-07T15:15:00+00:00,0.2116969914654385,1
site_ad3433ffac,2026-03-07T15:30:00+00:00,0.20485872637080288,1
site_ad3433ffac,2026-03-07T15:45:00+00:00,0.2278688211033816,1
site_ad3433ffac,2026-03-07T16:00:00+00:00,0.18625371109074587,0
site_ad3433ffac,2026-03-07T16:15:00+00:00,0.19595193836626157,0
site_ad3433ffac,2026-03-07T16:30:00+00:00,0.18240668108652583,0
site_ad3433ffac,2026-03-07T16:45:00+00:00,0.1724512589639765,0
site_ad3433ffac,2026-03-07T17:00:00+00:00,0.17112225169715575,0
site_ad3433ffac,2026-03-07T17:15:00+00:00,0.23419244943511502,1
site_ad3433ffac,2026-03-07T17:30:00+00:00,0.1750521451915431,0
site_ad3433ffac,2026-03-07T17:45:00+00:00,0.23191030265152923,1
site_ad3433ffac,2026-03-07T18:00:00+00:00,0.19938278240953133,0
site_ad3433ffac,2026-03-07T18:15:00+00:00,0.20135871737851838,1
site_ad3433ffac,2026-03-07T18:30:00+00:00,0.20817304556408617,1
site_ad3433ffac,2026-03-07T18:45:00+00:00,0.2082702818178179,1
site_ad3433ffac,2026-03-07T19:00:00+00:00,0.1298670282697967,0
site_ad3433ffac,2026-03-07T19:15:00+00:00,0.18360677433669179,0
site_ad3433ffac,2026-03-07T19:30:00+00:00,0.2589964134217753,1
site_ad3433ffac,2026-03-07T19:45:00+00:00,0.22340852245792908,1
site_ad3433ffac,2026-03-07T20:00:00+00:00,0.18824933447502068,0
site_ad3433ffac,2026-03-07T20:15:00+00:00,0.20279221313457488,1
site_ad3433ffac,2026-03-07T20:30:00+00:00,0.19508515055981812,0
site_ad3433ffac,2026-03-07T20:45:00+00:00,0.20959876866455737,1
site_ad3433ffac,2026-03-07T21:00:00+00:00,0.18560497066177978,0
site_ad3433ffac,2026-03-07T21:15:00+00:00,0.2142857619686467,1
site_ad3433ffac,2026-03-07T21:30:00+00:00,0.2412120200035322,1
site_ad3433ffac,2026-03-07T21:45:00+00:00,0.2881194911706755,1
site_ad3433ffac,2026-03-07T22:00:00+00:00,0.2738022930216721,1
site_ad3433ffac,2026-03-07T22:15:00+00:00,0.2334983189886084,1
site_ad3433ffac,2026-03-07T22:30:00+00:00,0.24800497741827532,1
site_ad3433ffac,2026-03-07T22:45:00+00:00,0.2702585399388959,1
site_ad3433ffac,2026-03-07T23:00:00+00:00,0.2428076786339635,1
site_ad3433ffac,2026-03-07T23:15:00+00:00,0.23386852284263673,1
site_ad3433ffac,2026-03-07T23:30:00+00:00,0.16329763931448277,0
site_ad3433ffac,2026-03-07T23:45:00+00:00,0.11343211623898858,0
site_ad3433ffac,2026-03-08T00:00:00+00:00,0.09054562172499103,0
site_ad3433ffac,2026-03-08T00:15:00+00:00,0.10162075603784486,0
site_ad3433ffac,2026-03-08T00:30:00+00:00,0.1266261177731869,0
site_ad3433ffac,2026-03-08T00:45:00+00:00,0.10577919231258022,0
site_ad3433ffac,2026-03-08T01:00:00+00:00,0.11881784244987077,0
site_ad3433ffac,2026-03-08T01:15:00+00:00,0.29545427089673115,1
site_ad3433ffac,2026-03-08T01:30:00+00:00,0.13286738491746083,0
site_ad3433ffac,2026-03-08T01:45:00+00:00,0.11812076653320833,0
site_ad3433ffac,2026-03-08T02:00:00+00:00,0.11665684290272296,0
site_ad3433ffac,2026-03-08T02:15:00+00:00,0.11910337364524137,0
site_ad3433ffac,2026-03-08T02:30:00+00:00,0.12688948790923524,0
site_ad3433ffac,2026-03-08T02:45:00+00:00,0.10356293684339586,0
site_ad3433ffac,2026-03-08T03:00:00+00:00,0.10554961172745585,0
site_ad3433ffac,2026-03-08T03:15:00+00:00,0.10771899242866563,0
site_ad3433ffac,2026-03-08T03:30:00+00:00,0.08630326971332099,0
site_ad3433ffac,2026-03-08T03:45:00+00:00,0.09480690417898915,0
site_ad3433ffac,2026-03-08T04:00:00+00:00,0.12154544666087366,0
site_ad3433ffac,2026-03-08T04:15:00+00:00,0.13434702063193285,0
site_ad3433ffac,2026-03-08T04:30:00+00:00,0.11047126136465536,0
site_ad3433ffac,2026-03-08T04:45:00+00:00,0.11976813756493365,0
site_ad3433ffac,2026-03-08T05:00:00+00:00,0.11645190086316967,0
site_ad3433ffac,2026-03-08T05:15:00+00:00,0.1169384433750162,0
site_ad3433ffac,2026-03-08T05:30:00+00:00,0.21236059283345562,1
site_ad3433ffac,2026-03-08T05:45:00+00:00,0.3080257148367985,1
site_ad3433ffac,2026-03-08T06:00:00+00:00,0.14782937190949252,0
site_ad3433ffac,2026-03-08T06:15:00+00:00,0.14430129151150037,0
site_ad3433ffac,2026-03-08T06:30:00+00:00,0.17230373288372533,0
site_ad3433ffac,2026-03-08T06:45:00+00:00,0.14850920340690288,0
site_ad3433ffac,2026-03-08T07:00:00+00:00,0.15570378230787152,0
site_ad3433ffac,2026-03-08T07:15:00+00:00,0.1191734716552155,0
site_ad3433ffac,2026-03-08T07:30:00+00:00,0.11741594105371755,0
site_ad3433ffac,2026-03-08T07:45:00+00:00,0.13736445401314262,0
site_ad3433ffac,2026-03-08T08:00:00+00:00,0.13701506253859397,0
site_ad3433ffac,2026-03-08T08:15:00+00:00,0.19190969414781078,0
site_ad3433ffac,2026-03-08T08:30:00+00:00,0.2143450275091036,1
site_ad3433ffac,2026-03-08T08:45:00+00:00,0.2202859122577015,1
site_ad3433ffac,2026-03-08T09:00:00+00:00,0.15474712203759997,0
site_ad3433ffac,2026-03-08T09:15:00+00:00,0.1679954358361486,0
site_ad3433ffac,2026-03-08T09:30:00+00:00,0.16279913700518595,0
site_ad3433ffac,2026-03-08T09:45:00+00:00,0.19367246470907407,0
site_ad3433ffac,2026-03-08T10:00:00+00:00,0.21723610537727148,1
site_ad3433ffac,2026-03-08T10:15:00+00:00,0.20896566881817805,1
site_ad3433ffac,2026-03-08T10:30:00+00:00,0.17131608647744737,0
site_ad3433ffac,2026-03-08T10:45:00+00:00,0.21342865881498105,1
site_ad3433ffac,2026-03-08T11:00:00+00:00,0.1563544477360586,0
site_ad3433ffac,2026-03-08T11:15:00+00:00,0.16117132047849525,0
site_ad3433ffac,2026-03-08T11:30:00+00:00,0.2043468928125014,1
site_ad3433ffac,2026-03-08T11:45:00+00:00,0.15130413379927918,0
site_ad3433ffac,2026-03-08T12:00:00+00:00,0.14208028197396066,0
site_ad3433ffac,2026-03-08T12:15:00+00:00,0.15472863104275128,0
site_ad3433ffac,2026-03-08T12:30:00+00:00,0.15848233182496044,0
site_ad3433ffac,2026-03-08T12:45:00+00:00,0.16117098072075586,0
site_ad3433ffac,2026-03-08T13:00:00+00:00,0.21718794209174594,1
site_ad3433ffac,2026-03-08T13:15:00+00:00,0.20972496210122152,1
site_ad3433ffac,2026-03-08T13:30:00+00:00,0.17154188880240961,0
site_ad3433ffac,2026-03-08T13:45:00+00:00,0.18331229275219654,0
site_ad3433ffac,2026-03-08T14:00:00+00:00,0.1492531471403627,0
site_ad3433ffac,2026-03-08T14:15:00+00:00,0.13353370860703878,0
site_ad3433ffac,2026-03-08T14:30:00+00:00,0.17682642200181847,0
site_ad3433ffac,2026-03-08T14:45:00+00:00,0.1380267318967233,0
site_ad3433ffac,2026-03-08T15:00:00+00:00,0.15516070928742864,0
site_ad3433ffac,2026-03-08T15:15:00+00:00,0.14897313417622488,0
site_ad3433ffac,2026-03-08T15:30:00+00:00,0.21415863765298002,1
site_ad3433ffac,2026-03-08T15:45:00+00:00,0.18547799061550022,0
site_ad3433ffac,2026-03-08T16:00:00+00:00,0.21655053339603053,1
site_ad3433ffac,2026-03-08T16:15:00+00:00,0.20394417849914168,1
site_ad3433ffac,2026-03-08T16:30:00+00:00,0.23110188577955218,1
site_ad3433ffac,2026-03-08T16:45:00+00:00,0.21482447083462824,1
site_ad3433ffac,2026-03-08T17:00:00+00:00,0.2186992180355982,1
site_ad3433ffac,2026-03-08T17:15:00+00:00,0.17850693728648637,0
site_ad3433ffac,2026-03-08T17:30:00+00:00,0.15969257919179428,0
site_ad3433ffac,2026-03-08T17:45:00+00:00,0.14890871738120617,0
site_ad3433ffac,2026-03-08T18:00:00+00:00,0.16069183047760302,0
site_ad3433ffac,2026-03-08T18:15:00+00:00,0.20795965657581758,1
site_ad3433ffac,2026-03-08T18:30:00+00:00,0.179755920040454,0
site_ad3433ffac,2026-03-08T18:45:00+00:00,0.13095139820789312,0
site_ad3433ffac,2026-03-08T19:00:00+00:00,0.17510992456065336,0
site_ad3433ffac,2026-03-08T19:15:00+00:00,0.27359045160771645,1
site_ad3433ffac,2026-03-08T19:30:00+00:00,0.21355240516491214,1
site_ad3433ffac,2026-03-08T19:45:00+00:00,0.22160693597867578,1
site_ad3433ffac,2026-03-08T20:00:00+00:00,0.1730002767433984,0
site_ad3433ffac,2026-03-08T20:15:00+00:00,0.1645893011325788,0
site_ad3433ffac,2026-03-08T20:30:00+00:00,0.17490769212741578,0
site_ad3433ffac,2026-03-08T20:45:00+00:00,0.20272044485551977,1
site_ad3433ffac,2026-03-08T21:00:00+00:00,0.16094454185024723,0
site_ad3433ffac,2026-03-08T21:15:00+00:00,0.16123694384434004,0
site_ad3433ffac,2026-03-08T21:30:00+00:00,0.22962577950120913,1
site_ad3433ffac,2026-03-08T21:45:00+00:00,0.26249595317083774,1
site_ad3433ffac,2026-03-08T22:00:00+00:00,0.17197665339124424,0
site_ad3433ffac,2026-03-08T22:15:00+00:00,0.19617992503566584,0
site_ad3433ffac,2026-03-08T22:30:00+00:00,0.10293255562407733,0
site_ad3433ffac,2026-03-08T22:45:00+00:00,0.088841901690258,0
site_ad3433ffac,2026-03-08T23:00:00+00:00,0.08587366625332979,0
site_ad3433ffac,2026-03-08T23:15:00+00:00,0.09978855996819479,0
site_ad3433ffac,2026-03-08T23:30:00+00:00,0.08752262314676316,0
site_ad3433ffac,2026-03-08T23:45:00+00:00,0.07434203274936732,0
site_ad3433ffac,2026-03-09T00:00:00+00:00,0.1345290138544837,0
site_ad3433ffac,2026-03-09T00:15:00+00:00,0.10915895305177803,0
site_ad3433ffac,2026-03-09T00:30:00+00:00,0.12780641611754567,0
site_ad3433ffac,2026-03-09T00:45:00+00:00,0.09437527821050445,0
site_ad3433ffac,2026-03-09T01:00:00+00:00,0.11527096487228168,0
site_ad3433ffac,2026-03-09T01:15:00+00:00,0.16922745021425828,0
site_ad3433ffac,2026-03-09T01:30:00+00:00,0.18007930486413182,0
site_ad3433ffac,2026-03-09T01:45:00+00:00,0.15205619988992525,0
site_ad3433ffac,2026-03-09T02:00:00+00:00,0.14355249530660266,0
site_ad3433ffac,2026-03-09T02:15:00+00:00,0.20461891313766534,1
site_ad3433ffac,2026-03-09T02:30:00+00:00,0.2036551189771882,1
site_ad3433ffac,2026-03-09T02:45:00+00:00,0.17219613418077206,0
site_ad3433ffac,2026-03-09T03:00:00+00:00,0.18159675262490166,0
site_ad3433ffac,2026-03-09T03:15:00+00:00,0.17637119941804055,0
site_ad3433ffac,2026-03-09T03:30:00+00:00,0.21443839017526115,1
site_ad3433ffac,2026-03-09T03:45:00+00:00,0.2191844768961686,1
site_ad3433ffac,2026-03-09T04:00:00+00:00,0.19851840389222733,0
site_ad3433ffac,2026-03-09T04:15:00+00:00,0.20104069592450657,1
site_ad3433ffac,2026-03-09T04:30:00+00:00,0.32505695382376953,1
site_ad3433ffac,2026-03-09T04:45:00+00:00,0.37865367873938754,1
site_ad3433ffac,2026-03-09T05:00:00+00:00,0.3199422080184527,1
site_ad3433ffac,2026-03-09T05:15:00+00:00,0.37934293447549716,1
site_ad3433ffac,2026-03-09T05:30:00+00:00,0.42506209342569623,1
site_ad3433ffac,2026-03-09T05:45:00+00:00,0.33869567167956355,1
site_ad3433ffac,2026-03-09T06:00:00+00:00,0.3796348135293793,1
site_ad3433ffac,2026-03-09T06:15:00+00:00,0.41412020219289436,1
site_ad3433ffac,2026-03-09T06:30:00+00:00,0.45073596535372784,1
site_ad3433ffac,2026-03-09T06:45:00+00:00,0.41844828673418416,1
site_ad3433ffac,2026-03-09T07:00:00+00:00,0.5045425139915867,1
site_ad3433ffac,2026-03-09T07:15:00+00:00,0.5279877524399542,1
site_ad3433ffac,2026-03-09T07:30:00+00:00,0.5842218594448678,1
site_ad3433ffac,2026-03-09T07:45:00+00:00,0.6158353403829931,1
site_ad3433ffac,2026-03-09T08:00:00+00:00,0.5344250950065108,1
site_ad3433ffac,2026-03-09T08:15:00+00:00,0.5598196205005456,1
site_ad3433ffac,2026-03-09T08:30:00+00:00,0.5526699188462532,1
site_ad3433ffac,2026-03-09T08:45:00+00:00,0.5231430852675382,1
site_ad3433ffac,2026-03-09T09:00:00+00:00,0.5351455957348741,1
site_ad3433ffac,2026-03-09T09:15:00+00:00,0.5043372583772863,1
site_ad3433ffac,2026-03-09T09:30:00+00:00,0.5292241854692541,1
site_ad3433ffac,2026-03-09T09:45:00+00:00,0.4733885033550539,1
site_ad3433ffac,2026-03-09T10:00:00+00:00,0.5107019617412032,1
site_ad3433ffac,2026-03-09T10:15:00+00:00,0.4844826492567473,1
site_ad3433ffac,2026-03-09T10:30:00+00:00,0.5323649024883471,1
site_ad3433ffac,2026-03-09T10:45:00+00:00,0.47226368880872505,1
site_ad3433ffac,2026-03-09T11:00:00+00:00,0.4757037999125816,1
site_ad3433ffac,2026-03-09T11:15:00+00:00,0.5131503309535334,1
site_ad3433ffac,2026-03-09T11:30:00+00:00,0.4475673379035369,1
site_ad3433ffac,2026-03-09T11:45:00+00:00,0.45025096756865723,1
site_ad3433ffac,2026-03-09T12:00:00+00:00,0.42961492327047013,1
site_ad3433ffac,2026-03-09T12:15:00+00:00,0.44904930061065174,1
site_ad3433ffac,2026-03-09T12:30:00+00:00,0.45447045897354166,1
site_ad3433ffac,2026-03-09T12:45:00+00:00,0.4633167354175395,1
site_ad3433ffac,2026-03-09T13:00:00+00:00,0.4647918801656289,1
site_ad3433ffac,2026-03-09T13:15:00+00:00,0.47014873055792916,1
site_ad3433ffac,2026-03-09T13:30:00+00:00,0.4481997080953293,1
site_ad3433ffac,2026-03-09T13:45:00+00:00,0.4158127221179934,1
site_ad3433ffac,2026-03-09T14:00:00+00:00,0.38821537104380927,1
site_ad3433ffac,2026-03-09T14:15:00+00:00,0.45183929798149003,1
site_ad3433ffac,2026-03-09T14:30:00+00:00,0.5705860844255212,1
site_ad3433ffac,2026-03-09T14:45:00+00:00,0.5640743809306051,1
site_ad3433ffac,2026-03-09T15:00:00+00:00,0.4913647285375029,1
site_ad3433ffac,2026-03-09T15:15:00+00:00,0.4553116592102213,1
site_ad3433ffac,2026-03-09T15:30:00+00:00,0.3904551098350566,1
site_ad3433ffac,2026-03-09T15:45:00+00:00,0.3466005216380648,1
site_ad3433ffac,2026-03-09T16:00:00+00:00,0.4120197638317541,1
site_ad3433ffac,2026-03-09T16:15:00+00:00,0.33357497717917456,1
site_ad3433ffac,2026-03-09T16:30:00+00:00,0.4533026419290151,1
site_ad3433ffac,2026-03-09T16:45:00+00:00,0.369755529894963,1
site_ad3433ffac,2026-03-09T17:00:00+00:00,0.38486460476994816,1
site_ad3433ffac,2026-03-09T17:15:00+00:00,0.4911807527963086,1
site_ad3433ffac,2026-03-09T17:30:00+00:00,0.5184889178004306,1
site_ad3433ffac,2026-03-09T17:45:00+00:00,0.44040649144632343,1
site_ad3433ffac,2026-03-09T18:00:00+00:00,0.4686323331242201,1
site_ad3433ffac,2026-03-09T18:15:00+00:00,0.4861741064103572,1
site_ad3433ffac,2026-03-09T18:30:00+00:00,0.4519901152889986,1
site_ad3433ffac,2026-03-09T18:45:00+00:00,0.3939653303225632,1
site_ad3433ffac,2026-03-09T19:00:00+00:00,0.3897979906135018,1
site_ad3433ffac,2026-03-09T19:15:00+00:00,0.35478241732277016,1
site_ad3433ffac,2026-03-09T19:30:00+00:00,0.3277445874289146,1
site_ad3433ffac,2026-03-09T19:45:00+00:00,0.34439390216292254,1
site_ad3433ffac,2026-03-09T20:00:00+00:00,0.4102997835859133,1
site_ad3433ffac,2026-03-09T20:15:00+00:00,0.46945076321452034,1
site_ad3433ffac,2026-03-09T20:30:00+00:00,0.5070980362126839,1
site_ad3433ffac,2026-03-09T20:45:00+00:00,0.471765583016081,1
site_ad3433ffac,2026-03-09T21:00:00+00:00,0.4963555656827871,1
site_ad3433ffac,2026-03-09T21:15:00+00:00,0.4497842408584121,1
site_ad3433ffac,2026-03-09T21:30:00+00:00,0.3161516901130422,1
site_ad3433ffac,2026-03-09T21:45:00+00:00,0.2487378627450852,1
site_ad3433ffac,2026-03-09T22:00:00+00:00,0.21566206292439047,1
site_ad3433ffac,2026-03-09T22:15:00+00:00,0.25766493408486896,1
site_ad3433ffac,2026-03-09T22:30:00+00:00,0.22123298803073724,1
site_ad3433ffac,2026-03-09T22:45:00+00:00,0.24739291658289592,1
site_ad3433ffac,2026-03-09T23:00:00+00:00,0.282961854554186,1
site_ad3433ffac,2026-03-09T23:15:00+00:00,0.37540144616328036,1
site_ad3433ffac,2026-03-09T23:30:00+00:00,0.377922004507425,1
site_ad3433ffac,2026-03-09T23:45:00+00:00,0.2427762106652394,1
site_ad3433ffac,2026-03-10T00:00:00+00:00,0.22740398270597761,1
site_ad3433ffac,2026-03-10T00:15:00+00:00,0.237478751009366,1
site_ad3433ffac,2026-03-10T00:30:00+00:00,0.3109176947662331,1
site_ad3433ffac,2026-03-10T00:45:00+00:00,0.23098794493250085,1
site_ad3433ffac,2026-03-10T01:00:00+00:00,0.3421150301898148,1
site_ad3433ffac,2026-03-10T01:15:00+00:00,0.3833809115405797,1
site_ad3433ffac,2026-03-10T01:30:00+00:00,0.2900363954895551,1
site_ad3433ffac,2026-03-10T01:45:00+00:00,0.2966473956171741,1
site_ad3433ffac,2026-03-10T02:00:00+00:00,0.23396328989225287,1
site_ad3433ffac,2026-03-10T02:15:00+00:00,0.21295462708880233,1
site_ad3433ffac,2026-03-10T02:30:00+00:00,0.2543519531840186,1
site_ad3433ffac,2026-03-10T02:45:00+00:00,0.2894851946445566,1
site_ad3433ffac,2026-03-10T03:00:00+00:00,0.249213091540051,1
site_ad3433ffac,2026-03-10T03:15:00+00:00,0.2675827932145029,1
site_ad3433ffac,2026-03-10T03:30:00+00:00,0.4261283863349604,1
site_ad3433ffac,2026-03-10T03:45:00+00:00,0.5096388718229058,1
site_ad3433ffac,2026-03-10T04:00:00+00:00,0.40162489796832784,1
site_ad3433ffac,2026-03-10T04:15:00+00:00,0.4541304248762453,1
site_ad3433ffac,2026-03-10T04:30:00+00:00,0.5468706339090447,1
site_ad3433ffac,2026-03-10T04:45:00+00:00,0.399990375907511,1
site_ad3433ffac,2026-03-10T05:00:00+00:00,0.43123227507561424,1
site_ad3433ffac,2026-03-10T05:15:00+00:00,0.4148992418832904,1
site_ad3433ffac,2026-03-10T05:30:00+00:00,0.45203779052217075,1
site_ad3433ffac,2026-03-10T05:45:00+00:00,0.42649543642250876,1
site_ad3433ffac,2026-03-10T06:00:00+00:00,0.6758402984976944,1
site_ad3433ffac,2026-03-10T06:15:00+00:00,0.5013525446435305,1
site_ad3433ffac,2026-03-10T06:30:00+00:00,0.5801152577838494,1
site_ad3433ffac,2026-03-10T06:45:00+00:00,0.7268386962172749,1
site_ad3433ffac,2026-03-10T07:00:00+00:00,0.553822318159382,1
site_ad3433ffac,2026-03-10T07:15:00+00:00,0.5773274090382485,1
site_ad3433ffac,2026-03-10T07:30:00+00:00,0.5306525176561456,1
site_ad3433ffac,2026-03-10T07:45:00+00:00,0.4736549510225322,1
site_ad3433ffac,2026-03-10T08:00:00+00:00,0.485561946776856,1
site_ad3433ffac,2026-03-10T08:15:00+00:00,0.46758188169349446,1
site_ad3433ffac,2026-03-10T08:30:00+00:00,0.48353524959629485,1
site_ad3433ffac,2026-03-10T08:45:00+00:00,0.4593802105443019,1
site_ad3433ffac,2026-03-10T09:00:00+00:00,0.49511345107394933,1
site_ad3433ffac,2026-03-10T09:15:00+00:00,0.43748424457097596,1
site_ad3433ffac,2026-03-10T09:30:00+00:00,0.4440050742102992,1
site_ad3433ffac,2026-03-10T09:45:00+00:00,0.4853700321312595,1
site_ad3433ffac,2026-03-10T10:00:00+00:00,0.4020369600198745,1
site_ad3433ffac,2026-03-10T10:15:00+00:00,0.45543990346835495,1
site_ad3433ffac,2026-03-10T10:30:00+00:00,0.40373576400282196,1
site_ad3433ffac,2026-03-10T10:45:00+00:00,0.4062416404014159,1
site_ad3433ffac,2026-03-10T11:00:00+00:00,0.41919868125864246,1
site_ad3433ffac,2026-03-10T11:15:00+00:00,0.4352611317465506,1
site_ad3433ffac,2026-03-10T11:30:00+00:00,0.3873949389732342,1
site_ad3433ffac,2026-03-10T11:45:00+00:00,0.48360475201907205,1
site_ad3433ffac,2026-03-10T12:00:00+00:00,0.5195606981618369,1
site_ad3433ffac,2026-03-10T12:15:00+00:00,0.4943998821203065,1
site_ad3433ffac,2026-03-10T12:30:00+00:00,0.3982245651116989,1
site_ad3433ffac,2026-03-10T12:45:00+00:00,0.34877658881121276,1
site_ad3433ffac,2026-03-10T13:00:00+00:00,0.3531996880933832,1
site_ad3433ffac,2026-03-10T13:15:00+00:00,0.5902178792910138,1
site_ad3433ffac,2026-03-10T13:30:00+00:00,0.631046641646981,1
site_ad3433ffac,2026-03-10T13:45:00+00:00,0.6331153897652442,1
site_ad3433ffac,2026-03-10T14:00:00+00:00,0.49756788598666535,1
site_ad3433ffac,2026-03-10T14:15:00+00:00,0.3717399656155834,1
site_ad3433ffac,2026-03-10T14:30:00+00:00,0.4062326464328356,1
site_ad3433ffac,2026-03-10T14:45:00+00:00,0.4679238023057447,1
site_ad3433ffac,2026-03-10T15:00:00+00:00,0.43890890708568314,1
site_ad3433ffac,2026-03-10T15:15:00+00:00,0.33819232363727714,1
site_ad3433ffac,2026-03-10T15:30:00+00:00,0.3589699286075258,1
site_ad3433ffac,2026-03-10T15:45:00+00:00,0.345042858116431,1
site_ad3433ffac,2026-03-10T16:00:00+00:00,0.3662126981315162,1
site_ad3433ffac,2026-03-10T16:15:00+00:00,0.5068106836819801,1
site_ad3433ffac,2026-03-10T16:30:00+00:00,0.44736557891070194,1
site_ad3433ffac,2026-03-10T16:45:00+00:00,0.39209340128968245,1
site_ad3433ffac,2026-03-10T17:00:00+00:00,0.4999771213741666,1
site_ad3433ffac,2026-03-10T17:15:00+00:00,0.5350188554411747,1
site_ad3433ffac,2026-03-10T17:30:00+00:00,0.39069076074137105,1
site_ad3433ffac,2026-03-10T17:45:00+00:00,0.3921887556136333,1
site_ad3433ffac,2026-03-10T18:00:00+00:00,0.43989322042261864,1
site_ad3433ffac,2026-03-10T18:15:00+00:00,0.562508057772864,1
site_ad3433ffac,2026-03-10T18:30:00+00:00,0.37381745526747423,1
site_ad3433ffac,2026-03-10T18:45:00+00:00,0.4019904799095055,1
site_ad3433ffac,2026-03-10T19:00:00+00:00,0.4078215808629997,1
site_ad3433ffac,2026-03-10T19:15:00+00:00,0.5670603666279199,1
site_ad3433ffac,2026-03-10T19:30:00+00:00,0.5069961209187649,1
site_ad3433ffac,2026-03-10T19:45:00+00:00,0.46543163505592156,1
site_ad3433ffac,2026-03-10T20:00:00+00:00,0.4381886555372678,1
site_ad3433ffac,2026-03-10T20:15:00+00:00,0.36097007762161804,1
site_ad3433ffac,2026-03-10T20:30:00+00:00,0.3267120089223477,1
site_ad3433ffac,2026-03-10T20:45:00+00:00,0.4062828180764022,1
site_ad3433ffac,2026-03-10T21:00:00+00:00,0.37013538376202093,1
site_ad3433ffac,2026-03-10T21:15:00+00:00,0.39089405017614653,1
site_ad3433ffac,2026-03-10T21:30:00+00:00,0.396346183209114,1
site_ad3433ffac,2026-03-10T21:45:00+00:00,0.385896231305527,1
site_ad3433ffac,2026-03-10T22:00:00+00:00,0.3528073703010727,1
site_ad3433ffac,2026-03-10T22:15:00+00:00,0.49507971471917145,1
site_ad3433ffac,2026-03-10T22:30:00+00:00,0.35647441836651644,1
site_ad3433ffac,2026-03-10T22:45:00+00:00,0.3827929248002373,1
site_ad3433ffac,2026-03-10T23:00:00+00:00,0.2586243647218752,1
site_ad3433ffac,2026-03-10T23:15:00+00:00,0.19792311574922206,0
site_ad3433ffac,2026-03-10T23:30:00+00:00,0.3627563110334127,1
site_ad3433ffac,2026-03-10T23:45:00+00:00,0.3783712654058793,1
site_ad3433ffac,2026-03-11T00:00:00+00:00,0.4437733698640844,1
site_ad3433ffac,2026-03-11T00:15:00+00:00,0.29764408500257056,1
site_ad3433ffac,2026-03-11T00:30:00+00:00,0.3513194453863027,1
site_ad3433ffac,2026-03-11T00:45:00+00:00,0.44978016095250145,1
site_ad3433ffac,2026-03-11T01:00:00+00:00,0.27537714825319687,1
site_ad3433ffac,2026-03-11T01:15:00+00:00,0.3718232959384784,1
site_ad3433ffac,2026-03-11T01:30:00+00:00,0.3446517718580548,1
site_ad3433ffac,2026-03-11T01:45:00+00:00,0.28259812258747813,1
site_ad3433ffac,2026-03-11T02:00:00+00:00,0.28233054737734764,1
site_ad3433ffac,2026-03-11T02:15:00+00:00,0.31336590260953956,1
site_ad3433ffac,2026-03-11T02:30:00+00:00,0.29367651002965406,1
site_ad3433ffac,2026-03-11T02:45:00+00:00,0.31166227100391264,1
site_ad3433ffac,2026-03-11T03:00:00+00:00,0.32722589862515994,1
site_ad3433ffac,2026-03-11T03:15:00+00:00,0.35497300461969794,1
site_ad3433ffac,2026-03-11T03:30:00+00:00,0.34051450042296594,1
site_ad3433ffac,2026-03-11T03:45:00+00:00,0.29369499930207016,1
site_ad3433ffac,2026-03-11T04:00:00+00:00,0.4379694070492249,1
site_ad3433ffac,2026-03-11T04:15:00+00:00,0.4253972013828539,1
site_ad3433ffac,2026-03-11T04:30:00+00:00,0.3402182097842493,1
site_ad3433ffac,2026-03-11T04:45:00+00:00,0.35106372328265056,1
site_ad3433ffac,2026-03-11T05:00:00+00:00,0.398637826667938,1
site_ad3433ffac,2026-03-11T05:15:00+00:00,0.4674957225457547,1
site_ad3433ffac,2026-03-11T05:30:00+00:00,0.4093297074322432,1
site_ad3433ffac,2026-03-11T05:45:00+00:00,0.4608126156953792,1
site_ad3433ffac,2026-03-11T06:00:00+00:00,0.42910927680083183,1
site_ad3433ffac,2026-03-11T06:15:00+00:00,0.5735029437944253,1
site_ad3433ffac,2026-03-11T06:30:00+00:00,0.4866951477336757,1
site_ad3433ffac,2026-03-11T06:45:00+00:00,0.32464112103890985,1
site_ad3433ffac,2026-03-11T07:00:00+00:00,0.33734750441982236,1
site_ad3433ffac,2026-03-11T07:15:00+00:00,0.43122819096305237,1
site_ad3433ffac,2026-03-11T07:30:00+00:00,0.42827641003852635,1
site_ad3433ffac,2026-03-11T07:45:00+00:00,0.36597738487023634,1
site_ad3433ffac,2026-03-11T08:00:00+00:00,0.4247127340991464,1
site_ad3433ffac,2026-03-11T08:15:00+00:00,0.45557067613134233,1
site_ad3433ffac,2026-03-11T08:30:00+00:00,0.41922909636416555,1
site_ad3433ffac,2026-03-11T08:45:00+00:00,0.43460036579553774,1
site_ad3433ffac,2026-03-11T09:00:00+00:00,0.40726780148317077,1
site_ad3433ffac,2026-03-11T09:15:00+00:00,0.38381987443015275,1
site_ad3433ffac,2026-03-11T09:30:00+00:00,0.45968161492821147,1
site_ad3433ffac,2026-03-11T09:45:00+00:00,0.4151431412357854,1
site_ad3433ffac,2026-03-11T10:00:00+00:00,0.37951532852654407,1
site_ad3433ffac,2026-03-11T10:15:00+00:00,0.40651642443389835,1
site_ad3433ffac,2026-03-11T10:30:00+00:00,0.4012060256050292,1
site_ad3433ffac,2026-03-11T10:45:00+00:00,0.4639096841016358,1
site_ad3433ffac,2026-03-11T11:00:00+00:00,0.5142667248927048,1
site_ad3433ffac,2026-03-11T11:15:00+00:00,0.4102185557774778,1
site_ad3433ffac,2026-03-11T11:30:00+00:00,0.3383287515950591,1
site_ad3433ffac,2026-03-11T11:45:00+00:00,0.30177242344760385,1
site_ad3433ffac,2026-03-11T12:00:00+00:00,0.3106807968317178,1
site_ad3433ffac,2026-03-11T12:15:00+00:00,0.4761295040781237,1
site_ad3433ffac,2026-03-11T12:30:00+00:00,0.3220689880578525,1
site_ad3433ffac,2026-03-11T12:45:00+00:00,0.29497916065994256,1
site_ad3433ffac,2026-03-11T13:00:00+00:00,0.28750649286838226,1
site_ad3433ffac,2026-03-11T13:15:00+00:00,0.28102795834812677,1
site_ad3433ffac,2026-03-11T13:30:00+00:00,0.41079728851581504,1
site_ad3433ffac,2026-03-11T13:45:00+00:00,0.3013105062005626,1
site_ad3433ffac,2026-03-11T14:00:00+00:00,0.2585839574357346,1
site_ad3433ffac,2026-03-11T14:15:00+00:00,0.28163730480148624,1
site_ad3433ffac,2026-03-11T14:30:00+00:00,0.20006830565442668,1
site_ad3433ffac,2026-03-11T14:45:00+00:00,0.28387239583135865,1
site_ad3433ffac,2026-03-11T15:00:00+00:00,0.3949134582714412,1
site_ad3433ffac,2026-03-11T15:15:00+00:00,0.40117016745614664,1
site_ad3433ffac,2026-03-11T15:30:00+00:00,0.34347438563795896,1
site_ad3433ffac,2026-03-11T15:45:00+00:00,0.3217510915640643,1
site_ad3433ffac,2026-03-11T16:00:00+00:00,0.281266954160176,1
site_ad3433ffac,2026-03-11T16:15:00+00:00,0.3642038926786459,1
site_ad3433ffac,2026-03-11T16:30:00+00:00,0.31892643122500625,1
site_ad3433ffac,2026-03-11T16:45:00+00:00,0.35449208510274915,1
site_ad3433ffac,2026-03-11T17:00:00+00:00,0.380272695668847,1
site_ad3433ffac,2026-03-11T17:15:00+00:00,0.3338043917363182,1
site_ad3433ffac,2026-03-11T17:30:00+00:00,0.3830996112400706,1
site_ad3433ffac,2026-03-11T17:45:00+00:00,0.28551384873681795,1
site_ad3433ffac,2026-03-11T18:00:00+00:00,0.32863586217367824,1
site_ad3433ffac,2026-03-11T18:15:00+00:00,0.6300402879528573,1
site_ad3433ffac,2026-03-11T18:30:00+00:00,0.3470077839400016,1
site_ad3433ffac,2026-03-11T18:45:00+00:00,0.41405539407862135,1
site_ad3433ffac,2026-03-11T19:00:00+00:00,0.25785790497082617,1
site_ad3433ffac,2026-03-11T19:15:00+00:00,0.3230277842162862,1
site_ad3433ffac,2026-03-11T19:30:00+00:00,0.3126470725052461,1
site_ad3433ffac,2026-03-11T19:45:00+00:00,0.4245007003960093,1
site_ad3433ffac,2026-03-11T20:00:00+00:00,0.4119175928014525,1
site_ad3433ffac,2026-03-11T20:15:00+00:00,0.3909626299431569,1
site_ad3433ffac,2026-03-11T20:30:00+00:00,0.314657090993966,1
site_ad3433ffac,2026-03-11T20:45:00+00:00,0.3758598661602878,1
site_ad3433ffac,2026-03-11T21:00:00+00:00,0.21058465015072841,1
site_ad3433ffac,2026-03-11T21:15:00+00:00,0.24793389382922354,1
site_ad3433ffac,2026-03-11T21:30:00+00:00,0.23580092493734237,1
site_ad3433ffac,2026-03-11T21:45:00+00:00,0.3133492672026672,1
site_ad3433ffac,2026-03-11T22:00:00+00:00,0.19857328333765284,0
site_ad3433ffac,2026-03-11T22:15:00+00:00,0.17065184330341962,0
site_ad3433ffac,2026-03-11T22:30:00+00:00,0.3364508472237918,1
site_ad3433ffac,2026-03-11T22:45:00+00:00,0.3124759573472024,1
site_ad3433ffac,2026-03-11T23:00:00+00:00,0.3778033106461132,1
site_ad3433ffac,2026-03-11T23:15:00+00:00,0.2334544522868597,1
site_ad3433ffac,2026-03-11T23:30:00+00:00,0.2539791519814317,1
site_ad3433ffac,2026-03-11T23:45:00+00:00,0.21068178520231998,1
site_ad3433ffac,2026-03-12T00:00:00+00:00,0.15165734222184665,0
site_ad3433ffac,2026-03-12T00:15:00+00:00,0.32922779197646207,1
site_ad3433ffac,2026-03-12T00:30:00+00:00,0.2671406933630431,1
site_ad3433ffac,2026-03-12T00:45:00+00:00,0.16207660744078994,0
site_ad3433ffac,2026-03-12T01:00:00+00:00,0.18074098117280024,0
site_ad3433ffac,2026-03-12T01:15:00+00:00,0.2426305343259421,1
site_ad3433ffac,2026-03-12T01:30:00+00:00,0.1883929047641278,0
site_ad3433ffac,2026-03-12T01:45:00+00:00,0.20119602717041546,1
site_ad3433ffac,2026-03-12T02:00:00+00:00,0.2812566973425972,1
site_ad3433ffac,2026-03-12T02:15:00+00:00,0.2539792541023901,1
site_ad3433ffac,2026-03-12T02:30:00+00:00,0.23929572954199615,1
site_ad3433ffac,2026-03-12T02:45:00+00:00,0.24335495453509018,1
site_ad3433ffac,2026-03-12T03:00:00+00:00,0.3340685721562872,1
site_ad3433ffac,2026-03-12T03:15:00+00:00,0.4449126973202189,1
site_ad3433ffac,2026-03-12T03:30:00+00:00,0.3008848010063085,1
site_ad3433ffac,2026-03-12T03:45:00+00:00,0.275217331702944,1
site_ad3433ffac,2026-03-12T04:00:00+00:00,0.4062615173289646,1
site_ad3433ffac,2026-03-12T04:15:00+00:00,0.38655443966018177,1
site_ad3433ffac,2026-03-12T04:30:00+00:00,0.33859741540539057,1
site_ad3433ffac,2026-03-12T04:45:00+00:00,0.3788424364786309,1
site_ad3433ffac,2026-03-12T05:00:00+00:00,0.29830836297628793,1
site_ad3433ffac,2026-03-12T05:15:00+00:00,0.3976308756499709,1
site_ad3433ffac,2026-03-12T05:30:00+00:00,0.33030095485420474,1
site_ad3433ffac,2026-03-12T05:45:00+00:00,0.3237834532158924,1
site_ad3433ffac,2026-03-12T06:00:00+00:00,0.3295654043193971,1
site_ad3433ffac,2026-03-12T06:15:00+00:00,0.48919006319449304,1
site_ad3433ffac,2026-03-12T06:30:00+00:00,0.41670233688891717,1
site_ad3433ffac,2026-03-12T06:45:00+00:00,0.380610126457085,1
site_ad3433ffac,2026-03-12T07:00:00+00:00,0.4446550761204676,1
site_ad3433ffac,2026-03-12T07:15:00+00:00,0.4770783851090432,1
site_ad3433ffac,2026-03-12T07:30:00+00:00,0.4571219410309549,1
site_ad3433ffac,2026-03-12T07:45:00+00:00,0.46868655088112376,1
site_ad3433ffac,2026-03-12T08:00:00+00:00,0.4138612844880431,1
site_ad3433ffac,2026-03-12T08:15:00+00:00,0.3910764140451909,1
site_ad3433ffac,2026-03-12T08:30:00+00:00,0.4171859645168399,1
site_ad3433ffac,2026-03-12T08:45:00+00:00,0.4289842840700847,1
site_ad3433ffac,2026-03-12T09:00:00+00:00,0.5195311593843633,1
site_ad3433ffac,2026-03-12T09:15:00+00:00,0.5052750871584339,1
site_ad3433ffac,2026-03-12T09:30:00+00:00,0.5022765227943086,1
site_ad3433ffac,2026-03-12T09:45:00+00:00,0.5106841162591206,1
site_ad3433ffac,2026-03-12T10:00:00+00:00,0.49457674292179643,1
site_ad3433ffac,2026-03-12T10:15:00+00:00,0.4705590122930491,1
site_ad3433ffac,2026-03-12T10:30:00+00:00,0.4602852496696427,1
site_ad3433ffac,2026-03-12T10:45:00+00:00,0.4967332232603544,1
site_ad3433ffac,2026-03-12T11:00:00+00:00,0.45016649335105924,1
site_ad3433ffac,2026-03-12T11:15:00+00:00,0.5104268730077128,1
site_ad3433ffac,2026-03-12T11:30:00+00:00,0.3912494239168213,1
site_ad3433ffac,2026-03-12T11:45:00+00:00,0.39860809086843263,1
site_ad3433ffac,2026-03-12T12:00:00+00:00,0.3981577622899763,1
site_ad3433ffac,2026-03-12T12:15:00+00:00,0.3767836837856241,1
site_ad3433ffac,2026-03-12T12:30:00+00:00,0.4531414934770264,1
site_ad3433ffac,2026-03-12T12:45:00+00:00,0.3713112508534075,1
site_ad3433ffac,2026-03-12T13:00:00+00:00,0.39928215133012496,1
site_ad3433ffac,2026-03-12T13:15:00+00:00,0.3801113525242373,1
site_ad3433ffac,2026-03-12T13:30:00+00:00,0.34370260696113797,1
site_ad3433ffac,2026-03-12T13:45:00+00:00,0.4252015963578246,1
site_ad3433ffac,2026-03-12T14:00:00+00:00,0.43075206361063134,1
site_ad3433ffac,2026-03-12T14:15:00+00:00,0.38850725631468846,1
site_ad3433ffac,2026-03-12T14:30:00+00:00,0.4257910834898313,1
site_ad3433ffac,2026-03-12T14:45:00+00:00,0.29994224573432726,1
site_ad3433ffac,2026-03-12T15:00:00+00:00,0.3187218636738068,1
site_ad3433ffac,2026-03-12T15:15:00+00:00,0.29706937019923024,1
site_ad3433ffac,2026-03-12T15:30:00+00:00,0.27999048750709593,1
site_ad3433ffac,2026-03-12T15:45:00+00:00,0.3344015793080233,1
site_ad3433ffac,2026-03-12T16:00:00+00:00,0.3208151269403355,1
site_ad3433ffac,2026-03-12T16:15:00+00:00,0.33116191706387577,1
site_ad3433ffac,2026-03-12T16:30:00+00:00,0.3949235937013652,1
site_ad3433ffac,2026-03-12T16:45:00+00:00,0.37285444634024884,1
site_ad3433ffac,2026-03-12T17:00:00+00:00,0.29061936070624816,1
site_e726c7cce5,2026-02-18T14:15:00+00:00,0.0,0
site_e726c7cce5,2026-02-18T14:30:00+00:00,0.0,0
site_e726c7cce5,2026-02-18T14:45:00+00:00,0.0,0
site_e726c7cce5,2026-02-18T15:00:00+00:00,0.0,0
site_e726c7cce5,2026-02-18T15:15:00+00:00,0.11370923830132376,0
site_e726c7cce5,2026-02-18T15:30:00+00:00,0.13446930464349197,0
site_e726c7cce5,2026-02-18T15:45:00+00:00,0.14345908227531892,0
site_e726c7cce5,2026-02-18T16:00:00+00:00,0.13007518903878326,0
site_e726c7cce5,2026-02-18T16:15:00+00:00,0.0864920570011912,0
site_e726c7cce5,2026-02-18T16:30:00+00:00,0.0690739211345517,0
site_e726c7cce5,2026-02-18T16:45:00+00:00,0.06511488140124683,0
site_e726c7cce5,2026-02-18T17:00:00+00:00,0.058801385012976756,0
site_e726c7cce5,2026-02-18T17:15:00+00:00,0.05712059296816558,0
site_e726c7cce5,2026-02-18T17:30:00+00:00,0.10479365522099014,0
site_e726c7cce5,2026-02-18T17:45:00+00:00,0.062386499881108344,0
site_e726c7cce5,2026-02-18T18:00:00+00:00,0.05181330275500959,0
site_e726c7cce5,2026-02-18T18:15:00+00:00,0.12002241444064492,0
site_e726c7cce5,2026-02-18T18:30:00+00:00,0.09783197630957374,0
site_e726c7cce5,2026-02-18T18:45:00+00:00,0.11026751255495361,0
site_e726c7cce5,2026-02-18T19:00:00+00:00,0.0805999724281611,0
site_e726c7cce5,2026-02-19T01:15:00+00:00,0.0,0
site_e726c7cce5,2026-02-19T03:30:00+00:00,0.0,0
site_e726c7cce5,2026-02-19T04:45:00+00:00,0.0,0
site_e726c7cce5,2026-02-19T05:00:00+00:00,0.0,0
site_e726c7cce5,2026-02-19T05:30:00+00:00,0.0,0
site_e726c7cce5,2026-02-19T09:30:00+00:00,0.0,0
site_e726c7cce5,2026-02-19T10:30:00+00:00,0.009351338919701883,0
site_e726c7cce5,2026-02-19T10:45:00+00:00,0.0,0
site_e726c7cce5,2026-02-19T14:00:00+00:00,0.0,0
site_e726c7cce5,2026-02-19T14:15:00+00:00,0.10650665029376895,0
site_e726c7cce5,2026-02-19T14:30:00+00:00,0.1268256683835191,0
site_e726c7cce5,2026-02-19T14:45:00+00:00,0.09194225967083909,0
site_e726c7cce5,2026-02-19T15:00:00+00:00,0.0616452455298826,0
site_e726c7cce5,2026-02-19T15:15:00+00:00,0.09838807807826935,0
site_e726c7cce5,2026-02-19T15:30:00+00:00,0.1328451939012164,0
site_e726c7cce5,2026-02-19T15:45:00+00:00,0.1391926126688595,0
site_e726c7cce5,2026-02-19T16:00:00+00:00,0.19891415605450954,0
site_e726c7cce5,2026-02-19T16:15:00+00:00,0.20577274754345612,1
site_e726c7cce5,2026-02-19T16:30:00+00:00,0.23485879903229034,1
site_e726c7cce5,2026-02-19T16:45:00+00:00,0.21812445326735844,1
site_e726c7cce5,2026-02-19T17:00:00+00:00,0.27329667499937815,1
site_e726c7cce5,2026-02-19T17:15:00+00:00,0.3002863566739063,1
site_e726c7cce5,2026-02-19T17:30:00+00:00,0.3326488656973882,1
site_e726c7cce5,2026-02-19T17:45:00+00:00,0.251621152604337,1
site_e726c7cce5,2026-02-19T18:00:00+00:00,0.2510179857554034,1
site_e726c7cce5,2026-02-19T18:15:00+00:00,0.2277270840583553,1
site_e726c7cce5,2026-02-19T18:30:00+00:00,0.1912867322579054,0
site_e726c7cce5,2026-02-19T18:45:00+00:00,0.15697984500831777,0
site_e726c7cce5,2026-02-19T19:00:00+00:00,0.15892939635543843,0
site_e726c7cce5,2026-02-19T19:15:00+00:00,0.3138254598176494,1
site_e726c7cce5,2026-02-19T19:30:00+00:00,0.41538015621920227,1
site_e726c7cce5,2026-02-19T19:45:00+00:00,0.424715340477375,1
site_e726c7cce5,2026-02-19T20:00:00+00:00,0.3484447777696799,1
site_e726c7cce5,2026-02-19T20:15:00+00:00,0.19738506619155968,0
site_e726c7cce5,2026-02-19T20:30:00+00:00,0.20226124032458442,1
site_e726c7cce5,2026-02-19T20:45:00+00:00,0.2733935813932757,1
site_e726c7cce5,2026-02-19T21:00:00+00:00,0.2692518574066209,1
site_e726c7cce5,2026-02-19T21:15:00+00:00,0.23230563986936176,1
site_e726c7cce5,2026-02-19T21:30:00+00:00,0.2316055995243958,1
site_e726c7cce5,2026-02-19T21:45:00+00:00,0.30344251744341516,1
site_e726c7cce5,2026-02-19T22:00:00+00:00,0.2902327042368152,1
site_e726c7cce5,2026-02-19T22:15:00+00:00,0.19294319173253116,0
site_e726c7cce5,2026-02-19T22:30:00+00:00,0.24133115236476677,1
site_e726c7cce5,2026-02-19T22:45:00+00:00,0.21449390044940145,1
site_e726c7cce5,2026-02-19T23:00:00+00:00,0.17015880936725644,0
site_e726c7cce5,2026-02-19T23:15:00+00:00,0.11599480216179074,0
site_e726c7cce5,2026-02-19T23:30:00+00:00,0.24872602704685465,1
site_e726c7cce5,2026-02-19T23:45:00+00:00,0.19246861838938636,0
site_e726c7cce5,2026-02-20T00:00:00+00:00,0.18733236198545178,0
site_e726c7cce5,2026-02-20T00:15:00+00:00,0.15412131392785328,0
site_e726c7cce5,2026-02-20T00:30:00+00:00,0.1623923905122177,0
site_e726c7cce5,2026-02-20T00:45:00+00:00,0.11675428083434677,0
site_e726c7cce5,2026-02-20T01:00:00+00:00,0.07682382209398382,0
site_e726c7cce5,2026-02-20T01:15:00+00:00,0.0823597183991871,0
site_e726c7cce5,2026-02-20T01:30:00+00:00,0.06605141780756509,0
site_e726c7cce5,2026-02-20T01:45:00+00:00,0.07154553033086027,0
site_e726c7cce5,2026-02-20T02:00:00+00:00,0.07565341697461961,0
site_e726c7cce5,2026-02-20T02:15:00+00:00,0.07754557185156663,0
site_e726c7cce5,2026-02-20T02:30:00+00:00,0.10933142559403444,0
site_e726c7cce5,2026-02-20T02:45:00+00:00,0.12557674296028304,0
site_e726c7cce5,2026-02-20T03:00:00+00:00,0.14323119128027406,0
site_e726c7cce5,2026-02-20T03:15:00+00:00,0.12885155949632562,0
site_e726c7cce5,2026-02-20T03:30:00+00:00,0.1112872543787362,0
site_e726c7cce5,2026-02-20T03:45:00+00:00,0.13575922095760248,0
site_e726c7cce5,2026-02-20T04:00:00+00:00,0.17857726503884552,0
site_e726c7cce5,2026-02-20T04:15:00+00:00,0.2011618687397873,1
site_e726c7cce5,2026-02-20T04:30:00+00:00,0.18180566744691914,0
site_e726c7cce5,2026-02-20T04:45:00+00:00,0.14027035458704498,0
site_e726c7cce5,2026-02-20T05:00:00+00:00,0.12978930876545186,0
site_e726c7cce5,2026-02-20T05:15:00+00:00,0.14899524513374363,0
site_e726c7cce5,2026-02-20T05:30:00+00:00,0.11450167928727557,0
site_e726c7cce5,2026-02-20T05:45:00+00:00,0.16364784143594804,0
site_e726c7cce5,2026-02-20T06:00:00+00:00,0.18258087092556238,0
site_e726c7cce5,2026-02-20T06:15:00+00:00,0.13775938411986752,0
site_e726c7cce5,2026-02-20T06:30:00+00:00,0.178303683114782,0
site_e726c7cce5,2026-02-20T06:45:00+00:00,0.13220419152781604,0
site_e726c7cce5,2026-02-20T07:00:00+00:00,0.19371776661282963,0
site_e726c7cce5,2026-02-20T07:15:00+00:00,0.21024567440268496,1
site_e726c7cce5,2026-02-20T07:30:00+00:00,0.2313388890545042,1
site_e726c7cce5,2026-02-20T07:45:00+00:00,0.2019867601256202,1
site_e726c7cce5,2026-02-20T08:00:00+00:00,0.15797108022283474,0
site_e726c7cce5,2026-02-20T08:15:00+00:00,0.19616422256709462,0
site_e726c7cce5,2026-02-20T08:30:00+00:00,0.17642561960093087,0
site_e726c7cce5,2026-02-20T08:45:00+00:00,0.2229131858298912,1
site_e726c7cce5,2026-02-20T09:00:00+00:00,0.13918485975410744,0
site_e726c7cce5,2026-02-20T09:15:00+00:00,0.21348251030739954,1
site_e726c7cce5,2026-02-20T09:30:00+00:00,0.17138200837677794,0
site_e726c7cce5,2026-02-20T09:45:00+00:00,0.15769732560154484,0
site_e726c7cce5,2026-02-20T10:00:00+00:00,0.2769127308408628,1
site_e726c7cce5,2026-02-20T10:15:00+00:00,0.27008273596647947,1
site_e726c7cce5,2026-02-20T10:30:00+00:00,0.1168982728375532,0
site_e726c7cce5,2026-02-20T10:45:00+00:00,0.1475127269623178,0
site_e726c7cce5,2026-02-20T11:00:00+00:00,0.27174338660069963,1
site_e726c7cce5,2026-02-20T11:15:00+00:00,0.28914254381136884,1
site_e726c7cce5,2026-02-20T11:30:00+00:00,0.2278103921776227,1
site_e726c7cce5,2026-02-20T11:45:00+00:00,0.2721973434222678,1
site_e726c7cce5,2026-02-20T12:00:00+00:00,0.2805053035765245,1
site_e726c7cce5,2026-02-20T12:15:00+00:00,0.2539925659067564,1
site_e726c7cce5,2026-02-20T12:30:00+00:00,0.16227471209808644,0
site_e726c7cce5,2026-02-20T12:45:00+00:00,0.24424112055086444,1
site_e726c7cce5,2026-02-20T13:00:00+00:00,0.27693528634558107,1
site_e726c7cce5,2026-02-20T13:15:00+00:00,0.273803318314432,1
site_e726c7cce5,2026-02-20T13:30:00+00:00,0.2349892310935165,1
site_e726c7cce5,2026-02-20T13:45:00+00:00,0.12297811496604277,0
site_e726c7cce5,2026-02-20T14:00:00+00:00,0.1305421709693119,0
site_e726c7cce5,2026-02-20T14:15:00+00:00,0.18537108030590382,0
site_e726c7cce5,2026-02-20T14:30:00+00:00,0.23596408104082028,1
site_e726c7cce5,2026-02-20T14:45:00+00:00,0.21509831324429116,1
site_e726c7cce5,2026-02-20T15:00:00+00:00,0.2750074964950666,1
site_e726c7cce5,2026-02-20T15:15:00+00:00,0.2700491605310561,1
site_e726c7cce5,2026-02-20T15:30:00+00:00,0.29967553900158717,1
site_e726c7cce5,2026-02-20T15:45:00+00:00,0.22156191690672422,1
site_e726c7cce5,2026-02-20T16:00:00+00:00,0.3324201137035066,1
site_e726c7cce5,2026-02-20T16:15:00+00:00,0.3311469667060907,1
site_e726c7cce5,2026-02-20T16:30:00+00:00,0.34701862639075504,1
site_e726c7cce5,2026-02-20T16:45:00+00:00,0.19498606487325326,0
site_e726c7cce5,2026-02-20T17:00:00+00:00,0.21608970196393346,1
site_e726c7cce5,2026-02-20T17:15:00+00:00,0.1737597002709095,0
site_e726c7cce5,2026-02-20T17:30:00+00:00,0.1487827501810849,0
site_e726c7cce5,2026-02-20T17:45:00+00:00,0.10858143377377874,0
site_e726c7cce5,2026-02-20T18:00:00+00:00,0.14768532008725224,0
site_e726c7cce5,2026-02-20T18:15:00+00:00,0.18854982720619515,0
site_e726c7cce5,2026-02-20T18:30:00+00:00,0.25245922725311165,1
site_e726c7cce5,2026-02-20T18:45:00+00:00,0.25873393713292653,1
site_e726c7cce5,2026-02-20T19:00:00+00:00,0.17336532246119804,0
site_e726c7cce5,2026-02-20T19:15:00+00:00,0.13630611995309144,0
site_e726c7cce5,2026-02-20T19:30:00+00:00,0.1567811919837367,0
site_e726c7cce5,2026-02-20T19:45:00+00:00,0.20212720480895882,1
site_e726c7cce5,2026-02-20T20:00:00+00:00,0.19002367893822034,0
site_e726c7cce5,2026-02-20T20:15:00+00:00,0.2946822087612705,1
site_e726c7cce5,2026-02-20T20:30:00+00:00,0.2642575553440805,1
site_e726c7cce5,2026-02-20T20:45:00+00:00,0.18946756009923432,0
site_e726c7cce5,2026-02-20T21:00:00+00:00,0.18591635221265268,0
site_e726c7cce5,2026-02-20T21:15:00+00:00,0.14814478753577165,0
site_e726c7cce5,2026-02-20T21:30:00+00:00,0.1640060995500835,0
site_e726c7cce5,2026-02-20T21:45:00+00:00,0.17534917784175863,0
site_e726c7cce5,2026-02-20T22:00:00+00:00,0.16653489060975135,0
site_e726c7cce5,2026-02-20T22:15:00+00:00,0.16471428111046096,0
site_e726c7cce5,2026-02-20T22:30:00+00:00,0.24676651735179864,1
site_e726c7cce5,2026-02-20T22:45:00+00:00,0.15744379754853732,0
site_e726c7cce5,2026-02-20T23:00:00+00:00,0.14118614510842703,0
site_e726c7cce5,2026-02-20T23:15:00+00:00,0.15518404200169658,0
site_e726c7cce5,2026-02-20T23:30:00+00:00,0.17818458725768827,0
site_e726c7cce5,2026-02-20T23:45:00+00:00,0.16883657084166626,0
site_e726c7cce5,2026-02-21T00:00:00+00:00,0.09185398864502495,0
site_e726c7cce5,2026-02-21T00:15:00+00:00,0.13747632550329383,0
site_e726c7cce5,2026-02-21T00:30:00+00:00,0.19409891800284843,0
site_e726c7cce5,2026-02-21T00:45:00+00:00,0.15765285094334633,0
site_e726c7cce5,2026-02-21T01:00:00+00:00,0.16100369203009618,0
site_e726c7cce5,2026-02-21T01:15:00+00:00,0.15683030365700087,0
site_e726c7cce5,2026-02-21T01:30:00+00:00,0.19110942978293344,0
site_e726c7cce5,2026-02-21T01:45:00+00:00,0.18171456404263198,0
site_e726c7cce5,2026-02-21T02:00:00+00:00,0.17730148013521346,0
site_e726c7cce5,2026-02-21T02:15:00+00:00,0.15067843811018006,0
site_e726c7cce5,2026-02-21T02:30:00+00:00,0.12127816346233994,0
site_e726c7cce5,2026-02-21T02:45:00+00:00,0.10116627607868571,0
site_e726c7cce5,2026-02-21T03:00:00+00:00,0.1820822115365364,0
site_e726c7cce5,2026-02-21T03:15:00+00:00,0.2167917847357484,1
site_e726c7cce5,2026-02-21T03:30:00+00:00,0.12980871786955842,0
site_e726c7cce5,2026-02-21T03:45:00+00:00,0.12124295208685898,0
site_e726c7cce5,2026-02-21T04:00:00+00:00,0.11180854558787993,0
site_e726c7cce5,2026-02-21T04:15:00+00:00,0.09141837217156762,0
site_e726c7cce5,2026-02-21T04:30:00+00:00,0.07921320644306543,0
site_e726c7cce5,2026-02-21T05:00:00+00:00,0.12271208155474672,0
site_e726c7cce5,2026-02-21T05:15:00+00:00,0.08043358474364497,0
site_e726c7cce5,2026-02-21T05:30:00+00:00,0.10809828580770227,0
site_e726c7cce5,2026-02-21T05:45:00+00:00,0.07297792002702676,0
site_e726c7cce5,2026-02-21T06:00:00+00:00,0.127615317603817,0
site_e726c7cce5,2026-02-21T06:15:00+00:00,0.11218043265733862,0
site_e726c7cce5,2026-02-21T06:30:00+00:00,0.1276571578931508,0
site_e726c7cce5,2026-02-21T06:45:00+00:00,0.09564405487241864,0
site_e726c7cce5,2026-02-21T07:00:00+00:00,0.08550196712273542,0
site_e726c7cce5,2026-02-21T07:15:00+00:00,0.1354175621609501,0
site_e726c7cce5,2026-02-21T07:30:00+00:00,0.11311276654632883,0
site_e726c7cce5,2026-02-21T07:45:00+00:00,0.18194937363954886,0
site_e726c7cce5,2026-02-21T08:00:00+00:00,0.12034420416397983,0
site_e726c7cce5,2026-02-21T08:15:00+00:00,0.13739881944678617,0
site_e726c7cce5,2026-02-21T08:30:00+00:00,0.2085518488146704,1
site_e726c7cce5,2026-02-21T08:45:00+00:00,0.0949661164323478,0
site_e726c7cce5,2026-02-21T09:00:00+00:00,0.34151184792539524,1
site_e726c7cce5,2026-02-21T09:15:00+00:00,0.1567372810656079,0
site_e726c7cce5,2026-02-21T09:30:00+00:00,0.08667446881547139,0
site_e726c7cce5,2026-02-21T09:45:00+00:00,0.1338496026249317,0
site_e726c7cce5,2026-02-21T10:00:00+00:00,0.13376467256024668,0
site_e726c7cce5,2026-02-21T10:15:00+00:00,0.14964941059225523,0
site_e726c7cce5,2026-02-21T10:30:00+00:00,0.09297669803455684,0
site_e726c7cce5,2026-02-21T10:45:00+00:00,0.15496316194890858,0
site_e726c7cce5,2026-02-21T11:00:00+00:00,0.13848003028579672,0
site_e726c7cce5,2026-02-21T11:15:00+00:00,0.11002921698113413,0
site_e726c7cce5,2026-02-21T11:30:00+00:00,0.06458031062295944,0
site_e726c7cce5,2026-02-21T11:45:00+00:00,0.16167978698695046,0
site_e726c7cce5,2026-02-21T12:00:00+00:00,0.14240601573093775,0
site_e726c7cce5,2026-02-21T12:15:00+00:00,0.16582278410563048,0
site_e726c7cce5,2026-02-21T12:30:00+00:00,0.1525248005319239,0
site_e726c7cce5,2026-02-21T12:45:00+00:00,0.10010035087206305,0
site_e726c7cce5,2026-02-21T13:00:00+00:00,0.09650361312587863,0
site_e726c7cce5,2026-02-21T13:15:00+00:00,0.10235714613336093,0
site_e726c7cce5,2026-02-21T13:30:00+00:00,0.10092054684408608,0
site_e726c7cce5,2026-02-21T13:45:00+00:00,0.12816671068917315,0
site_e726c7cce5,2026-02-21T14:00:00+00:00,0.09229117705145344,0
site_e726c7cce5,2026-02-21T14:15:00+00:00,0.1142280196643786,0
site_e726c7cce5,2026-02-21T14:30:00+00:00,0.16920400199624652,0
site_e726c7cce5,2026-02-21T14:45:00+00:00,0.09259074976837307,0
site_e726c7cce5,2026-02-21T15:00:00+00:00,0.07613773532592724,0
site_e726c7cce5,2026-02-21T15:15:00+00:00,0.08402504220653761,0
site_e726c7cce5,2026-02-21T15:30:00+00:00,0.09910743749297643,0
site_e726c7cce5,2026-02-21T15:45:00+00:00,0.09728904322964872,0
site_e726c7cce5,2026-02-21T16:00:00+00:00,0.09819839345334379,0
site_e726c7cce5,2026-02-21T16:15:00+00:00,0.09609915537420938,0
site_e726c7cce5,2026-02-21T16:30:00+00:00,0.06287371921329327,0
site_e726c7cce5,2026-02-21T16:45:00+00:00,0.06017656132219999,0
site_e726c7cce5,2026-02-21T17:00:00+00:00,0.1759827067318455,0
site_e726c7cce5,2026-02-21T17:15:00+00:00,0.11690975360166489,0
site_e726c7cce5,2026-02-21T17:30:00+00:00,0.13458430182458117,0
site_e726c7cce5,2026-02-21T17:45:00+00:00,0.13271775633581256,0
site_e726c7cce5,2026-02-21T18:00:00+00:00,0.11199421060444459,0
site_e726c7cce5,2026-02-21T18:15:00+00:00,0.07306250087667515,0
site_e726c7cce5,2026-02-21T18:30:00+00:00,0.07482950524979887,0
site_e726c7cce5,2026-02-21T18:45:00+00:00,0.09556304736256531,0
site_e726c7cce5,2026-02-21T19:00:00+00:00,0.12094993228669274,0
site_e726c7cce5,2026-02-21T19:15:00+00:00,0.11850969103080032,0
site_e726c7cce5,2026-02-21T19:30:00+00:00,0.1669469935490431,0
site_e726c7cce5,2026-02-21T19:45:00+00:00,0.12433501143104117,0
site_e726c7cce5,2026-02-21T20:00:00+00:00,0.10737346317836305,0
site_e726c7cce5,2026-02-21T20:15:00+00:00,0.15723753439604762,0
site_e726c7cce5,2026-02-21T20:30:00+00:00,0.16985364436392023,0
site_e726c7cce5,2026-02-21T20:45:00+00:00,0.23390560569009772,1
site_e726c7cce5,2026-02-21T21:00:00+00:00,0.24855795492691574,1
site_e726c7cce5,2026-02-21T21:15:00+00:00,0.2386116586807902,1
site_e726c7cce5,2026-02-21T21:30:00+00:00,0.17060740178793204,0
site_e726c7cce5,2026-02-21T21:45:00+00:00,0.14032896550730128,0
site_e726c7cce5,2026-02-21T22:00:00+00:00,0.13386341775275729,0
site_e726c7cce5,2026-02-21T22:15:00+00:00,0.1358111692791137,0
site_e726c7cce5,2026-02-21T22:30:00+00:00,0.15203276818084205,0
site_e726c7cce5,2026-02-21T22:45:00+00:00,0.14125428729742975,0
site_e726c7cce5,2026-02-21T23:15:00+00:00,0.14526356036242832,0
site_e726c7cce5,2026-02-21T23:30:00+00:00,0.16679409662300207,0
site_e726c7cce5,2026-02-22T00:00:00+00:00,0.13783099357144477,0
site_e726c7cce5,2026-02-22T00:15:00+00:00,0.12173339119311835,0
site_e726c7cce5,2026-02-22T00:30:00+00:00,0.12294861291258477,0
site_e726c7cce5,2026-02-22T00:45:00+00:00,0.12316356992120091,0
site_e726c7cce5,2026-02-22T01:00:00+00:00,0.0754000421772889,0
site_e726c7cce5,2026-02-22T01:15:00+00:00,0.0772638011458266,0
site_e726c7cce5,2026-02-22T01:30:00+00:00,0.063374489892481,0
site_e726c7cce5,2026-02-22T01:45:00+00:00,0.0663056639026504,0
site_e726c7cce5,2026-02-22T02:00:00+00:00,0.058651135926650555,0
site_e726c7cce5,2026-02-22T02:15:00+00:00,0.09630889987650716,0
site_e726c7cce5,2026-02-22T02:30:00+00:00,0.0764578201329354,0
site_e726c7cce5,2026-02-22T02:45:00+00:00,0.08518084242883017,0
site_e726c7cce5,2026-02-22T03:00:00+00:00,0.07488730358422936,0
site_e726c7cce5,2026-02-22T03:15:00+00:00,0.05909967963732799,0
site_e726c7cce5,2026-02-22T03:30:00+00:00,0.102131802185991,0
site_e726c7cce5,2026-02-22T03:45:00+00:00,0.07908060736991973,0
site_e726c7cce5,2026-02-22T04:00:00+00:00,0.10523766223338789,0
site_e726c7cce5,2026-02-22T04:15:00+00:00,0.10536661894216463,0
site_e726c7cce5,2026-02-22T04:30:00+00:00,0.08087278450347875,0
site_e726c7cce5,2026-02-22T04:45:00+00:00,0.10237028317507019,0
site_e726c7cce5,2026-02-22T05:00:00+00:00,0.1025390723907763,0
site_e726c7cce5,2026-02-22T05:15:00+00:00,0.09492357464738659,0
site_e726c7cce5,2026-02-22T05:30:00+00:00,0.08533286891205132,0
site_e726c7cce5,2026-02-22T05:45:00+00:00,0.09468191059784667,0
site_e726c7cce5,2026-02-22T06:00:00+00:00,0.1125360663289189,0
site_e726c7cce5,2026-02-22T06:15:00+00:00,0.17459569543224057,0
site_e726c7cce5,2026-02-22T06:30:00+00:00,0.13726426642920492,0
site_e726c7cce5,2026-02-22T06:45:00+00:00,0.13784290317371672,0
site_e726c7cce5,2026-02-22T07:00:00+00:00,0.09316097385450535,0
site_e726c7cce5,2026-02-22T07:15:00+00:00,0.09337621995912111,0
site_e726c7cce5,2026-02-22T07:30:00+00:00,0.14294250196050845,0
site_e726c7cce5,2026-02-22T07:45:00+00:00,0.1332543053434446,0
site_e726c7cce5,2026-02-22T08:00:00+00:00,0.0950003214507994,0
site_e726c7cce5,2026-02-22T08:15:00+00:00,0.08410400466493641,0
site_e726c7cce5,2026-02-22T08:30:00+00:00,0.09465619354601348,0
site_e726c7cce5,2026-02-22T08:45:00+00:00,0.118788251550332,0
site_e726c7cce5,2026-02-22T09:00:00+00:00,0.07967402800933611,0
site_e726c7cce5,2026-02-22T09:15:00+00:00,0.08059971312522765,0
site_e726c7cce5,2026-02-22T09:30:00+00:00,0.08921068269446072,0
site_e726c7cce5,2026-02-23T04:00:00+00:00,0.20728634525226503,1
site_e726c7cce5,2026-02-23T04:15:00+00:00,0.1364253507535019,0
site_e726c7cce5,2026-02-23T06:45:00+00:00,0.21931470796750888,1
site_e726c7cce5,2026-02-23T07:00:00+00:00,0.12290408298719961,0
site_e726c7cce5,2026-02-23T07:15:00+00:00,0.1289919021182737,0
site_e726c7cce5,2026-02-23T07:30:00+00:00,0.1485433530702191,0
site_e726c7cce5,2026-02-23T07:45:00+00:00,0.18749687316056693,0
site_e726c7cce5,2026-02-23T08:00:00+00:00,0.16479406083553436,0
site_e726c7cce5,2026-02-23T08:15:00+00:00,0.21043458150015681,1
site_e726c7cce5,2026-02-23T08:30:00+00:00,0.2088341007799512,1
site_e726c7cce5,2026-02-23T08:45:00+00:00,0.1937902154649217,0
site_e726c7cce5,2026-02-23T09:00:00+00:00,0.16397818971148256,0
site_e726c7cce5,2026-02-23T09:15:00+00:00,0.14615081665270957,0
site_e726c7cce5,2026-02-23T09:30:00+00:00,0.13995860211307484,0
site_e726c7cce5,2026-02-23T09:45:00+00:00,0.2557773836183787,1
site_e726c7cce5,2026-02-23T10:00:00+00:00,0.21083929306740073,1
site_e726c7cce5,2026-02-23T10:15:00+00:00,0.2228076885912378,1
site_e726c7cce5,2026-02-23T10:30:00+00:00,0.27853145029028437,1
site_e726c7cce5,2026-02-23T10:45:00+00:00,0.25024146097234573,1
site_e726c7cce5,2026-02-23T11:00:00+00:00,0.2657692234810811,1
site_e726c7cce5,2026-02-23T11:15:00+00:00,0.29361580715824226,1
site_e726c7cce5,2026-02-23T11:30:00+00:00,0.2220292401681318,1
site_e726c7cce5,2026-02-23T11:45:00+00:00,0.2443174018944483,1
site_e726c7cce5,2026-02-23T12:00:00+00:00,0.21977247948165382,1
site_e726c7cce5,2026-02-23T12:15:00+00:00,0.29602457925577624,1
site_e726c7cce5,2026-02-23T12:30:00+00:00,0.28504673715319656,1
site_e726c7cce5,2026-02-23T12:45:00+00:00,0.15813593074955087,0
site_e726c7cce5,2026-02-23T13:00:00+00:00,0.19262360754004626,0
site_e726c7cce5,2026-02-23T13:15:00+00:00,0.2825921993002621,1
site_e726c7cce5,2026-02-23T13:30:00+00:00,0.27977180721812966,1
site_e726c7cce5,2026-02-23T13:45:00+00:00,0.193956055622918,0
site_e726c7cce5,2026-02-23T14:00:00+00:00,0.1903661328665312,0
site_e726c7cce5,2026-02-23T14:15:00+00:00,0.19955886032328887,0
site_e726c7cce5,2026-02-23T14:30:00+00:00,0.20568073226690844,1
site_e726c7cce5,2026-02-23T14:45:00+00:00,0.19399140099665368,0
site_e726c7cce5,2026-02-23T15:00:00+00:00,0.18387058549997606,0
site_e726c7cce5,2026-02-23T15:15:00+00:00,0.23173612407022404,1
site_e726c7cce5,2026-02-23T15:30:00+00:00,0.23388759786348193,1
site_e726c7cce5,2026-02-23T15:45:00+00:00,0.24339483462837397,1
site_e726c7cce5,2026-02-23T16:00:00+00:00,0.20032511261287578,1
site_e726c7cce5,2026-02-23T16:15:00+00:00,0.2431187772603339,1
site_e726c7cce5,2026-02-23T16:30:00+00:00,0.23451694090092798,1
site_e726c7cce5,2026-02-23T16:45:00+00:00,0.25551949484554265,1
site_e726c7cce5,2026-02-23T17:00:00+00:00,0.2853832362628803,1
site_e726c7cce5,2026-02-23T17:15:00+00:00,0.3381235234065118,1
site_e726c7cce5,2026-02-23T17:30:00+00:00,0.34444978403284227,1
site_e726c7cce5,2026-02-23T17:45:00+00:00,0.3790627973518204,1
site_e726c7cce5,2026-02-23T18:00:00+00:00,0.3774792267884798,1
site_e726c7cce5,2026-02-23T18:15:00+00:00,0.36728387266980433,1
site_e726c7cce5,2026-02-23T18:30:00+00:00,0.3480020815141377,1
site_e726c7cce5,2026-02-23T18:45:00+00:00,0.3641899837181257,1
site_e726c7cce5,2026-02-23T19:00:00+00:00,0.35258115356274233,1
site_e726c7cce5,2026-02-23T19:15:00+00:00,0.38702916659878933,1
site_e726c7cce5,2026-02-23T19:30:00+00:00,0.41203100791987024,1
site_e726c7cce5,2026-02-23T19:45:00+00:00,0.41985700985234975,1
site_e726c7cce5,2026-02-23T20:00:00+00:00,0.4277917130637182,1
site_e726c7cce5,2026-02-23T20:15:00+00:00,0.40417783879070174,1
site_e726c7cce5,2026-02-23T20:30:00+00:00,0.35587632854868384,1
site_e726c7cce5,2026-02-23T20:45:00+00:00,0.3701783536847947,1
site_e726c7cce5,2026-02-23T21:00:00+00:00,0.24916450852038124,1
site_e726c7cce5,2026-02-23T21:15:00+00:00,0.18138891825756948,0
site_e726c7cce5,2026-02-23T21:30:00+00:00,0.26379668008630697,1
site_e726c7cce5,2026-02-23T21:45:00+00:00,0.31802455233747606,1
site_e726c7cce5,2026-02-23T22:00:00+00:00,0.33026731333536913,1
site_e726c7cce5,2026-02-23T22:15:00+00:00,0.36832076586281354,1
site_e726c7cce5,2026-02-23T22:30:00+00:00,0.39692513059238965,1
site_e726c7cce5,2026-02-23T22:45:00+00:00,0.36180435464145283,1
site_e726c7cce5,2026-02-23T23:00:00+00:00,0.40281961244365977,1
site_e726c7cce5,2026-02-23T23:15:00+00:00,0.41031858538405663,1
site_e726c7cce5,2026-02-23T23:30:00+00:00,0.41523975123842244,1
site_e726c7cce5,2026-02-23T23:45:00+00:00,0.38338716111238763,1
site_e726c7cce5,2026-02-24T00:00:00+00:00,0.36273030949040125,1
site_e726c7cce5,2026-02-24T00:15:00+00:00,0.3485358559884526,1
site_e726c7cce5,2026-02-24T00:30:00+00:00,0.39412089934435757,1
site_e726c7cce5,2026-02-24T00:45:00+00:00,0.3055544395094026,1
site_e726c7cce5,2026-02-24T01:00:00+00:00,0.3336393048006631,1
site_e726c7cce5,2026-02-24T01:15:00+00:00,0.2986849552346822,1
site_e726c7cce5,2026-02-24T01:30:00+00:00,0.2418935054288355,1
site_e726c7cce5,2026-02-24T01:45:00+00:00,0.33326679288131383,1
site_e726c7cce5,2026-02-24T02:00:00+00:00,0.2854329020161185,1
site_e726c7cce5,2026-02-24T02:15:00+00:00,0.3413796856011569,1
site_e726c7cce5,2026-02-24T02:30:00+00:00,0.20880135711825706,1
site_e726c7cce5,2026-02-24T02:45:00+00:00,0.20161316843179788,1
site_e726c7cce5,2026-02-24T03:00:00+00:00,0.18308784645890291,0
site_e726c7cce5,2026-02-24T03:15:00+00:00,0.16112000788671882,0
site_e726c7cce5,2026-02-24T03:30:00+00:00,0.16581551605211153,0
site_e726c7cce5,2026-02-24T03:45:00+00:00,0.16257771717288805,0
site_e726c7cce5,2026-02-24T04:00:00+00:00,0.12927651728523953,0
site_e726c7cce5,2026-02-24T04:15:00+00:00,0.1687561418599741,0
site_e726c7cce5,2026-02-24T04:30:00+00:00,0.19307467761083472,0
site_e726c7cce5,2026-02-24T04:45:00+00:00,0.2019507787078189,1
site_e726c7cce5,2026-02-24T05:00:00+00:00,0.17586468225949395,0
site_e726c7cce5,2026-02-24T05:15:00+00:00,0.1580782605414932,0
site_e726c7cce5,2026-02-24T05:30:00+00:00,0.16598432654845224,0
site_e726c7cce5,2026-02-24T05:45:00+00:00,0.17501606022510008,0
site_e726c7cce5,2026-02-24T06:00:00+00:00,0.17652769401125296,0
site_e726c7cce5,2026-02-24T06:15:00+00:00,0.20740455496622012,1
site_e726c7cce5,2026-02-24T06:30:00+00:00,0.2005544460349839,1
site_e726c7cce5,2026-02-24T06:45:00+00:00,0.25170025963347326,1
site_e726c7cce5,2026-02-24T07:00:00+00:00,0.22829839544315395,1
site_e726c7cce5,2026-02-24T07:15:00+00:00,0.291711905105407,1
site_e726c7cce5,2026-02-24T07:30:00+00:00,0.30884637341665055,1
site_e726c7cce5,2026-02-24T07:45:00+00:00,0.23805184631628784,1
site_e726c7cce5,2026-02-24T08:00:00+00:00,0.210716661286363,1
site_e726c7cce5,2026-02-24T08:15:00+00:00,0.21033158378219574,1
site_e726c7cce5,2026-02-24T08:30:00+00:00,0.18996400601601407,0
site_e726c7cce5,2026-02-24T08:45:00+00:00,0.3684446828423506,1
site_e726c7cce5,2026-02-24T09:00:00+00:00,0.18197177333128864,0
site_e726c7cce5,2026-02-24T09:15:00+00:00,0.20199233527055888,1
site_e726c7cce5,2026-02-24T09:30:00+00:00,0.20798753943277584,1
site_e726c7cce5,2026-02-24T09:45:00+00:00,0.20943266976755318,1
site_e726c7cce5,2026-02-24T10:00:00+00:00,0.2074068119470546,1
site_e726c7cce5,2026-02-24T10:15:00+00:00,0.2308442709725442,1
site_e726c7cce5,2026-02-24T10:30:00+00:00,0.15478560477704134,0
site_e726c7cce5,2026-02-24T10:45:00+00:00,0.1872070456005185,0
site_e726c7cce5,2026-02-24T11:00:00+00:00,0.17803358668220273,0
site_e726c7cce5,2026-02-24T11:15:00+00:00,0.2641566743247776,1
site_e726c7cce5,2026-02-24T11:30:00+00:00,0.2529802041539216,1
site_e726c7cce5,2026-02-24T11:45:00+00:00,0.15439296253760743,0
site_e726c7cce5,2026-02-24T12:00:00+00:00,0.20683577405274475,1
site_e726c7cce5,2026-02-24T12:15:00+00:00,0.21754418776140624,1
site_e726c7cce5,2026-02-24T12:30:00+00:00,0.2618896412654636,1
site_e726c7cce5,2026-02-24T12:45:00+00:00,0.15476103317200962,0
site_e726c7cce5,2026-02-24T13:00:00+00:00,0.16997206232545758,0
site_e726c7cce5,2026-02-24T13:15:00+00:00,0.19767245611933723,0
site_e726c7cce5,2026-02-24T13:30:00+00:00,0.1736788731885549,0
site_e726c7cce5,2026-02-24T13:45:00+00:00,0.20666168270167642,1
site_e726c7cce5,2026-02-24T14:00:00+00:00,0.1722605068170202,0
site_e726c7cce5,2026-02-24T14:15:00+00:00,0.2389392476358549,1
site_e726c7cce5,2026-02-24T14:30:00+00:00,0.19493904884303545,0
site_e726c7cce5,2026-02-24T14:45:00+00:00,0.2507214692897568,1
site_e726c7cce5,2026-02-24T15:00:00+00:00,0.21024603923350563,1
site_e726c7cce5,2026-02-24T15:15:00+00:00,0.24617493188257622,1
site_e726c7cce5,2026-02-24T15:30:00+00:00,0.23735037583155952,1
site_e726c7cce5,2026-02-24T15:45:00+00:00,0.28539632630384276,1
site_e726c7cce5,2026-02-24T16:00:00+00:00,0.26564858577613215,1
site_e726c7cce5,2026-02-24T16:15:00+00:00,0.30321026168507603,1
site_e726c7cce5,2026-02-24T16:30:00+00:00,0.31865300149404513,1
site_e726c7cce5,2026-02-24T16:45:00+00:00,0.32808659467115026,1
site_e726c7cce5,2026-02-24T17:00:00+00:00,0.34789530101974514,1
site_e726c7cce5,2026-02-24T17:15:00+00:00,0.3090807186081407,1
site_e726c7cce5,2026-02-24T17:30:00+00:00,0.2805061250878396,1
site_e726c7cce5,2026-02-24T17:45:00+00:00,0.3150065258404228,1
site_e726c7cce5,2026-02-24T18:00:00+00:00,0.29687734942953303,1
site_e726c7cce5,2026-02-24T18:15:00+00:00,0.29354905994462127,1
site_e726c7cce5,2026-02-24T18:30:00+00:00,0.3356607753538782,1
site_e726c7cce5,2026-02-24T18:45:00+00:00,0.2930112637812936,1
site_e726c7cce5,2026-02-24T19:00:00+00:00,0.30368774461096487,1
site_e726c7cce5,2026-02-24T19:15:00+00:00,0.2995170245878908,1
site_e726c7cce5,2026-02-24T19:30:00+00:00,0.26555326196635676,1
site_e726c7cce5,2026-02-24T19:45:00+00:00,0.23275427848604535,1
site_e726c7cce5,2026-02-24T20:00:00+00:00,0.16372870875270065,0
site_e726c7cce5,2026-02-24T20:15:00+00:00,0.15255828027453253,0
site_e726c7cce5,2026-02-24T20:30:00+00:00,0.18184468595035527,0
site_e726c7cce5,2026-02-24T20:45:00+00:00,0.22764434328016464,1
site_e726c7cce5,2026-02-24T21:00:00+00:00,0.2796743850914835,1
site_e726c7cce5,2026-02-24T21:15:00+00:00,0.34517034263799123,1
site_e726c7cce5,2026-02-24T21:30:00+00:00,0.40240232777627416,1
site_e726c7cce5,2026-02-24T21:45:00+00:00,0.2534345925976176,1
site_e726c7cce5,2026-02-24T22:00:00+00:00,0.3736221435178025,1
site_e726c7cce5,2026-02-24T22:15:00+00:00,0.42923500342054244,1
site_e726c7cce5,2026-02-24T22:30:00+00:00,0.3316528713718885,1
site_e726c7cce5,2026-02-24T22:45:00+00:00,0.2820896344325706,1
site_e726c7cce5,2026-02-24T23:00:00+00:00,0.31292957051073195,1
site_e726c7cce5,2026-02-24T23:15:00+00:00,0.22264157687577513,1
site_e726c7cce5,2026-02-24T23:30:00+00:00,0.23662161916636174,1
site_e726c7cce5,2026-02-24T23:45:00+00:00,0.17615900670578644,0
site_e726c7cce5,2026-02-25T00:00:00+00:00,0.24070550650166414,1
site_e726c7cce5,2026-02-25T00:15:00+00:00,0.17148915030380904,0
site_e726c7cce5,2026-02-25T00:30:00+00:00,0.10453537751287996,0
site_e726c7cce5,2026-02-25T00:45:00+00:00,0.23047925403512054,1
site_e726c7cce5,2026-02-25T01:00:00+00:00,0.14953875167354683,0
site_e726c7cce5,2026-02-25T01:15:00+00:00,0.17108600675905053,0
site_e726c7cce5,2026-02-25T01:30:00+00:00,0.1374542634156592,0
site_e726c7cce5,2026-02-25T01:45:00+00:00,0.16600319753484405,0
site_e726c7cce5,2026-02-25T02:00:00+00:00,0.13760171373568184,0
site_e726c7cce5,2026-02-25T02:15:00+00:00,0.13678776721836036,0
site_e726c7cce5,2026-02-25T02:30:00+00:00,0.15865277270154687,0
site_e726c7cce5,2026-02-25T02:45:00+00:00,0.12672874464650022,0
site_e726c7cce5,2026-02-25T03:00:00+00:00,0.1317738479762165,0
site_e726c7cce5,2026-02-25T03:15:00+00:00,0.1961798101286471,0
site_e726c7cce5,2026-02-25T03:30:00+00:00,0.15446965942948995,0
site_e726c7cce5,2026-02-25T03:45:00+00:00,0.15398396696059102,0
site_e726c7cce5,2026-02-25T04:00:00+00:00,0.15749932257144134,0
site_e726c7cce5,2026-02-25T04:15:00+00:00,0.1700328180108891,0
site_e726c7cce5,2026-02-25T04:30:00+00:00,0.1878657422614942,0
site_e726c7cce5,2026-02-25T04:45:00+00:00,0.17790070846277492,0
site_e726c7cce5,2026-02-25T05:00:00+00:00,0.1607111241374387,0
site_e726c7cce5,2026-02-25T05:15:00+00:00,0.19306980666586948,0
site_e726c7cce5,2026-02-25T05:30:00+00:00,0.19963924188712465,0
site_e726c7cce5,2026-02-25T05:45:00+00:00,0.21151543108841067,1
site_e726c7cce5,2026-02-25T06:00:00+00:00,0.211309618179303,1
site_e726c7cce5,2026-02-25T06:15:00+00:00,0.2291967921436887,1
site_e726c7cce5,2026-02-25T06:30:00+00:00,0.27780409368138564,1
site_e726c7cce5,2026-02-25T06:45:00+00:00,0.2500789486397244,1
site_e726c7cce5,2026-02-25T07:00:00+00:00,0.21206323527600487,1
site_e726c7cce5,2026-02-25T07:15:00+00:00,0.2869804067173454,1
site_e726c7cce5,2026-02-25T07:30:00+00:00,0.22491138883697337,1
site_e726c7cce5,2026-02-25T07:45:00+00:00,0.24871638551104752,1
site_e726c7cce5,2026-02-25T08:00:00+00:00,0.22837159275390312,1
site_e726c7cce5,2026-02-25T08:15:00+00:00,0.24520243276280046,1
site_e726c7cce5,2026-02-25T08:30:00+00:00,0.21056340245946328,1
site_e726c7cce5,2026-02-25T08:45:00+00:00,0.19153148157026753,0
site_e726c7cce5,2026-02-25T09:00:00+00:00,0.20966400642925104,1
site_e726c7cce5,2026-02-25T09:15:00+00:00,0.2075530881465523,1
site_e726c7cce5,2026-02-25T09:30:00+00:00,0.1985814896768952,0
site_e726c7cce5,2026-02-25T09:45:00+00:00,0.23466766767620345,1
site_e726c7cce5,2026-02-25T10:00:00+00:00,0.22078525440968183,1
site_e726c7cce5,2026-02-25T10:15:00+00:00,0.22003642092109413,1
site_e726c7cce5,2026-02-25T10:30:00+00:00,0.23453530103319345,1
site_e726c7cce5,2026-02-25T10:45:00+00:00,0.18813911900179286,0
site_e726c7cce5,2026-02-25T11:00:00+00:00,0.23077669918752067,1
site_e726c7cce5,2026-02-25T11:15:00+00:00,0.2006270941327159,1
site_e726c7cce5,2026-02-25T11:30:00+00:00,0.21207592043154092,1
site_e726c7cce5,2026-02-25T11:45:00+00:00,0.23389863249641152,1
site_e726c7cce5,2026-02-25T12:00:00+00:00,0.24794816248455795,1
site_e726c7cce5,2026-02-25T12:15:00+00:00,0.2705346807008781,1
site_e726c7cce5,2026-02-25T12:30:00+00:00,0.22591883797793055,1
site_e726c7cce5,2026-02-25T12:45:00+00:00,0.25513805223748015,1
site_e726c7cce5,2026-02-25T13:00:00+00:00,0.22939897365861955,1
site_e726c7cce5,2026-02-25T13:15:00+00:00,0.20740293572536742,1
site_e726c7cce5,2026-02-25T13:30:00+00:00,0.24291738357724074,1
site_e726c7cce5,2026-02-25T13:45:00+00:00,0.23401483422099753,1
site_e726c7cce5,2026-02-25T14:00:00+00:00,0.24258949807447192,1
site_e726c7cce5,2026-02-25T14:15:00+00:00,0.3120780330017689,1
site_e726c7cce5,2026-02-25T14:30:00+00:00,0.2262708057710694,1
site_e726c7cce5,2026-02-25T14:45:00+00:00,0.19952614585089437,0
site_e726c7cce5,2026-02-25T15:00:00+00:00,0.19640089637812858,0
site_e726c7cce5,2026-02-25T15:15:00+00:00,0.21760053232658647,1
site_e726c7cce5,2026-02-25T15:30:00+00:00,0.21628295727221963,1
site_e726c7cce5,2026-02-25T15:45:00+00:00,0.158538342671023,0
site_e726c7cce5,2026-02-25T16:00:00+00:00,0.2222089312684898,1
site_e726c7cce5,2026-02-25T16:15:00+00:00,0.277700220664643,1
site_e726c7cce5,2026-02-25T16:30:00+00:00,0.2652438370308221,1
site_e726c7cce5,2026-02-25T16:45:00+00:00,0.20681450026110826,1
site_e726c7cce5,2026-02-25T17:00:00+00:00,0.23614054094522136,1
site_e726c7cce5,2026-02-25T17:15:00+00:00,0.21479321876326693,1
site_e726c7cce5,2026-02-25T17:30:00+00:00,0.17941202911219656,0
site_e726c7cce5,2026-02-25T17:45:00+00:00,0.17768809174272512,0
site_e726c7cce5,2026-02-25T18:00:00+00:00,0.23168250962301062,1
site_e726c7cce5,2026-02-25T18:15:00+00:00,0.2077847330529487,1
site_e726c7cce5,2026-02-25T18:30:00+00:00,0.2031085830142973,1
site_e726c7cce5,2026-02-25T18:45:00+00:00,0.15936965518620452,0
site_e726c7cce5,2026-02-25T19:00:00+00:00,0.15677860215492329,0
site_e726c7cce5,2026-02-25T19:15:00+00:00,0.1621739376166161,0
site_e726c7cce5,2026-02-25T19:30:00+00:00,0.13032533442300911,0
site_e726c7cce5,2026-02-25T19:45:00+00:00,0.20411068022654508,1
site_e726c7cce5,2026-02-25T20:00:00+00:00,0.2140149149604105,1
site_e726c7cce5,2026-02-25T20:15:00+00:00,0.23584250525337905,1
site_e726c7cce5,2026-02-25T20:30:00+00:00,0.19850192423137358,0
site_e726c7cce5,2026-02-25T20:45:00+00:00,0.17335770756642943,0
site_e726c7cce5,2026-02-25T21:00:00+00:00,0.14107227939321862,0
site_e726c7cce5,2026-02-25T21:15:00+00:00,0.16006561499277092,0
site_e726c7cce5,2026-02-25T21:30:00+00:00,0.19355789028394554,0
site_e726c7cce5,2026-02-25T21:45:00+00:00,0.13861566195882655,0
site_e726c7cce5,2026-02-25T22:00:00+00:00,0.12920349095460815,0
site_e726c7cce5,2026-02-25T22:15:00+00:00,0.17295873648287563,0
site_e726c7cce5,2026-02-25T22:30:00+00:00,0.13964322345432617,0
site_e726c7cce5,2026-02-25T22:45:00+00:00,0.08909692961484722,0
site_e726c7cce5,2026-02-25T23:00:00+00:00,0.10216945025100373,0
site_e726c7cce5,2026-02-25T23:15:00+00:00,0.08536399617007658,0
site_e726c7cce5,2026-02-25T23:30:00+00:00,0.09455966231946032,0
site_e726c7cce5,2026-02-25T23:45:00+00:00,0.11427874824675298,0
site_e726c7cce5,2026-02-26T00:00:00+00:00,0.11319576077976821,0
site_e726c7cce5,2026-02-26T00:15:00+00:00,0.10693027140009359,0
site_e726c7cce5,2026-02-26T00:30:00+00:00,0.1830223034009644,0
site_e726c7cce5,2026-02-26T00:45:00+00:00,0.20092341937493285,1
site_e726c7cce5,2026-02-26T01:00:00+00:00,0.1460603340688357,0
site_e726c7cce5,2026-02-26T01:15:00+00:00,0.15224321402650046,0
site_e726c7cce5,2026-02-26T01:30:00+00:00,0.1513535771443623,0
site_e726c7cce5,2026-02-26T01:45:00+00:00,0.10935460745523545,0
site_e726c7cce5,2026-02-26T02:00:00+00:00,0.1181482810259594,0
site_e726c7cce5,2026-02-26T02:15:00+00:00,0.14486387423288713,0
site_e726c7cce5,2026-02-26T02:30:00+00:00,0.08756420009603044,0
site_e726c7cce5,2026-02-26T02:45:00+00:00,0.06952480575679915,0
site_e726c7cce5,2026-02-26T03:00:00+00:00,0.08777080455703196,0
site_e726c7cce5,2026-02-26T03:15:00+00:00,0.17498638500419283,0
site_e726c7cce5,2026-02-26T03:30:00+00:00,0.1404647039462885,0
site_e726c7cce5,2026-02-26T03:45:00+00:00,0.1353049167280096,0
site_e726c7cce5,2026-02-26T04:00:00+00:00,0.11301061218516688,0
site_e726c7cce5,2026-02-26T04:15:00+00:00,0.13552918603197592,0
site_e726c7cce5,2026-02-26T04:30:00+00:00,0.13004996624863677,0
site_e726c7cce5,2026-02-26T04:45:00+00:00,0.22852721168217033,1
site_e726c7cce5,2026-02-26T05:00:00+00:00,0.1848137098344767,0
site_e726c7cce5,2026-02-26T05:15:00+00:00,0.15592779223752948,0
site_e726c7cce5,2026-02-26T05:30:00+00:00,0.2330960432590824,1
site_e726c7cce5,2026-02-26T05:45:00+00:00,0.19073188213040354,0
site_e726c7cce5,2026-02-26T06:00:00+00:00,0.1417325418256703,0
site_e726c7cce5,2026-02-26T06:15:00+00:00,0.19145731838610244,0
site_e726c7cce5,2026-02-26T06:30:00+00:00,0.22788610998461867,1
site_e726c7cce5,2026-02-26T06:45:00+00:00,0.2701517656217414,1
site_e726c7cce5,2026-02-26T07:00:00+00:00,0.17999125972582108,0
site_e726c7cce5,2026-02-26T07:15:00+00:00,0.22489106016289478,1
site_e726c7cce5,2026-02-26T07:30:00+00:00,0.14524200340047452,0
site_e726c7cce5,2026-02-26T07:45:00+00:00,0.13643859762029203,0
site_e726c7cce5,2026-02-26T08:00:00+00:00,0.12814040637497207,0
site_e726c7cce5,2026-02-26T08:15:00+00:00,0.13506904902127406,0
site_e726c7cce5,2026-02-26T08:30:00+00:00,0.23370045913412885,1
site_e726c7cce5,2026-02-26T08:45:00+00:00,0.1841258676405518,0
site_e726c7cce5,2026-02-26T09:00:00+00:00,0.20612240550370092,1
site_e726c7cce5,2026-02-26T09:15:00+00:00,0.18730207076260424,0
site_e726c7cce5,2026-02-26T09:30:00+00:00,0.17074802461555144,0
site_e726c7cce5,2026-02-26T09:45:00+00:00,0.14651496346989548,0
site_e726c7cce5,2026-02-26T10:00:00+00:00,0.15075170024587753,0
site_e726c7cce5,2026-02-26T10:15:00+00:00,0.15473879621414605,0
site_e726c7cce5,2026-02-26T10:30:00+00:00,0.267094861180041,1
site_e726c7cce5,2026-02-26T10:45:00+00:00,0.32663534200665306,1
site_e726c7cce5,2026-02-26T11:00:00+00:00,0.20451291497144444,1
site_e726c7cce5,2026-02-26T11:15:00+00:00,0.18012632188495378,0
site_e726c7cce5,2026-02-26T11:30:00+00:00,0.15850829077265535,0
site_e726c7cce5,2026-02-26T11:45:00+00:00,0.2057558210539123,1
site_e726c7cce5,2026-02-26T12:00:00+00:00,0.1954567294589333,0
site_e726c7cce5,2026-02-26T12:15:00+00:00,0.17377450107584522,0
site_e726c7cce5,2026-02-26T12:30:00+00:00,0.19750481325058442,0
site_e726c7cce5,2026-02-26T12:45:00+00:00,0.19009993957590735,0
site_e726c7cce5,2026-02-26T13:00:00+00:00,0.16577587168091806,0
site_e726c7cce5,2026-02-26T13:15:00+00:00,0.2708299200021669,1
site_e726c7cce5,2026-02-26T13:30:00+00:00,0.14871705127555673,0
site_e726c7cce5,2026-02-26T13:45:00+00:00,0.12487781951251395,0
site_e726c7cce5,2026-02-26T14:00:00+00:00,0.13144526217352273,0
site_e726c7cce5,2026-02-26T14:15:00+00:00,0.12311586198727811,0
site_e726c7cce5,2026-02-26T14:30:00+00:00,0.08848035433945688,0
site_e726c7cce5,2026-02-26T14:45:00+00:00,0.0893618420490975,0
site_e726c7cce5,2026-02-26T15:00:00+00:00,0.13157648439003486,0
site_e726c7cce5,2026-02-26T15:15:00+00:00,0.13037439555870867,0
site_e726c7cce5,2026-02-26T15:30:00+00:00,0.13445587412378063,0
site_e726c7cce5,2026-02-26T15:45:00+00:00,0.1116668313474332,0
site_e726c7cce5,2026-02-26T16:00:00+00:00,0.136187211735568,0
site_e726c7cce5,2026-02-26T16:15:00+00:00,0.1184321457399459,0
site_e726c7cce5,2026-02-26T16:30:00+00:00,0.15345048865810934,0
site_e726c7cce5,2026-02-26T16:45:00+00:00,0.2163068539761891,1
site_e726c7cce5,2026-02-26T17:00:00+00:00,0.16603118255184923,0
site_e726c7cce5,2026-02-26T17:15:00+00:00,0.15645304072319172,0
site_e726c7cce5,2026-02-26T17:30:00+00:00,0.13623654414956837,0
site_e726c7cce5,2026-02-26T17:45:00+00:00,0.1328045071714905,0
site_e726c7cce5,2026-02-26T18:00:00+00:00,0.14319606598242743,0
site_e726c7cce5,2026-02-26T18:15:00+00:00,0.14603911425584512,0
site_e726c7cce5,2026-02-26T18:30:00+00:00,0.16154837135832065,0
site_e726c7cce5,2026-02-26T18:45:00+00:00,0.17024639214598863,0
site_e726c7cce5,2026-02-26T19:00:00+00:00,0.18819623382219136,0
site_e726c7cce5,2026-02-26T19:15:00+00:00,0.21450924207753927,1
site_e726c7cce5,2026-02-26T19:30:00+00:00,0.19183294394551176,0
site_e726c7cce5,2026-02-26T19:45:00+00:00,0.15685393229220554,0
site_e726c7cce5,2026-02-26T20:00:00+00:00,0.13883292996550298,0
site_e726c7cce5,2026-02-26T20:15:00+00:00,0.10878073451646213,0
site_e726c7cce5,2026-02-26T20:30:00+00:00,0.11337905079713732,0
site_e726c7cce5,2026-02-26T20:45:00+00:00,0.1082156284645989,0
site_e726c7cce5,2026-02-26T21:00:00+00:00,0.11797964482848411,0
site_e726c7cce5,2026-02-26T21:15:00+00:00,0.17686046413846845,0
site_e726c7cce5,2026-02-26T21:30:00+00:00,0.13111010449923322,0
site_e726c7cce5,2026-02-26T21:45:00+00:00,0.09052542985989456,0
site_e726c7cce5,2026-02-26T22:00:00+00:00,0.09783054171035764,0
site_e726c7cce5,2026-02-26T22:15:00+00:00,0.07108456816013307,0
site_e726c7cce5,2026-02-26T22:30:00+00:00,0.08551453286854564,0
site_e726c7cce5,2026-02-26T22:45:00+00:00,0.1067249963999862,0
site_e726c7cce5,2026-02-26T23:00:00+00:00,0.0902917007794814,0
site_e726c7cce5,2026-02-26T23:15:00+00:00,0.08289061730090258,0
site_e726c7cce5,2026-02-26T23:30:00+00:00,0.11090898274572103,0
site_e726c7cce5,2026-02-26T23:45:00+00:00,0.06332842475874643,0
site_e726c7cce5,2026-02-27T00:00:00+00:00,0.050098990112948494,0
site_e726c7cce5,2026-02-27T00:15:00+00:00,0.08551518740732142,0
site_e726c7cce5,2026-02-27T00:30:00+00:00,0.061804171033723286,0
site_e726c7cce5,2026-02-27T00:45:00+00:00,0.06145267024248081,0
site_e726c7cce5,2026-02-27T01:00:00+00:00,0.05971686164685159,0
site_e726c7cce5,2026-02-27T01:15:00+00:00,0.08932546258556374,0
site_e726c7cce5,2026-02-27T01:30:00+00:00,0.07266395402569249,0
site_e726c7cce5,2026-02-27T01:45:00+00:00,0.06994235423032959,0
site_e726c7cce5,2026-02-27T02:00:00+00:00,0.06898648925161348,0
site_e726c7cce5,2026-02-27T02:15:00+00:00,0.13235355097890467,0
site_e726c7cce5,2026-02-27T02:30:00+00:00,0.08483769645725085,0
site_e726c7cce5,2026-02-27T02:45:00+00:00,0.07609970695553879,0
site_e726c7cce5,2026-02-27T03:00:00+00:00,0.0940122282261613,0
site_e726c7cce5,2026-02-27T03:15:00+00:00,0.07539076521176592,0
site_e726c7cce5,2026-02-27T03:30:00+00:00,0.07527056010943792,0
site_e726c7cce5,2026-02-27T03:45:00+00:00,0.07142833867175168,0
site_e726c7cce5,2026-02-27T04:00:00+00:00,0.13091358210814208,0
site_e726c7cce5,2026-02-27T04:15:00+00:00,0.1036145794200957,0
site_e726c7cce5,2026-02-27T04:30:00+00:00,0.1184787190272722,0
site_e726c7cce5,2026-02-27T04:45:00+00:00,0.10252356961239507,0
site_e726c7cce5,2026-02-27T05:00:00+00:00,0.12286252554535898,0
site_e726c7cce5,2026-02-27T05:15:00+00:00,0.16012127921616814,0
site_e726c7cce5,2026-02-27T05:30:00+00:00,0.16942794009742157,0
site_e726c7cce5,2026-02-27T05:45:00+00:00,0.17383020816484818,0
site_e726c7cce5,2026-02-27T06:00:00+00:00,0.166970713330969,0
site_e726c7cce5,2026-02-27T06:15:00+00:00,0.1656417004626742,0
site_e726c7cce5,2026-02-27T06:30:00+00:00,0.15806054465148114,0
site_e726c7cce5,2026-02-27T06:45:00+00:00,0.1327302997676776,0
site_e726c7cce5,2026-02-27T07:00:00+00:00,0.1190428623195924,0
site_e726c7cce5,2026-02-27T07:15:00+00:00,0.1434126764873386,0
site_e726c7cce5,2026-02-27T07:30:00+00:00,0.13545452555005627,0
site_e726c7cce5,2026-02-27T07:45:00+00:00,0.18139717421815116,0
site_e726c7cce5,2026-02-27T08:00:00+00:00,0.18432164769426526,0
site_e726c7cce5,2026-02-27T08:15:00+00:00,0.18333718540647428,0
site_e726c7cce5,2026-02-27T08:30:00+00:00,0.1732734303873687,0
site_e726c7cce5,2026-02-27T08:45:00+00:00,0.1529559760317725,0
site_e726c7cce5,2026-02-27T09:00:00+00:00,0.14552724298905462,0
site_e726c7cce5,2026-02-27T09:15:00+00:00,0.1090180404733277,0
site_e726c7cce5,2026-02-27T09:30:00+00:00,0.10832568572357529,0
site_e726c7cce5,2026-02-27T09:45:00+00:00,0.11575406113611367,0
site_e726c7cce5,2026-02-27T10:00:00+00:00,0.10660533720763829,0
site_e726c7cce5,2026-02-27T10:15:00+00:00,0.14426752489764688,0
site_e726c7cce5,2026-02-27T10:30:00+00:00,0.13999446377694444,0
site_e726c7cce5,2026-02-27T10:45:00+00:00,0.0999919934782056,0
site_e726c7cce5,2026-02-27T11:00:00+00:00,0.11205142692340805,0
site_e726c7cce5,2026-02-27T11:15:00+00:00,0.10648075875625922,0
site_e726c7cce5,2026-02-27T11:30:00+00:00,0.09116000255821717,0
site_e726c7cce5,2026-02-27T11:45:00+00:00,0.11419202425950746,0
site_e726c7cce5,2026-02-27T12:00:00+00:00,0.10353107554327552,0
site_e726c7cce5,2026-02-27T12:15:00+00:00,0.13187453988032916,0
site_e726c7cce5,2026-02-27T12:30:00+00:00,0.167404299014106,0
site_e726c7cce5,2026-02-27T12:45:00+00:00,0.14361853283154546,0
site_e726c7cce5,2026-02-27T13:00:00+00:00,0.13548602235770116,0
site_e726c7cce5,2026-02-27T13:15:00+00:00,0.15772152370927564,0
site_e726c7cce5,2026-02-27T13:30:00+00:00,0.13539295793968956,0
site_e726c7cce5,2026-02-27T13:45:00+00:00,0.13292710370723343,0
site_e726c7cce5,2026-02-27T14:00:00+00:00,0.14440028231182633,0
site_e726c7cce5,2026-02-27T14:15:00+00:00,0.15415846009272946,0
site_e726c7cce5,2026-02-27T14:30:00+00:00,0.15239197267289048,0
site_e726c7cce5,2026-02-27T14:45:00+00:00,0.13771866185644074,0
site_e726c7cce5,2026-02-27T15:00:00+00:00,0.18871629672023243,0
site_e726c7cce5,2026-02-27T15:15:00+00:00,0.1424625737810944,0
site_e726c7cce5,2026-02-27T15:30:00+00:00,0.17455506565017448,0
site_e726c7cce5,2026-02-27T15:45:00+00:00,0.18164375340878133,0
site_e726c7cce5,2026-02-27T16:00:00+00:00,0.21154985052762484,1
site_e726c7cce5,2026-02-27T16:15:00+00:00,0.1501369235420697,0
site_e726c7cce5,2026-02-27T16:30:00+00:00,0.1736492222542755,0
site_e726c7cce5,2026-02-27T16:45:00+00:00,0.15564293225939718,0
site_e726c7cce5,2026-02-27T17:00:00+00:00,0.16153609146972414,0
site_e726c7cce5,2026-02-27T17:15:00+00:00,0.17994420889819487,0
site_e726c7cce5,2026-02-27T17:30:00+00:00,0.22783317207095935,1
site_e726c7cce5,2026-02-27T17:45:00+00:00,0.2026439435765791,1
site_e726c7cce5,2026-02-27T18:00:00+00:00,0.1648176602001408,0
site_e726c7cce5,2026-02-27T18:15:00+00:00,0.2236404678948082,1
site_e726c7cce5,2026-02-27T18:30:00+00:00,0.1439127564389953,0
site_e726c7cce5,2026-02-27T18:45:00+00:00,0.15032424653247436,0
site_e726c7cce5,2026-02-27T19:00:00+00:00,0.1336612800985639,0
site_e726c7cce5,2026-02-27T19:15:00+00:00,0.13292634732187256,0
site_e726c7cce5,2026-02-27T19:30:00+00:00,0.14045208449941401,0
site_e726c7cce5,2026-02-27T19:45:00+00:00,0.15254808043492907,0
site_e726c7cce5,2026-02-27T20:00:00+00:00,0.13751198676398438,0
site_e726c7cce5,2026-02-27T20:15:00+00:00,0.12510774033219235,0
site_e726c7cce5,2026-02-27T20:30:00+00:00,0.09229811483710597,0
site_e726c7cce5,2026-02-27T20:45:00+00:00,0.11621962491445838,0
site_e726c7cce5,2026-02-27T21:00:00+00:00,0.09512503779727095,0
site_e726c7cce5,2026-02-27T21:15:00+00:00,0.09592399709534817,0
site_e726c7cce5,2026-02-27T21:30:00+00:00,0.08078993462604168,0
site_e726c7cce5,2026-02-27T21:45:00+00:00,0.07300071773600049,0
site_e726c7cce5,2026-02-27T22:00:00+00:00,0.07396783486466953,0
site_e726c7cce5,2026-02-27T22:15:00+00:00,0.10257694642856079,0
site_e726c7cce5,2026-02-27T22:30:00+00:00,0.05983807588280392,0
site_e726c7cce5,2026-02-27T22:45:00+00:00,0.055185867460186645,0
site_e726c7cce5,2026-02-27T23:00:00+00:00,0.057105173292432615,0
site_e726c7cce5,2026-02-27T23:15:00+00:00,0.06521067477376047,0
site_e726c7cce5,2026-02-27T23:30:00+00:00,0.049448916416341714,0
site_e726c7cce5,2026-02-27T23:45:00+00:00,0.0505908524040786,0
site_e726c7cce5,2026-02-28T00:00:00+00:00,0.07562042451774045,0
site_e726c7cce5,2026-02-28T00:30:00+00:00,0.10933718047300349,0
site_e726c7cce5,2026-02-28T00:45:00+00:00,0.058082642490774154,0
site_e726c7cce5,2026-02-28T01:00:00+00:00,0.06563480723845729,0
site_e726c7cce5,2026-02-28T01:15:00+00:00,0.09232397809254707,0
site_e726c7cce5,2026-02-28T01:30:00+00:00,0.08765060493556633,0
site_e726c7cce5,2026-02-28T01:45:00+00:00,0.08720007228567929,0
site_e726c7cce5,2026-02-28T02:00:00+00:00,0.08313782234145063,0
site_e726c7cce5,2026-02-28T02:15:00+00:00,0.07933652287900203,0
site_e726c7cce5,2026-02-28T02:30:00+00:00,0.08860392432692975,0
site_e726c7cce5,2026-02-28T02:45:00+00:00,0.08199554055533485,0
site_e726c7cce5,2026-02-28T03:00:00+00:00,0.08363456416758205,0
site_e726c7cce5,2026-02-28T03:15:00+00:00,0.0913929966349738,0
site_e726c7cce5,2026-02-28T03:30:00+00:00,0.13560239296679658,0
site_e726c7cce5,2026-02-28T03:45:00+00:00,0.09740065748715304,0
site_e726c7cce5,2026-02-28T04:00:00+00:00,0.1002909942777668,0
site_e726c7cce5,2026-02-28T04:15:00+00:00,0.2116981199520565,1
site_e726c7cce5,2026-02-28T04:30:00+00:00,0.1976235648227827,0
site_e726c7cce5,2026-02-28T04:45:00+00:00,0.19480434308725347,0
site_e726c7cce5,2026-02-28T05:00:00+00:00,0.1376639265787389,0
site_e726c7cce5,2026-02-28T05:15:00+00:00,0.12253151146914121,0
site_e726c7cce5,2026-02-28T05:30:00+00:00,0.10665684464708758,0
site_e726c7cce5,2026-02-28T05:45:00+00:00,0.08914528437115182,0
site_e726c7cce5,2026-02-28T06:00:00+00:00,0.08007689594562038,0
site_e726c7cce5,2026-02-28T06:15:00+00:00,0.08889208343473988,0
site_e726c7cce5,2026-02-28T06:30:00+00:00,0.09981565416938391,0
site_e726c7cce5,2026-02-28T06:45:00+00:00,0.14984499482961777,0
site_e726c7cce5,2026-02-28T07:00:00+00:00,0.13289128785380858,0
site_e726c7cce5,2026-02-28T07:15:00+00:00,0.13487935439178322,0
site_e726c7cce5,2026-02-28T07:30:00+00:00,0.12193821747219943,0
site_e726c7cce5,2026-02-28T07:45:00+00:00,0.12535673541062256,0
site_e726c7cce5,2026-02-28T08:00:00+00:00,0.08940741110339771,0
site_e726c7cce5,2026-02-28T08:15:00+00:00,0.09192388546374487,0
site_e726c7cce5,2026-02-28T08:30:00+00:00,0.1025936283703621,0
site_e726c7cce5,2026-02-28T08:45:00+00:00,0.08654152649445905,0
site_e726c7cce5,2026-02-28T09:00:00+00:00,0.09293248434096815,0
site_e726c7cce5,2026-02-28T09:15:00+00:00,0.10855945365722926,0
site_e726c7cce5,2026-02-28T09:30:00+00:00,0.11342229943673325,0
site_e726c7cce5,2026-02-28T09:45:00+00:00,0.10486096280940307,0
site_e726c7cce5,2026-02-28T10:00:00+00:00,0.10566805602847745,0
site_e726c7cce5,2026-02-28T10:15:00+00:00,0.10519283341356411,0
site_e726c7cce5,2026-02-28T10:30:00+00:00,0.10888264610926872,0
site_e726c7cce5,2026-02-28T10:45:00+00:00,0.12428256286841008,0
site_e726c7cce5,2026-02-28T11:00:00+00:00,0.11955728656143114,0
site_e726c7cce5,2026-02-28T11:15:00+00:00,0.17812944741674278,0
site_e726c7cce5,2026-02-28T11:30:00+00:00,0.160526784739768,0
site_e726c7cce5,2026-02-28T11:45:00+00:00,0.1331023214639062,0
site_e726c7cce5,2026-02-28T12:00:00+00:00,0.13328448460886502,0
site_e726c7cce5,2026-02-28T12:15:00+00:00,0.19020850447512241,0
site_e726c7cce5,2026-02-28T12:30:00+00:00,0.17351322962673998,0
site_e726c7cce5,2026-02-28T12:45:00+00:00,0.15191253671118496,0
site_e726c7cce5,2026-02-28T13:00:00+00:00,0.1340097522386518,0
site_e726c7cce5,2026-02-28T13:15:00+00:00,0.14196964175183563,0
site_e726c7cce5,2026-02-28T13:30:00+00:00,0.13110176862804354,0
site_e726c7cce5,2026-02-28T13:45:00+00:00,0.11401480807805055,0
site_e726c7cce5,2026-02-28T14:00:00+00:00,0.12200825785821498,0
site_e726c7cce5,2026-02-28T14:15:00+00:00,0.11868092091374019,0
site_e726c7cce5,2026-02-28T14:30:00+00:00,0.15667023521483017,0
site_e726c7cce5,2026-02-28T14:45:00+00:00,0.158079646127926,0
site_e726c7cce5,2026-02-28T15:00:00+00:00,0.1663527090684397,0
site_e726c7cce5,2026-02-28T15:15:00+00:00,0.12700206417031945,0
site_e726c7cce5,2026-02-28T15:30:00+00:00,0.1977478364233072,0
site_e726c7cce5,2026-02-28T15:45:00+00:00,0.10884729208847325,0
site_e726c7cce5,2026-02-28T16:00:00+00:00,0.12391849309498268,0
site_e726c7cce5,2026-02-28T16:15:00+00:00,0.09172898020314185,0
site_e726c7cce5,2026-02-28T16:30:00+00:00,0.10428822265494461,0
site_e726c7cce5,2026-02-28T16:45:00+00:00,0.11464138320416424,0
site_e726c7cce5,2026-02-28T17:00:00+00:00,0.10473595626213324,0
site_e726c7cce5,2026-02-28T17:15:00+00:00,0.1382277784742245,0
site_e726c7cce5,2026-02-28T17:30:00+00:00,0.13329629069355123,0
site_e726c7cce5,2026-02-28T17:45:00+00:00,0.150880701616367,0
site_e726c7cce5,2026-02-28T18:00:00+00:00,0.11541175916784056,0
site_e726c7cce5,2026-02-28T18:15:00+00:00,0.10951792001023002,0
site_e726c7cce5,2026-02-28T18:30:00+00:00,0.12037174561062784,0
site_e726c7cce5,2026-02-28T18:45:00+00:00,0.1353782219456448,0
site_e726c7cce5,2026-02-28T19:00:00+00:00,0.07902267692513253,0
site_e726c7cce5,2026-02-28T19:15:00+00:00,0.08643381033312937,0
site_e726c7cce5,2026-02-28T19:30:00+00:00,0.0812895975556562,0
site_e726c7cce5,2026-02-28T19:45:00+00:00,0.10471982692639788,0
site_e726c7cce5,2026-02-28T20:00:00+00:00,0.11216122809827324,0
site_e726c7cce5,2026-02-28T20:15:00+00:00,0.08145211593387877,0
site_e726c7cce5,2026-02-28T20:30:00+00:00,0.06449253588290951,0
site_e726c7cce5,2026-02-28T20:45:00+00:00,0.05698325001229619,0
site_e726c7cce5,2026-02-28T21:00:00+00:00,0.058683172989130714,0
site_e726c7cce5,2026-02-28T21:15:00+00:00,0.09513394732067006,0
site_e726c7cce5,2026-02-28T21:30:00+00:00,0.04197210336379514,0
site_e726c7cce5,2026-02-28T21:45:00+00:00,0.037928176317853786,0
site_e726c7cce5,2026-02-28T22:00:00+00:00,0.05314309803675814,0
site_e726c7cce5,2026-02-28T22:15:00+00:00,0.05378379427492582,0
site_e726c7cce5,2026-02-28T22:30:00+00:00,0.04473079883225414,0
site_e726c7cce5,2026-02-28T22:45:00+00:00,0.06125083044578461,0
site_e726c7cce5,2026-02-28T23:00:00+00:00,0.058287904726900236,0
site_e726c7cce5,2026-02-28T23:15:00+00:00,0.04425351572146503,0
site_e726c7cce5,2026-02-28T23:30:00+00:00,0.04951130584753948,0
site_e726c7cce5,2026-02-28T23:45:00+00:00,0.04226244229135948,0
site_e726c7cce5,2026-03-01T00:00:00+00:00,0.03863031227472334,0
site_e726c7cce5,2026-03-01T00:30:00+00:00,0.09058760726506702,0
site_e726c7cce5,2026-03-01T00:45:00+00:00,0.09596889717464135,0
site_e726c7cce5,2026-03-01T01:00:00+00:00,0.06007705107977276,0
site_e726c7cce5,2026-03-01T01:15:00+00:00,0.06291089426962372,0
site_e726c7cce5,2026-03-01T01:30:00+00:00,0.16425244130723848,0
site_e726c7cce5,2026-03-01T01:45:00+00:00,0.08337680939358863,0
site_e726c7cce5,2026-03-01T02:00:00+00:00,0.04912635423021817,0
site_e726c7cce5,2026-03-01T02:15:00+00:00,0.05709745137532689,0
site_e726c7cce5,2026-03-01T02:30:00+00:00,0.09026013061143197,0
site_e726c7cce5,2026-03-01T02:45:00+00:00,0.06513014730206046,0
site_e726c7cce5,2026-03-01T03:00:00+00:00,0.07003013874643906,0
site_e726c7cce5,2026-03-01T03:15:00+00:00,0.06684347294583214,0
site_e726c7cce5,2026-03-01T03:30:00+00:00,0.0853392012484502,0
site_e726c7cce5,2026-03-01T03:45:00+00:00,0.09364438329501885,0
site_e726c7cce5,2026-03-01T04:00:00+00:00,0.09436180940321479,0
site_e726c7cce5,2026-03-01T04:15:00+00:00,0.09457817427178203,0
site_e726c7cce5,2026-03-01T04:30:00+00:00,0.08886426212352533,0
site_e726c7cce5,2026-03-01T04:45:00+00:00,0.07805085199386953,0
site_e726c7cce5,2026-03-01T05:00:00+00:00,0.0727822523651597,0
site_e726c7cce5,2026-03-01T05:15:00+00:00,0.08372796099298045,0
site_e726c7cce5,2026-03-01T05:30:00+00:00,0.09541787494796433,0
site_e726c7cce5,2026-03-01T05:45:00+00:00,0.0726442196681522,0
site_e726c7cce5,2026-03-01T06:00:00+00:00,0.07950186634779019,0
site_e726c7cce5,2026-03-01T06:15:00+00:00,0.08629372257764972,0
site_e726c7cce5,2026-03-01T06:30:00+00:00,0.09252950576744337,0
site_e726c7cce5,2026-03-01T06:45:00+00:00,0.07148415273708766,0
site_e726c7cce5,2026-03-01T07:00:00+00:00,0.09866315619201088,0
site_e726c7cce5,2026-03-01T07:15:00+00:00,0.12629954218119857,0
site_e726c7cce5,2026-03-01T07:30:00+00:00,0.14055199415016642,0
site_e726c7cce5,2026-03-01T07:45:00+00:00,0.12527490150490567,0
site_e726c7cce5,2026-03-01T08:00:00+00:00,0.1376506983102586,0
site_e726c7cce5,2026-03-01T08:15:00+00:00,0.13944806278887736,0
site_e726c7cce5,2026-03-01T08:30:00+00:00,0.15333081343076194,0
site_e726c7cce5,2026-03-01T08:45:00+00:00,0.13772307462701008,0
site_e726c7cce5,2026-03-01T09:00:00+00:00,0.12487066263362936,0
site_e726c7cce5,2026-03-01T09:15:00+00:00,0.16406631308575528,0
site_e726c7cce5,2026-03-01T09:30:00+00:00,0.15196052349845154,0
site_e726c7cce5,2026-03-01T09:45:00+00:00,0.14361634437556733,0
site_e726c7cce5,2026-03-01T10:00:00+00:00,0.16708774460949258,0
site_e726c7cce5,2026-03-01T10:15:00+00:00,0.14035620660323042,0
site_e726c7cce5,2026-03-01T10:30:00+00:00,0.12825745610694186,0
site_e726c7cce5,2026-03-01T10:45:00+00:00,0.12801166015727983,0
site_e726c7cce5,2026-03-01T11:00:00+00:00,0.14203505458764654,0
site_e726c7cce5,2026-03-01T11:15:00+00:00,0.1595757251144067,0
site_e726c7cce5,2026-03-01T11:30:00+00:00,0.17677183926992338,0
site_e726c7cce5,2026-03-01T11:45:00+00:00,0.20504059862348767,1
site_e726c7cce5,2026-03-01T12:00:00+00:00,0.21361412299411986,1
site_e726c7cce5,2026-03-01T12:15:00+00:00,0.21029642387392908,1
site_e726c7cce5,2026-03-01T12:30:00+00:00,0.2020224862892853,1
site_e726c7cce5,2026-03-01T12:45:00+00:00,0.1967323717583118,0
site_e726c7cce5,2026-03-01T13:00:00+00:00,0.13850655980912094,0
site_e726c7cce5,2026-03-01T13:15:00+00:00,0.15345416640317436,0
site_e726c7cce5,2026-03-01T13:30:00+00:00,0.17350477636171777,0
site_e726c7cce5,2026-03-01T13:45:00+00:00,0.23247562024083457,1
site_e726c7cce5,2026-03-01T14:00:00+00:00,0.2372341649521765,1
site_e726c7cce5,2026-03-01T14:15:00+00:00,0.23814521462311125,1
site_e726c7cce5,2026-03-01T14:30:00+00:00,0.21568657366660363,1
site_e726c7cce5,2026-03-01T14:45:00+00:00,0.1967144778416326,0
site_e726c7cce5,2026-03-01T15:00:00+00:00,0.2023287618787967,1
site_e726c7cce5,2026-03-01T15:15:00+00:00,0.22367345142594447,1
site_e726c7cce5,2026-03-01T15:30:00+00:00,0.25454792451986846,1
site_e726c7cce5,2026-03-01T15:45:00+00:00,0.2126278929004721,1
site_e726c7cce5,2026-03-01T16:00:00+00:00,0.28940022649552305,1
site_e726c7cce5,2026-03-01T16:15:00+00:00,0.390138995036268,1
site_e726c7cce5,2026-03-01T16:30:00+00:00,0.3351367892191387,1
site_e726c7cce5,2026-03-01T16:45:00+00:00,0.27230929806232146,1
site_e726c7cce5,2026-03-01T17:00:00+00:00,0.22985725448104818,1
site_e726c7cce5,2026-03-01T17:15:00+00:00,0.21970961782018686,1
site_e726c7cce5,2026-03-01T17:30:00+00:00,0.24124971934342612,1
site_e726c7cce5,2026-03-01T17:45:00+00:00,0.22754259873921398,1
site_e726c7cce5,2026-03-01T18:00:00+00:00,0.21775421276943152,1
site_e726c7cce5,2026-03-01T18:15:00+00:00,0.2257336803074616,1
site_e726c7cce5,2026-03-01T18:30:00+00:00,0.24875350641265873,1
site_e726c7cce5,2026-03-01T18:45:00+00:00,0.25005795953125903,1
site_e726c7cce5,2026-03-01T19:00:00+00:00,0.25321597736289597,1
site_e726c7cce5,2026-03-01T19:15:00+00:00,0.1724736323931083,0
site_e726c7cce5,2026-03-01T19:30:00+00:00,0.1463434399816241,0
site_e726c7cce5,2026-03-01T19:45:00+00:00,0.15282894115625256,0
site_e726c7cce5,2026-03-01T20:00:00+00:00,0.21223684728639797,1
site_e726c7cce5,2026-03-01T20:15:00+00:00,0.21588098632191458,1
site_e726c7cce5,2026-03-01T20:30:00+00:00,0.22272473312028962,1
site_e726c7cce5,2026-03-01T20:45:00+00:00,0.21675205711812454,1
site_e726c7cce5,2026-03-01T21:00:00+00:00,0.18061948241935064,0
site_e726c7cce5,2026-03-01T21:15:00+00:00,0.13749941256243406,0
site_e726c7cce5,2026-03-01T21:30:00+00:00,0.13773159924086611,0
site_e726c7cce5,2026-03-01T21:45:00+00:00,0.12468278316608242,0
site_e726c7cce5,2026-03-01T22:00:00+00:00,0.1556126623122842,0
site_e726c7cce5,2026-03-01T22:15:00+00:00,0.12902868861980707,0
site_e726c7cce5,2026-03-01T22:30:00+00:00,0.1403452412812089,0
site_e726c7cce5,2026-03-01T22:45:00+00:00,0.1659221524201152,0
site_e726c7cce5,2026-03-01T23:00:00+00:00,0.13126727049866,0
site_e726c7cce5,2026-03-01T23:15:00+00:00,0.10204716237849715,0
site_e726c7cce5,2026-03-01T23:45:00+00:00,0.08908438035337496,0
site_e726c7cce5,2026-03-02T00:00:00+00:00,0.09325441586712536,0
site_e726c7cce5,2026-03-02T00:15:00+00:00,0.11305706817401875,0
site_e726c7cce5,2026-03-02T00:30:00+00:00,0.133652802180143,0
site_e726c7cce5,2026-03-02T00:45:00+00:00,0.060791137759660316,0
site_e726c7cce5,2026-03-02T01:00:00+00:00,0.09378662247704217,0
site_e726c7cce5,2026-03-02T01:15:00+00:00,0.09936325161591054,0
site_e726c7cce5,2026-03-02T01:30:00+00:00,0.10371769376538313,0
site_e726c7cce5,2026-03-02T02:00:00+00:00,0.13218444641622995,0
site_e726c7cce5,2026-03-02T02:15:00+00:00,0.09468675028607186,0
site_e726c7cce5,2026-03-02T02:30:00+00:00,0.0931221380037764,0
site_e726c7cce5,2026-03-02T02:45:00+00:00,0.08562008681724784,0
site_e726c7cce5,2026-03-02T03:00:00+00:00,0.07759810095361694,0
site_e726c7cce5,2026-03-02T03:15:00+00:00,0.11163024124799655,0
site_e726c7cce5,2026-03-02T03:30:00+00:00,0.1002416587864698,0
site_e726c7cce5,2026-03-02T03:45:00+00:00,0.10199773358733014,0
site_e726c7cce5,2026-03-02T04:00:00+00:00,0.10232358309046241,0
site_e726c7cce5,2026-03-02T04:15:00+00:00,0.09824801129453034,0
site_e726c7cce5,2026-03-02T04:30:00+00:00,0.10549845270853757,0
site_e726c7cce5,2026-03-02T04:45:00+00:00,0.10468679355546338,0
site_e726c7cce5,2026-03-02T05:00:00+00:00,0.1277874106994099,0
site_e726c7cce5,2026-03-02T05:15:00+00:00,0.12085377344993396,0
site_e726c7cce5,2026-03-02T05:30:00+00:00,0.11815085686249978,0
site_e726c7cce5,2026-03-02T05:45:00+00:00,0.11396134059814379,0
site_e726c7cce5,2026-03-02T06:00:00+00:00,0.13029853799619007,0
site_e726c7cce5,2026-03-02T06:15:00+00:00,0.1489835455250583,0
site_e726c7cce5,2026-03-02T06:30:00+00:00,0.16452147018727348,0
site_e726c7cce5,2026-03-02T06:45:00+00:00,0.15450547381467353,0
site_e726c7cce5,2026-03-02T07:00:00+00:00,0.15113539799100859,0
site_e726c7cce5,2026-03-02T07:15:00+00:00,0.18524784986326073,0
site_e726c7cce5,2026-03-02T07:30:00+00:00,0.14721760017262356,0
site_e726c7cce5,2026-03-02T07:45:00+00:00,0.12684068708036195,0
site_e726c7cce5,2026-03-02T08:00:00+00:00,0.14092515110020473,0
site_e726c7cce5,2026-03-02T08:15:00+00:00,0.16213176287546868,0
site_e726c7cce5,2026-03-02T08:30:00+00:00,0.16998705921123247,0
site_e726c7cce5,2026-03-02T08:45:00+00:00,0.21405559854235856,1
site_e726c7cce5,2026-03-02T09:00:00+00:00,0.14814097161911868,0
site_e726c7cce5,2026-03-02T09:15:00+00:00,0.16787329645596202,0
site_e726c7cce5,2026-03-02T09:30:00+00:00,0.13314453223366346,0
site_e726c7cce5,2026-03-02T09:45:00+00:00,0.15729293369616693,0
site_e726c7cce5,2026-03-02T10:00:00+00:00,0.14655846745028805,0
site_e726c7cce5,2026-03-02T10:15:00+00:00,0.18906137308071322,0
site_e726c7cce5,2026-03-02T10:30:00+00:00,0.2224102769303671,1
site_e726c7cce5,2026-03-02T10:45:00+00:00,0.2478868227328678,1
site_e726c7cce5,2026-03-02T11:00:00+00:00,0.2935927392302806,1
site_e726c7cce5,2026-03-02T11:15:00+00:00,0.21482552297804502,1
site_e726c7cce5,2026-03-02T11:30:00+00:00,0.19984058440424746,0
site_e726c7cce5,2026-03-02T11:45:00+00:00,0.16819014172691676,0
site_e726c7cce5,2026-03-02T12:00:00+00:00,0.10746551112491891,0
site_e726c7cce5,2026-03-02T12:15:00+00:00,0.09911458499225248,0
site_e726c7cce5,2026-03-02T12:30:00+00:00,0.12065931957394034,0
site_e726c7cce5,2026-03-02T12:45:00+00:00,0.17686168320497445,0
site_e726c7cce5,2026-03-02T13:00:00+00:00,0.22735160268475346,1
site_e726c7cce5,2026-03-02T13:15:00+00:00,0.2539381000587095,1
site_e726c7cce5,2026-03-02T13:30:00+00:00,0.19160291421420567,0
site_e726c7cce5,2026-03-02T13:45:00+00:00,0.15637314446589276,0
site_e726c7cce5,2026-03-02T14:00:00+00:00,0.1665484776551326,0
site_e726c7cce5,2026-03-02T14:15:00+00:00,0.17252952823195536,0
site_e726c7cce5,2026-03-02T14:30:00+00:00,0.20739832591170781,1
site_e726c7cce5,2026-03-02T14:45:00+00:00,0.14531091970530963,0
site_e726c7cce5,2026-03-02T15:00:00+00:00,0.22508517389513924,1
site_e726c7cce5,2026-03-02T15:15:00+00:00,0.31196934720301317,1
site_e726c7cce5,2026-03-02T15:30:00+00:00,0.2549723801114595,1
site_e726c7cce5,2026-03-02T15:45:00+00:00,0.25385899955709307,1
site_e726c7cce5,2026-03-02T16:00:00+00:00,0.22408551648908318,1
site_e726c7cce5,2026-03-02T16:15:00+00:00,0.2104326290085889,1
site_e726c7cce5,2026-03-02T16:30:00+00:00,0.2579180115353418,1
site_e726c7cce5,2026-03-02T16:45:00+00:00,0.20612533848856293,1
site_e726c7cce5,2026-03-02T17:00:00+00:00,0.21753934275762926,1
site_e726c7cce5,2026-03-02T17:15:00+00:00,0.2513022308660354,1
site_e726c7cce5,2026-03-02T17:30:00+00:00,0.25318158190342155,1
site_e726c7cce5,2026-03-02T17:45:00+00:00,0.27979068643260707,1
site_e726c7cce5,2026-03-02T18:00:00+00:00,0.21880082956438449,1
site_e726c7cce5,2026-03-02T18:15:00+00:00,0.21728193541229845,1
site_e726c7cce5,2026-03-02T18:30:00+00:00,0.21820319701474872,1
site_e726c7cce5,2026-03-02T18:45:00+00:00,0.19935538350171605,0
site_e726c7cce5,2026-03-02T19:00:00+00:00,0.33033205779849295,1
site_e726c7cce5,2026-03-02T19:15:00+00:00,0.2572217217178567,1
site_e726c7cce5,2026-03-02T19:30:00+00:00,0.27912167869967724,1
site_e726c7cce5,2026-03-02T19:45:00+00:00,0.2791499827598607,1
site_e726c7cce5,2026-03-02T20:00:00+00:00,0.22262901076549535,1
site_e726c7cce5,2026-03-02T20:15:00+00:00,0.2015235913282179,1
site_e726c7cce5,2026-03-02T20:30:00+00:00,0.21330882912357665,1
site_e726c7cce5,2026-03-02T20:45:00+00:00,0.19917414082857507,0
site_e726c7cce5,2026-03-02T21:00:00+00:00,0.21214982803090623,1
site_e726c7cce5,2026-03-02T21:15:00+00:00,0.17126783992502556,0
site_e726c7cce5,2026-03-02T21:30:00+00:00,0.17012450039063537,0
site_e726c7cce5,2026-03-02T21:45:00+00:00,0.15911281484949702,0
site_e726c7cce5,2026-03-02T22:00:00+00:00,0.1307488024008487,0
site_e726c7cce5,2026-03-02T22:15:00+00:00,0.1452157839825805,0
site_e726c7cce5,2026-03-02T22:30:00+00:00,0.1733472367873609,0
site_e726c7cce5,2026-03-02T22:45:00+00:00,0.1698670093683558,0
site_e726c7cce5,2026-03-02T23:00:00+00:00,0.16131088909318528,0
site_e726c7cce5,2026-03-02T23:15:00+00:00,0.17141198420540685,0
site_e726c7cce5,2026-03-02T23:30:00+00:00,0.1799663521018954,0
site_e726c7cce5,2026-03-02T23:45:00+00:00,0.09333470965779775,0
site_e726c7cce5,2026-03-03T00:00:00+00:00,0.09678332256443262,0
site_e726c7cce5,2026-03-03T00:15:00+00:00,0.10145317017444837,0
site_e726c7cce5,2026-03-03T00:30:00+00:00,0.11506107864388412,0
site_e726c7cce5,2026-03-03T00:45:00+00:00,0.0908809214887972,0
site_e726c7cce5,2026-03-03T01:00:00+00:00,0.08708113450518373,0
site_e726c7cce5,2026-03-03T01:15:00+00:00,0.10085724096055766,0
site_e726c7cce5,2026-03-03T01:30:00+00:00,0.11042972011001716,0
site_e726c7cce5,2026-03-03T01:45:00+00:00,0.1117458960363405,0
site_e726c7cce5,2026-03-03T02:00:00+00:00,0.10620716485665298,0
site_e726c7cce5,2026-03-03T02:15:00+00:00,0.10603376176532747,0
site_e726c7cce5,2026-03-03T02:30:00+00:00,0.10818471156048405,0
site_e726c7cce5,2026-03-03T02:45:00+00:00,0.11575092282985211,0
site_e726c7cce5,2026-03-03T03:00:00+00:00,0.10810736994303972,0
site_e726c7cce5,2026-03-03T03:15:00+00:00,0.1290513706923432,0
site_e726c7cce5,2026-03-03T03:30:00+00:00,0.12396326546743386,0
site_e726c7cce5,2026-03-03T03:45:00+00:00,0.14802544459922312,0
site_e726c7cce5,2026-03-03T04:00:00+00:00,0.18365658095759818,0
site_e726c7cce5,2026-03-03T04:15:00+00:00,0.15684027105009132,0
site_e726c7cce5,2026-03-03T04:30:00+00:00,0.1471659839786824,0
site_e726c7cce5,2026-03-03T04:45:00+00:00,0.14169937258772325,0
site_e726c7cce5,2026-03-03T05:00:00+00:00,0.13008263752486995,0
site_e726c7cce5,2026-03-03T05:15:00+00:00,0.12948085053561945,0
site_e726c7cce5,2026-03-03T05:30:00+00:00,0.1130994107580262,0
site_e726c7cce5,2026-03-03T05:45:00+00:00,0.15210342602250787,0
site_e726c7cce5,2026-03-03T06:00:00+00:00,0.1559288077971659,0
site_e726c7cce5,2026-03-03T06:15:00+00:00,0.1944486337789849,0
site_e726c7cce5,2026-03-03T06:30:00+00:00,0.15961060546156183,0
site_e726c7cce5,2026-03-03T06:45:00+00:00,0.15981031037373777,0
site_e726c7cce5,2026-03-03T07:00:00+00:00,0.16414569657250427,0
site_e726c7cce5,2026-03-03T07:15:00+00:00,0.17133217347402355,0
site_e726c7cce5,2026-03-03T07:30:00+00:00,0.23435910279554648,1
site_e726c7cce5,2026-03-03T07:45:00+00:00,0.17620868484758934,0
site_e726c7cce5,2026-03-03T08:00:00+00:00,0.14046640917733638,0
site_e726c7cce5,2026-03-03T08:15:00+00:00,0.16980763709416086,0
site_e726c7cce5,2026-03-03T08:30:00+00:00,0.16293633459820997,0
site_e726c7cce5,2026-03-03T08:45:00+00:00,0.1710679800737226,0
site_e726c7cce5,2026-03-03T09:00:00+00:00,0.1646836909593267,0
site_e726c7cce5,2026-03-03T09:15:00+00:00,0.17008680904440332,0
site_e726c7cce5,2026-03-03T09:30:00+00:00,0.18943527067944463,0
site_e726c7cce5,2026-03-03T09:45:00+00:00,0.21371164266621084,1
site_e726c7cce5,2026-03-03T10:00:00+00:00,0.16801616656175136,0
site_e726c7cce5,2026-03-03T10:15:00+00:00,0.18445871520218196,0
site_e726c7cce5,2026-03-03T10:30:00+00:00,0.1682159874579771,0
site_e726c7cce5,2026-03-03T10:45:00+00:00,0.17546969765200016,0
site_e726c7cce5,2026-03-03T11:00:00+00:00,0.1753327148664311,0
site_e726c7cce5,2026-03-03T11:15:00+00:00,0.17363470609720777,0
site_e726c7cce5,2026-03-03T11:30:00+00:00,0.1790917112034422,0
site_e726c7cce5,2026-03-03T11:45:00+00:00,0.17662873044956764,0
site_e726c7cce5,2026-03-03T12:00:00+00:00,0.1729142438108644,0
site_e726c7cce5,2026-03-03T12:15:00+00:00,0.18103779740187995,0
site_e726c7cce5,2026-03-03T12:30:00+00:00,0.17836441309454715,0
site_e726c7cce5,2026-03-03T12:45:00+00:00,0.19320209408441508,0
site_e726c7cce5,2026-03-03T13:00:00+00:00,0.2017291096023609,1
site_e726c7cce5,2026-03-03T13:15:00+00:00,0.19122977594423213,0
site_e726c7cce5,2026-03-03T13:30:00+00:00,0.21216727606832747,1
site_e726c7cce5,2026-03-03T13:45:00+00:00,0.19939077190657542,0
site_e726c7cce5,2026-03-03T14:00:00+00:00,0.21806853545794663,1
site_e726c7cce5,2026-03-03T14:15:00+00:00,0.18381018047108366,0
site_e726c7cce5,2026-03-03T14:30:00+00:00,0.17920211342869394,0
site_e726c7cce5,2026-03-03T14:45:00+00:00,0.25264095620540744,1
site_e726c7cce5,2026-03-03T15:00:00+00:00,0.20294222932598763,1
site_e726c7cce5,2026-03-03T15:15:00+00:00,0.18740300365339502,0
site_e726c7cce5,2026-03-03T15:30:00+00:00,0.2019787729309141,1
site_e726c7cce5,2026-03-03T15:45:00+00:00,0.19442201977973114,0
site_e726c7cce5,2026-03-03T16:00:00+00:00,0.18301804979424452,0
site_e726c7cce5,2026-03-03T16:15:00+00:00,0.18997349718771556,0
site_e726c7cce5,2026-03-03T16:30:00+00:00,0.18021805496129284,0
site_e726c7cce5,2026-03-03T16:45:00+00:00,0.16985489917212765,0
site_e726c7cce5,2026-03-03T17:00:00+00:00,0.18067899691768713,0
site_e726c7cce5,2026-03-03T17:15:00+00:00,0.17183895377778585,0
site_e726c7cce5,2026-03-03T17:30:00+00:00,0.1573226880269228,0
site_e726c7cce5,2026-03-03T17:45:00+00:00,0.15754532319576628,0
site_e726c7cce5,2026-03-03T18:00:00+00:00,0.17973101729496868,0
site_e726c7cce5,2026-03-03T18:15:00+00:00,0.21949750967251358,1
site_e726c7cce5,2026-03-03T18:30:00+00:00,0.19151276758112318,0
site_e726c7cce5,2026-03-03T18:45:00+00:00,0.22978494523115492,1
site_e726c7cce5,2026-03-03T19:00:00+00:00,0.2774905241024839,1
site_e726c7cce5,2026-03-03T19:15:00+00:00,0.3320159921007687,1
site_e726c7cce5,2026-03-03T19:30:00+00:00,0.4315710995845384,1
site_e726c7cce5,2026-03-03T19:45:00+00:00,0.45431114286126745,1
site_e726c7cce5,2026-03-03T20:00:00+00:00,0.42982436518398814,1
site_e726c7cce5,2026-03-03T20:15:00+00:00,0.4047662552565515,1
site_e726c7cce5,2026-03-03T20:30:00+00:00,0.3715720617529967,1
site_e726c7cce5,2026-03-03T20:45:00+00:00,0.38688478770000434,1
site_e726c7cce5,2026-03-03T21:00:00+00:00,0.2979956848743449,1
site_e726c7cce5,2026-03-03T21:15:00+00:00,0.34306075846716627,1
site_e726c7cce5,2026-03-03T21:30:00+00:00,0.3963890390637071,1
site_e726c7cce5,2026-03-03T21:45:00+00:00,0.3039053105009053,1
site_e726c7cce5,2026-03-03T22:00:00+00:00,0.2730101623625566,1
site_e726c7cce5,2026-03-03T22:15:00+00:00,0.26462132978002983,1
site_e726c7cce5,2026-03-03T22:30:00+00:00,0.27791432842593555,1
site_e726c7cce5,2026-03-03T22:45:00+00:00,0.229875148705257,1
site_e726c7cce5,2026-03-03T23:00:00+00:00,0.26887741062647935,1
site_e726c7cce5,2026-03-03T23:15:00+00:00,0.24670691484974985,1
site_e726c7cce5,2026-03-03T23:30:00+00:00,0.20164385234157933,1
site_e726c7cce5,2026-03-03T23:45:00+00:00,0.14860412632539138,0
site_e726c7cce5,2026-03-04T00:00:00+00:00,0.14734060898803963,0
site_e726c7cce5,2026-03-04T00:15:00+00:00,0.20242806036986272,1
site_e726c7cce5,2026-03-04T00:30:00+00:00,0.1873755476481077,0
site_e726c7cce5,2026-03-04T00:45:00+00:00,0.12673401341932006,0
site_e726c7cce5,2026-03-04T01:00:00+00:00,0.15418362641394295,0
site_e726c7cce5,2026-03-04T01:15:00+00:00,0.12248850733103006,0
site_e726c7cce5,2026-03-04T01:30:00+00:00,0.1290738664881387,0
site_e726c7cce5,2026-03-04T01:45:00+00:00,0.10837353901087755,0
site_e726c7cce5,2026-03-04T02:00:00+00:00,0.13797272787945683,0
site_e726c7cce5,2026-03-04T02:15:00+00:00,0.1535346067690998,0
site_e726c7cce5,2026-03-04T02:30:00+00:00,0.13178351898836926,0
site_e726c7cce5,2026-03-04T02:45:00+00:00,0.1302325812717756,0
site_e726c7cce5,2026-03-04T03:00:00+00:00,0.16716608253715823,0
site_e726c7cce5,2026-03-04T03:15:00+00:00,0.15414701153079477,0
site_e726c7cce5,2026-03-04T03:30:00+00:00,0.18669955408462385,0
site_e726c7cce5,2026-03-04T03:45:00+00:00,0.1495473643994697,0
site_e726c7cce5,2026-03-04T04:00:00+00:00,0.11057382021901871,0
site_e726c7cce5,2026-03-04T04:15:00+00:00,0.15880255842294538,0
site_e726c7cce5,2026-03-04T04:30:00+00:00,0.151150325136787,0
site_e726c7cce5,2026-03-04T04:45:00+00:00,0.15801077926351792,0
site_e726c7cce5,2026-03-04T05:00:00+00:00,0.12438385479849458,0
site_e726c7cce5,2026-03-04T05:15:00+00:00,0.1275226392416441,0
site_e726c7cce5,2026-03-04T05:30:00+00:00,0.12325811161207123,0
site_e726c7cce5,2026-03-04T05:45:00+00:00,0.16078605614077407,0
site_e726c7cce5,2026-03-04T06:00:00+00:00,0.17151082420003594,0
site_e726c7cce5,2026-03-04T06:15:00+00:00,0.17821136610359245,0
site_e726c7cce5,2026-03-04T06:30:00+00:00,0.1987562575558788,0
site_e726c7cce5,2026-03-04T06:45:00+00:00,0.14199021356124272,0
site_e726c7cce5,2026-03-04T07:00:00+00:00,0.15871351767921213,0
site_e726c7cce5,2026-03-04T07:15:00+00:00,0.19349082661310177,0
site_e726c7cce5,2026-03-04T07:30:00+00:00,0.16771946938161109,0
site_e726c7cce5,2026-03-04T07:45:00+00:00,0.20627137010011398,1
site_e726c7cce5,2026-03-04T08:00:00+00:00,0.19608500994892608,0
site_e726c7cce5,2026-03-04T08:15:00+00:00,0.23130833311558208,1
site_e726c7cce5,2026-03-04T08:30:00+00:00,0.24806943253093897,1
site_e726c7cce5,2026-03-04T08:45:00+00:00,0.17866230621230972,0
site_e726c7cce5,2026-03-04T09:00:00+00:00,0.18640238767696235,0
site_e726c7cce5,2026-03-04T09:15:00+00:00,0.19983653735688295,0
site_e726c7cce5,2026-03-04T09:30:00+00:00,0.2040442750364814,1
site_e726c7cce5,2026-03-04T09:45:00+00:00,0.18073170437527808,0
site_e726c7cce5,2026-03-04T10:00:00+00:00,0.18924157784149284,0
site_e726c7cce5,2026-03-04T10:15:00+00:00,0.19355076816336134,0
site_e726c7cce5,2026-03-04T10:30:00+00:00,0.18885394417499216,0
site_e726c7cce5,2026-03-04T10:45:00+00:00,0.21250057197007158,1
site_e726c7cce5,2026-03-04T11:00:00+00:00,0.20952755147474078,1
site_e726c7cce5,2026-03-04T11:15:00+00:00,0.19273274596660456,0
site_e726c7cce5,2026-03-04T11:30:00+00:00,0.1838813816169461,0
site_e726c7cce5,2026-03-04T11:45:00+00:00,0.1919107649944347,0
site_e726c7cce5,2026-03-04T12:00:00+00:00,0.24557909470267197,1
site_e726c7cce5,2026-03-04T12:15:00+00:00,0.24108191966834158,1
site_e726c7cce5,2026-03-04T12:30:00+00:00,0.19316223234612237,0
site_e726c7cce5,2026-03-04T12:45:00+00:00,0.20260209004636512,1
site_e726c7cce5,2026-03-04T13:00:00+00:00,0.2930994307698915,1
site_e726c7cce5,2026-03-04T13:15:00+00:00,0.23660952778554623,1
site_e726c7cce5,2026-03-04T13:30:00+00:00,0.19984163167502847,0
site_e726c7cce5,2026-03-04T13:45:00+00:00,0.1977090968264103,0
site_e726c7cce5,2026-03-04T14:00:00+00:00,0.19535234934247053,0
site_e726c7cce5,2026-03-04T14:15:00+00:00,0.19582661772144128,0
site_e726c7cce5,2026-03-04T14:30:00+00:00,0.2235790129610096,1
site_e726c7cce5,2026-03-04T14:45:00+00:00,0.21116364967364312,1
site_e726c7cce5,2026-03-04T15:00:00+00:00,0.17994464512419306,0
site_e726c7cce5,2026-03-04T15:15:00+00:00,0.1763047170604667,0
site_e726c7cce5,2026-03-04T15:30:00+00:00,0.16776781569049834,0
site_e726c7cce5,2026-03-04T15:45:00+00:00,0.1718944065484683,0
site_e726c7cce5,2026-03-04T16:00:00+00:00,0.17946820993612622,0
site_e726c7cce5,2026-03-04T16:15:00+00:00,0.17262080271069122,0
site_e726c7cce5,2026-03-04T16:30:00+00:00,0.1638969852166267,0
site_e726c7cce5,2026-03-04T16:45:00+00:00,0.19519330323509307,0
site_e726c7cce5,2026-03-04T17:00:00+00:00,0.23902851878474224,1
site_e726c7cce5,2026-03-04T17:15:00+00:00,0.23306801601918503,1
site_e726c7cce5,2026-03-04T17:30:00+00:00,0.21292168258244076,1
site_e726c7cce5,2026-03-04T17:45:00+00:00,0.3238709592932475,1
site_e726c7cce5,2026-03-04T18:00:00+00:00,0.24050175567159904,1
site_e726c7cce5,2026-03-04T18:15:00+00:00,0.2507527780424636,1
site_e726c7cce5,2026-03-04T18:30:00+00:00,0.3472160640433298,1
site_e726c7cce5,2026-03-04T18:45:00+00:00,0.3818889857629109,1
site_e726c7cce5,2026-03-04T19:00:00+00:00,0.3307571425334117,1
site_e726c7cce5,2026-03-04T19:15:00+00:00,0.3309795542147388,1
site_e726c7cce5,2026-03-04T19:30:00+00:00,0.33392949993411436,1
site_e726c7cce5,2026-03-04T19:45:00+00:00,0.3109835103185343,1
site_e726c7cce5,2026-03-04T20:00:00+00:00,0.27110990236032717,1
site_e726c7cce5,2026-03-04T20:15:00+00:00,0.339351858929722,1
site_e726c7cce5,2026-03-04T20:30:00+00:00,0.3557378825465328,1
site_e726c7cce5,2026-03-04T20:45:00+00:00,0.23654618111325457,1
site_e726c7cce5,2026-03-04T21:00:00+00:00,0.15990879457802082,0
site_e726c7cce5,2026-03-04T21:15:00+00:00,0.1945240800466543,0
site_e726c7cce5,2026-03-04T21:30:00+00:00,0.23116803761330526,1
site_e726c7cce5,2026-03-04T21:45:00+00:00,0.18020776184008258,0
site_e726c7cce5,2026-03-04T22:00:00+00:00,0.23703696396529905,1
site_e726c7cce5,2026-03-04T22:15:00+00:00,0.21092766637937418,1
site_e726c7cce5,2026-03-04T22:30:00+00:00,0.1647873744673173,0
site_e726c7cce5,2026-03-04T22:45:00+00:00,0.16633903809812514,0
site_e726c7cce5,2026-03-04T23:00:00+00:00,0.1602506953137641,0
site_e726c7cce5,2026-03-04T23:15:00+00:00,0.17824885798665743,0
site_e726c7cce5,2026-03-04T23:30:00+00:00,0.15325301922063803,0
site_e726c7cce5,2026-03-04T23:45:00+00:00,0.1484215658447019,0
site_e726c7cce5,2026-03-05T00:00:00+00:00,0.09880708420802208,0
site_e726c7cce5,2026-03-05T00:15:00+00:00,0.14143478165343992,0
site_e726c7cce5,2026-03-05T00:30:00+00:00,0.22940711000286057,1
site_e726c7cce5,2026-03-05T00:45:00+00:00,0.14225657042099168,0
site_e726c7cce5,2026-03-05T01:00:00+00:00,0.15352603110897048,0
site_e726c7cce5,2026-03-05T01:15:00+00:00,0.1554545722728796,0
site_e726c7cce5,2026-03-05T01:30:00+00:00,0.12837821321379633,0
site_e726c7cce5,2026-03-05T01:45:00+00:00,0.1558974976546782,0
site_e726c7cce5,2026-03-05T02:00:00+00:00,0.17950653665948665,0
site_e726c7cce5,2026-03-05T02:15:00+00:00,0.2156055589147226,1
site_e726c7cce5,2026-03-05T02:30:00+00:00,0.18690530019154053,0
site_e726c7cce5,2026-03-05T02:45:00+00:00,0.17697902243191926,0
site_e726c7cce5,2026-03-05T03:00:00+00:00,0.15507731070327166,0
site_e726c7cce5,2026-03-05T03:15:00+00:00,0.18225158947730785,0
site_e726c7cce5,2026-03-05T03:30:00+00:00,0.18342353025959157,0
site_e726c7cce5,2026-03-05T03:45:00+00:00,0.18317178610979676,0
site_e726c7cce5,2026-03-05T04:00:00+00:00,0.12776984858360757,0
site_e726c7cce5,2026-03-05T04:15:00+00:00,0.14665830365632893,0
site_e726c7cce5,2026-03-05T04:30:00+00:00,0.17505195573630253,0
site_e726c7cce5,2026-03-05T04:45:00+00:00,0.19282731816607834,0
site_e726c7cce5,2026-03-05T05:00:00+00:00,0.1891205703972855,0
site_e726c7cce5,2026-03-05T05:15:00+00:00,0.19157236660557458,0
site_e726c7cce5,2026-03-05T05:30:00+00:00,0.21592127613317047,1
site_e726c7cce5,2026-03-05T05:45:00+00:00,0.15513094116793597,0
site_e726c7cce5,2026-03-05T06:00:00+00:00,0.22866823963507654,1
site_e726c7cce5,2026-03-05T06:15:00+00:00,0.21330398311351992,1
site_e726c7cce5,2026-03-05T06:30:00+00:00,0.24214210955013296,1
site_e726c7cce5,2026-03-05T06:45:00+00:00,0.3103923295397385,1
site_e726c7cce5,2026-03-05T07:00:00+00:00,0.1882644838624697,0
site_e726c7cce5,2026-03-05T07:15:00+00:00,0.19758494432162615,0
site_e726c7cce5,2026-03-05T07:30:00+00:00,0.1801971456501263,0
site_e726c7cce5,2026-03-05T07:45:00+00:00,0.1893943483220875,0
site_e726c7cce5,2026-03-05T08:00:00+00:00,0.2810354593392178,1
site_e726c7cce5,2026-03-05T08:15:00+00:00,0.20072808875621573,1
site_e726c7cce5,2026-03-05T08:30:00+00:00,0.1947322671836606,0
site_e726c7cce5,2026-03-05T08:45:00+00:00,0.20009036690387488,1
site_e726c7cce5,2026-03-05T09:00:00+00:00,0.1888869142851067,0
site_e726c7cce5,2026-03-05T09:15:00+00:00,0.24215837520989245,1
site_e726c7cce5,2026-03-05T09:30:00+00:00,0.24674774955646445,1
site_e726c7cce5,2026-03-05T09:45:00+00:00,0.2533356302316643,1
site_e726c7cce5,2026-03-05T10:00:00+00:00,0.2678763545670424,1
site_e726c7cce5,2026-03-05T10:15:00+00:00,0.22578435957657417,1
site_e726c7cce5,2026-03-05T10:30:00+00:00,0.20773825926323308,1
site_e726c7cce5,2026-03-05T10:45:00+00:00,0.18804954978646285,0
site_e726c7cce5,2026-03-05T11:00:00+00:00,0.26505330756229234,1
site_e726c7cce5,2026-03-05T11:15:00+00:00,0.2644606154824579,1
site_e726c7cce5,2026-03-05T11:30:00+00:00,0.22537291743464818,1
site_e726c7cce5,2026-03-05T11:45:00+00:00,0.24440042918012517,1
site_e726c7cce5,2026-03-05T12:00:00+00:00,0.2616998544249454,1
site_e726c7cce5,2026-03-05T12:15:00+00:00,0.32093483131967826,1
site_e726c7cce5,2026-03-05T12:30:00+00:00,0.2752925849887015,1
site_e726c7cce5,2026-03-05T12:45:00+00:00,0.2767798282463369,1
site_e726c7cce5,2026-03-05T13:00:00+00:00,0.30380407847390034,1
site_e726c7cce5,2026-03-05T13:15:00+00:00,0.3277166966989282,1
site_e726c7cce5,2026-03-05T13:30:00+00:00,0.2628397722563376,1
site_e726c7cce5,2026-03-05T13:45:00+00:00,0.2583748289928643,1
site_e726c7cce5,2026-03-05T14:00:00+00:00,0.2952844380639039,1
site_e726c7cce5,2026-03-05T14:15:00+00:00,0.30382155395642074,1
site_e726c7cce5,2026-03-05T14:30:00+00:00,0.2897315441723202,1
site_e726c7cce5,2026-03-05T14:45:00+00:00,0.3593429992018337,1
site_e726c7cce5,2026-03-05T15:00:00+00:00,0.36432234348499537,1
site_e726c7cce5,2026-03-05T15:15:00+00:00,0.3434994516784557,1
site_e726c7cce5,2026-03-05T15:30:00+00:00,0.3681506884835975,1
site_e726c7cce5,2026-03-05T15:45:00+00:00,0.34972879649547606,1
site_e726c7cce5,2026-03-05T16:00:00+00:00,0.3061666118063398,1
site_e726c7cce5,2026-03-05T16:15:00+00:00,0.2447044406276265,1
site_e726c7cce5,2026-03-05T16:30:00+00:00,0.2518940677129194,1
site_e726c7cce5,2026-03-05T16:45:00+00:00,0.248061336190037,1
site_e726c7cce5,2026-03-05T17:00:00+00:00,0.25852056999319983,1
site_e726c7cce5,2026-03-05T17:15:00+00:00,0.24550451105096846,1
site_e726c7cce5,2026-03-05T17:30:00+00:00,0.25987896101764557,1
site_e726c7cce5,2026-03-05T17:45:00+00:00,0.27085125534990473,1
site_e726c7cce5,2026-03-05T18:00:00+00:00,0.2643033228578584,1
site_e726c7cce5,2026-03-05T18:15:00+00:00,0.24421966426341815,1
site_e726c7cce5,2026-03-05T18:30:00+00:00,0.21213338999697998,1
site_e726c7cce5,2026-03-05T18:45:00+00:00,0.20371085694462793,1
site_e726c7cce5,2026-03-05T19:00:00+00:00,0.24976649021561464,1
site_e726c7cce5,2026-03-05T19:15:00+00:00,0.2586847080281272,1
site_e726c7cce5,2026-03-05T19:30:00+00:00,0.2445535217025436,1
site_e726c7cce5,2026-03-05T19:45:00+00:00,0.19841128830660706,0
site_e726c7cce5,2026-03-05T20:00:00+00:00,0.24406901416769192,1
site_e726c7cce5,2026-03-05T20:15:00+00:00,0.2663435341907853,1
site_e726c7cce5,2026-03-05T20:30:00+00:00,0.235665864995203,1
site_e726c7cce5,2026-03-05T20:45:00+00:00,0.19152279832501834,0
site_e726c7cce5,2026-03-05T21:00:00+00:00,0.16652406602351394,0
site_e726c7cce5,2026-03-05T21:15:00+00:00,0.20859716700196382,1
site_e726c7cce5,2026-03-05T21:30:00+00:00,0.21668903551767274,1
site_e726c7cce5,2026-03-05T21:45:00+00:00,0.16225936468195792,0
site_e726c7cce5,2026-03-05T22:00:00+00:00,0.12460095868371429,0
site_e726c7cce5,2026-03-05T22:15:00+00:00,0.14002491520190083,0
site_e726c7cce5,2026-03-05T22:30:00+00:00,0.12553020811809618,0
site_e726c7cce5,2026-03-05T22:45:00+00:00,0.14678123881241592,0
site_e726c7cce5,2026-03-05T23:00:00+00:00,0.13905799673106464,0
site_e726c7cce5,2026-03-05T23:15:00+00:00,0.1495256074465647,0
site_e726c7cce5,2026-03-05T23:30:00+00:00,0.12413156430681925,0
site_e726c7cce5,2026-03-05T23:45:00+00:00,0.1717825208653137,0
site_e726c7cce5,2026-03-06T00:00:00+00:00,0.14994403070672102,0
site_e726c7cce5,2026-03-06T00:15:00+00:00,0.18561589132956033,0
site_e726c7cce5,2026-03-06T00:30:00+00:00,0.15176102150469392,0
site_e726c7cce5,2026-03-06T00:45:00+00:00,0.18484417814130114,0
site_e726c7cce5,2026-03-06T01:00:00+00:00,0.20496287910199218,1
site_e726c7cce5,2026-03-06T01:15:00+00:00,0.20785043033808057,1
site_e726c7cce5,2026-03-06T01:30:00+00:00,0.19078888689877394,0
site_e726c7cce5,2026-03-06T01:45:00+00:00,0.14342869235032485,0
site_e726c7cce5,2026-03-06T02:00:00+00:00,0.1392211037880588,0
site_e726c7cce5,2026-03-06T02:15:00+00:00,0.15598734039008116,0
site_e726c7cce5,2026-03-06T02:30:00+00:00,0.13205108029410823,0
site_e726c7cce5,2026-03-06T02:45:00+00:00,0.12484656368469542,0
site_e726c7cce5,2026-03-06T03:00:00+00:00,0.11430137745183187,0
site_e726c7cce5,2026-03-06T03:15:00+00:00,0.14161139253902863,0
site_e726c7cce5,2026-03-06T03:30:00+00:00,0.26336224329788166,1
site_e726c7cce5,2026-03-06T03:45:00+00:00,0.15660396751969513,0
site_e726c7cce5,2026-03-06T04:00:00+00:00,0.1621889703412535,0
site_e726c7cce5,2026-03-06T04:15:00+00:00,0.17867953045232038,0
site_e726c7cce5,2026-03-06T04:30:00+00:00,0.16912688312608207,0
site_e726c7cce5,2026-03-06T04:45:00+00:00,0.12938452497955957,0
site_e726c7cce5,2026-03-06T05:00:00+00:00,0.24864094281906043,1
site_e726c7cce5,2026-03-06T05:15:00+00:00,0.153325842342526,0
site_e726c7cce5,2026-03-06T05:30:00+00:00,0.29736998027599093,1
site_e726c7cce5,2026-03-06T05:45:00+00:00,0.19570504549052345,0
site_e726c7cce5,2026-03-06T06:00:00+00:00,0.18729091918528315,0
site_e726c7cce5,2026-03-06T06:15:00+00:00,0.17789173329258928,0
site_e726c7cce5,2026-03-06T06:30:00+00:00,0.18395501936504027,0
site_e726c7cce5,2026-03-06T06:45:00+00:00,0.1882097019307709,0
site_e726c7cce5,2026-03-06T07:00:00+00:00,0.3486726966082095,1
site_e726c7cce5,2026-03-06T07:15:00+00:00,0.18711987647371808,0
site_e726c7cce5,2026-03-06T07:30:00+00:00,0.21822657578965218,1
site_e726c7cce5,2026-03-06T07:45:00+00:00,0.20590304715146196,1
site_e726c7cce5,2026-03-06T08:00:00+00:00,0.2186749924579764,1
site_e726c7cce5,2026-03-06T08:15:00+00:00,0.26454519727053627,1
site_e726c7cce5,2026-03-06T08:30:00+00:00,0.2591489099106431,1
site_e726c7cce5,2026-03-06T08:45:00+00:00,0.21673262003484728,1
site_e726c7cce5,2026-03-06T09:00:00+00:00,0.2522621941048315,1
site_e726c7cce5,2026-03-06T09:15:00+00:00,0.25288691932595586,1
site_e726c7cce5,2026-03-06T09:30:00+00:00,0.21464627837038014,1
site_e726c7cce5,2026-03-06T09:45:00+00:00,0.23391494461166515,1
site_e726c7cce5,2026-03-06T10:00:00+00:00,0.21959160797863367,1
site_e726c7cce5,2026-03-06T10:15:00+00:00,0.2506777217616071,1
site_e726c7cce5,2026-03-06T10:30:00+00:00,0.21087117328218652,1
site_e726c7cce5,2026-03-06T10:45:00+00:00,0.20006296359230613,1
site_e726c7cce5,2026-03-06T11:00:00+00:00,0.22802271820179484,1
site_e726c7cce5,2026-03-06T11:15:00+00:00,0.3709968531888003,1
site_e726c7cce5,2026-03-06T11:30:00+00:00,0.29932838440104204,1
site_e726c7cce5,2026-03-06T11:45:00+00:00,0.3257004444104862,1
site_e726c7cce5,2026-03-06T12:00:00+00:00,0.3418447157545505,1
site_e726c7cce5,2026-03-06T12:15:00+00:00,0.36172751982119267,1
site_e726c7cce5,2026-03-06T12:30:00+00:00,0.25000532287670757,1
site_e726c7cce5,2026-03-06T12:45:00+00:00,0.23746395975767948,1
site_e726c7cce5,2026-03-06T13:00:00+00:00,0.27044615974286834,1
site_e726c7cce5,2026-03-06T13:15:00+00:00,0.26602092809658007,1
site_e726c7cce5,2026-03-06T13:30:00+00:00,0.2913181121026577,1
site_e726c7cce5,2026-03-06T13:45:00+00:00,0.3462528675031287,1
site_e726c7cce5,2026-03-06T14:00:00+00:00,0.3300314230444293,1
site_e726c7cce5,2026-03-06T14:15:00+00:00,0.3418441082996371,1
site_e726c7cce5,2026-03-06T14:30:00+00:00,0.4053460706172126,1
site_e726c7cce5,2026-03-06T14:45:00+00:00,0.3192039555413809,1
site_e726c7cce5,2026-03-06T15:00:00+00:00,0.2626277202032806,1
site_e726c7cce5,2026-03-06T15:15:00+00:00,0.2242479717940693,1
site_e726c7cce5,2026-03-06T15:30:00+00:00,0.21373701726645236,1
site_e726c7cce5,2026-03-06T15:45:00+00:00,0.2156563981261309,1
site_e726c7cce5,2026-03-06T16:00:00+00:00,0.2749272316526538,1
site_e726c7cce5,2026-03-06T16:15:00+00:00,0.27480284009514194,1
site_e726c7cce5,2026-03-06T16:30:00+00:00,0.2769004970119458,1
site_e726c7cce5,2026-03-06T16:45:00+00:00,0.34069784366100203,1
site_e726c7cce5,2026-03-06T17:00:00+00:00,0.3372887624858895,1
site_e726c7cce5,2026-03-06T17:15:00+00:00,0.2681724892949482,1
site_e726c7cce5,2026-03-06T17:30:00+00:00,0.21781605316670516,1
site_e726c7cce5,2026-03-06T17:45:00+00:00,0.20862822345809334,1
site_e726c7cce5,2026-03-06T18:00:00+00:00,0.23394451428560645,1
site_e726c7cce5,2026-03-06T18:15:00+00:00,0.2767707314615006,1
site_e726c7cce5,2026-03-06T18:30:00+00:00,0.29099213970433085,1
site_e726c7cce5,2026-03-06T18:45:00+00:00,0.23334195866284832,1
site_e726c7cce5,2026-03-06T19:00:00+00:00,0.28911928615946364,1
site_e726c7cce5,2026-03-06T19:15:00+00:00,0.2691775783588098,1
site_e726c7cce5,2026-03-06T19:30:00+00:00,0.21152694976081995,1
site_e726c7cce5,2026-03-06T19:45:00+00:00,0.2094531448485252,1
site_e726c7cce5,2026-03-06T20:00:00+00:00,0.15835245372195222,0
site_e726c7cce5,2026-03-06T20:15:00+00:00,0.2020061854886584,1
site_e726c7cce5,2026-03-06T20:30:00+00:00,0.18259330766855564,0
site_e726c7cce5,2026-03-06T20:45:00+00:00,0.20549107083827758,1
site_e726c7cce5,2026-03-06T21:00:00+00:00,0.14176562294228368,0
site_e726c7cce5,2026-03-06T21:15:00+00:00,0.14463610376832176,0
site_e726c7cce5,2026-03-06T21:30:00+00:00,0.12667414286974202,0
site_e726c7cce5,2026-03-06T21:45:00+00:00,0.18097830541170798,0
site_e726c7cce5,2026-03-06T22:00:00+00:00,0.15104759798843564,0
site_e726c7cce5,2026-03-06T22:15:00+00:00,0.15178825028257953,0
site_e726c7cce5,2026-03-06T22:30:00+00:00,0.12104656981110078,0
site_e726c7cce5,2026-03-06T22:45:00+00:00,0.12950113442116173,0
site_e726c7cce5,2026-03-06T23:00:00+00:00,0.21623077637309726,1
site_e726c7cce5,2026-03-06T23:15:00+00:00,0.13696761276190586,0
site_e726c7cce5,2026-03-06T23:30:00+00:00,0.1538255953134289,0
site_e726c7cce5,2026-03-06T23:45:00+00:00,0.16112134711296963,0
site_e726c7cce5,2026-03-07T00:00:00+00:00,0.1287464835141126,0
site_e726c7cce5,2026-03-07T00:15:00+00:00,0.12360300739146109,0
site_e726c7cce5,2026-03-07T00:30:00+00:00,0.10075266106902293,0
site_e726c7cce5,2026-03-07T00:45:00+00:00,0.09723285899027352,0
site_e726c7cce5,2026-03-07T01:00:00+00:00,0.08163334489515818,0
site_e726c7cce5,2026-03-07T01:15:00+00:00,0.1265235328697608,0
site_e726c7cce5,2026-03-07T01:30:00+00:00,0.11040583521524998,0
site_e726c7cce5,2026-03-07T01:45:00+00:00,0.07992448784701026,0
site_e726c7cce5,2026-03-07T02:00:00+00:00,0.07294457967129593,0
site_e726c7cce5,2026-03-07T02:15:00+00:00,0.0857498510909055,0
site_e726c7cce5,2026-03-07T02:30:00+00:00,0.09062102739883227,0
site_e726c7cce5,2026-03-07T02:45:00+00:00,0.1438212460055308,0
site_e726c7cce5,2026-03-07T03:00:00+00:00,0.11222558999112123,0
site_e726c7cce5,2026-03-07T03:15:00+00:00,0.12152983483733297,0
site_e726c7cce5,2026-03-07T03:30:00+00:00,0.10316893510399117,0
site_e726c7cce5,2026-03-07T03:45:00+00:00,0.07402174187621656,0
site_e726c7cce5,2026-03-07T04:00:00+00:00,0.08178200162797422,0
site_e726c7cce5,2026-03-07T04:15:00+00:00,0.08844213968546381,0
site_e726c7cce5,2026-03-07T04:30:00+00:00,0.16961220446109926,0
site_e726c7cce5,2026-03-07T04:45:00+00:00,0.1880381774016651,0
site_e726c7cce5,2026-03-07T05:00:00+00:00,0.13441266222111448,0
site_e726c7cce5,2026-03-07T05:15:00+00:00,0.12504839157027478,0
site_e726c7cce5,2026-03-07T05:30:00+00:00,0.12226995524814802,0
site_e726c7cce5,2026-03-07T05:45:00+00:00,0.12012869091561772,0
site_e726c7cce5,2026-03-07T06:00:00+00:00,0.16014268018163047,0
site_e726c7cce5,2026-03-07T06:15:00+00:00,0.1863962450192911,0
site_e726c7cce5,2026-03-07T06:30:00+00:00,0.18095837962402428,0
site_e726c7cce5,2026-03-07T06:45:00+00:00,0.1497999446343123,0
site_e726c7cce5,2026-03-07T07:00:00+00:00,0.14394620550932338,0
site_e726c7cce5,2026-03-07T07:15:00+00:00,0.17293992399703578,0
site_e726c7cce5,2026-03-07T07:30:00+00:00,0.2063822086021665,1
site_e726c7cce5,2026-03-07T07:45:00+00:00,0.1550965691970607,0
site_e726c7cce5,2026-03-07T08:00:00+00:00,0.18173211869725758,0
site_e726c7cce5,2026-03-07T08:15:00+00:00,0.1442791008733584,0
site_e726c7cce5,2026-03-07T08:30:00+00:00,0.15191269606017618,0
site_e726c7cce5,2026-03-07T08:45:00+00:00,0.17835945699682093,0
site_e726c7cce5,2026-03-07T09:00:00+00:00,0.14898159442881564,0
site_e726c7cce5,2026-03-07T09:15:00+00:00,0.1606340142919816,0
site_e726c7cce5,2026-03-07T09:30:00+00:00,0.15291568153546678,0
site_e726c7cce5,2026-03-07T09:45:00+00:00,0.13884262405473777,0
site_e726c7cce5,2026-03-07T10:00:00+00:00,0.12984023413456725,0
site_e726c7cce5,2026-03-07T10:15:00+00:00,0.11605708269668398,0
site_e726c7cce5,2026-03-07T10:30:00+00:00,0.15722658533683834,0
site_e726c7cce5,2026-03-07T10:45:00+00:00,0.1550941267033506,0
site_e726c7cce5,2026-03-07T11:00:00+00:00,0.17408978888213353,0
site_e726c7cce5,2026-03-07T11:15:00+00:00,0.22431879372433894,1
site_e726c7cce5,2026-03-07T11:30:00+00:00,0.21978077956565556,1
site_e726c7cce5,2026-03-07T11:45:00+00:00,0.22159172514357764,1
site_e726c7cce5,2026-03-07T12:00:00+00:00,0.17968548433409975,0
site_e726c7cce5,2026-03-07T12:15:00+00:00,0.1894749959782923,0
site_e726c7cce5,2026-03-07T12:30:00+00:00,0.19492657973753238,0
site_e726c7cce5,2026-03-07T12:45:00+00:00,0.285013347376259,1
site_e726c7cce5,2026-03-07T13:00:00+00:00,0.3381595462802133,1
site_e726c7cce5,2026-03-07T13:15:00+00:00,0.3426979122833059,1
site_e726c7cce5,2026-03-07T13:30:00+00:00,0.20322246774295186,1
site_e726c7cce5,2026-03-07T13:45:00+00:00,0.2295705591997682,1
site_e726c7cce5,2026-03-07T14:00:00+00:00,0.2035302805681193,1
site_e726c7cce5,2026-03-07T14:15:00+00:00,0.20938654821804242,1
site_e726c7cce5,2026-03-07T14:30:00+00:00,0.15296401394656603,0
site_e726c7cce5,2026-03-07T14:45:00+00:00,0.21348470865059235,1
site_e726c7cce5,2026-03-07T15:00:00+00:00,0.2720131828419264,1
site_e726c7cce5,2026-03-07T15:15:00+00:00,0.20792112144093736,1
site_e726c7cce5,2026-03-07T15:30:00+00:00,0.23037191376581567,1
site_e726c7cce5,2026-03-07T15:45:00+00:00,0.2585677195063966,1
site_e726c7cce5,2026-03-07T16:00:00+00:00,0.19351325795201083,0
site_e726c7cce5,2026-03-07T16:15:00+00:00,0.1719484124173036,0
site_e726c7cce5,2026-03-07T16:30:00+00:00,0.1682759957573225,0
site_e726c7cce5,2026-03-07T16:45:00+00:00,0.13679052634203104,0
site_e726c7cce5,2026-03-07T17:00:00+00:00,0.14792947642200985,0
site_e726c7cce5,2026-03-07T17:15:00+00:00,0.16984350296779313,0
site_e726c7cce5,2026-03-07T17:30:00+00:00,0.16163007649661626,0
site_e726c7cce5,2026-03-07T17:45:00+00:00,0.17235536552482222,0
site_e726c7cce5,2026-03-07T18:00:00+00:00,0.20952162361211812,1
site_e726c7cce5,2026-03-07T18:15:00+00:00,0.1954399545743883,0
site_e726c7cce5,2026-03-07T18:30:00+00:00,0.17880147264308915,0
site_e726c7cce5,2026-03-07T18:45:00+00:00,0.20372202071653053,1
site_e726c7cce5,2026-03-07T19:00:00+00:00,0.11211852707514504,0
site_e726c7cce5,2026-03-07T19:15:00+00:00,0.13180846377120758,0
site_e726c7cce5,2026-03-07T19:30:00+00:00,0.1461150436149125,0
site_e726c7cce5,2026-03-07T19:45:00+00:00,0.18537199309163077,0
site_e726c7cce5,2026-03-07T20:00:00+00:00,0.14403288133192188,0
site_e726c7cce5,2026-03-07T20:15:00+00:00,0.14462827785799992,0
site_e726c7cce5,2026-03-07T20:30:00+00:00,0.13004731783917353,0
site_e726c7cce5,2026-03-07T20:45:00+00:00,0.1359257938972536,0
site_e726c7cce5,2026-03-07T21:00:00+00:00,0.12917756564186847,0
site_e726c7cce5,2026-03-07T21:15:00+00:00,0.13094596484094573,0
site_e726c7cce5,2026-03-07T21:30:00+00:00,0.15731030172723462,0
site_e726c7cce5,2026-03-07T21:45:00+00:00,0.16752291989563212,0
site_e726c7cce5,2026-03-07T22:00:00+00:00,0.2745334768456239,1
site_e726c7cce5,2026-03-07T22:15:00+00:00,0.15696836092696714,0
site_e726c7cce5,2026-03-07T22:30:00+00:00,0.1759383199941637,0
site_e726c7cce5,2026-03-07T22:45:00+00:00,0.18531353146707083,0
site_e726c7cce5,2026-03-07T23:00:00+00:00,0.1476607277119051,0
site_e726c7cce5,2026-03-07T23:15:00+00:00,0.17175552047014508,0
site_e726c7cce5,2026-03-07T23:30:00+00:00,0.1138133288572404,0
site_e726c7cce5,2026-03-07T23:45:00+00:00,0.08810475281307366,0
site_e726c7cce5,2026-03-08T00:00:00+00:00,0.06966864473935286,0
site_e726c7cce5,2026-03-08T00:15:00+00:00,0.07181674526467376,0
site_e726c7cce5,2026-03-08T00:30:00+00:00,0.10111382120675182,0
site_e726c7cce5,2026-03-08T00:45:00+00:00,0.08495169360919419,0
site_e726c7cce5,2026-03-08T01:00:00+00:00,0.0933658861508445,0
site_e726c7cce5,2026-03-08T01:15:00+00:00,0.1442763402894433,0
site_e726c7cce5,2026-03-08T01:30:00+00:00,0.08740613747694743,0
site_e726c7cce5,2026-03-08T01:45:00+00:00,0.07743922565602736,0
site_e726c7cce5,2026-03-08T02:00:00+00:00,0.08530097488040696,0
site_e726c7cce5,2026-03-08T02:15:00+00:00,0.09491476618820227,0
site_e726c7cce5,2026-03-08T02:30:00+00:00,0.11189385003517549,0
site_e726c7cce5,2026-03-08T02:45:00+00:00,0.0915164376769022,0
site_e726c7cce5,2026-03-08T03:00:00+00:00,0.08109047137097021,0
site_e726c7cce5,2026-03-08T03:15:00+00:00,0.09385353643048039,0
site_e726c7cce5,2026-03-08T03:30:00+00:00,0.08066485920219098,0
site_e726c7cce5,2026-03-08T03:45:00+00:00,0.09312347483273758,0
site_e726c7cce5,2026-03-08T04:00:00+00:00,0.08090675822110108,0
site_e726c7cce5,2026-03-08T04:15:00+00:00,0.09884631162260747,0
site_e726c7cce5,2026-03-08T04:30:00+00:00,0.10894491294351294,0
site_e726c7cce5,2026-03-08T04:45:00+00:00,0.10456745831058403,0
site_e726c7cce5,2026-03-08T05:00:00+00:00,0.08435153527631675,0
site_e726c7cce5,2026-03-08T05:15:00+00:00,0.11890391697455502,0
site_e726c7cce5,2026-03-08T05:30:00+00:00,0.11959647366639144,0
site_e726c7cce5,2026-03-08T05:45:00+00:00,0.11272965760213763,0
site_e726c7cce5,2026-03-08T06:00:00+00:00,0.09954981245061442,0
site_e726c7cce5,2026-03-08T06:15:00+00:00,0.11519522852262651,0
site_e726c7cce5,2026-03-08T06:30:00+00:00,0.14018289947736481,0
site_e726c7cce5,2026-03-08T06:45:00+00:00,0.10410915306195312,0
site_e726c7cce5,2026-03-08T07:00:00+00:00,0.08927936253105813,0
site_e726c7cce5,2026-03-08T07:15:00+00:00,0.07285718672888537,0
site_e726c7cce5,2026-03-08T07:30:00+00:00,0.08761305358747133,0
site_e726c7cce5,2026-03-08T07:45:00+00:00,0.1482447091623395,0
site_e726c7cce5,2026-03-08T08:00:00+00:00,0.12494302307622442,0
site_e726c7cce5,2026-03-08T08:15:00+00:00,0.1604271963197644,0
site_e726c7cce5,2026-03-08T08:30:00+00:00,0.19594056985507952,0
site_e726c7cce5,2026-03-08T08:45:00+00:00,0.15436563109631748,0
site_e726c7cce5,2026-03-08T09:00:00+00:00,0.10828042458962128,0
site_e726c7cce5,2026-03-08T09:15:00+00:00,0.09345700295283949,0
site_e726c7cce5,2026-03-08T09:30:00+00:00,0.09295452595521381,0
site_e726c7cce5,2026-03-08T09:45:00+00:00,0.1287675220047711,0
site_e726c7cce5,2026-03-08T10:00:00+00:00,0.13056500842433558,0
site_e726c7cce5,2026-03-08T10:15:00+00:00,0.15424872059551314,0
site_e726c7cce5,2026-03-08T10:30:00+00:00,0.13809381496498171,0
site_e726c7cce5,2026-03-08T10:45:00+00:00,0.18302731681346623,0
site_e726c7cce5,2026-03-08T11:00:00+00:00,0.13859825207651494,0
site_e726c7cce5,2026-03-08T11:15:00+00:00,0.1425827535671692,0
site_e726c7cce5,2026-03-08T11:30:00+00:00,0.1514669109079353,0
site_e726c7cce5,2026-03-08T11:45:00+00:00,0.15287678438175242,0
site_e726c7cce5,2026-03-08T12:00:00+00:00,0.1052680500056798,0
site_e726c7cce5,2026-03-08T12:15:00+00:00,0.11931637427628423,0
site_e726c7cce5,2026-03-08T12:30:00+00:00,0.12965947460571353,0
site_e726c7cce5,2026-03-08T12:45:00+00:00,0.15191387116834393,0
site_e726c7cce5,2026-03-08T13:00:00+00:00,0.17090098269695547,0
site_e726c7cce5,2026-03-08T13:15:00+00:00,0.23515134860378778,1
site_e726c7cce5,2026-03-08T13:30:00+00:00,0.15049218727831376,0
site_e726c7cce5,2026-03-08T13:45:00+00:00,0.19986051313135084,0
site_e726c7cce5,2026-03-08T14:00:00+00:00,0.19680071393075937,0
site_e726c7cce5,2026-03-08T14:15:00+00:00,0.13961864672919122,0
site_e726c7cce5,2026-03-08T14:30:00+00:00,0.1487814944441434,0
site_e726c7cce5,2026-03-08T14:45:00+00:00,0.1264658222344457,0
site_e726c7cce5,2026-03-08T15:00:00+00:00,0.12516878534053308,0
site_e726c7cce5,2026-03-08T15:15:00+00:00,0.11553600007250327,0
site_e726c7cce5,2026-03-08T15:30:00+00:00,0.12351355420564826,0
site_e726c7cce5,2026-03-08T15:45:00+00:00,0.2161355285730505,1
site_e726c7cce5,2026-03-08T16:00:00+00:00,0.23402289863518727,1
site_e726c7cce5,2026-03-08T16:15:00+00:00,0.25014600772105017,1
site_e726c7cce5,2026-03-08T16:30:00+00:00,0.27837567645411826,1
site_e726c7cce5,2026-03-08T16:45:00+00:00,0.19876309664039704,0
site_e726c7cce5,2026-03-08T17:00:00+00:00,0.2045550870686151,1
site_e726c7cce5,2026-03-08T17:15:00+00:00,0.20345396780358257,1
site_e726c7cce5,2026-03-08T17:30:00+00:00,0.20363706539917242,1
site_e726c7cce5,2026-03-08T17:45:00+00:00,0.1583913824943187,0
site_e726c7cce5,2026-03-08T18:00:00+00:00,0.1603105211391332,0
site_e726c7cce5,2026-03-08T18:15:00+00:00,0.14124722995044053,0
site_e726c7cce5,2026-03-08T18:30:00+00:00,0.1190860723517308,0
site_e726c7cce5,2026-03-08T18:45:00+00:00,0.12435624981210394,0
site_e726c7cce5,2026-03-08T19:00:00+00:00,0.1910224259936013,0
site_e726c7cce5,2026-03-08T19:15:00+00:00,0.21662423001323064,1
site_e726c7cce5,2026-03-08T19:30:00+00:00,0.1259167077237665,0
site_e726c7cce5,2026-03-08T19:45:00+00:00,0.1604614675242196,0
site_e726c7cce5,2026-03-08T20:00:00+00:00,0.14193855688347828,0
site_e726c7cce5,2026-03-08T20:15:00+00:00,0.14251457435886583,0
site_e726c7cce5,2026-03-08T20:30:00+00:00,0.12105979712482462,0
site_e726c7cce5,2026-03-08T20:45:00+00:00,0.15197298479404225,0
site_e726c7cce5,2026-03-08T21:00:00+00:00,0.1732742915697464,0
site_e726c7cce5,2026-03-08T21:15:00+00:00,0.13585397547768902,0
site_e726c7cce5,2026-03-08T21:30:00+00:00,0.17619823596109432,0
site_e726c7cce5,2026-03-08T21:45:00+00:00,0.1610485721275918,0
site_e726c7cce5,2026-03-08T22:00:00+00:00,0.12990457607405217,0
site_e726c7cce5,2026-03-08T22:15:00+00:00,0.18227434321790606,0
site_e726c7cce5,2026-03-08T22:30:00+00:00,0.07800390392037068,0
site_e726c7cce5,2026-03-08T22:45:00+00:00,0.063616960871737,0
site_e726c7cce5,2026-03-08T23:00:00+00:00,0.059459172776759064,0
site_e726c7cce5,2026-03-08T23:15:00+00:00,0.07135575239210502,0
site_e726c7cce5,2026-03-08T23:30:00+00:00,0.07515480186659394,0
site_e726c7cce5,2026-03-08T23:45:00+00:00,0.057586886206480184,0
site_e726c7cce5,2026-03-09T00:00:00+00:00,0.07756177231131818,0
site_e726c7cce5,2026-03-09T00:15:00+00:00,0.08196409275920848,0
site_e726c7cce5,2026-03-09T00:30:00+00:00,0.11847872182204504,0
site_e726c7cce5,2026-03-09T00:45:00+00:00,0.1251407971318919,0
site_e726c7cce5,2026-03-09T01:00:00+00:00,0.16380741559919929,0
site_e726c7cce5,2026-03-09T01:15:00+00:00,0.23260108163831125,1
site_e726c7cce5,2026-03-09T01:30:00+00:00,0.22229810189779,1
site_e726c7cce5,2026-03-09T01:45:00+00:00,0.14049037530101421,0
site_e726c7cce5,2026-03-09T02:00:00+00:00,0.18542219958925774,0
site_e726c7cce5,2026-03-09T02:15:00+00:00,0.2677362139312012,1
site_e726c7cce5,2026-03-09T02:30:00+00:00,0.24938740225963182,1
site_e726c7cce5,2026-03-09T02:45:00+00:00,0.21139855430488375,1
site_e726c7cce5,2026-03-09T03:00:00+00:00,0.15100758389810587,0
site_e726c7cce5,2026-03-09T03:15:00+00:00,0.19263296905596258,0
site_e726c7cce5,2026-03-09T03:30:00+00:00,0.27388978606536274,1
site_e726c7cce5,2026-03-09T03:45:00+00:00,0.2856993915019894,1
site_e726c7cce5,2026-03-09T04:00:00+00:00,0.24532521858123896,1
site_e726c7cce5,2026-03-09T04:15:00+00:00,0.3003284329240301,1
site_e726c7cce5,2026-03-09T04:30:00+00:00,0.33275904103819814,1
site_e726c7cce5,2026-03-09T04:45:00+00:00,0.44728217432318557,1
site_e726c7cce5,2026-03-09T05:00:00+00:00,0.42937004308469934,1
site_e726c7cce5,2026-03-09T05:15:00+00:00,0.48340080421063997,1
site_e726c7cce5,2026-03-09T05:30:00+00:00,0.5185706400080741,1
site_e726c7cce5,2026-03-09T05:45:00+00:00,0.3968892100321456,1
site_e726c7cce5,2026-03-09T06:00:00+00:00,0.40695542875305685,1
site_e726c7cce5,2026-03-09T06:15:00+00:00,0.47649201679869674,1
site_e726c7cce5,2026-03-09T06:30:00+00:00,0.4863597152912239,1
site_e726c7cce5,2026-03-09T06:45:00+00:00,0.46986440048153255,1
site_e726c7cce5,2026-03-09T07:00:00+00:00,0.5216178781419183,1
site_e726c7cce5,2026-03-09T07:15:00+00:00,0.466544560556896,1
site_e726c7cce5,2026-03-09T07:30:00+00:00,0.5225474989665488,1
site_e726c7cce5,2026-03-09T07:45:00+00:00,0.5289712604767092,1
site_e726c7cce5,2026-03-09T08:00:00+00:00,0.5394228162694266,1
site_e726c7cce5,2026-03-09T08:15:00+00:00,0.5141920205464642,1
site_e726c7cce5,2026-03-09T08:30:00+00:00,0.5758512384460471,1
site_e726c7cce5,2026-03-09T08:45:00+00:00,0.5628362456726989,1
site_e726c7cce5,2026-03-09T09:00:00+00:00,0.5639297357692441,1
site_e726c7cce5,2026-03-09T09:15:00+00:00,0.5419862878500243,1
site_e726c7cce5,2026-03-09T09:30:00+00:00,0.5453481016139831,1
site_e726c7cce5,2026-03-09T09:45:00+00:00,0.48207335802975787,1
site_e726c7cce5,2026-03-09T10:00:00+00:00,0.5329803344099776,1
site_e726c7cce5,2026-03-09T10:15:00+00:00,0.5045942914695726,1
site_e726c7cce5,2026-03-09T10:30:00+00:00,0.4908369512784526,1
site_e726c7cce5,2026-03-09T10:45:00+00:00,0.49068645832997043,1
site_e726c7cce5,2026-03-09T11:00:00+00:00,0.5084093415044542,1
site_e726c7cce5,2026-03-09T11:15:00+00:00,0.490916151852865,1
site_e726c7cce5,2026-03-09T11:30:00+00:00,0.43591491426869416,1
site_e726c7cce5,2026-03-09T11:45:00+00:00,0.4562455755148299,1
site_e726c7cce5,2026-03-09T12:00:00+00:00,0.45853459675884856,1
site_e726c7cce5,2026-03-09T12:15:00+00:00,0.4771702232747946,1
site_e726c7cce5,2026-03-09T12:30:00+00:00,0.4398300998249835,1
site_e726c7cce5,2026-03-09T12:45:00+00:00,0.42376209441271245,1
site_e726c7cce5,2026-03-09T13:00:00+00:00,0.4188100662547141,1
site_e726c7cce5,2026-03-09T13:15:00+00:00,0.45984223304765703,1
site_e726c7cce5,2026-03-09T13:30:00+00:00,0.41249996808617573,1
site_e726c7cce5,2026-03-09T13:45:00+00:00,0.4213141133614968,1
site_e726c7cce5,2026-03-09T14:00:00+00:00,0.4082599251488284,1
site_e726c7cce5,2026-03-09T14:15:00+00:00,0.45446408531520666,1
site_e726c7cce5,2026-03-09T14:30:00+00:00,0.4913193410767393,1
site_e726c7cce5,2026-03-09T14:45:00+00:00,0.61846776170698,1
site_e726c7cce5,2026-03-09T15:00:00+00:00,0.5776448934770649,1
site_e726c7cce5,2026-03-09T15:15:00+00:00,0.4110333561361765,1
site_e726c7cce5,2026-03-09T15:30:00+00:00,0.42900004182894946,1
site_e726c7cce5,2026-03-09T15:45:00+00:00,0.29678033075726273,1
site_e726c7cce5,2026-03-09T16:00:00+00:00,0.3808571152383111,1
site_e726c7cce5,2026-03-09T16:15:00+00:00,0.30569125007182535,1
site_e726c7cce5,2026-03-09T16:30:00+00:00,0.34985840785442684,1
site_e726c7cce5,2026-03-09T16:45:00+00:00,0.40464020525683325,1
site_e726c7cce5,2026-03-09T17:00:00+00:00,0.27233753588882176,1
site_e726c7cce5,2026-03-09T17:15:00+00:00,0.3528961220495265,1
site_e726c7cce5,2026-03-09T17:30:00+00:00,0.3420924808280388,1
site_e726c7cce5,2026-03-09T17:45:00+00:00,0.2974598828467857,1
site_e726c7cce5,2026-03-09T18:00:00+00:00,0.2788875385995905,1
site_e726c7cce5,2026-03-09T18:15:00+00:00,0.3465039249857084,1
site_e726c7cce5,2026-03-09T18:30:00+00:00,0.2942086087453432,1
site_e726c7cce5,2026-03-09T18:45:00+00:00,0.29808115210058833,1
site_e726c7cce5,2026-03-09T19:00:00+00:00,0.3140682470295315,1
site_e726c7cce5,2026-03-09T19:15:00+00:00,0.23473565533799434,1
site_e726c7cce5,2026-03-09T19:30:00+00:00,0.24719370134747914,1
site_e726c7cce5,2026-03-09T19:45:00+00:00,0.20872963009290074,1
site_e726c7cce5,2026-03-09T20:00:00+00:00,0.30005628835799303,1
site_e726c7cce5,2026-03-09T20:15:00+00:00,0.3548306278302016,1
site_e726c7cce5,2026-03-09T20:30:00+00:00,0.36166820053045823,1
site_e726c7cce5,2026-03-09T20:45:00+00:00,0.37497756295454154,1
site_e726c7cce5,2026-03-09T21:00:00+00:00,0.358283772163821,1
site_e726c7cce5,2026-03-09T21:15:00+00:00,0.295328986477361,1
site_e726c7cce5,2026-03-09T21:30:00+00:00,0.23174398911440883,1
site_e726c7cce5,2026-03-09T21:45:00+00:00,0.2327370275052843,1
site_e726c7cce5,2026-03-09T22:00:00+00:00,0.1580494092915458,0
site_e726c7cce5,2026-03-09T22:15:00+00:00,0.1862558917125683,0
site_e726c7cce5,2026-03-09T22:30:00+00:00,0.17547685872483104,0
site_e726c7cce5,2026-03-09T22:45:00+00:00,0.1684799818500464,0
site_e726c7cce5,2026-03-09T23:00:00+00:00,0.2565784621673257,1
site_e726c7cce5,2026-03-09T23:15:00+00:00,0.24826994337064726,1
site_e726c7cce5,2026-03-09T23:30:00+00:00,0.4050494215493513,1
site_e726c7cce5,2026-03-09T23:45:00+00:00,0.22938068022898922,1
site_e726c7cce5,2026-03-10T00:00:00+00:00,0.20010295828113342,1
site_e726c7cce5,2026-03-10T00:15:00+00:00,0.38400726799616824,1
site_e726c7cce5,2026-03-10T00:30:00+00:00,0.35945003022531813,1
site_e726c7cce5,2026-03-10T00:45:00+00:00,0.20097560856395186,1
site_e726c7cce5,2026-03-10T01:00:00+00:00,0.3413358110484806,1
site_e726c7cce5,2026-03-10T01:15:00+00:00,0.47961446991862666,1
site_e726c7cce5,2026-03-10T01:30:00+00:00,0.2727865516069035,1
site_e726c7cce5,2026-03-10T01:45:00+00:00,0.27692077471795673,1
site_e726c7cce5,2026-03-10T02:00:00+00:00,0.24376125222839262,1
site_e726c7cce5,2026-03-10T02:15:00+00:00,0.22234649830863823,1
site_e726c7cce5,2026-03-10T02:30:00+00:00,0.26132958870846296,1
site_e726c7cce5,2026-03-10T02:45:00+00:00,0.2795214091197273,1
site_e726c7cce5,2026-03-10T03:00:00+00:00,0.29157318891350537,1
site_e726c7cce5,2026-03-10T03:15:00+00:00,0.3402810939637845,1
site_e726c7cce5,2026-03-10T03:30:00+00:00,0.38414448863085726,1
site_e726c7cce5,2026-03-10T03:45:00+00:00,0.5276525608358139,1
site_e726c7cce5,2026-03-10T04:00:00+00:00,0.565964148684324,1
site_e726c7cce5,2026-03-10T04:15:00+00:00,0.4004613485747254,1
site_e726c7cce5,2026-03-10T04:30:00+00:00,0.4798883651802767,1
site_e726c7cce5,2026-03-10T04:45:00+00:00,0.41397848279974064,1
site_e726c7cce5,2026-03-10T05:00:00+00:00,0.46686884786043764,1
site_e726c7cce5,2026-03-10T05:15:00+00:00,0.4981590142853259,1
site_e726c7cce5,2026-03-10T05:30:00+00:00,0.5264219827064671,1
site_e726c7cce5,2026-03-10T05:45:00+00:00,0.45443342167102263,1
site_e726c7cce5,2026-03-10T06:00:00+00:00,0.6894402835554085,1
site_e726c7cce5,2026-03-10T06:15:00+00:00,0.42484034391953973,1
site_e726c7cce5,2026-03-10T06:30:00+00:00,0.5589005883926463,1
site_e726c7cce5,2026-03-10T06:45:00+00:00,0.6794676021208076,1
site_e726c7cce5,2026-03-10T07:00:00+00:00,0.7034195888593409,1
site_e726c7cce5,2026-03-10T07:15:00+00:00,0.6658230524739734,1
site_e726c7cce5,2026-03-10T07:30:00+00:00,0.5861576888657665,1
site_e726c7cce5,2026-03-10T07:45:00+00:00,0.49238413325451635,1
site_e726c7cce5,2026-03-10T08:00:00+00:00,0.4529776530724132,1
site_e726c7cce5,2026-03-10T08:15:00+00:00,0.45705392797444977,1
site_e726c7cce5,2026-03-10T08:30:00+00:00,0.5614473654494648,1
site_e726c7cce5,2026-03-10T08:45:00+00:00,0.507983890052558,1
site_e726c7cce5,2026-03-10T09:00:00+00:00,0.571516058689364,1
site_e726c7cce5,2026-03-10T09:15:00+00:00,0.5511480176914715,1
site_e726c7cce5,2026-03-10T09:30:00+00:00,0.4878761656134886,1
site_e726c7cce5,2026-03-10T09:45:00+00:00,0.4687064023875087,1
site_e726c7cce5,2026-03-10T10:00:00+00:00,0.44335243570930255,1
site_e726c7cce5,2026-03-10T10:15:00+00:00,0.45427147587601324,1
site_e726c7cce5,2026-03-10T10:30:00+00:00,0.37301609933584373,1
site_e726c7cce5,2026-03-10T10:45:00+00:00,0.37948076843512824,1
site_e726c7cce5,2026-03-10T11:00:00+00:00,0.43542318612672637,1
site_e726c7cce5,2026-03-10T11:15:00+00:00,0.44347096724237334,1
site_e726c7cce5,2026-03-10T11:30:00+00:00,0.3433419306700904,1
site_e726c7cce5,2026-03-10T11:45:00+00:00,0.4036751692553758,1
site_e726c7cce5,2026-03-10T12:00:00+00:00,0.45331665859627146,1
site_e726c7cce5,2026-03-10T12:15:00+00:00,0.43434925614856323,1
site_e726c7cce5,2026-03-10T12:30:00+00:00,0.35361791254124153,1
site_e726c7cce5,2026-03-10T12:45:00+00:00,0.3721194331255326,1
site_e726c7cce5,2026-03-10T13:00:00+00:00,0.3512725762862578,1
site_e726c7cce5,2026-03-10T13:15:00+00:00,0.47999478600144085,1
site_e726c7cce5,2026-03-10T13:30:00+00:00,0.5475928077855874,1
site_e726c7cce5,2026-03-10T13:45:00+00:00,0.4651256235564019,1
site_e726c7cce5,2026-03-10T14:00:00+00:00,0.5370279953364072,1
site_e726c7cce5,2026-03-10T14:15:00+00:00,0.37563553296101404,1
site_e726c7cce5,2026-03-10T14:30:00+00:00,0.331348270738396,1
site_e726c7cce5,2026-03-10T14:45:00+00:00,0.45511825531791456,1
site_e726c7cce5,2026-03-10T15:00:00+00:00,0.4032419637893366,1
site_e726c7cce5,2026-03-10T15:15:00+00:00,0.3507534449778937,1
site_e726c7cce5,2026-03-10T15:30:00+00:00,0.39032953832019124,1
site_e726c7cce5,2026-03-10T15:45:00+00:00,0.38932547752554697,1
site_e726c7cce5,2026-03-10T16:00:00+00:00,0.23293504853449631,1
site_e726c7cce5,2026-03-10T16:15:00+00:00,0.3162145403447898,1
site_e726c7cce5,2026-03-10T16:30:00+00:00,0.3648985578091501,1
site_e726c7cce5,2026-03-10T16:45:00+00:00,0.350972721835012,1
site_e726c7cce5,2026-03-10T17:00:00+00:00,0.36861735097193826,1
site_e726c7cce5,2026-03-10T17:15:00+00:00,0.40921179615058884,1
site_e726c7cce5,2026-03-10T17:30:00+00:00,0.3794603443007517,1
site_e726c7cce5,2026-03-10T17:45:00+00:00,0.28997178971827586,1
site_e726c7cce5,2026-03-10T18:00:00+00:00,0.35303853517670514,1
site_e726c7cce5,2026-03-10T18:15:00+00:00,0.5146853507761328,1
site_e726c7cce5,2026-03-10T18:30:00+00:00,0.33750294319947727,1
site_e726c7cce5,2026-03-10T18:45:00+00:00,0.34711966569496305,1
site_e726c7cce5,2026-03-10T19:00:00+00:00,0.41911264365167966,1
site_e726c7cce5,2026-03-10T19:15:00+00:00,0.5027588247145136,1
site_e726c7cce5,2026-03-10T19:30:00+00:00,0.45098759293269325,1
site_e726c7cce5,2026-03-10T19:45:00+00:00,0.40685598951418983,1
site_e726c7cce5,2026-03-10T20:00:00+00:00,0.47998730786132887,1
site_e726c7cce5,2026-03-10T20:15:00+00:00,0.3557205992541392,1
site_e726c7cce5,2026-03-10T20:30:00+00:00,0.3182754557597686,1
site_e726c7cce5,2026-03-10T20:45:00+00:00,0.36703655123340645,1
site_e726c7cce5,2026-03-10T21:00:00+00:00,0.33287715317442346,1
site_e726c7cce5,2026-03-10T21:15:00+00:00,0.23778316555034246,1
site_e726c7cce5,2026-03-10T21:30:00+00:00,0.18968706894354387,0
site_e726c7cce5,2026-03-10T21:45:00+00:00,0.29697917085989606,1
site_e726c7cce5,2026-03-10T22:00:00+00:00,0.35757529102355556,1
site_e726c7cce5,2026-03-10T22:15:00+00:00,0.2730337757890831,1
site_e726c7cce5,2026-03-10T22:30:00+00:00,0.3105025706338438,1
site_e726c7cce5,2026-03-10T22:45:00+00:00,0.2012746499845107,1
site_e726c7cce5,2026-03-10T23:00:00+00:00,0.3284152432936019,1
site_e726c7cce5,2026-03-10T23:15:00+00:00,0.3619889597867284,1
site_e726c7cce5,2026-03-10T23:30:00+00:00,0.28104468182650266,1
site_e726c7cce5,2026-03-10T23:45:00+00:00,0.26236400204165417,1
site_e726c7cce5,2026-03-11T00:00:00+00:00,0.3063253251688038,1
site_e726c7cce5,2026-03-11T00:15:00+00:00,0.2449965008996866,1
site_e726c7cce5,2026-03-11T00:30:00+00:00,0.269584428796663,1
site_e726c7cce5,2026-03-11T00:45:00+00:00,0.40035865625003786,1
site_e726c7cce5,2026-03-11T01:00:00+00:00,0.2925474020496791,1
site_e726c7cce5,2026-03-11T01:15:00+00:00,0.27027960157483105,1
site_e726c7cce5,2026-03-11T01:30:00+00:00,0.32722664973503085,1
site_e726c7cce5,2026-03-11T01:45:00+00:00,0.24257406432874742,1
site_e726c7cce5,2026-03-11T02:00:00+00:00,0.27834938468774795,1
site_e726c7cce5,2026-03-11T02:15:00+00:00,0.2420359094071649,1
site_e726c7cce5,2026-03-11T02:30:00+00:00,0.2002868515314953,1
site_e726c7cce5,2026-03-11T02:45:00+00:00,0.22529163271597197,1
site_e726c7cce5,2026-03-11T03:00:00+00:00,0.2804122800692672,1
site_e726c7cce5,2026-03-11T03:15:00+00:00,0.33932612170230236,1
site_e726c7cce5,2026-03-11T03:30:00+00:00,0.28526877933490385,1
site_e726c7cce5,2026-03-11T03:45:00+00:00,0.3024401052104198,1
site_e726c7cce5,2026-03-11T04:00:00+00:00,0.3096882515263634,1
site_e726c7cce5,2026-03-11T04:15:00+00:00,0.37144296937116433,1
site_e726c7cce5,2026-03-11T04:30:00+00:00,0.35312326838777186,1
site_e726c7cce5,2026-03-11T04:45:00+00:00,0.3339541850097268,1
site_e726c7cce5,2026-03-11T05:00:00+00:00,0.2886609377484883,1
site_e726c7cce5,2026-03-11T05:15:00+00:00,0.37781823361540445,1
site_e726c7cce5,2026-03-11T05:30:00+00:00,0.36125223154730546,1
site_e726c7cce5,2026-03-11T05:45:00+00:00,0.31599738640947833,1
site_e726c7cce5,2026-03-11T06:00:00+00:00,0.3853120611605413,1
site_e726c7cce5,2026-03-11T06:15:00+00:00,0.4034673080803962,1
site_e726c7cce5,2026-03-11T06:30:00+00:00,0.4480460096453946,1
site_e726c7cce5,2026-03-11T06:45:00+00:00,0.2636239538992108,1
site_e726c7cce5,2026-03-11T07:00:00+00:00,0.27432316702477805,1
site_e726c7cce5,2026-03-11T07:15:00+00:00,0.2498701080233053,1
site_e726c7cce5,2026-03-11T07:30:00+00:00,0.31740907668627844,1
site_e726c7cce5,2026-03-11T07:45:00+00:00,0.24395947467877033,1
site_e726c7cce5,2026-03-11T08:00:00+00:00,0.31681646342744235,1
site_e726c7cce5,2026-03-11T08:15:00+00:00,0.3240020743462612,1
site_e726c7cce5,2026-03-11T08:30:00+00:00,0.343209304558036,1
site_e726c7cce5,2026-03-11T08:45:00+00:00,0.2586603475407907,1
site_e726c7cce5,2026-03-11T09:00:00+00:00,0.2735990349843732,1
site_e726c7cce5,2026-03-11T09:15:00+00:00,0.36462048732271596,1
site_e726c7cce5,2026-03-11T09:30:00+00:00,0.37648814884699966,1
site_e726c7cce5,2026-03-11T09:45:00+00:00,0.27079140757127246,1
site_e726c7cce5,2026-03-11T10:00:00+00:00,0.3224582516132166,1
site_e726c7cce5,2026-03-11T10:15:00+00:00,0.3393068078811122,1
site_e726c7cce5,2026-03-11T10:30:00+00:00,0.30711493075744545,1
site_e726c7cce5,2026-03-11T10:45:00+00:00,0.30853160683723957,1
site_e726c7cce5,2026-03-11T11:00:00+00:00,0.382760187092587,1
site_e726c7cce5,2026-03-11T11:15:00+00:00,0.2990806659851679,1
site_e726c7cce5,2026-03-11T11:30:00+00:00,0.24208932739186614,1
site_e726c7cce5,2026-03-11T11:45:00+00:00,0.2548030628515432,1
site_e726c7cce5,2026-03-11T12:00:00+00:00,0.24610127116852393,1
site_e726c7cce5,2026-03-11T12:15:00+00:00,0.30628774559176136,1
site_e726c7cce5,2026-03-11T12:30:00+00:00,0.22935549996712729,1
site_e726c7cce5,2026-03-11T12:45:00+00:00,0.2542009364198806,1
site_e726c7cce5,2026-03-11T13:00:00+00:00,0.2508394132804631,1
site_e726c7cce5,2026-03-11T13:15:00+00:00,0.30662711758214056,1
site_e726c7cce5,2026-03-11T13:30:00+00:00,0.2895051782302385,1
site_e726c7cce5,2026-03-11T13:45:00+00:00,0.3998459388707284,1
site_e726c7cce5,2026-03-11T14:00:00+00:00,0.2868611415025729,1
site_e726c7cce5,2026-03-11T14:15:00+00:00,0.30635148352190444,1
site_e726c7cce5,2026-03-11T14:30:00+00:00,0.21173724068068617,1
site_e726c7cce5,2026-03-11T14:45:00+00:00,0.20155243873498763,1
site_e726c7cce5,2026-03-11T15:00:00+00:00,0.24094649604465007,1
site_e726c7cce5,2026-03-11T15:15:00+00:00,0.18211008398109718,0
site_e726c7cce5,2026-03-11T15:30:00+00:00,0.2365254376052814,1
site_e726c7cce5,2026-03-11T15:45:00+00:00,0.32244414964678103,1
site_e726c7cce5,2026-03-11T16:00:00+00:00,0.2699450884036573,1
site_e726c7cce5,2026-03-11T16:15:00+00:00,0.27139449532251064,1
site_e726c7cce5,2026-03-11T16:30:00+00:00,0.3013893414195448,1
site_e726c7cce5,2026-03-11T16:45:00+00:00,0.20804526624161623,1
site_e726c7cce5,2026-03-11T17:00:00+00:00,0.3072000944461772,1
site_e726c7cce5,2026-03-11T17:15:00+00:00,0.2246971041387661,1
site_e726c7cce5,2026-03-11T17:30:00+00:00,0.2442913093365631,1
site_e726c7cce5,2026-03-11T17:45:00+00:00,0.2280491191807219,1
site_e726c7cce5,2026-03-11T18:00:00+00:00,0.26450983569938213,1
site_e726c7cce5,2026-03-11T18:15:00+00:00,0.5977494243259944,1
site_e726c7cce5,2026-03-11T18:30:00+00:00,0.29305150496756827,1
site_e726c7cce5,2026-03-11T18:45:00+00:00,0.2383097934128314,1
site_e726c7cce5,2026-03-11T19:00:00+00:00,0.22017343334109787,1
site_e726c7cce5,2026-03-11T19:15:00+00:00,0.26318917344286946,1
site_e726c7cce5,2026-03-11T19:30:00+00:00,0.23653542385828996,1
site_e726c7cce5,2026-03-11T19:45:00+00:00,0.30050936510734017,1
site_e726c7cce5,2026-03-11T20:00:00+00:00,0.3117400939352119,1
site_e726c7cce5,2026-03-11T20:15:00+00:00,0.19327540969513277,0
site_e726c7cce5,2026-03-11T20:30:00+00:00,0.13592118217604088,0
site_e726c7cce5,2026-03-11T20:45:00+00:00,0.2520449729377445,1
site_e726c7cce5,2026-03-11T21:00:00+00:00,0.24463396731276157,1
site_e726c7cce5,2026-03-11T21:15:00+00:00,0.21421601877404226,1
site_e726c7cce5,2026-03-11T21:30:00+00:00,0.23100900455180998,1
site_e726c7cce5,2026-03-11T21:45:00+00:00,0.1681673623748209,0
site_e726c7cce5,2026-03-11T22:00:00+00:00,0.168389064577774,0
site_e726c7cce5,2026-03-11T22:15:00+00:00,0.18340853707269442,0
site_e726c7cce5,2026-03-11T22:30:00+00:00,0.22324626017659138,1
site_e726c7cce5,2026-03-11T22:45:00+00:00,0.1983094721116194,0
site_e726c7cce5,2026-03-11T23:00:00+00:00,0.1544166166870993,0
site_e726c7cce5,2026-03-11T23:15:00+00:00,0.20041325768616425,1
site_e726c7cce5,2026-03-11T23:30:00+00:00,0.18576179637127951,0
site_e726c7cce5,2026-03-11T23:45:00+00:00,0.13355245127419715,0
site_e726c7cce5,2026-03-12T00:00:00+00:00,0.15811329798688786,0
site_e726c7cce5,2026-03-12T00:15:00+00:00,0.24589349560997797,1
site_e726c7cce5,2026-03-12T00:30:00+00:00,0.20683063085175207,1
site_e726c7cce5,2026-03-12T00:45:00+00:00,0.12393376225062579,0
site_e726c7cce5,2026-03-12T01:00:00+00:00,0.1303765194918364,0
site_e726c7cce5,2026-03-12T01:15:00+00:00,0.13187979954342888,0
site_e726c7cce5,2026-03-12T01:30:00+00:00,0.13675586183207303,0
site_e726c7cce5,2026-03-12T01:45:00+00:00,0.10093453579691056,0
site_e726c7cce5,2026-03-12T02:00:00+00:00,0.25103632458987174,1
site_e726c7cce5,2026-03-12T02:15:00+00:00,0.23179423433465188,1
site_e726c7cce5,2026-03-12T02:30:00+00:00,0.20892355123883105,1
site_e726c7cce5,2026-03-12T02:45:00+00:00,0.24678666376724573,1
site_e726c7cce5,2026-03-12T03:00:00+00:00,0.18345569634236097,0
site_e726c7cce5,2026-03-12T03:15:00+00:00,0.2455165560904346,1
site_e726c7cce5,2026-03-12T03:30:00+00:00,0.26389878396637007,1
site_e726c7cce5,2026-03-12T03:45:00+00:00,0.20496280017548388,1
site_e726c7cce5,2026-03-12T04:00:00+00:00,0.2732698909211639,1
site_e726c7cce5,2026-03-12T04:15:00+00:00,0.25758071939842675,1
site_e726c7cce5,2026-03-12T04:30:00+00:00,0.2639154021147521,1
site_e726c7cce5,2026-03-12T04:45:00+00:00,0.22755319941758645,1
site_e726c7cce5,2026-03-12T05:00:00+00:00,0.19456476549280216,0
site_e726c7cce5,2026-03-12T05:15:00+00:00,0.31079011268550955,1
site_e726c7cce5,2026-03-12T05:30:00+00:00,0.19897642903334362,0
site_e726c7cce5,2026-03-12T05:45:00+00:00,0.205447618479135,1
site_e726c7cce5,2026-03-12T06:00:00+00:00,0.28008622553603335,1
site_e726c7cce5,2026-03-12T06:15:00+00:00,0.2193014262035789,1
site_e726c7cce5,2026-03-12T06:30:00+00:00,0.31231041436136814,1
site_e726c7cce5,2026-03-12T06:45:00+00:00,0.2873030738409794,1
site_e726c7cce5,2026-03-12T07:00:00+00:00,0.3426674571975988,1
site_e726c7cce5,2026-03-12T07:15:00+00:00,0.3997437817037423,1
site_e726c7cce5,2026-03-12T07:30:00+00:00,0.4679701713452972,1
site_e726c7cce5,2026-03-12T07:45:00+00:00,0.32859342323342977,1
site_e726c7cce5,2026-03-12T08:00:00+00:00,0.3099310882148078,1
site_e726c7cce5,2026-03-12T08:15:00+00:00,0.34096820879197576,1
site_e726c7cce5,2026-03-12T08:30:00+00:00,0.3471531088799248,1
site_e726c7cce5,2026-03-12T08:45:00+00:00,0.24477430419438606,1
site_e726c7cce5,2026-03-12T09:00:00+00:00,0.35397769810546514,1
site_e726c7cce5,2026-03-12T09:15:00+00:00,0.32772840911147905,1
site_e726c7cce5,2026-03-12T09:30:00+00:00,0.3694285502795128,1
site_e726c7cce5,2026-03-12T09:45:00+00:00,0.3426768014866247,1
site_e726c7cce5,2026-03-12T10:00:00+00:00,0.34643201703875637,1
site_e726c7cce5,2026-03-12T10:15:00+00:00,0.32658749147515237,1
site_e726c7cce5,2026-03-12T10:30:00+00:00,0.2866401601416791,1
site_e726c7cce5,2026-03-12T10:45:00+00:00,0.3395870906981653,1
site_e726c7cce5,2026-03-12T11:00:00+00:00,0.3249954573810796,1
site_e726c7cce5,2026-03-12T11:15:00+00:00,0.37374407530733245,1
site_e726c7cce5,2026-03-12T11:30:00+00:00,0.3665421534838057,1
site_e726c7cce5,2026-03-12T11:45:00+00:00,0.3891963748179871,1
site_e726c7cce5,2026-03-12T12:00:00+00:00,0.36134321473895653,1
site_e726c7cce5,2026-03-12T12:15:00+00:00,0.41257265008830557,1
site_e726c7cce5,2026-03-12T12:30:00+00:00,0.3237736595420535,1
site_e726c7cce5,2026-03-12T12:45:00+00:00,0.3169178920334291,1
site_e726c7cce5,2026-03-12T13:00:00+00:00,0.3759979809887387,1
site_e726c7cce5,2026-03-12T13:15:00+00:00,0.31002650820468414,1
site_e726c7cce5,2026-03-12T13:30:00+00:00,0.2907869828283404,1
site_e726c7cce5,2026-03-12T13:45:00+00:00,0.2649411176811178,1
site_e726c7cce5,2026-03-12T14:00:00+00:00,0.34672128144696746,1
site_e726c7cce5,2026-03-12T14:15:00+00:00,0.28780794575035895,1
site_e726c7cce5,2026-03-12T14:30:00+00:00,0.37135094643139294,1
site_e726c7cce5,2026-03-12T14:45:00+00:00,0.4122188504506584,1
site_e726c7cce5,2026-03-12T15:00:00+00:00,0.33157488503366506,1
site_e726c7cce5,2026-03-12T15:15:00+00:00,0.2741575276702828,1
site_e726c7cce5,2026-03-12T15:30:00+00:00,0.2644565080179937,1
site_e726c7cce5,2026-03-12T15:45:00+00:00,0.25102274283058923,1
site_e726c7cce5,2026-03-12T16:00:00+00:00,0.20473381796321644,1
site_e726c7cce5,2026-03-12T16:15:00+00:00,0.19717685831674794,0
site_e726c7cce5,2026-03-12T16:30:00+00:00,0.2353622455118738,1
site_e726c7cce5,2026-03-12T16:45:00+00:00,0.2375794111348941,1
site_e726c7cce5,2026-03-12T17:00:00+00:00,0.24378624804449664,1
site_f5bcf8a88a,2026-02-18T14:15:00+00:00,0.0,0
site_f5bcf8a88a,2026-02-18T14:30:00+00:00,0.0,0
site_f5bcf8a88a,2026-02-18T14:45:00+00:00,0.0,0
site_f5bcf8a88a,2026-02-18T15:00:00+00:00,0.0,0
site_f5bcf8a88a,2026-02-18T15:15:00+00:00,0.25231377001586186,1
site_f5bcf8a88a,2026-02-18T15:30:00+00:00,0.29225564512847235,1
site_f5bcf8a88a,2026-02-18T15:45:00+00:00,0.3235646909352177,1
site_f5bcf8a88a,2026-02-18T16:00:00+00:00,0.27329925380449394,1
site_f5bcf8a88a,2026-02-18T16:15:00+00:00,0.1937765639870836,0
site_f5bcf8a88a,2026-02-18T16:30:00+00:00,0.20394441841646443,1
site_f5bcf8a88a,2026-02-18T16:45:00+00:00,0.26521019981495597,1
site_f5bcf8a88a,2026-02-18T17:00:00+00:00,0.2848083818625839,1
site_f5bcf8a88a,2026-02-18T17:15:00+00:00,0.25102441356594135,1
site_f5bcf8a88a,2026-02-18T17:30:00+00:00,0.24803100120192176,1
site_f5bcf8a88a,2026-02-18T17:45:00+00:00,0.23307743195542424,1
site_f5bcf8a88a,2026-02-18T18:00:00+00:00,0.22037919476134227,1
site_f5bcf8a88a,2026-02-18T18:15:00+00:00,0.2535779668605116,1
site_f5bcf8a88a,2026-02-18T18:30:00+00:00,0.22770595774577318,1
site_f5bcf8a88a,2026-02-18T18:45:00+00:00,0.13718675240573958,0
site_f5bcf8a88a,2026-02-18T19:00:00+00:00,0.11353285771844471,0
site_f5bcf8a88a,2026-02-18T20:15:00+00:00,0.0,0
site_f5bcf8a88a,2026-02-18T20:30:00+00:00,0.0,0
site_f5bcf8a88a,2026-02-18T23:15:00+00:00,0.0,0
site_f5bcf8a88a,2026-02-19T13:45:00+00:00,0.0,0
site_f5bcf8a88a,2026-02-19T14:00:00+00:00,0.0,0
site_f5bcf8a88a,2026-02-19T14:15:00+00:00,0.2700575704530885,1
site_f5bcf8a88a,2026-02-19T14:30:00+00:00,0.3128600602404667,1
site_f5bcf8a88a,2026-02-19T14:45:00+00:00,0.3100551315511528,1
site_f5bcf8a88a,2026-02-19T15:00:00+00:00,0.15873869990418282,0
site_f5bcf8a88a,2026-02-19T15:15:00+00:00,0.16018203929404884,0
site_f5bcf8a88a,2026-02-19T15:30:00+00:00,0.16583197646649278,0
site_f5bcf8a88a,2026-02-19T15:45:00+00:00,0.21440085067481712,1
site_f5bcf8a88a,2026-02-19T16:00:00+00:00,0.2372213578061775,1
site_f5bcf8a88a,2026-02-19T16:15:00+00:00,0.20675078057282162,1
site_f5bcf8a88a,2026-02-19T16:30:00+00:00,0.20915728277900578,1
site_f5bcf8a88a,2026-02-19T16:45:00+00:00,0.18295520872559828,0
site_f5bcf8a88a,2026-02-19T17:00:00+00:00,0.20117122105117718,1
site_f5bcf8a88a,2026-02-19T17:15:00+00:00,0.25328776140070935,1
site_f5bcf8a88a,2026-02-19T17:30:00+00:00,0.2324140941495264,1
site_f5bcf8a88a,2026-02-19T17:45:00+00:00,0.179159645554367,0
site_f5bcf8a88a,2026-02-19T18:00:00+00:00,0.19704596412741093,0
site_f5bcf8a88a,2026-02-19T18:15:00+00:00,0.19907772287674824,0
site_f5bcf8a88a,2026-02-19T18:30:00+00:00,0.16679164992547063,0
site_f5bcf8a88a,2026-02-19T18:45:00+00:00,0.15430997273485778,0
site_f5bcf8a88a,2026-02-19T19:00:00+00:00,0.24963521780028936,1
site_f5bcf8a88a,2026-02-19T19:15:00+00:00,0.2990047248453043,1
site_f5bcf8a88a,2026-02-19T19:30:00+00:00,0.4061069217713687,1
site_f5bcf8a88a,2026-02-19T19:45:00+00:00,0.4276413508566161,1
site_f5bcf8a88a,2026-02-19T20:00:00+00:00,0.4280960419327102,1
site_f5bcf8a88a,2026-02-19T20:15:00+00:00,0.33369049685784646,1
site_f5bcf8a88a,2026-02-19T20:30:00+00:00,0.4293395781873346,1
site_f5bcf8a88a,2026-02-19T20:45:00+00:00,0.4821540189004125,1
site_f5bcf8a88a,2026-02-19T21:00:00+00:00,0.43007001227065456,1
site_f5bcf8a88a,2026-02-19T21:15:00+00:00,0.40982785885909356,1
site_f5bcf8a88a,2026-02-19T21:30:00+00:00,0.4035369061065758,1
site_f5bcf8a88a,2026-02-19T21:45:00+00:00,0.32977389286299813,1
site_f5bcf8a88a,2026-02-19T22:00:00+00:00,0.31421203586429974,1
site_f5bcf8a88a,2026-02-19T22:15:00+00:00,0.30265585483182417,1
site_f5bcf8a88a,2026-02-19T22:30:00+00:00,0.3581194731716596,1
site_f5bcf8a88a,2026-02-19T22:45:00+00:00,0.31718907565168875,1
site_f5bcf8a88a,2026-02-19T23:00:00+00:00,0.2819286839516393,1
site_f5bcf8a88a,2026-02-19T23:15:00+00:00,0.30113085557952074,1
site_f5bcf8a88a,2026-02-19T23:30:00+00:00,0.26963697813155907,1
site_f5bcf8a88a,2026-02-19T23:45:00+00:00,0.20895196813601977,1
site_f5bcf8a88a,2026-02-20T00:00:00+00:00,0.17419389558860476,0
site_f5bcf8a88a,2026-02-20T00:15:00+00:00,0.17283263054715914,0
site_f5bcf8a88a,2026-02-20T00:30:00+00:00,0.1699776861212864,0
site_f5bcf8a88a,2026-02-20T00:45:00+00:00,0.10575731871215827,0
site_f5bcf8a88a,2026-02-20T01:00:00+00:00,0.09982495761009103,0
site_f5bcf8a88a,2026-02-20T01:15:00+00:00,0.19560118192639295,0
site_f5bcf8a88a,2026-02-20T01:30:00+00:00,0.09125714055381691,0
site_f5bcf8a88a,2026-02-20T01:45:00+00:00,0.10962857380401128,0
site_f5bcf8a88a,2026-02-20T02:00:00+00:00,0.10406439103038526,0
site_f5bcf8a88a,2026-02-20T02:15:00+00:00,0.07506138663571756,0
site_f5bcf8a88a,2026-02-20T02:30:00+00:00,0.09574492185321683,0
site_f5bcf8a88a,2026-02-20T02:45:00+00:00,0.11066112697799611,0
site_f5bcf8a88a,2026-02-20T03:00:00+00:00,0.13459259763151582,0
site_f5bcf8a88a,2026-02-20T03:15:00+00:00,0.20443494714744473,1
site_f5bcf8a88a,2026-02-20T03:30:00+00:00,0.2042180939756807,1
site_f5bcf8a88a,2026-02-20T03:45:00+00:00,0.17570841536115264,0
site_f5bcf8a88a,2026-02-20T04:00:00+00:00,0.18632336931618476,0
site_f5bcf8a88a,2026-02-20T04:15:00+00:00,0.2141651482877613,1
site_f5bcf8a88a,2026-02-20T04:30:00+00:00,0.14517487198661735,0
site_f5bcf8a88a,2026-02-20T04:45:00+00:00,0.2219997165060028,1
site_f5bcf8a88a,2026-02-20T05:00:00+00:00,0.23399197716949982,1
site_f5bcf8a88a,2026-02-20T05:15:00+00:00,0.21972163779110232,1
site_f5bcf8a88a,2026-02-20T05:30:00+00:00,0.25505088529033937,1
site_f5bcf8a88a,2026-02-20T05:45:00+00:00,0.20793717399149309,1
site_f5bcf8a88a,2026-02-20T06:00:00+00:00,0.2721768381932735,1
site_f5bcf8a88a,2026-02-20T06:15:00+00:00,0.2305517389213387,1
site_f5bcf8a88a,2026-02-20T06:30:00+00:00,0.2766733946483038,1
site_f5bcf8a88a,2026-02-20T06:45:00+00:00,0.2150766355741509,1
site_f5bcf8a88a,2026-02-20T07:00:00+00:00,0.21977438037917374,1
site_f5bcf8a88a,2026-02-20T07:15:00+00:00,0.14429635288771173,0
site_f5bcf8a88a,2026-02-20T07:30:00+00:00,0.22739151596080984,1
site_f5bcf8a88a,2026-02-20T07:45:00+00:00,0.2372209009328571,1
site_f5bcf8a88a,2026-02-20T08:00:00+00:00,0.23943613612011613,1
site_f5bcf8a88a,2026-02-20T08:15:00+00:00,0.20038197870045546,1
site_f5bcf8a88a,2026-02-20T08:30:00+00:00,0.17654599168172913,0
site_f5bcf8a88a,2026-02-20T08:45:00+00:00,0.22782903353361333,1
site_f5bcf8a88a,2026-02-20T09:00:00+00:00,0.2406858890946424,1
site_f5bcf8a88a,2026-02-20T09:15:00+00:00,0.19354752313554338,0
site_f5bcf8a88a,2026-02-20T09:30:00+00:00,0.25610265801723137,1
site_f5bcf8a88a,2026-02-20T09:45:00+00:00,0.22071706176009387,1
site_f5bcf8a88a,2026-02-20T10:00:00+00:00,0.2944688492573845,1
site_f5bcf8a88a,2026-02-20T10:15:00+00:00,0.29366020752097854,1
site_f5bcf8a88a,2026-02-20T10:30:00+00:00,0.24033544479476018,1
site_f5bcf8a88a,2026-02-20T10:45:00+00:00,0.27407093964928203,1
site_f5bcf8a88a,2026-02-20T11:00:00+00:00,0.27839842534258596,1
site_f5bcf8a88a,2026-02-20T11:15:00+00:00,0.28438774207435624,1
site_f5bcf8a88a,2026-02-20T11:30:00+00:00,0.23982218427870058,1
site_f5bcf8a88a,2026-02-20T11:45:00+00:00,0.3054407826721529,1
site_f5bcf8a88a,2026-02-20T12:00:00+00:00,0.32441509769842813,1
site_f5bcf8a88a,2026-02-20T12:15:00+00:00,0.3178909496520539,1
site_f5bcf8a88a,2026-02-20T12:30:00+00:00,0.2969063707984164,1
site_f5bcf8a88a,2026-02-20T12:45:00+00:00,0.35693681281688033,1
site_f5bcf8a88a,2026-02-20T13:00:00+00:00,0.30661650341692315,1
site_f5bcf8a88a,2026-02-20T13:15:00+00:00,0.3189501273821357,1
site_f5bcf8a88a,2026-02-20T13:30:00+00:00,0.32924837501128157,1
site_f5bcf8a88a,2026-02-20T13:45:00+00:00,0.26850909232812936,1
site_f5bcf8a88a,2026-02-20T14:00:00+00:00,0.2310867615221102,1
site_f5bcf8a88a,2026-02-20T14:15:00+00:00,0.2609298132127955,1
site_f5bcf8a88a,2026-02-20T14:30:00+00:00,0.2803930918624516,1
site_f5bcf8a88a,2026-02-20T14:45:00+00:00,0.26982654812185014,1
site_f5bcf8a88a,2026-02-20T15:00:00+00:00,0.24654142178315677,1
site_f5bcf8a88a,2026-02-20T15:15:00+00:00,0.20239054868345663,1
site_f5bcf8a88a,2026-02-20T15:30:00+00:00,0.2201213984075511,1
site_f5bcf8a88a,2026-02-20T15:45:00+00:00,0.21381635796344484,1
site_f5bcf8a88a,2026-02-20T16:00:00+00:00,0.24123324000221139,1
site_f5bcf8a88a,2026-02-20T16:15:00+00:00,0.264811617283414,1
site_f5bcf8a88a,2026-02-20T16:30:00+00:00,0.22365171773502868,1
site_f5bcf8a88a,2026-02-20T16:45:00+00:00,0.20458198887976142,1
site_f5bcf8a88a,2026-02-20T17:00:00+00:00,0.20262300182326393,1
site_f5bcf8a88a,2026-02-20T17:15:00+00:00,0.19767058828917156,0
site_f5bcf8a88a,2026-02-20T17:30:00+00:00,0.2054869070335018,1
site_f5bcf8a88a,2026-02-20T17:45:00+00:00,0.18233879614922982,0
site_f5bcf8a88a,2026-02-20T18:00:00+00:00,0.2236361526884241,1
site_f5bcf8a88a,2026-02-20T18:15:00+00:00,0.20679381180244025,1
site_f5bcf8a88a,2026-02-20T18:30:00+00:00,0.2856622213497971,1
site_f5bcf8a88a,2026-02-20T18:45:00+00:00,0.30826645173589007,1
site_f5bcf8a88a,2026-02-20T19:00:00+00:00,0.3116134563406622,1
site_f5bcf8a88a,2026-02-20T19:15:00+00:00,0.36227774699921983,1
site_f5bcf8a88a,2026-02-20T19:30:00+00:00,0.3602372248849644,1
site_f5bcf8a88a,2026-02-20T19:45:00+00:00,0.3427776831644227,1
site_f5bcf8a88a,2026-02-20T20:00:00+00:00,0.27817004614322294,1
site_f5bcf8a88a,2026-02-20T20:15:00+00:00,0.2951814605017218,1
site_f5bcf8a88a,2026-02-20T20:30:00+00:00,0.2603543626500978,1
site_f5bcf8a88a,2026-02-20T20:45:00+00:00,0.21730758137822492,1
site_f5bcf8a88a,2026-02-20T21:00:00+00:00,0.20062349527259138,1
site_f5bcf8a88a,2026-02-20T21:15:00+00:00,0.18550934442666503,0
site_f5bcf8a88a,2026-02-20T21:30:00+00:00,0.20908759240991096,1
site_f5bcf8a88a,2026-02-20T21:45:00+00:00,0.24448324200189026,1
site_f5bcf8a88a,2026-02-20T22:00:00+00:00,0.2304073299113208,1
site_f5bcf8a88a,2026-02-20T22:15:00+00:00,0.2922441062659683,1
site_f5bcf8a88a,2026-02-20T22:30:00+00:00,0.25431788900693647,1
site_f5bcf8a88a,2026-02-20T22:45:00+00:00,0.2360559866145658,1
site_f5bcf8a88a,2026-02-20T23:00:00+00:00,0.24786545440611765,1
site_f5bcf8a88a,2026-02-20T23:15:00+00:00,0.239319224574164,1
site_f5bcf8a88a,2026-02-20T23:30:00+00:00,0.2580023421581161,1
site_f5bcf8a88a,2026-02-20T23:45:00+00:00,0.2326592280261533,1
site_f5bcf8a88a,2026-02-21T00:00:00+00:00,0.1375771307240818,0
site_f5bcf8a88a,2026-02-21T00:15:00+00:00,0.16215252002999792,0
site_f5bcf8a88a,2026-02-21T00:30:00+00:00,0.19098844041539725,0
site_f5bcf8a88a,2026-02-21T00:45:00+00:00,0.21101103206564054,1
site_f5bcf8a88a,2026-02-21T01:00:00+00:00,0.2529960328643595,1
site_f5bcf8a88a,2026-02-21T01:15:00+00:00,0.24157431270984078,1
site_f5bcf8a88a,2026-02-21T01:30:00+00:00,0.27838970909706934,1
site_f5bcf8a88a,2026-02-21T01:45:00+00:00,0.280738095945803,1
site_f5bcf8a88a,2026-02-21T02:00:00+00:00,0.22528350263375946,1
site_f5bcf8a88a,2026-02-21T02:15:00+00:00,0.2655599483726418,1
site_f5bcf8a88a,2026-02-21T02:30:00+00:00,0.19488449518415668,0
site_f5bcf8a88a,2026-02-21T02:45:00+00:00,0.20832788959913065,1
site_f5bcf8a88a,2026-02-21T03:00:00+00:00,0.20314773056771854,1
site_f5bcf8a88a,2026-02-21T03:15:00+00:00,0.1777892027807132,0
site_f5bcf8a88a,2026-02-21T03:30:00+00:00,0.10894135920457289,0
site_f5bcf8a88a,2026-02-21T03:45:00+00:00,0.12411550021578481,0
site_f5bcf8a88a,2026-02-21T04:00:00+00:00,0.14142779865871838,0
site_f5bcf8a88a,2026-02-21T04:15:00+00:00,0.16072212371047687,0
site_f5bcf8a88a,2026-02-21T04:30:00+00:00,0.17558710996833643,0
site_f5bcf8a88a,2026-02-21T04:45:00+00:00,0.08288656421465172,0
site_f5bcf8a88a,2026-02-21T05:00:00+00:00,0.21615695054830478,1
site_f5bcf8a88a,2026-02-21T05:15:00+00:00,0.16791148412469892,0
site_f5bcf8a88a,2026-02-21T05:30:00+00:00,0.2123276648109628,1
site_f5bcf8a88a,2026-02-21T05:45:00+00:00,0.1319568014733981,0
site_f5bcf8a88a,2026-02-21T06:00:00+00:00,0.1453133035327909,0
site_f5bcf8a88a,2026-02-21T06:15:00+00:00,0.13408987026200522,0
site_f5bcf8a88a,2026-02-21T06:30:00+00:00,0.1675025122612007,0
site_f5bcf8a88a,2026-02-21T06:45:00+00:00,0.16967294730773058,0
site_f5bcf8a88a,2026-02-21T07:00:00+00:00,0.18053372256519176,0
site_f5bcf8a88a,2026-02-21T07:15:00+00:00,0.16846034551632597,0
site_f5bcf8a88a,2026-02-21T07:30:00+00:00,0.14023260287899886,0
site_f5bcf8a88a,2026-02-21T07:45:00+00:00,0.19384357385891,0
site_f5bcf8a88a,2026-02-21T08:00:00+00:00,0.1609246255158782,0
site_f5bcf8a88a,2026-02-21T08:15:00+00:00,0.13984232454893417,0
site_f5bcf8a88a,2026-02-21T08:30:00+00:00,0.1894419963647883,0
site_f5bcf8a88a,2026-02-21T08:45:00+00:00,0.1679840939045159,0
site_f5bcf8a88a,2026-02-21T09:00:00+00:00,0.3464855536383178,1
site_f5bcf8a88a,2026-02-21T09:15:00+00:00,0.194329743018933,0
site_f5bcf8a88a,2026-02-21T09:30:00+00:00,0.13981325389233887,0
site_f5bcf8a88a,2026-02-21T09:45:00+00:00,0.17666158851931876,0
site_f5bcf8a88a,2026-02-21T10:00:00+00:00,0.12589605081363173,0
site_f5bcf8a88a,2026-02-21T10:15:00+00:00,0.121533189077326,0
site_f5bcf8a88a,2026-02-21T10:30:00+00:00,0.10547298455140641,0
site_f5bcf8a88a,2026-02-21T10:45:00+00:00,0.19541537070311693,0
site_f5bcf8a88a,2026-02-21T11:00:00+00:00,0.23386396393302175,1
site_f5bcf8a88a,2026-02-21T11:15:00+00:00,0.1706873109960758,0
site_f5bcf8a88a,2026-02-21T11:30:00+00:00,0.12433019906177797,0
site_f5bcf8a88a,2026-02-21T11:45:00+00:00,0.15625464512780318,0
site_f5bcf8a88a,2026-02-21T12:00:00+00:00,0.13792695047665846,0
site_f5bcf8a88a,2026-02-21T12:15:00+00:00,0.15172971404906904,0
site_f5bcf8a88a,2026-02-21T12:30:00+00:00,0.20944415783399303,1
site_f5bcf8a88a,2026-02-21T12:45:00+00:00,0.20981003867728035,1
site_f5bcf8a88a,2026-02-21T13:00:00+00:00,0.16375234648097245,0
site_f5bcf8a88a,2026-02-21T13:15:00+00:00,0.1828428173277626,0
site_f5bcf8a88a,2026-02-21T13:30:00+00:00,0.22282594543432424,1
site_f5bcf8a88a,2026-02-21T13:45:00+00:00,0.1840018274476562,0
site_f5bcf8a88a,2026-02-21T14:00:00+00:00,0.12516986828378937,0
site_f5bcf8a88a,2026-02-21T14:15:00+00:00,0.13145663181764355,0
site_f5bcf8a88a,2026-02-21T14:30:00+00:00,0.15259566071736996,0
site_f5bcf8a88a,2026-02-21T14:45:00+00:00,0.12780162653183572,0
site_f5bcf8a88a,2026-02-21T15:00:00+00:00,0.12579433838070353,0
site_f5bcf8a88a,2026-02-21T15:15:00+00:00,0.16594033337412376,0
site_f5bcf8a88a,2026-02-21T15:30:00+00:00,0.09830051911339263,0
site_f5bcf8a88a,2026-02-21T15:45:00+00:00,0.15240890878059468,0
site_f5bcf8a88a,2026-02-21T16:00:00+00:00,0.1382511805166984,0
site_f5bcf8a88a,2026-02-21T16:15:00+00:00,0.16357846801762746,0
site_f5bcf8a88a,2026-02-21T16:30:00+00:00,0.14769757481913698,0
site_f5bcf8a88a,2026-02-21T16:45:00+00:00,0.13686247482775069,0
site_f5bcf8a88a,2026-02-21T17:00:00+00:00,0.16437757215931023,0
site_f5bcf8a88a,2026-02-21T17:15:00+00:00,0.1175007590243621,0
site_f5bcf8a88a,2026-02-21T17:30:00+00:00,0.14917106249154727,0
site_f5bcf8a88a,2026-02-21T17:45:00+00:00,0.1679536631690591,0
site_f5bcf8a88a,2026-02-21T18:00:00+00:00,0.20041316425773298,1
site_f5bcf8a88a,2026-02-21T18:15:00+00:00,0.1981771110430899,0
site_f5bcf8a88a,2026-02-21T18:30:00+00:00,0.18425618999983392,0
site_f5bcf8a88a,2026-02-21T18:45:00+00:00,0.15600088861361702,0
site_f5bcf8a88a,2026-02-21T19:00:00+00:00,0.17278019269086953,0
site_f5bcf8a88a,2026-02-21T19:15:00+00:00,0.16732578951402047,0
site_f5bcf8a88a,2026-02-21T19:30:00+00:00,0.19456548777186877,0
site_f5bcf8a88a,2026-02-21T19:45:00+00:00,0.17991321907471183,0
site_f5bcf8a88a,2026-02-21T20:00:00+00:00,0.1727182473933032,0
site_f5bcf8a88a,2026-02-21T20:15:00+00:00,0.20901036455922528,1
site_f5bcf8a88a,2026-02-21T20:30:00+00:00,0.20840310146406127,1
site_f5bcf8a88a,2026-02-21T20:45:00+00:00,0.24597967074804183,1
site_f5bcf8a88a,2026-02-21T21:00:00+00:00,0.24026673194643972,1
site_f5bcf8a88a,2026-02-21T21:15:00+00:00,0.23319274225671008,1
site_f5bcf8a88a,2026-02-21T21:30:00+00:00,0.23100031774752744,1
site_f5bcf8a88a,2026-02-21T21:45:00+00:00,0.26951353899261293,1
site_f5bcf8a88a,2026-02-21T22:00:00+00:00,0.30833628417921694,1
site_f5bcf8a88a,2026-02-21T22:15:00+00:00,0.283917869058219,1
site_f5bcf8a88a,2026-02-21T22:30:00+00:00,0.23165687230407905,1
site_f5bcf8a88a,2026-02-21T22:45:00+00:00,0.15761398493991902,0
site_f5bcf8a88a,2026-02-21T23:00:00+00:00,0.07277112986138225,0
site_f5bcf8a88a,2026-02-21T23:15:00+00:00,0.12185460059637901,0
site_f5bcf8a88a,2026-02-21T23:30:00+00:00,0.13401699245298934,0
site_f5bcf8a88a,2026-02-21T23:45:00+00:00,0.14108857956774923,0
site_f5bcf8a88a,2026-02-22T00:00:00+00:00,0.23618312533017344,1
site_f5bcf8a88a,2026-02-22T00:15:00+00:00,0.20766041280243513,1
site_f5bcf8a88a,2026-02-22T00:30:00+00:00,0.21790066017005913,1
site_f5bcf8a88a,2026-02-22T00:45:00+00:00,0.24204369480057034,1
site_f5bcf8a88a,2026-02-22T01:00:00+00:00,0.11800304592882249,0
site_f5bcf8a88a,2026-02-22T01:15:00+00:00,0.15100612954245873,0
site_f5bcf8a88a,2026-02-22T01:30:00+00:00,0.10134258247620406,0
site_f5bcf8a88a,2026-02-22T01:45:00+00:00,0.10320222045229933,0
site_f5bcf8a88a,2026-02-22T02:00:00+00:00,0.11224465325259689,0
site_f5bcf8a88a,2026-02-22T02:15:00+00:00,0.10652370268637631,0
site_f5bcf8a88a,2026-02-22T02:30:00+00:00,0.09625222808496162,0
site_f5bcf8a88a,2026-02-22T02:45:00+00:00,0.10411679905965096,0
site_f5bcf8a88a,2026-02-22T03:00:00+00:00,0.10142668652517968,0
site_f5bcf8a88a,2026-02-22T03:15:00+00:00,0.1061624642425533,0
site_f5bcf8a88a,2026-02-22T03:30:00+00:00,0.10766479055795222,0
site_f5bcf8a88a,2026-02-22T03:45:00+00:00,0.10692911041337247,0
site_f5bcf8a88a,2026-02-22T04:00:00+00:00,0.2235770598819272,1
site_f5bcf8a88a,2026-02-22T04:15:00+00:00,0.17723373545421492,0
site_f5bcf8a88a,2026-02-22T04:30:00+00:00,0.12372462949305296,0
site_f5bcf8a88a,2026-02-22T04:45:00+00:00,0.09865122874256882,0
site_f5bcf8a88a,2026-02-22T05:00:00+00:00,0.12990272137443226,0
site_f5bcf8a88a,2026-02-22T05:15:00+00:00,0.13668824165309157,0
site_f5bcf8a88a,2026-02-22T05:30:00+00:00,0.12183757652889672,0
site_f5bcf8a88a,2026-02-22T05:45:00+00:00,0.14796005601999115,0
site_f5bcf8a88a,2026-02-22T06:00:00+00:00,0.18339124262603532,0
site_f5bcf8a88a,2026-02-22T06:15:00+00:00,0.16158497404487945,0
site_f5bcf8a88a,2026-02-22T06:30:00+00:00,0.16947138090727498,0
site_f5bcf8a88a,2026-02-22T06:45:00+00:00,0.14460919275592193,0
site_f5bcf8a88a,2026-02-22T07:00:00+00:00,0.17648939952144768,0
site_f5bcf8a88a,2026-02-22T07:15:00+00:00,0.11837715092176598,0
site_f5bcf8a88a,2026-02-22T07:30:00+00:00,0.14364210243870792,0
site_f5bcf8a88a,2026-02-22T07:45:00+00:00,0.15454692874419498,0
site_f5bcf8a88a,2026-02-22T08:00:00+00:00,0.125580278889272,0
site_f5bcf8a88a,2026-02-22T08:15:00+00:00,0.10660950479415031,0
site_f5bcf8a88a,2026-02-22T08:30:00+00:00,0.1295644571654187,0
site_f5bcf8a88a,2026-02-22T08:45:00+00:00,0.1311209462253267,0
site_f5bcf8a88a,2026-02-22T09:00:00+00:00,0.08848934345970702,0
site_f5bcf8a88a,2026-02-22T09:15:00+00:00,0.0878640506548069,0
site_f5bcf8a88a,2026-02-22T09:30:00+00:00,0.12031724920647056,0
site_f5bcf8a88a,2026-02-23T06:45:00+00:00,0.2069458891021416,1
site_f5bcf8a88a,2026-02-23T07:00:00+00:00,0.13651279478254907,0
site_f5bcf8a88a,2026-02-23T07:15:00+00:00,0.1415743847223781,0
site_f5bcf8a88a,2026-02-23T07:30:00+00:00,0.14223650518381076,0
site_f5bcf8a88a,2026-02-23T07:45:00+00:00,0.1392151431041584,0
site_f5bcf8a88a,2026-02-23T08:00:00+00:00,0.14189305894876206,0
site_f5bcf8a88a,2026-02-23T08:15:00+00:00,0.2065548294367342,1
site_f5bcf8a88a,2026-02-23T08:30:00+00:00,0.18193332838378104,0
site_f5bcf8a88a,2026-02-23T08:45:00+00:00,0.15888577308451612,0
site_f5bcf8a88a,2026-02-23T09:00:00+00:00,0.16099219873852105,0
site_f5bcf8a88a,2026-02-23T09:15:00+00:00,0.15871958787970716,0
site_f5bcf8a88a,2026-02-23T09:30:00+00:00,0.1578754653954689,0
site_f5bcf8a88a,2026-02-23T09:45:00+00:00,0.1848400927606994,0
site_f5bcf8a88a,2026-02-23T10:00:00+00:00,0.1344774090227874,0
site_f5bcf8a88a,2026-02-23T10:15:00+00:00,0.12714758298007406,0
site_f5bcf8a88a,2026-02-23T10:30:00+00:00,0.10124042665224614,0
site_f5bcf8a88a,2026-02-23T10:45:00+00:00,0.10060053682370182,0
site_f5bcf8a88a,2026-02-23T11:00:00+00:00,0.07663811046268841,0
site_f5bcf8a88a,2026-02-23T11:15:00+00:00,0.08173491973098106,0
site_f5bcf8a88a,2026-02-23T12:15:00+00:00,0.04418917157507028,0
site_f5bcf8a88a,2026-02-23T12:30:00+00:00,0.04418917157507028,0
site_f5bcf8a88a,2026-02-23T12:45:00+00:00,0.04418917157507028,0
site_f5bcf8a88a,2026-02-23T13:00:00+00:00,0.04418917157507028,0
site_f5bcf8a88a,2026-02-23T13:15:00+00:00,0.02975373085590882,0
site_f5bcf8a88a,2026-02-23T13:30:00+00:00,0.12635127761355736,0
site_f5bcf8a88a,2026-02-23T13:45:00+00:00,0.1781930078442328,0
site_f5bcf8a88a,2026-02-23T14:00:00+00:00,0.16294775977754922,0
site_f5bcf8a88a,2026-02-23T14:15:00+00:00,0.1715143139341886,0
site_f5bcf8a88a,2026-02-23T14:30:00+00:00,0.16567988602718997,0
site_f5bcf8a88a,2026-02-23T14:45:00+00:00,0.18085069703083403,0
site_f5bcf8a88a,2026-02-23T15:00:00+00:00,0.16150851402685668,0
site_f5bcf8a88a,2026-02-23T15:15:00+00:00,0.19131329236369932,0
site_f5bcf8a88a,2026-02-23T15:30:00+00:00,0.14895788529970533,0
site_f5bcf8a88a,2026-02-23T15:45:00+00:00,0.17911848324588767,0
site_f5bcf8a88a,2026-02-23T16:00:00+00:00,0.14773971687460402,0
site_f5bcf8a88a,2026-02-23T16:15:00+00:00,0.16293704083894406,0
site_f5bcf8a88a,2026-02-23T16:30:00+00:00,0.15040468020505246,0
site_f5bcf8a88a,2026-02-23T16:45:00+00:00,0.16158991412384077,0
site_f5bcf8a88a,2026-02-23T17:00:00+00:00,0.12634780079085509,0
site_f5bcf8a88a,2026-02-23T17:15:00+00:00,0.1345558717792623,0
site_f5bcf8a88a,2026-02-23T17:30:00+00:00,0.13480277925630213,0
site_f5bcf8a88a,2026-02-23T17:45:00+00:00,0.14752232086328293,0
site_f5bcf8a88a,2026-02-23T18:00:00+00:00,0.13709984705061032,0
site_f5bcf8a88a,2026-02-23T18:15:00+00:00,0.14484630563657794,0
site_f5bcf8a88a,2026-02-23T18:30:00+00:00,0.13791554168170336,0
site_f5bcf8a88a,2026-02-23T18:45:00+00:00,0.14216525894537588,0
site_f5bcf8a88a,2026-02-23T19:00:00+00:00,0.1413892440734189,0
site_f5bcf8a88a,2026-02-23T19:15:00+00:00,0.1401982055403573,0
site_f5bcf8a88a,2026-02-23T19:30:00+00:00,0.14926957262855572,0
site_f5bcf8a88a,2026-02-23T19:45:00+00:00,0.1325540163383338,0
site_f5bcf8a88a,2026-02-23T20:00:00+00:00,0.1260149365627619,0
site_f5bcf8a88a,2026-02-23T20:15:00+00:00,0.13839483585099627,0
site_f5bcf8a88a,2026-02-23T20:30:00+00:00,0.1388699869990215,0
site_f5bcf8a88a,2026-02-23T20:45:00+00:00,0.14994370885165292,0
site_f5bcf8a88a,2026-02-23T21:00:00+00:00,0.09727046816030817,0
site_f5bcf8a88a,2026-02-23T21:15:00+00:00,0.11316675284134023,0
site_f5bcf8a88a,2026-02-23T21:30:00+00:00,0.10986684530757304,0
site_f5bcf8a88a,2026-02-23T21:45:00+00:00,0.10584073447245507,0
site_f5bcf8a88a,2026-02-23T22:00:00+00:00,0.10499107682661397,0
site_f5bcf8a88a,2026-02-23T22:15:00+00:00,0.11289251567927151,0
site_f5bcf8a88a,2026-02-23T22:30:00+00:00,0.12613522288043313,0
site_f5bcf8a88a,2026-02-23T22:45:00+00:00,0.12549116436790145,0
site_f5bcf8a88a,2026-02-23T23:00:00+00:00,0.12610285783731837,0
site_f5bcf8a88a,2026-02-23T23:15:00+00:00,0.12686602228171273,0
site_f5bcf8a88a,2026-02-23T23:30:00+00:00,0.12359720207777287,0
site_f5bcf8a88a,2026-02-23T23:45:00+00:00,0.12163672980632995,0
site_f5bcf8a88a,2026-02-24T00:00:00+00:00,0.10669758742440756,0
site_f5bcf8a88a,2026-02-24T00:15:00+00:00,0.10848309909789933,0
site_f5bcf8a88a,2026-02-24T00:30:00+00:00,0.12129107026227275,0
site_f5bcf8a88a,2026-02-24T00:45:00+00:00,0.12761910178879352,0
site_f5bcf8a88a,2026-02-24T01:00:00+00:00,0.16569193322189157,0
site_f5bcf8a88a,2026-02-24T01:15:00+00:00,0.15351235906272245,0
site_f5bcf8a88a,2026-02-24T01:30:00+00:00,0.1590554186446173,0
site_f5bcf8a88a,2026-02-24T01:45:00+00:00,0.156641258540849,0
site_f5bcf8a88a,2026-02-24T02:00:00+00:00,0.1512443857021695,0
site_f5bcf8a88a,2026-02-24T02:15:00+00:00,0.15353038653196469,0
site_f5bcf8a88a,2026-02-24T02:30:00+00:00,0.13024049720580946,0
site_f5bcf8a88a,2026-02-24T02:45:00+00:00,0.1458365627844076,0
site_f5bcf8a88a,2026-02-24T03:00:00+00:00,0.15030978724710176,0
site_f5bcf8a88a,2026-02-24T03:15:00+00:00,0.15862088059654075,0
site_f5bcf8a88a,2026-02-24T03:30:00+00:00,0.15100679432202735,0
site_f5bcf8a88a,2026-02-24T03:45:00+00:00,0.15895488067863545,0
site_f5bcf8a88a,2026-02-24T04:00:00+00:00,0.13837419140454787,0
site_f5bcf8a88a,2026-02-24T04:15:00+00:00,0.14509408257884732,0
site_f5bcf8a88a,2026-02-24T04:30:00+00:00,0.1323509137289292,0
site_f5bcf8a88a,2026-02-24T04:45:00+00:00,0.12076576519244303,0
site_f5bcf8a88a,2026-02-24T05:00:00+00:00,0.14408562398311542,0
site_f5bcf8a88a,2026-02-24T05:15:00+00:00,0.1666208948149252,0
site_f5bcf8a88a,2026-02-24T05:30:00+00:00,0.1707294770988479,0
site_f5bcf8a88a,2026-02-24T05:45:00+00:00,0.1874751415649642,0
site_f5bcf8a88a,2026-02-24T06:00:00+00:00,0.21274872761823754,1
site_f5bcf8a88a,2026-02-24T06:15:00+00:00,0.22938092857997927,1
site_f5bcf8a88a,2026-02-24T06:30:00+00:00,0.20277044762139687,1
site_f5bcf8a88a,2026-02-24T06:45:00+00:00,0.2489879528503595,1
site_f5bcf8a88a,2026-02-24T07:00:00+00:00,0.237294860725035,1
site_f5bcf8a88a,2026-02-24T07:15:00+00:00,0.31141553189319154,1
site_f5bcf8a88a,2026-02-24T07:30:00+00:00,0.25435211950534115,1
site_f5bcf8a88a,2026-02-24T07:45:00+00:00,0.2635048342994434,1
site_f5bcf8a88a,2026-02-24T08:00:00+00:00,0.3053786376135061,1
site_f5bcf8a88a,2026-02-24T08:15:00+00:00,0.2815574022061445,1
site_f5bcf8a88a,2026-02-24T08:30:00+00:00,0.24347196559868364,1
site_f5bcf8a88a,2026-02-24T08:45:00+00:00,0.23503551332791514,1
site_f5bcf8a88a,2026-02-24T09:00:00+00:00,0.21743803439858028,1
site_f5bcf8a88a,2026-02-24T09:15:00+00:00,0.23513446370961383,1
site_f5bcf8a88a,2026-02-24T09:30:00+00:00,0.2275208731859975,1
site_f5bcf8a88a,2026-02-24T09:45:00+00:00,0.1981199116129409,0
site_f5bcf8a88a,2026-02-24T10:00:00+00:00,0.20586751622407867,1
site_f5bcf8a88a,2026-02-24T10:15:00+00:00,0.22652000155274535,1
site_f5bcf8a88a,2026-02-24T10:30:00+00:00,0.1839703650442241,0
site_f5bcf8a88a,2026-02-24T10:45:00+00:00,0.2024689225832419,1
site_f5bcf8a88a,2026-02-24T11:00:00+00:00,0.20057088918211688,1
site_f5bcf8a88a,2026-02-24T11:15:00+00:00,0.21491149897315034,1
site_f5bcf8a88a,2026-02-24T11:30:00+00:00,0.19799011442496067,0
site_f5bcf8a88a,2026-02-24T11:45:00+00:00,0.1943819563277974,0
site_f5bcf8a88a,2026-02-24T12:00:00+00:00,0.20638924099497877,1
site_f5bcf8a88a,2026-02-24T12:15:00+00:00,0.20042238201015694,1
site_f5bcf8a88a,2026-02-24T12:30:00+00:00,0.26511958017815723,1
site_f5bcf8a88a,2026-02-24T12:45:00+00:00,0.30026136054576713,1
site_f5bcf8a88a,2026-02-24T13:00:00+00:00,0.24635424225079938,1
site_f5bcf8a88a,2026-02-24T13:15:00+00:00,0.24165314031946714,1
site_f5bcf8a88a,2026-02-24T13:30:00+00:00,0.21233620446288076,1
site_f5bcf8a88a,2026-02-24T13:45:00+00:00,0.2438179864942466,1
site_f5bcf8a88a,2026-02-24T14:00:00+00:00,0.20684846727784775,1
site_f5bcf8a88a,2026-02-24T14:15:00+00:00,0.22961064091708883,1
site_f5bcf8a88a,2026-02-24T14:30:00+00:00,0.20519402817639287,1
site_f5bcf8a88a,2026-02-24T14:45:00+00:00,0.22521496201219973,1
site_f5bcf8a88a,2026-02-24T15:00:00+00:00,0.20518892407741338,1
site_f5bcf8a88a,2026-02-24T15:15:00+00:00,0.2357638981337487,1
site_f5bcf8a88a,2026-02-24T15:30:00+00:00,0.24005968331952499,1
site_f5bcf8a88a,2026-02-24T15:45:00+00:00,0.2454249476952262,1
site_f5bcf8a88a,2026-02-24T16:00:00+00:00,0.2371679840535887,1
site_f5bcf8a88a,2026-02-24T16:15:00+00:00,0.24438918900999818,1
site_f5bcf8a88a,2026-02-24T16:30:00+00:00,0.2526811354915817,1
site_f5bcf8a88a,2026-02-24T16:45:00+00:00,0.22615470144933006,1
site_f5bcf8a88a,2026-02-24T17:00:00+00:00,0.25212650996234154,1
site_f5bcf8a88a,2026-02-24T17:15:00+00:00,0.23756917486225318,1
site_f5bcf8a88a,2026-02-24T17:30:00+00:00,0.2523783348923327,1
site_f5bcf8a88a,2026-02-24T17:45:00+00:00,0.2455347541236022,1
site_f5bcf8a88a,2026-02-24T18:00:00+00:00,0.26865957357671677,1
site_f5bcf8a88a,2026-02-24T18:15:00+00:00,0.2639164515173349,1
site_f5bcf8a88a,2026-02-24T18:30:00+00:00,0.2751843899384049,1
site_f5bcf8a88a,2026-02-24T18:45:00+00:00,0.22455008134047694,1
site_f5bcf8a88a,2026-02-24T19:00:00+00:00,0.23392482754542632,1
site_f5bcf8a88a,2026-02-24T19:15:00+00:00,0.21972689503783852,1
site_f5bcf8a88a,2026-02-24T19:30:00+00:00,0.21925270452206602,1
site_f5bcf8a88a,2026-02-24T19:45:00+00:00,0.20279223497742732,1
site_f5bcf8a88a,2026-02-24T20:00:00+00:00,0.1859583301521462,0
site_f5bcf8a88a,2026-02-24T20:15:00+00:00,0.19809186266960413,0
site_f5bcf8a88a,2026-02-24T20:30:00+00:00,0.17205495611813518,0
site_f5bcf8a88a,2026-02-24T20:45:00+00:00,0.16854840806747312,0
site_f5bcf8a88a,2026-02-24T21:00:00+00:00,0.15601598606813014,0
site_f5bcf8a88a,2026-02-24T21:15:00+00:00,0.1874556156346915,0
site_f5bcf8a88a,2026-02-24T21:30:00+00:00,0.1599940828861764,0
site_f5bcf8a88a,2026-02-24T21:45:00+00:00,0.16349322604739258,0
site_f5bcf8a88a,2026-02-24T22:00:00+00:00,0.16103481978584466,0
site_f5bcf8a88a,2026-02-24T22:15:00+00:00,0.1517974951709353,0
site_f5bcf8a88a,2026-02-24T22:30:00+00:00,0.1606560017721152,0
site_f5bcf8a88a,2026-02-24T22:45:00+00:00,0.14828445329783446,0
site_f5bcf8a88a,2026-02-24T23:00:00+00:00,0.1412882541743005,0
site_f5bcf8a88a,2026-02-24T23:15:00+00:00,0.14904941224557808,0
site_f5bcf8a88a,2026-02-24T23:30:00+00:00,0.12585647318072327,0
site_f5bcf8a88a,2026-02-24T23:45:00+00:00,0.12186898774056665,0
site_f5bcf8a88a,2026-02-25T00:00:00+00:00,0.1523733273187198,0
site_f5bcf8a88a,2026-02-25T00:15:00+00:00,0.12040677189547594,0
site_f5bcf8a88a,2026-02-25T00:30:00+00:00,0.1075568756464416,0
site_f5bcf8a88a,2026-02-25T00:45:00+00:00,0.14350786121916848,0
site_f5bcf8a88a,2026-02-25T01:00:00+00:00,0.14608002252020136,0
site_f5bcf8a88a,2026-02-25T01:15:00+00:00,0.15330361435499892,0
site_f5bcf8a88a,2026-02-25T01:30:00+00:00,0.13911279908900367,0
site_f5bcf8a88a,2026-02-25T01:45:00+00:00,0.16275778074365543,0
site_f5bcf8a88a,2026-02-25T02:00:00+00:00,0.17857433394638145,0
site_f5bcf8a88a,2026-02-25T02:15:00+00:00,0.16564362092903612,0
site_f5bcf8a88a,2026-02-25T02:30:00+00:00,0.18158749172470912,0
site_f5bcf8a88a,2026-02-25T02:45:00+00:00,0.1690279886586809,0
site_f5bcf8a88a,2026-02-25T03:00:00+00:00,0.15492645920644937,0
site_f5bcf8a88a,2026-02-25T03:15:00+00:00,0.17187851017905748,0
site_f5bcf8a88a,2026-02-25T03:30:00+00:00,0.14346461264128343,0
site_f5bcf8a88a,2026-02-25T03:45:00+00:00,0.1291633886076194,0
site_f5bcf8a88a,2026-02-25T04:00:00+00:00,0.14211212633178374,0
site_f5bcf8a88a,2026-02-25T04:15:00+00:00,0.16643997712243608,0
site_f5bcf8a88a,2026-02-25T04:30:00+00:00,0.13539616118091277,0
site_f5bcf8a88a,2026-02-25T04:45:00+00:00,0.17251186942117636,0
site_f5bcf8a88a,2026-02-25T05:00:00+00:00,0.17230810441520353,0
site_f5bcf8a88a,2026-02-25T05:15:00+00:00,0.19211528653625234,0
site_f5bcf8a88a,2026-02-25T05:30:00+00:00,0.1916484789156868,0
site_f5bcf8a88a,2026-02-25T05:45:00+00:00,0.22068025073678701,1
site_f5bcf8a88a,2026-02-25T06:00:00+00:00,0.2463344502277416,1
site_f5bcf8a88a,2026-02-25T06:15:00+00:00,0.2574719777856965,1
site_f5bcf8a88a,2026-02-25T06:30:00+00:00,0.33577816212134953,1
site_f5bcf8a88a,2026-02-25T06:45:00+00:00,0.32012328388356215,1
site_f5bcf8a88a,2026-02-25T07:00:00+00:00,0.28392361985132375,1
site_f5bcf8a88a,2026-02-25T07:15:00+00:00,0.295195185327281,1
site_f5bcf8a88a,2026-02-25T07:30:00+00:00,0.25911971814051754,1
site_f5bcf8a88a,2026-02-25T07:45:00+00:00,0.2725136854118707,1
site_f5bcf8a88a,2026-02-25T08:00:00+00:00,0.2507195672297468,1
site_f5bcf8a88a,2026-02-25T08:15:00+00:00,0.27528117359970555,1
site_f5bcf8a88a,2026-02-25T08:30:00+00:00,0.24555174514169203,1
site_f5bcf8a88a,2026-02-25T08:45:00+00:00,0.22960604202244253,1
site_f5bcf8a88a,2026-02-25T09:00:00+00:00,0.2230932425843476,1
site_f5bcf8a88a,2026-02-25T09:15:00+00:00,0.20757565631292454,1
site_f5bcf8a88a,2026-02-25T09:30:00+00:00,0.21434706312577162,1
site_f5bcf8a88a,2026-02-25T09:45:00+00:00,0.24022687825488884,1
site_f5bcf8a88a,2026-02-25T10:00:00+00:00,0.24029551707470498,1
site_f5bcf8a88a,2026-02-25T10:15:00+00:00,0.2377870622130535,1
site_f5bcf8a88a,2026-02-25T10:30:00+00:00,0.20813320664916837,1
site_f5bcf8a88a,2026-02-25T10:45:00+00:00,0.20169832470235802,1
site_f5bcf8a88a,2026-02-25T11:00:00+00:00,0.23973029658897488,1
site_f5bcf8a88a,2026-02-25T11:15:00+00:00,0.21067069326735938,1
site_f5bcf8a88a,2026-02-25T11:30:00+00:00,0.24033350769431064,1
site_f5bcf8a88a,2026-02-25T11:45:00+00:00,0.25163910993589583,1
site_f5bcf8a88a,2026-02-25T12:00:00+00:00,0.23887290113080417,1
site_f5bcf8a88a,2026-02-25T12:15:00+00:00,0.2766838732461323,1
site_f5bcf8a88a,2026-02-25T12:30:00+00:00,0.22891445820360953,1
site_f5bcf8a88a,2026-02-25T12:45:00+00:00,0.2674701904580568,1
site_f5bcf8a88a,2026-02-25T13:00:00+00:00,0.23790383966013726,1
site_f5bcf8a88a,2026-02-25T13:15:00+00:00,0.2215509050890653,1
site_f5bcf8a88a,2026-02-25T13:30:00+00:00,0.23066854099264728,1
site_f5bcf8a88a,2026-02-25T13:45:00+00:00,0.23656632187973503,1
site_f5bcf8a88a,2026-02-25T14:00:00+00:00,0.2711343477000676,1
site_f5bcf8a88a,2026-02-25T14:15:00+00:00,0.3055099780913044,1
site_f5bcf8a88a,2026-02-25T14:30:00+00:00,0.2739268547016493,1
site_f5bcf8a88a,2026-02-25T14:45:00+00:00,0.241664019698037,1
site_f5bcf8a88a,2026-02-25T15:00:00+00:00,0.277519659646538,1
site_f5bcf8a88a,2026-02-25T15:15:00+00:00,0.2703710170460054,1
site_f5bcf8a88a,2026-02-25T15:30:00+00:00,0.2708639057799414,1
site_f5bcf8a88a,2026-02-25T15:45:00+00:00,0.20372541189131016,1
site_f5bcf8a88a,2026-02-25T16:00:00+00:00,0.26404798775981464,1
site_f5bcf8a88a,2026-02-25T16:15:00+00:00,0.23614622286524467,1
site_f5bcf8a88a,2026-02-25T16:30:00+00:00,0.22406575170687548,1
site_f5bcf8a88a,2026-02-25T16:45:00+00:00,0.22574911110399515,1
site_f5bcf8a88a,2026-02-25T17:00:00+00:00,0.2695478264598914,1
site_f5bcf8a88a,2026-02-25T17:15:00+00:00,0.2802612664548518,1
site_f5bcf8a88a,2026-02-25T17:30:00+00:00,0.2750262716935909,1
site_f5bcf8a88a,2026-02-25T17:45:00+00:00,0.2592679891637497,1
site_f5bcf8a88a,2026-02-25T18:00:00+00:00,0.250623224864805,1
site_f5bcf8a88a,2026-02-25T18:15:00+00:00,0.2690035204592923,1
site_f5bcf8a88a,2026-02-25T18:30:00+00:00,0.25857700232603725,1
site_f5bcf8a88a,2026-02-25T18:45:00+00:00,0.22136196425747046,1
site_f5bcf8a88a,2026-02-25T19:00:00+00:00,0.22207123359181194,1
site_f5bcf8a88a,2026-02-25T19:15:00+00:00,0.21015546921545594,1
site_f5bcf8a88a,2026-02-25T19:30:00+00:00,0.17018490049231258,0
site_f5bcf8a88a,2026-02-25T19:45:00+00:00,0.21414466093879886,1
site_f5bcf8a88a,2026-02-25T20:00:00+00:00,0.20278921931953997,1
site_f5bcf8a88a,2026-02-25T20:15:00+00:00,0.25740685534341207,1
site_f5bcf8a88a,2026-02-25T20:30:00+00:00,0.24071159469112566,1
site_f5bcf8a88a,2026-02-25T20:45:00+00:00,0.20564907454071568,1
site_f5bcf8a88a,2026-02-25T21:00:00+00:00,0.1761553340703289,0
site_f5bcf8a88a,2026-02-25T21:15:00+00:00,0.16344287646109973,0
site_f5bcf8a88a,2026-02-25T21:30:00+00:00,0.1844951694698968,0
site_f5bcf8a88a,2026-02-25T21:45:00+00:00,0.12639859426065014,0
site_f5bcf8a88a,2026-02-25T22:00:00+00:00,0.1690781121487175,0
site_f5bcf8a88a,2026-02-25T22:15:00+00:00,0.17211647209338993,0
site_f5bcf8a88a,2026-02-25T22:30:00+00:00,0.0995576937960054,0
site_f5bcf8a88a,2026-02-25T22:45:00+00:00,0.1022679763524012,0
site_f5bcf8a88a,2026-02-25T23:00:00+00:00,0.08785227063913795,0
site_f5bcf8a88a,2026-02-25T23:15:00+00:00,0.09160812931496182,0
site_f5bcf8a88a,2026-02-25T23:30:00+00:00,0.10376883355690199,0
site_f5bcf8a88a,2026-02-25T23:45:00+00:00,0.1296103762186171,0
site_f5bcf8a88a,2026-02-26T00:00:00+00:00,0.1297555124582847,0
site_f5bcf8a88a,2026-02-26T00:15:00+00:00,0.1286119276728814,0
site_f5bcf8a88a,2026-02-26T00:30:00+00:00,0.14731829308589306,0
site_f5bcf8a88a,2026-02-26T00:45:00+00:00,0.12598696116018646,0
site_f5bcf8a88a,2026-02-26T01:00:00+00:00,0.12242026096298353,0
site_f5bcf8a88a,2026-02-26T01:15:00+00:00,0.14662553320270666,0
site_f5bcf8a88a,2026-02-26T01:30:00+00:00,0.23979624366210892,1
site_f5bcf8a88a,2026-02-26T01:45:00+00:00,0.14368141244246643,0
site_f5bcf8a88a,2026-02-26T02:00:00+00:00,0.15802920399369008,0
site_f5bcf8a88a,2026-02-26T02:15:00+00:00,0.17444321157859066,0
site_f5bcf8a88a,2026-02-26T02:30:00+00:00,0.11131977966067859,0
site_f5bcf8a88a,2026-02-26T02:45:00+00:00,0.09600135319434124,0
site_f5bcf8a88a,2026-02-26T03:00:00+00:00,0.10430787845393202,0
site_f5bcf8a88a,2026-02-26T03:15:00+00:00,0.1294364652815862,0
site_f5bcf8a88a,2026-02-26T03:30:00+00:00,0.1003170337306789,0
site_f5bcf8a88a,2026-02-26T03:45:00+00:00,0.13104851023777894,0
site_f5bcf8a88a,2026-02-26T04:00:00+00:00,0.15621800632302799,0
site_f5bcf8a88a,2026-02-26T04:15:00+00:00,0.15645892887240112,0
site_f5bcf8a88a,2026-02-26T04:30:00+00:00,0.19653712992145164,0
site_f5bcf8a88a,2026-02-26T04:45:00+00:00,0.22332637662030147,1
site_f5bcf8a88a,2026-02-26T05:00:00+00:00,0.22588049660512524,1
site_f5bcf8a88a,2026-02-26T05:15:00+00:00,0.18219364840355806,0
site_f5bcf8a88a,2026-02-26T05:30:00+00:00,0.21421331354495435,1
site_f5bcf8a88a,2026-02-26T05:45:00+00:00,0.1870511645232926,0
site_f5bcf8a88a,2026-02-26T06:00:00+00:00,0.16778909431605457,0
site_f5bcf8a88a,2026-02-26T06:15:00+00:00,0.20588016329208297,1
site_f5bcf8a88a,2026-02-26T06:30:00+00:00,0.22404299599216554,1
site_f5bcf8a88a,2026-02-26T06:45:00+00:00,0.2503708700724218,1
site_f5bcf8a88a,2026-02-26T07:00:00+00:00,0.20122985692773343,1
site_f5bcf8a88a,2026-02-26T07:15:00+00:00,0.2587358763167153,1
site_f5bcf8a88a,2026-02-26T07:30:00+00:00,0.21504024168281824,1
site_f5bcf8a88a,2026-02-26T07:45:00+00:00,0.191903879009901,0
site_f5bcf8a88a,2026-02-26T08:00:00+00:00,0.1942950873329074,0
site_f5bcf8a88a,2026-02-26T08:15:00+00:00,0.17056299776815295,0
site_f5bcf8a88a,2026-02-26T08:30:00+00:00,0.2071653663273398,1
site_f5bcf8a88a,2026-02-26T08:45:00+00:00,0.19752763938534754,0
site_f5bcf8a88a,2026-02-26T09:00:00+00:00,0.21571252938400082,1
site_f5bcf8a88a,2026-02-26T09:15:00+00:00,0.196633986096478,0
site_f5bcf8a88a,2026-02-26T09:30:00+00:00,0.18621808401698178,0
site_f5bcf8a88a,2026-02-26T09:45:00+00:00,0.19029430763696142,0
site_f5bcf8a88a,2026-02-26T10:00:00+00:00,0.2172339516371481,1
site_f5bcf8a88a,2026-02-26T10:15:00+00:00,0.19040543046182218,0
site_f5bcf8a88a,2026-02-26T10:30:00+00:00,0.22160100047219297,1
site_f5bcf8a88a,2026-02-26T10:45:00+00:00,0.2715168551555593,1
site_f5bcf8a88a,2026-02-26T11:00:00+00:00,0.2352898793910559,1
site_f5bcf8a88a,2026-02-26T11:15:00+00:00,0.24416712361742915,1
site_f5bcf8a88a,2026-02-26T11:30:00+00:00,0.20732545479729061,1
site_f5bcf8a88a,2026-02-26T11:45:00+00:00,0.22748169363228937,1
site_f5bcf8a88a,2026-02-26T12:00:00+00:00,0.2373599977643359,1
site_f5bcf8a88a,2026-02-26T12:15:00+00:00,0.2201406933346415,1
site_f5bcf8a88a,2026-02-26T12:30:00+00:00,0.21588918072737784,1
site_f5bcf8a88a,2026-02-26T12:45:00+00:00,0.24309126580267834,1
site_f5bcf8a88a,2026-02-26T13:00:00+00:00,0.2394694817068407,1
site_f5bcf8a88a,2026-02-26T13:15:00+00:00,0.2545258997806286,1
site_f5bcf8a88a,2026-02-26T13:30:00+00:00,0.20111048900828887,1
site_f5bcf8a88a,2026-02-26T13:45:00+00:00,0.16127734221091902,0
site_f5bcf8a88a,2026-02-26T14:00:00+00:00,0.14635867973225217,0
site_f5bcf8a88a,2026-02-26T14:15:00+00:00,0.14100094681764902,0
site_f5bcf8a88a,2026-02-26T14:30:00+00:00,0.17135584082142152,0
site_f5bcf8a88a,2026-02-26T14:45:00+00:00,0.1639149833580871,0
site_f5bcf8a88a,2026-02-26T15:00:00+00:00,0.16373438635178167,0
site_f5bcf8a88a,2026-02-26T15:15:00+00:00,0.17608194008540967,0
site_f5bcf8a88a,2026-02-26T15:30:00+00:00,0.19526880583296138,0
site_f5bcf8a88a,2026-02-26T15:45:00+00:00,0.19117588167144575,0
site_f5bcf8a88a,2026-02-26T16:00:00+00:00,0.18360842754418163,0
site_f5bcf8a88a,2026-02-26T16:15:00+00:00,0.1764060144873432,0
site_f5bcf8a88a,2026-02-26T16:30:00+00:00,0.21759313021169402,1
site_f5bcf8a88a,2026-02-26T16:45:00+00:00,0.2730327350859931,1
site_f5bcf8a88a,2026-02-26T17:00:00+00:00,0.20511081240490103,1
site_f5bcf8a88a,2026-02-26T17:15:00+00:00,0.26319677979040584,1
site_f5bcf8a88a,2026-02-26T17:30:00+00:00,0.2133480257350513,1
site_f5bcf8a88a,2026-02-26T17:45:00+00:00,0.1853409919339097,0
site_f5bcf8a88a,2026-02-26T18:00:00+00:00,0.20008170715620263,1
site_f5bcf8a88a,2026-02-26T18:15:00+00:00,0.18071745463647845,0
site_f5bcf8a88a,2026-02-26T18:30:00+00:00,0.19032879054247798,0
site_f5bcf8a88a,2026-02-26T18:45:00+00:00,0.2191194643827886,1
site_f5bcf8a88a,2026-02-26T19:00:00+00:00,0.1961998493040305,0
site_f5bcf8a88a,2026-02-26T19:15:00+00:00,0.23360758296645126,1
site_f5bcf8a88a,2026-02-26T19:30:00+00:00,0.21757471813037646,1
site_f5bcf8a88a,2026-02-26T19:45:00+00:00,0.18381000398453115,0
site_f5bcf8a88a,2026-02-26T20:00:00+00:00,0.19070986710525653,0
site_f5bcf8a88a,2026-02-26T20:15:00+00:00,0.17952276277034135,0
site_f5bcf8a88a,2026-02-26T20:30:00+00:00,0.19071624928030653,0
site_f5bcf8a88a,2026-02-26T20:45:00+00:00,0.14483440520946178,0
site_f5bcf8a88a,2026-02-26T21:00:00+00:00,0.12890406998173912,0
site_f5bcf8a88a,2026-02-26T21:15:00+00:00,0.1431485461549483,0
site_f5bcf8a88a,2026-02-26T21:30:00+00:00,0.11121767165748407,0
site_f5bcf8a88a,2026-02-26T21:45:00+00:00,0.11897595277506215,0
site_f5bcf8a88a,2026-02-26T22:00:00+00:00,0.08557924263801223,0
site_f5bcf8a88a,2026-02-26T22:15:00+00:00,0.0900003368792792,0
site_f5bcf8a88a,2026-02-26T22:30:00+00:00,0.1273376937039337,0
site_f5bcf8a88a,2026-02-26T22:45:00+00:00,0.1266508170286257,0
site_f5bcf8a88a,2026-02-26T23:00:00+00:00,0.14632753684870498,0
site_f5bcf8a88a,2026-02-26T23:15:00+00:00,0.1527771990922976,0
site_f5bcf8a88a,2026-02-26T23:30:00+00:00,0.13835943685824012,0
site_f5bcf8a88a,2026-02-26T23:45:00+00:00,0.10647914723328615,0
site_f5bcf8a88a,2026-02-27T00:00:00+00:00,0.10526705715540036,0
site_f5bcf8a88a,2026-02-27T00:15:00+00:00,0.17570229427897133,0
site_f5bcf8a88a,2026-02-27T00:30:00+00:00,0.17602160721883314,0
site_f5bcf8a88a,2026-02-27T00:45:00+00:00,0.09783322220676352,0
site_f5bcf8a88a,2026-02-27T01:00:00+00:00,0.15549314883443693,0
site_f5bcf8a88a,2026-02-27T01:15:00+00:00,0.14762043602306457,0
site_f5bcf8a88a,2026-02-27T01:30:00+00:00,0.11821131344728501,0
site_f5bcf8a88a,2026-02-27T01:45:00+00:00,0.12000555911304274,0
site_f5bcf8a88a,2026-02-27T02:00:00+00:00,0.09257771953974714,0
site_f5bcf8a88a,2026-02-27T02:15:00+00:00,0.14921652643241304,0
site_f5bcf8a88a,2026-02-27T02:30:00+00:00,0.1282490154494814,0
site_f5bcf8a88a,2026-02-27T02:45:00+00:00,0.14197701884885397,0
site_f5bcf8a88a,2026-02-27T03:00:00+00:00,0.1513542514874356,0
site_f5bcf8a88a,2026-02-27T03:15:00+00:00,0.17041284057911543,0
site_f5bcf8a88a,2026-02-27T03:30:00+00:00,0.1464981996956017,0
site_f5bcf8a88a,2026-02-27T03:45:00+00:00,0.1429233158882873,0
site_f5bcf8a88a,2026-02-27T04:00:00+00:00,0.18630333943739438,0
site_f5bcf8a88a,2026-02-27T04:15:00+00:00,0.13440700213709644,0
site_f5bcf8a88a,2026-02-27T04:30:00+00:00,0.15534849821450536,0
site_f5bcf8a88a,2026-02-27T04:45:00+00:00,0.1663988817926129,0
site_f5bcf8a88a,2026-02-27T05:00:00+00:00,0.17195117965145798,0
site_f5bcf8a88a,2026-02-27T05:15:00+00:00,0.19327453098203673,0
site_f5bcf8a88a,2026-02-27T05:30:00+00:00,0.21726488977239797,1
site_f5bcf8a88a,2026-02-27T05:45:00+00:00,0.21430578995705474,1
site_f5bcf8a88a,2026-02-27T06:00:00+00:00,0.21222657927821875,1
site_f5bcf8a88a,2026-02-27T06:15:00+00:00,0.20859187547260818,1
site_f5bcf8a88a,2026-02-27T06:30:00+00:00,0.2671467153308229,1
site_f5bcf8a88a,2026-02-27T06:45:00+00:00,0.23044945901176106,1
site_f5bcf8a88a,2026-02-27T07:00:00+00:00,0.24972253801668787,1
site_f5bcf8a88a,2026-02-27T07:15:00+00:00,0.22064237577164325,1
site_f5bcf8a88a,2026-02-27T07:30:00+00:00,0.20497229635853478,1
site_f5bcf8a88a,2026-02-27T07:45:00+00:00,0.2560530008552478,1
site_f5bcf8a88a,2026-02-27T08:00:00+00:00,0.22140949422108347,1
site_f5bcf8a88a,2026-02-27T08:15:00+00:00,0.2465830881352584,1
site_f5bcf8a88a,2026-02-27T08:30:00+00:00,0.2117159284201777,1
site_f5bcf8a88a,2026-02-27T08:45:00+00:00,0.17175200456152642,0
site_f5bcf8a88a,2026-02-27T09:00:00+00:00,0.20477859012633678,1
site_f5bcf8a88a,2026-02-27T09:15:00+00:00,0.17156594231403413,0
site_f5bcf8a88a,2026-02-27T09:30:00+00:00,0.1830098103931109,0
site_f5bcf8a88a,2026-02-27T09:45:00+00:00,0.20720780590622254,1
site_f5bcf8a88a,2026-02-27T10:00:00+00:00,0.18737969773576335,0
site_f5bcf8a88a,2026-02-27T10:15:00+00:00,0.19096973628642855,0
site_f5bcf8a88a,2026-02-27T10:30:00+00:00,0.18214532359769606,0
site_f5bcf8a88a,2026-02-27T10:45:00+00:00,0.2109706353203301,1
site_f5bcf8a88a,2026-02-27T11:00:00+00:00,0.21128409095262168,1
site_f5bcf8a88a,2026-02-27T11:15:00+00:00,0.23086382896612756,1
site_f5bcf8a88a,2026-02-27T11:30:00+00:00,0.21795282097447571,1
site_f5bcf8a88a,2026-02-27T11:45:00+00:00,0.23828538026594895,1
site_f5bcf8a88a,2026-02-27T12:00:00+00:00,0.22865889497064834,1
site_f5bcf8a88a,2026-02-27T12:15:00+00:00,0.24301405933038492,1
site_f5bcf8a88a,2026-02-27T12:30:00+00:00,0.2428471759284779,1
site_f5bcf8a88a,2026-02-27T12:45:00+00:00,0.23178058360637832,1
site_f5bcf8a88a,2026-02-27T13:00:00+00:00,0.24585850089117606,1
site_f5bcf8a88a,2026-02-27T13:15:00+00:00,0.2539656367864536,1
site_f5bcf8a88a,2026-02-27T13:30:00+00:00,0.2500116210968455,1
site_f5bcf8a88a,2026-02-27T13:45:00+00:00,0.2684958604206818,1
site_f5bcf8a88a,2026-02-27T14:00:00+00:00,0.21200671587504652,1
site_f5bcf8a88a,2026-02-27T14:15:00+00:00,0.24066314129803376,1
site_f5bcf8a88a,2026-02-27T14:30:00+00:00,0.2442420671810333,1
site_f5bcf8a88a,2026-02-27T14:45:00+00:00,0.21272427755561205,1
site_f5bcf8a88a,2026-02-27T15:00:00+00:00,0.21886174035814998,1
site_f5bcf8a88a,2026-02-27T15:15:00+00:00,0.19519943951710592,0
site_f5bcf8a88a,2026-02-27T15:30:00+00:00,0.21537794073454583,1
site_f5bcf8a88a,2026-02-27T15:45:00+00:00,0.22270166746156386,1
site_f5bcf8a88a,2026-02-27T16:00:00+00:00,0.2418369786404546,1
site_f5bcf8a88a,2026-02-27T16:15:00+00:00,0.23606807858205045,1
site_f5bcf8a88a,2026-02-27T16:30:00+00:00,0.2503633732465848,1
site_f5bcf8a88a,2026-02-27T16:45:00+00:00,0.2365611619782152,1
site_f5bcf8a88a,2026-02-27T17:00:00+00:00,0.22464540876207714,1
site_f5bcf8a88a,2026-02-27T17:15:00+00:00,0.27268144808772316,1
site_f5bcf8a88a,2026-02-27T17:30:00+00:00,0.2874193132694779,1
site_f5bcf8a88a,2026-02-27T17:45:00+00:00,0.24612141903008392,1
site_f5bcf8a88a,2026-02-27T18:00:00+00:00,0.2005150807373697,1
site_f5bcf8a88a,2026-02-27T18:15:00+00:00,0.2598924269863346,1
site_f5bcf8a88a,2026-02-27T18:30:00+00:00,0.16061482852606673,0
site_f5bcf8a88a,2026-02-27T18:45:00+00:00,0.17008500977293528,0
site_f5bcf8a88a,2026-02-27T19:00:00+00:00,0.1470851276360001,0
site_f5bcf8a88a,2026-02-27T19:15:00+00:00,0.1541746580612508,0
site_f5bcf8a88a,2026-02-27T19:30:00+00:00,0.16584626183026288,0
site_f5bcf8a88a,2026-02-27T19:45:00+00:00,0.1578029530309506,0
site_f5bcf8a88a,2026-02-27T20:00:00+00:00,0.14626235327322482,0
site_f5bcf8a88a,2026-02-27T20:15:00+00:00,0.15037457979803814,0
site_f5bcf8a88a,2026-02-27T20:30:00+00:00,0.10761617957063978,0
site_f5bcf8a88a,2026-02-27T20:45:00+00:00,0.13099671280849534,0
site_f5bcf8a88a,2026-02-27T21:00:00+00:00,0.08429450687032719,0
site_f5bcf8a88a,2026-02-27T21:15:00+00:00,0.08759480167295308,0
site_f5bcf8a88a,2026-02-27T21:30:00+00:00,0.09381783346384988,0
site_f5bcf8a88a,2026-02-27T21:45:00+00:00,0.11265980516685603,0
site_f5bcf8a88a,2026-02-27T22:00:00+00:00,0.09132785543899209,0
site_f5bcf8a88a,2026-02-27T22:15:00+00:00,0.14311812770021215,0
site_f5bcf8a88a,2026-02-27T22:30:00+00:00,0.08291159033018114,0
site_f5bcf8a88a,2026-02-27T22:45:00+00:00,0.07567318267825682,0
site_f5bcf8a88a,2026-02-27T23:00:00+00:00,0.08194486020867132,0
site_f5bcf8a88a,2026-02-27T23:15:00+00:00,0.18670412403992595,0
site_f5bcf8a88a,2026-02-27T23:30:00+00:00,0.07641854608795356,0
site_f5bcf8a88a,2026-02-27T23:45:00+00:00,0.07091806707858624,0
site_f5bcf8a88a,2026-02-28T00:00:00+00:00,0.08174268049142902,0
site_f5bcf8a88a,2026-02-28T00:15:00+00:00,0.1002442494800735,0
site_f5bcf8a88a,2026-02-28T00:30:00+00:00,0.13324333628877907,0
site_f5bcf8a88a,2026-02-28T00:45:00+00:00,0.1025143583639588,0
site_f5bcf8a88a,2026-02-28T01:00:00+00:00,0.10803469429228676,0
site_f5bcf8a88a,2026-02-28T01:15:00+00:00,0.09540141100515435,0
site_f5bcf8a88a,2026-02-28T01:30:00+00:00,0.15535316143741137,0
site_f5bcf8a88a,2026-02-28T01:45:00+00:00,0.13877678481544073,0
site_f5bcf8a88a,2026-02-28T02:00:00+00:00,0.15230725222301117,0
site_f5bcf8a88a,2026-02-28T02:15:00+00:00,0.16775841908616554,0
site_f5bcf8a88a,2026-02-28T02:30:00+00:00,0.14574976866644382,0
site_f5bcf8a88a,2026-02-28T02:45:00+00:00,0.1582349541201644,0
site_f5bcf8a88a,2026-02-28T03:00:00+00:00,0.13248230111664658,0
site_f5bcf8a88a,2026-02-28T03:15:00+00:00,0.12350242963867239,0
site_f5bcf8a88a,2026-02-28T03:30:00+00:00,0.15610871367948462,0
site_f5bcf8a88a,2026-02-28T03:45:00+00:00,0.12685444688173117,0
site_f5bcf8a88a,2026-02-28T04:00:00+00:00,0.14132336116783,0
site_f5bcf8a88a,2026-02-28T04:15:00+00:00,0.19938187091391166,0
site_f5bcf8a88a,2026-02-28T04:30:00+00:00,0.18092627192535718,0
site_f5bcf8a88a,2026-02-28T04:45:00+00:00,0.21440888176215125,1
site_f5bcf8a88a,2026-02-28T05:00:00+00:00,0.19348767937784186,0
site_f5bcf8a88a,2026-02-28T05:15:00+00:00,0.16324006469997523,0
site_f5bcf8a88a,2026-02-28T05:30:00+00:00,0.18371387051082524,0
site_f5bcf8a88a,2026-02-28T05:45:00+00:00,0.17241982471618555,0
site_f5bcf8a88a,2026-02-28T06:00:00+00:00,0.16327862440281707,0
site_f5bcf8a88a,2026-02-28T06:15:00+00:00,0.17398796088805552,0
site_f5bcf8a88a,2026-02-28T06:30:00+00:00,0.19402767344524247,0
site_f5bcf8a88a,2026-02-28T06:45:00+00:00,0.2151890421129458,1
site_f5bcf8a88a,2026-02-28T07:00:00+00:00,0.15478086510337466,0
site_f5bcf8a88a,2026-02-28T07:15:00+00:00,0.17650012822686129,0
site_f5bcf8a88a,2026-02-28T07:30:00+00:00,0.16555219866208876,0
site_f5bcf8a88a,2026-02-28T07:45:00+00:00,0.16594176272996783,0
site_f5bcf8a88a,2026-02-28T08:00:00+00:00,0.15185579514964326,0
site_f5bcf8a88a,2026-02-28T08:15:00+00:00,0.17583513979395268,0
site_f5bcf8a88a,2026-02-28T08:30:00+00:00,0.16876976149448095,0
site_f5bcf8a88a,2026-02-28T08:45:00+00:00,0.1677521907495937,0
site_f5bcf8a88a,2026-02-28T09:00:00+00:00,0.16899938601492998,0
site_f5bcf8a88a,2026-02-28T09:15:00+00:00,0.16011153412613022,0
site_f5bcf8a88a,2026-02-28T09:30:00+00:00,0.1773461579600649,0
site_f5bcf8a88a,2026-02-28T09:45:00+00:00,0.20042676511244686,1
site_f5bcf8a88a,2026-02-28T10:00:00+00:00,0.16925123529458422,0
site_f5bcf8a88a,2026-02-28T10:15:00+00:00,0.17199635200774874,0
site_f5bcf8a88a,2026-02-28T10:30:00+00:00,0.1863442633611457,0
site_f5bcf8a88a,2026-02-28T10:45:00+00:00,0.20289679824822668,1
site_f5bcf8a88a,2026-02-28T11:00:00+00:00,0.22018741125976243,1
site_f5bcf8a88a,2026-02-28T11:15:00+00:00,0.25591636839855064,1
site_f5bcf8a88a,2026-02-28T11:30:00+00:00,0.24818102273992243,1
site_f5bcf8a88a,2026-02-28T11:45:00+00:00,0.2083651934815323,1
site_f5bcf8a88a,2026-02-28T12:00:00+00:00,0.23319544118676522,1
site_f5bcf8a88a,2026-02-28T12:15:00+00:00,0.225670386371619,1
site_f5bcf8a88a,2026-02-28T12:30:00+00:00,0.2438086476093233,1
site_f5bcf8a88a,2026-02-28T12:45:00+00:00,0.24732948439502322,1
site_f5bcf8a88a,2026-02-28T13:00:00+00:00,0.20250563710649072,1
site_f5bcf8a88a,2026-02-28T13:15:00+00:00,0.24498072522641878,1
site_f5bcf8a88a,2026-02-28T13:30:00+00:00,0.20990052129543074,1
site_f5bcf8a88a,2026-02-28T13:45:00+00:00,0.1831392252903964,0
site_f5bcf8a88a,2026-02-28T14:00:00+00:00,0.19964420347890463,0
site_f5bcf8a88a,2026-02-28T14:15:00+00:00,0.18736988853692596,0
site_f5bcf8a88a,2026-02-28T14:30:00+00:00,0.20311304633218968,1
site_f5bcf8a88a,2026-02-28T14:45:00+00:00,0.2186703026926751,1
site_f5bcf8a88a,2026-02-28T15:00:00+00:00,0.21107714719176338,1
site_f5bcf8a88a,2026-02-28T15:15:00+00:00,0.2332361208141235,1
site_f5bcf8a88a,2026-02-28T15:30:00+00:00,0.2150695199599523,1
site_f5bcf8a88a,2026-02-28T15:45:00+00:00,0.1896197100926386,0
site_f5bcf8a88a,2026-02-28T16:00:00+00:00,0.19510932182622082,0
site_f5bcf8a88a,2026-02-28T16:15:00+00:00,0.18044725194800046,0
site_f5bcf8a88a,2026-02-28T16:30:00+00:00,0.21497566684587663,1
site_f5bcf8a88a,2026-02-28T16:45:00+00:00,0.18627470625420858,0
site_f5bcf8a88a,2026-02-28T17:00:00+00:00,0.1754434719780521,0
site_f5bcf8a88a,2026-02-28T17:15:00+00:00,0.22238747943618176,1
site_f5bcf8a88a,2026-02-28T17:30:00+00:00,0.21093099026010714,1
site_f5bcf8a88a,2026-02-28T17:45:00+00:00,0.18887491183067556,0
site_f5bcf8a88a,2026-02-28T18:00:00+00:00,0.18892128470415867,0
site_f5bcf8a88a,2026-02-28T18:15:00+00:00,0.1707855845639767,0
site_f5bcf8a88a,2026-02-28T18:30:00+00:00,0.16830410750760902,0
site_f5bcf8a88a,2026-02-28T18:45:00+00:00,0.17500447534842556,0
site_f5bcf8a88a,2026-02-28T19:00:00+00:00,0.188208646341958,0
site_f5bcf8a88a,2026-02-28T19:15:00+00:00,0.15789802202795092,0
site_f5bcf8a88a,2026-02-28T19:30:00+00:00,0.11819399756790855,0
site_f5bcf8a88a,2026-02-28T19:45:00+00:00,0.13693852377166368,0
site_f5bcf8a88a,2026-02-28T20:00:00+00:00,0.10559073562255512,0
site_f5bcf8a88a,2026-02-28T20:15:00+00:00,0.09076434123317652,0
site_f5bcf8a88a,2026-02-28T20:30:00+00:00,0.0849125414386197,0
site_f5bcf8a88a,2026-02-28T20:45:00+00:00,0.07999313929086806,0
site_f5bcf8a88a,2026-02-28T21:00:00+00:00,0.06316004863618387,0
site_f5bcf8a88a,2026-02-28T21:15:00+00:00,0.10066373651759791,0
site_f5bcf8a88a,2026-02-28T21:30:00+00:00,0.046654660872365576,0
site_f5bcf8a88a,2026-02-28T21:45:00+00:00,0.0501061376517672,0
site_f5bcf8a88a,2026-02-28T22:00:00+00:00,0.05296497133036251,0
site_f5bcf8a88a,2026-02-28T22:15:00+00:00,0.07300154252096257,0
site_f5bcf8a88a,2026-02-28T22:30:00+00:00,0.06942185235165238,0
site_f5bcf8a88a,2026-02-28T22:45:00+00:00,0.07439005184883767,0
site_f5bcf8a88a,2026-02-28T23:00:00+00:00,0.10345254315850316,0
site_f5bcf8a88a,2026-02-28T23:15:00+00:00,0.08114977860776794,0
site_f5bcf8a88a,2026-02-28T23:30:00+00:00,0.0970444274499545,0
site_f5bcf8a88a,2026-02-28T23:45:00+00:00,0.06030074749349554,0
site_f5bcf8a88a,2026-03-01T00:00:00+00:00,0.10915042946616656,0
site_f5bcf8a88a,2026-03-01T00:15:00+00:00,0.07969102972341907,0
site_f5bcf8a88a,2026-03-01T00:30:00+00:00,0.19155126049217602,0
site_f5bcf8a88a,2026-03-01T00:45:00+00:00,0.13419001462003471,0
site_f5bcf8a88a,2026-03-01T01:00:00+00:00,0.09671229378811948,0
site_f5bcf8a88a,2026-03-01T01:15:00+00:00,0.08616690649640514,0
site_f5bcf8a88a,2026-03-01T01:30:00+00:00,0.18261204286029203,0
site_f5bcf8a88a,2026-03-01T01:45:00+00:00,0.1309517261882641,0
site_f5bcf8a88a,2026-03-01T02:00:00+00:00,0.10776145263902824,0
site_f5bcf8a88a,2026-03-01T02:15:00+00:00,0.10807290446655103,0
site_f5bcf8a88a,2026-03-01T02:30:00+00:00,0.1260467526428092,0
site_f5bcf8a88a,2026-03-01T02:45:00+00:00,0.10670524310180093,0
site_f5bcf8a88a,2026-03-01T03:00:00+00:00,0.10900121424024894,0
site_f5bcf8a88a,2026-03-01T03:15:00+00:00,0.10057202645382657,0
site_f5bcf8a88a,2026-03-01T03:30:00+00:00,0.09705287561559599,0
site_f5bcf8a88a,2026-03-01T03:45:00+00:00,0.11565560405476562,0
site_f5bcf8a88a,2026-03-01T04:00:00+00:00,0.11975437730518625,0
site_f5bcf8a88a,2026-03-01T04:15:00+00:00,0.11822337047930447,0
site_f5bcf8a88a,2026-03-01T04:30:00+00:00,0.12326375845100906,0
site_f5bcf8a88a,2026-03-01T04:45:00+00:00,0.12944578006378513,0
site_f5bcf8a88a,2026-03-01T05:00:00+00:00,0.14532730452528397,0
site_f5bcf8a88a,2026-03-01T05:15:00+00:00,0.17187039260540626,0
site_f5bcf8a88a,2026-03-01T05:30:00+00:00,0.20560626392135495,1
site_f5bcf8a88a,2026-03-01T05:45:00+00:00,0.14635612158616065,0
site_f5bcf8a88a,2026-03-01T06:00:00+00:00,0.14126774625501068,0
site_f5bcf8a88a,2026-03-01T06:15:00+00:00,0.16783669879555457,0
site_f5bcf8a88a,2026-03-01T06:30:00+00:00,0.16699025649553106,0
site_f5bcf8a88a,2026-03-01T06:45:00+00:00,0.18291356172594855,0
site_f5bcf8a88a,2026-03-01T07:00:00+00:00,0.16870209345715798,0
site_f5bcf8a88a,2026-03-01T07:15:00+00:00,0.18302865132728083,0
site_f5bcf8a88a,2026-03-01T07:30:00+00:00,0.19719537889199573,0
site_f5bcf8a88a,2026-03-01T07:45:00+00:00,0.183968205019046,0
site_f5bcf8a88a,2026-03-01T08:00:00+00:00,0.20789179718219727,1
site_f5bcf8a88a,2026-03-01T08:15:00+00:00,0.1911437563436858,0
site_f5bcf8a88a,2026-03-01T08:30:00+00:00,0.18879846997933203,0
site_f5bcf8a88a,2026-03-01T08:45:00+00:00,0.18411452247694737,0
site_f5bcf8a88a,2026-03-01T09:00:00+00:00,0.16847481595460412,0
site_f5bcf8a88a,2026-03-01T09:15:00+00:00,0.1913349547710753,0
site_f5bcf8a88a,2026-03-01T09:30:00+00:00,0.2254476779899099,1
site_f5bcf8a88a,2026-03-01T09:45:00+00:00,0.22593626977164222,1
site_f5bcf8a88a,2026-03-01T10:00:00+00:00,0.25737750881234256,1
site_f5bcf8a88a,2026-03-01T10:15:00+00:00,0.2529689938654438,1
site_f5bcf8a88a,2026-03-01T10:30:00+00:00,0.19799853028913766,0
site_f5bcf8a88a,2026-03-01T10:45:00+00:00,0.18835019490597715,0
site_f5bcf8a88a,2026-03-01T11:00:00+00:00,0.2060974134343978,1
site_f5bcf8a88a,2026-03-01T11:15:00+00:00,0.23107711647501175,1
site_f5bcf8a88a,2026-03-01T11:30:00+00:00,0.24516574292863286,1
site_f5bcf8a88a,2026-03-01T11:45:00+00:00,0.22005020229247724,1
site_f5bcf8a88a,2026-03-01T12:00:00+00:00,0.23282804908031662,1
site_f5bcf8a88a,2026-03-01T12:15:00+00:00,0.2566951085834471,1
site_f5bcf8a88a,2026-03-01T12:30:00+00:00,0.2721767219191748,1
site_f5bcf8a88a,2026-03-01T12:45:00+00:00,0.2491811262510925,1
site_f5bcf8a88a,2026-03-01T13:00:00+00:00,0.2241353234999326,1
site_f5bcf8a88a,2026-03-01T13:15:00+00:00,0.20283949681905467,1
site_f5bcf8a88a,2026-03-01T13:30:00+00:00,0.25123148977562865,1
site_f5bcf8a88a,2026-03-01T13:45:00+00:00,0.24757450467845765,1
site_f5bcf8a88a,2026-03-01T14:00:00+00:00,0.24618700828417467,1
site_f5bcf8a88a,2026-03-01T14:15:00+00:00,0.2186382716695595,1
site_f5bcf8a88a,2026-03-01T14:30:00+00:00,0.21994848282823368,1
site_f5bcf8a88a,2026-03-01T14:45:00+00:00,0.2013841803122588,1
site_f5bcf8a88a,2026-03-01T15:00:00+00:00,0.20388425240522123,1
site_f5bcf8a88a,2026-03-01T15:15:00+00:00,0.22517006504213244,1
site_f5bcf8a88a,2026-03-01T15:30:00+00:00,0.2507398375698886,1
site_f5bcf8a88a,2026-03-01T15:45:00+00:00,0.217270898200734,1
site_f5bcf8a88a,2026-03-01T16:00:00+00:00,0.29217899675468656,1
site_f5bcf8a88a,2026-03-01T16:15:00+00:00,0.3675821237030045,1
site_f5bcf8a88a,2026-03-01T16:30:00+00:00,0.36294054697314043,1
site_f5bcf8a88a,2026-03-01T16:45:00+00:00,0.32548171821763255,1
site_f5bcf8a88a,2026-03-01T17:00:00+00:00,0.3218990635723627,1
site_f5bcf8a88a,2026-03-01T17:15:00+00:00,0.3213808053884036,1
site_f5bcf8a88a,2026-03-01T17:30:00+00:00,0.32402560864450813,1
site_f5bcf8a88a,2026-03-01T17:45:00+00:00,0.3240542474058544,1
site_f5bcf8a88a,2026-03-01T18:00:00+00:00,0.32282897674227556,1
site_f5bcf8a88a,2026-03-01T18:15:00+00:00,0.32618547137151915,1
site_f5bcf8a88a,2026-03-01T18:30:00+00:00,0.32862465261188467,1
site_f5bcf8a88a,2026-03-01T18:45:00+00:00,0.31782321537522223,1
site_f5bcf8a88a,2026-03-01T19:00:00+00:00,0.30033381757075106,1
site_f5bcf8a88a,2026-03-01T19:15:00+00:00,0.31180840895112766,1
site_f5bcf8a88a,2026-03-01T19:30:00+00:00,0.30939115760144886,1
site_f5bcf8a88a,2026-03-01T19:45:00+00:00,0.3224991761157645,1
site_f5bcf8a88a,2026-03-01T20:00:00+00:00,0.3152764111536753,1
site_f5bcf8a88a,2026-03-01T20:15:00+00:00,0.2231448885472287,1
site_f5bcf8a88a,2026-03-01T20:30:00+00:00,0.18233669227700555,0
site_f5bcf8a88a,2026-03-01T20:45:00+00:00,0.169816435875667,0
site_f5bcf8a88a,2026-03-01T21:00:00+00:00,0.21845444940767722,1
site_f5bcf8a88a,2026-03-01T21:15:00+00:00,0.1861643678477971,0
site_f5bcf8a88a,2026-03-01T21:30:00+00:00,0.17957455453291535,0
site_f5bcf8a88a,2026-03-01T21:45:00+00:00,0.15106157053777144,0
site_f5bcf8a88a,2026-03-01T22:00:00+00:00,0.17307965284634788,0
site_f5bcf8a88a,2026-03-01T22:15:00+00:00,0.1888947337325771,0
site_f5bcf8a88a,2026-03-01T22:30:00+00:00,0.1950130975273987,0
site_f5bcf8a88a,2026-03-01T22:45:00+00:00,0.1931850998400946,0
site_f5bcf8a88a,2026-03-01T23:00:00+00:00,0.15017529943946625,0
site_f5bcf8a88a,2026-03-01T23:15:00+00:00,0.1255168462895864,0
site_f5bcf8a88a,2026-03-01T23:30:00+00:00,0.14563781766620068,0
site_f5bcf8a88a,2026-03-01T23:45:00+00:00,0.14189654573120228,0
site_f5bcf8a88a,2026-03-02T00:00:00+00:00,0.15105673607703668,0
site_f5bcf8a88a,2026-03-02T00:15:00+00:00,0.13245765775195165,0
site_f5bcf8a88a,2026-03-02T00:30:00+00:00,0.13483320270109098,0
site_f5bcf8a88a,2026-03-02T00:45:00+00:00,0.08935650406737246,0
site_f5bcf8a88a,2026-03-02T01:00:00+00:00,0.12146688869507243,0
site_f5bcf8a88a,2026-03-02T01:15:00+00:00,0.10851917230183222,0
site_f5bcf8a88a,2026-03-02T01:30:00+00:00,0.13077065754174455,0
site_f5bcf8a88a,2026-03-02T01:45:00+00:00,0.13771223821968184,0
site_f5bcf8a88a,2026-03-02T02:00:00+00:00,0.1344483547086484,0
site_f5bcf8a88a,2026-03-02T02:15:00+00:00,0.119351902892859,0
site_f5bcf8a88a,2026-03-02T02:30:00+00:00,0.11308066463672181,0
site_f5bcf8a88a,2026-03-02T02:45:00+00:00,0.11590440699795687,0
site_f5bcf8a88a,2026-03-02T03:00:00+00:00,0.1164693324116494,0
site_f5bcf8a88a,2026-03-02T03:15:00+00:00,0.1446027600643003,0
site_f5bcf8a88a,2026-03-02T03:30:00+00:00,0.14466810914821362,0
site_f5bcf8a88a,2026-03-02T03:45:00+00:00,0.1385356481704035,0
site_f5bcf8a88a,2026-03-02T04:00:00+00:00,0.1671820688552834,0
site_f5bcf8a88a,2026-03-02T04:15:00+00:00,0.16834484686834997,0
site_f5bcf8a88a,2026-03-02T04:30:00+00:00,0.15317289501704306,0
site_f5bcf8a88a,2026-03-02T04:45:00+00:00,0.1629518578913115,0
site_f5bcf8a88a,2026-03-02T05:00:00+00:00,0.19278424315492365,0
site_f5bcf8a88a,2026-03-02T05:15:00+00:00,0.1708622274371605,0
site_f5bcf8a88a,2026-03-02T05:30:00+00:00,0.17519474149628114,0
site_f5bcf8a88a,2026-03-02T05:45:00+00:00,0.18881632459733025,0
site_f5bcf8a88a,2026-03-02T06:00:00+00:00,0.20981384045090182,1
site_f5bcf8a88a,2026-03-02T06:15:00+00:00,0.2350897096883496,1
site_f5bcf8a88a,2026-03-02T06:30:00+00:00,0.2572274086278233,1
site_f5bcf8a88a,2026-03-02T06:45:00+00:00,0.2600706352669846,1
site_f5bcf8a88a,2026-03-02T07:00:00+00:00,0.26163039502187074,1
site_f5bcf8a88a,2026-03-02T07:15:00+00:00,0.28316406522699994,1
site_f5bcf8a88a,2026-03-02T07:30:00+00:00,0.26618070409828565,1
site_f5bcf8a88a,2026-03-02T07:45:00+00:00,0.2190972293817058,1
site_f5bcf8a88a,2026-03-02T08:00:00+00:00,0.21029121664718695,1
site_f5bcf8a88a,2026-03-02T08:15:00+00:00,0.2457084266525997,1
site_f5bcf8a88a,2026-03-02T08:30:00+00:00,0.2536972292659064,1
site_f5bcf8a88a,2026-03-02T08:45:00+00:00,0.3008764948431729,1
site_f5bcf8a88a,2026-03-02T09:00:00+00:00,0.23147302240173662,1
site_f5bcf8a88a,2026-03-02T09:15:00+00:00,0.2615173799153028,1
site_f5bcf8a88a,2026-03-02T09:30:00+00:00,0.24382961447183685,1
site_f5bcf8a88a,2026-03-02T09:45:00+00:00,0.20621307464585656,1
site_f5bcf8a88a,2026-03-02T10:00:00+00:00,0.21892192478572323,1
site_f5bcf8a88a,2026-03-02T10:15:00+00:00,0.23303420732457913,1
site_f5bcf8a88a,2026-03-02T10:30:00+00:00,0.23205022344318735,1
site_f5bcf8a88a,2026-03-02T10:45:00+00:00,0.2437481175323044,1
site_f5bcf8a88a,2026-03-02T11:00:00+00:00,0.29011978589136855,1
site_f5bcf8a88a,2026-03-02T11:15:00+00:00,0.292831483660734,1
site_f5bcf8a88a,2026-03-02T11:30:00+00:00,0.30910586617722785,1
site_f5bcf8a88a,2026-03-02T11:45:00+00:00,0.29773041375163545,1
site_f5bcf8a88a,2026-03-02T12:00:00+00:00,0.2665754316007908,1
site_f5bcf8a88a,2026-03-02T12:15:00+00:00,0.23647570428847722,1
site_f5bcf8a88a,2026-03-02T12:30:00+00:00,0.2693713231975253,1
site_f5bcf8a88a,2026-03-02T12:45:00+00:00,0.25739665573229364,1
site_f5bcf8a88a,2026-03-02T13:00:00+00:00,0.2659507573203702,1
site_f5bcf8a88a,2026-03-02T13:15:00+00:00,0.2785838646417843,1
site_f5bcf8a88a,2026-03-02T13:30:00+00:00,0.2397690030077624,1
site_f5bcf8a88a,2026-03-02T13:45:00+00:00,0.23396231093843223,1
site_f5bcf8a88a,2026-03-02T14:00:00+00:00,0.2730880485646303,1
site_f5bcf8a88a,2026-03-02T14:15:00+00:00,0.22858246229399085,1
site_f5bcf8a88a,2026-03-02T14:30:00+00:00,0.24823724527007157,1
site_f5bcf8a88a,2026-03-02T14:45:00+00:00,0.2487121622023464,1
site_f5bcf8a88a,2026-03-02T15:00:00+00:00,0.3191758579180509,1
site_f5bcf8a88a,2026-03-02T15:15:00+00:00,0.355538220168682,1
site_f5bcf8a88a,2026-03-02T15:30:00+00:00,0.3651046819869419,1
site_f5bcf8a88a,2026-03-02T15:45:00+00:00,0.3796581269214991,1
site_f5bcf8a88a,2026-03-02T16:00:00+00:00,0.3855568964924295,1
site_f5bcf8a88a,2026-03-02T16:15:00+00:00,0.4201186420511828,1
site_f5bcf8a88a,2026-03-02T16:30:00+00:00,0.3999306471464582,1
site_f5bcf8a88a,2026-03-02T16:45:00+00:00,0.3942055390802194,1
site_f5bcf8a88a,2026-03-02T17:00:00+00:00,0.35828156035702396,1
site_f5bcf8a88a,2026-03-02T17:15:00+00:00,0.366906056514767,1
site_f5bcf8a88a,2026-03-02T17:30:00+00:00,0.3608783821706546,1
site_f5bcf8a88a,2026-03-02T17:45:00+00:00,0.3679791069994512,1
site_f5bcf8a88a,2026-03-02T18:00:00+00:00,0.3388617592922242,1
site_f5bcf8a88a,2026-03-02T18:15:00+00:00,0.3579053827256244,1
site_f5bcf8a88a,2026-03-02T18:30:00+00:00,0.3610808313842383,1
site_f5bcf8a88a,2026-03-02T18:45:00+00:00,0.37209806118834154,1
site_f5bcf8a88a,2026-03-02T19:00:00+00:00,0.3339990947502095,1
site_f5bcf8a88a,2026-03-02T19:15:00+00:00,0.28500637808793783,1
site_f5bcf8a88a,2026-03-02T19:30:00+00:00,0.2522312801940872,1
site_f5bcf8a88a,2026-03-02T19:45:00+00:00,0.25556155655286705,1
site_f5bcf8a88a,2026-03-02T20:00:00+00:00,0.29426956776355806,1
site_f5bcf8a88a,2026-03-02T20:15:00+00:00,0.27312880010339297,1
site_f5bcf8a88a,2026-03-02T20:30:00+00:00,0.2893604852244769,1
site_f5bcf8a88a,2026-03-02T20:45:00+00:00,0.298284321666398,1
site_f5bcf8a88a,2026-03-02T21:00:00+00:00,0.33566574952918377,1
site_f5bcf8a88a,2026-03-02T21:15:00+00:00,0.2737067786781624,1
site_f5bcf8a88a,2026-03-02T21:30:00+00:00,0.3135708078079382,1
site_f5bcf8a88a,2026-03-02T21:45:00+00:00,0.30176697804880215,1
site_f5bcf8a88a,2026-03-02T22:00:00+00:00,0.26547057492203996,1
site_f5bcf8a88a,2026-03-02T22:15:00+00:00,0.2423885170300985,1
site_f5bcf8a88a,2026-03-02T22:30:00+00:00,0.24489877379484018,1
site_f5bcf8a88a,2026-03-02T22:45:00+00:00,0.19794684470164509,0
site_f5bcf8a88a,2026-03-02T23:00:00+00:00,0.21662756158126092,1
site_f5bcf8a88a,2026-03-02T23:15:00+00:00,0.20146546137556287,1
site_f5bcf8a88a,2026-03-02T23:30:00+00:00,0.1974959897871901,0
site_f5bcf8a88a,2026-03-02T23:45:00+00:00,0.14478637445066386,0
site_f5bcf8a88a,2026-03-03T00:00:00+00:00,0.1631490921536792,0
site_f5bcf8a88a,2026-03-03T00:15:00+00:00,0.15866000835263613,0
site_f5bcf8a88a,2026-03-03T00:30:00+00:00,0.13743878053971645,0
site_f5bcf8a88a,2026-03-03T00:45:00+00:00,0.12938766893847137,0
site_f5bcf8a88a,2026-03-03T01:00:00+00:00,0.13639143211276822,0
site_f5bcf8a88a,2026-03-03T01:15:00+00:00,0.13243175162309068,0
site_f5bcf8a88a,2026-03-03T01:30:00+00:00,0.14054124299681042,0
site_f5bcf8a88a,2026-03-03T01:45:00+00:00,0.13115977145025234,0
site_f5bcf8a88a,2026-03-03T02:00:00+00:00,0.14328912212396325,0
site_f5bcf8a88a,2026-03-03T02:15:00+00:00,0.1421672658776411,0
site_f5bcf8a88a,2026-03-03T02:30:00+00:00,0.1485541569111245,0
site_f5bcf8a88a,2026-03-03T02:45:00+00:00,0.13317614603109204,0
site_f5bcf8a88a,2026-03-03T03:00:00+00:00,0.13706025252520723,0
site_f5bcf8a88a,2026-03-03T03:15:00+00:00,0.13246955597396773,0
site_f5bcf8a88a,2026-03-03T03:30:00+00:00,0.14268510308253013,0
site_f5bcf8a88a,2026-03-03T03:45:00+00:00,0.18033200605165584,0
site_f5bcf8a88a,2026-03-03T04:00:00+00:00,0.24064020302457656,1
site_f5bcf8a88a,2026-03-03T04:15:00+00:00,0.20107536278865068,1
site_f5bcf8a88a,2026-03-03T04:30:00+00:00,0.20613695788486772,1
site_f5bcf8a88a,2026-03-03T04:45:00+00:00,0.21284031722670893,1
site_f5bcf8a88a,2026-03-03T05:00:00+00:00,0.21587488131226082,1
site_f5bcf8a88a,2026-03-03T05:15:00+00:00,0.27299945218131855,1
site_f5bcf8a88a,2026-03-03T05:30:00+00:00,0.2026649536373551,1
site_f5bcf8a88a,2026-03-03T05:45:00+00:00,0.24050952452684196,1
site_f5bcf8a88a,2026-03-03T06:00:00+00:00,0.25146624745646423,1
site_f5bcf8a88a,2026-03-03T06:15:00+00:00,0.2428346101743328,1
site_f5bcf8a88a,2026-03-03T06:30:00+00:00,0.22515188438684774,1
site_f5bcf8a88a,2026-03-03T06:45:00+00:00,0.22884590829891246,1
site_f5bcf8a88a,2026-03-03T07:00:00+00:00,0.2492603721537075,1
site_f5bcf8a88a,2026-03-03T07:15:00+00:00,0.25648061860674043,1
site_f5bcf8a88a,2026-03-03T07:30:00+00:00,0.2911961594327009,1
site_f5bcf8a88a,2026-03-03T07:45:00+00:00,0.293457982722206,1
site_f5bcf8a88a,2026-03-03T08:00:00+00:00,0.2284020798419035,1
site_f5bcf8a88a,2026-03-03T08:15:00+00:00,0.2254599849934072,1
site_f5bcf8a88a,2026-03-03T08:30:00+00:00,0.2622126849206779,1
site_f5bcf8a88a,2026-03-03T08:45:00+00:00,0.22624963383183627,1
site_f5bcf8a88a,2026-03-03T09:00:00+00:00,0.23450848610922856,1
site_f5bcf8a88a,2026-03-03T09:15:00+00:00,0.23409357492816796,1
site_f5bcf8a88a,2026-03-03T09:30:00+00:00,0.23769189274610367,1
site_f5bcf8a88a,2026-03-03T09:45:00+00:00,0.2824765348934302,1
site_f5bcf8a88a,2026-03-03T10:00:00+00:00,0.26365043903057456,1
site_f5bcf8a88a,2026-03-03T10:15:00+00:00,0.3175499994890863,1
site_f5bcf8a88a,2026-03-03T10:30:00+00:00,0.25960748963866376,1
site_f5bcf8a88a,2026-03-03T10:45:00+00:00,0.30981269963606056,1
site_f5bcf8a88a,2026-03-03T11:00:00+00:00,0.303071805016609,1
site_f5bcf8a88a,2026-03-03T11:15:00+00:00,0.2716639039336841,1
site_f5bcf8a88a,2026-03-03T11:30:00+00:00,0.2878624530366415,1
site_f5bcf8a88a,2026-03-03T11:45:00+00:00,0.29373414527701575,1
site_f5bcf8a88a,2026-03-03T12:00:00+00:00,0.3065515971292414,1
site_f5bcf8a88a,2026-03-03T12:15:00+00:00,0.2842594700140617,1
site_f5bcf8a88a,2026-03-03T12:30:00+00:00,0.2558961387710629,1
site_f5bcf8a88a,2026-03-03T12:45:00+00:00,0.30046760958197105,1
site_f5bcf8a88a,2026-03-03T13:00:00+00:00,0.295523487004982,1
site_f5bcf8a88a,2026-03-03T13:15:00+00:00,0.2887353784141235,1
site_f5bcf8a88a,2026-03-03T13:30:00+00:00,0.30788835038938706,1
site_f5bcf8a88a,2026-03-03T13:45:00+00:00,0.285803633541831,1
site_f5bcf8a88a,2026-03-03T14:00:00+00:00,0.29490550205868,1
site_f5bcf8a88a,2026-03-03T14:15:00+00:00,0.3014182834325346,1
site_f5bcf8a88a,2026-03-03T14:30:00+00:00,0.30314990501624994,1
site_f5bcf8a88a,2026-03-03T14:45:00+00:00,0.3177422679706565,1
site_f5bcf8a88a,2026-03-03T15:00:00+00:00,0.36672602959391415,1
site_f5bcf8a88a,2026-03-03T15:15:00+00:00,0.32834814016087316,1
site_f5bcf8a88a,2026-03-03T15:30:00+00:00,0.3107819155049348,1
site_f5bcf8a88a,2026-03-03T15:45:00+00:00,0.31949813048621917,1
site_f5bcf8a88a,2026-03-03T16:00:00+00:00,0.2873658129699859,1
site_f5bcf8a88a,2026-03-03T16:15:00+00:00,0.3136079227143085,1
site_f5bcf8a88a,2026-03-03T16:30:00+00:00,0.2995852770161578,1
site_f5bcf8a88a,2026-03-03T16:45:00+00:00,0.3001954809460596,1
site_f5bcf8a88a,2026-03-03T17:00:00+00:00,0.31131724417060486,1
site_f5bcf8a88a,2026-03-03T17:15:00+00:00,0.3028734844057044,1
site_f5bcf8a88a,2026-03-03T17:30:00+00:00,0.2947886506602689,1
site_f5bcf8a88a,2026-03-03T17:45:00+00:00,0.2764452397608949,1
site_f5bcf8a88a,2026-03-03T18:00:00+00:00,0.23359813291200318,1
site_f5bcf8a88a,2026-03-03T18:15:00+00:00,0.37464279571963055,1
site_f5bcf8a88a,2026-03-03T18:30:00+00:00,0.2876294684186589,1
site_f5bcf8a88a,2026-03-03T18:45:00+00:00,0.2772397852067715,1
site_f5bcf8a88a,2026-03-03T19:00:00+00:00,0.34936085526973154,1
site_f5bcf8a88a,2026-03-03T19:15:00+00:00,0.29604081480108024,1
site_f5bcf8a88a,2026-03-03T19:30:00+00:00,0.415962537487012,1
site_f5bcf8a88a,2026-03-03T19:45:00+00:00,0.4992438524529868,1
site_f5bcf8a88a,2026-03-03T20:00:00+00:00,0.5002008218649387,1
site_f5bcf8a88a,2026-03-03T20:15:00+00:00,0.4348462504892386,1
site_f5bcf8a88a,2026-03-03T20:30:00+00:00,0.44419720367038645,1
site_f5bcf8a88a,2026-03-03T20:45:00+00:00,0.4476491763338919,1
site_f5bcf8a88a,2026-03-03T21:00:00+00:00,0.4301909177274241,1
site_f5bcf8a88a,2026-03-03T21:15:00+00:00,0.45606638812927236,1
site_f5bcf8a88a,2026-03-03T21:30:00+00:00,0.4076566950369996,1
site_f5bcf8a88a,2026-03-03T21:45:00+00:00,0.3577229347653372,1
site_f5bcf8a88a,2026-03-03T22:00:00+00:00,0.3728836217262749,1
site_f5bcf8a88a,2026-03-03T22:15:00+00:00,0.3849838714624113,1
site_f5bcf8a88a,2026-03-03T22:30:00+00:00,0.36584463442431886,1
site_f5bcf8a88a,2026-03-03T22:45:00+00:00,0.2620855796964695,1
site_f5bcf8a88a,2026-03-03T23:00:00+00:00,0.2797956315187048,1
site_f5bcf8a88a,2026-03-03T23:15:00+00:00,0.30900063273966827,1
site_f5bcf8a88a,2026-03-03T23:30:00+00:00,0.26629548455040003,1
site_f5bcf8a88a,2026-03-03T23:45:00+00:00,0.2772982669276262,1
site_f5bcf8a88a,2026-03-04T00:00:00+00:00,0.19946706017273996,0
site_f5bcf8a88a,2026-03-04T00:15:00+00:00,0.20388324697200386,1
site_f5bcf8a88a,2026-03-04T00:30:00+00:00,0.15380631347031318,0
site_f5bcf8a88a,2026-03-04T00:45:00+00:00,0.12269956435594029,0
site_f5bcf8a88a,2026-03-04T01:00:00+00:00,0.1417386323766312,0
site_f5bcf8a88a,2026-03-04T01:15:00+00:00,0.15397190535323546,0
site_f5bcf8a88a,2026-03-04T01:30:00+00:00,0.14546436240616115,0
site_f5bcf8a88a,2026-03-04T01:45:00+00:00,0.1495012962317873,0
site_f5bcf8a88a,2026-03-04T02:00:00+00:00,0.169031126507429,0
site_f5bcf8a88a,2026-03-04T02:15:00+00:00,0.14481893969636497,0
site_f5bcf8a88a,2026-03-04T02:30:00+00:00,0.12077826963973932,0
site_f5bcf8a88a,2026-03-04T02:45:00+00:00,0.14993432498571607,0
site_f5bcf8a88a,2026-03-04T03:00:00+00:00,0.17317903352546604,0
site_f5bcf8a88a,2026-03-04T03:15:00+00:00,0.1525952725185778,0
site_f5bcf8a88a,2026-03-04T03:30:00+00:00,0.19474785858558488,0
site_f5bcf8a88a,2026-03-04T03:45:00+00:00,0.17202524202404662,0
site_f5bcf8a88a,2026-03-04T04:00:00+00:00,0.18593540136820302,0
site_f5bcf8a88a,2026-03-04T04:15:00+00:00,0.20004521360819444,1
site_f5bcf8a88a,2026-03-04T04:30:00+00:00,0.21082227170639456,1
site_f5bcf8a88a,2026-03-04T04:45:00+00:00,0.21389435635478982,1
site_f5bcf8a88a,2026-03-04T05:00:00+00:00,0.191832362485299,0
site_f5bcf8a88a,2026-03-04T05:15:00+00:00,0.21156557322771663,1
site_f5bcf8a88a,2026-03-04T05:30:00+00:00,0.21526552807987961,1
site_f5bcf8a88a,2026-03-04T05:45:00+00:00,0.2613477198354134,1
site_f5bcf8a88a,2026-03-04T06:00:00+00:00,0.2767640202017627,1
site_f5bcf8a88a,2026-03-04T06:15:00+00:00,0.2504575399242453,1
site_f5bcf8a88a,2026-03-04T06:30:00+00:00,0.2034321863081322,1
site_f5bcf8a88a,2026-03-04T06:45:00+00:00,0.23258101787393123,1
site_f5bcf8a88a,2026-03-04T07:00:00+00:00,0.26246933883197016,1
site_f5bcf8a88a,2026-03-04T07:15:00+00:00,0.26606262254273627,1
site_f5bcf8a88a,2026-03-04T07:30:00+00:00,0.23030613293026234,1
site_f5bcf8a88a,2026-03-04T07:45:00+00:00,0.2786168777496753,1
site_f5bcf8a88a,2026-03-04T08:00:00+00:00,0.2591928353894432,1
site_f5bcf8a88a,2026-03-04T08:15:00+00:00,0.25079493341094755,1
site_f5bcf8a88a,2026-03-04T08:30:00+00:00,0.2718706599324886,1
site_f5bcf8a88a,2026-03-04T08:45:00+00:00,0.2617518037656795,1
site_f5bcf8a88a,2026-03-04T09:00:00+00:00,0.28852399382683713,1
site_f5bcf8a88a,2026-03-04T09:15:00+00:00,0.26634138992918965,1
site_f5bcf8a88a,2026-03-04T09:30:00+00:00,0.2557094802225078,1
site_f5bcf8a88a,2026-03-04T09:45:00+00:00,0.29235015440413786,1
site_f5bcf8a88a,2026-03-04T10:00:00+00:00,0.30554440371770364,1
site_f5bcf8a88a,2026-03-04T10:15:00+00:00,0.29132154687949374,1
site_f5bcf8a88a,2026-03-04T10:30:00+00:00,0.2681668749065073,1
site_f5bcf8a88a,2026-03-04T10:45:00+00:00,0.30502824805599454,1
site_f5bcf8a88a,2026-03-04T11:00:00+00:00,0.2977513073807785,1
site_f5bcf8a88a,2026-03-04T11:15:00+00:00,0.283612519180103,1
site_f5bcf8a88a,2026-03-04T11:30:00+00:00,0.27747399622891283,1
site_f5bcf8a88a,2026-03-04T11:45:00+00:00,0.2803149512132489,1
site_f5bcf8a88a,2026-03-04T12:00:00+00:00,0.32794643087910974,1
site_f5bcf8a88a,2026-03-04T12:15:00+00:00,0.3288852676222308,1
site_f5bcf8a88a,2026-03-04T12:30:00+00:00,0.28954897454585726,1
site_f5bcf8a88a,2026-03-04T12:45:00+00:00,0.315307472509335,1
site_f5bcf8a88a,2026-03-04T13:00:00+00:00,0.3977791139787174,1
site_f5bcf8a88a,2026-03-04T13:15:00+00:00,0.34479510616767467,1
site_f5bcf8a88a,2026-03-04T13:30:00+00:00,0.32781112448278465,1
site_f5bcf8a88a,2026-03-04T13:45:00+00:00,0.288839789401687,1
site_f5bcf8a88a,2026-03-04T14:00:00+00:00,0.3109704444817613,1
site_f5bcf8a88a,2026-03-04T14:15:00+00:00,0.32683615191589255,1
site_f5bcf8a88a,2026-03-04T14:30:00+00:00,0.31897027916086856,1
site_f5bcf8a88a,2026-03-04T14:45:00+00:00,0.31646074610560404,1
site_f5bcf8a88a,2026-03-04T15:00:00+00:00,0.32696033749592335,1
site_f5bcf8a88a,2026-03-04T15:15:00+00:00,0.32261012105894443,1
site_f5bcf8a88a,2026-03-04T15:30:00+00:00,0.34363735047887983,1
site_f5bcf8a88a,2026-03-04T15:45:00+00:00,0.32849457864000675,1
site_f5bcf8a88a,2026-03-04T16:00:00+00:00,0.3447121822355707,1
site_f5bcf8a88a,2026-03-04T16:15:00+00:00,0.31836707170361167,1
site_f5bcf8a88a,2026-03-04T16:30:00+00:00,0.2947290087832394,1
site_f5bcf8a88a,2026-03-04T16:45:00+00:00,0.33191844787502706,1
site_f5bcf8a88a,2026-03-04T17:00:00+00:00,0.3030232183066601,1
site_f5bcf8a88a,2026-03-04T17:15:00+00:00,0.3774890036848042,1
site_f5bcf8a88a,2026-03-04T17:30:00+00:00,0.34880818184244144,1
site_f5bcf8a88a,2026-03-04T17:45:00+00:00,0.3596014783183758,1
site_f5bcf8a88a,2026-03-04T18:00:00+00:00,0.3486427632514724,1
site_f5bcf8a88a,2026-03-04T18:15:00+00:00,0.32284394119051246,1
site_f5bcf8a88a,2026-03-04T18:30:00+00:00,0.3856618882452555,1
site_f5bcf8a88a,2026-03-04T18:45:00+00:00,0.43906114106672145,1
site_f5bcf8a88a,2026-03-04T19:00:00+00:00,0.4003893108104635,1
site_f5bcf8a88a,2026-03-04T19:15:00+00:00,0.398163213937471,1
site_f5bcf8a88a,2026-03-04T19:30:00+00:00,0.45058943257795797,1
site_f5bcf8a88a,2026-03-04T19:45:00+00:00,0.465133075268089,1
site_f5bcf8a88a,2026-03-04T20:00:00+00:00,0.47593038035853613,1
site_f5bcf8a88a,2026-03-04T20:15:00+00:00,0.4732853085870327,1
site_f5bcf8a88a,2026-03-04T20:30:00+00:00,0.456575070937168,1
site_f5bcf8a88a,2026-03-04T20:45:00+00:00,0.37467200670984824,1
site_f5bcf8a88a,2026-03-04T21:00:00+00:00,0.39255735000041886,1
site_f5bcf8a88a,2026-03-04T21:15:00+00:00,0.402842607398747,1
site_f5bcf8a88a,2026-03-04T21:30:00+00:00,0.35133719527211593,1
site_f5bcf8a88a,2026-03-04T21:45:00+00:00,0.30073638143593595,1
site_f5bcf8a88a,2026-03-04T22:00:00+00:00,0.33624276217825066,1
site_f5bcf8a88a,2026-03-04T22:15:00+00:00,0.3562063999406651,1
site_f5bcf8a88a,2026-03-04T22:30:00+00:00,0.3411825549070219,1
site_f5bcf8a88a,2026-03-04T22:45:00+00:00,0.3626883431389063,1
site_f5bcf8a88a,2026-03-04T23:00:00+00:00,0.2519343963640499,1
site_f5bcf8a88a,2026-03-04T23:15:00+00:00,0.27318029466985433,1
site_f5bcf8a88a,2026-03-04T23:30:00+00:00,0.2461090174249602,1
site_f5bcf8a88a,2026-03-04T23:45:00+00:00,0.20905434015396585,1
site_f5bcf8a88a,2026-03-05T00:00:00+00:00,0.17143833759599744,0
site_f5bcf8a88a,2026-03-05T00:15:00+00:00,0.21380929799482956,1
site_f5bcf8a88a,2026-03-05T00:30:00+00:00,0.24343002195360844,1
site_f5bcf8a88a,2026-03-05T00:45:00+00:00,0.21617673670968549,1
site_f5bcf8a88a,2026-03-05T01:00:00+00:00,0.22079720387693325,1
site_f5bcf8a88a,2026-03-05T01:15:00+00:00,0.20321665222473065,1
site_f5bcf8a88a,2026-03-05T01:30:00+00:00,0.16092293087279233,0
site_f5bcf8a88a,2026-03-05T01:45:00+00:00,0.2011349033453657,1
site_f5bcf8a88a,2026-03-05T02:00:00+00:00,0.20287773357345518,1
site_f5bcf8a88a,2026-03-05T02:15:00+00:00,0.22435784142168644,1
site_f5bcf8a88a,2026-03-05T02:30:00+00:00,0.28260824315676264,1
site_f5bcf8a88a,2026-03-05T02:45:00+00:00,0.23394989156884852,1
site_f5bcf8a88a,2026-03-05T03:00:00+00:00,0.24638876538470472,1
site_f5bcf8a88a,2026-03-05T03:15:00+00:00,0.2812541577306801,1
site_f5bcf8a88a,2026-03-05T03:30:00+00:00,0.27422862785076546,1
site_f5bcf8a88a,2026-03-05T03:45:00+00:00,0.22754216597333732,1
site_f5bcf8a88a,2026-03-05T04:00:00+00:00,0.19014241132011997,0
site_f5bcf8a88a,2026-03-05T04:15:00+00:00,0.22099517843426986,1
site_f5bcf8a88a,2026-03-05T04:30:00+00:00,0.25504978028738534,1
site_f5bcf8a88a,2026-03-05T04:45:00+00:00,0.26013943365578407,1
site_f5bcf8a88a,2026-03-05T05:00:00+00:00,0.24556920123983722,1
site_f5bcf8a88a,2026-03-05T05:15:00+00:00,0.2173772469337138,1
site_f5bcf8a88a,2026-03-05T05:30:00+00:00,0.21708523673135838,1
site_f5bcf8a88a,2026-03-05T05:45:00+00:00,0.23420199289024937,1
site_f5bcf8a88a,2026-03-05T06:00:00+00:00,0.3055381102916433,1
site_f5bcf8a88a,2026-03-05T06:15:00+00:00,0.283285325152972,1
site_f5bcf8a88a,2026-03-05T06:30:00+00:00,0.2655280854869492,1
site_f5bcf8a88a,2026-03-05T06:45:00+00:00,0.38022452529507156,1
site_f5bcf8a88a,2026-03-05T07:00:00+00:00,0.3019855099236441,1
site_f5bcf8a88a,2026-03-05T07:15:00+00:00,0.27810465476501206,1
site_f5bcf8a88a,2026-03-05T07:30:00+00:00,0.2779513270102403,1
site_f5bcf8a88a,2026-03-05T07:45:00+00:00,0.2719032566853001,1
site_f5bcf8a88a,2026-03-05T08:00:00+00:00,0.28688604793784167,1
site_f5bcf8a88a,2026-03-05T08:15:00+00:00,0.22404172716809753,1
site_f5bcf8a88a,2026-03-05T08:30:00+00:00,0.2651862971800054,1
site_f5bcf8a88a,2026-03-05T08:45:00+00:00,0.28990064355712963,1
site_f5bcf8a88a,2026-03-05T09:00:00+00:00,0.2857874687705954,1
site_f5bcf8a88a,2026-03-05T09:15:00+00:00,0.29273410965016755,1
site_f5bcf8a88a,2026-03-05T09:30:00+00:00,0.2925542817172373,1
site_f5bcf8a88a,2026-03-05T09:45:00+00:00,0.307944629310638,1
site_f5bcf8a88a,2026-03-05T10:00:00+00:00,0.3267016342469742,1
site_f5bcf8a88a,2026-03-05T10:15:00+00:00,0.297641014481617,1
site_f5bcf8a88a,2026-03-05T10:30:00+00:00,0.30755805531726965,1
site_f5bcf8a88a,2026-03-05T10:45:00+00:00,0.25506232171385923,1
site_f5bcf8a88a,2026-03-05T11:00:00+00:00,0.33379554999521804,1
site_f5bcf8a88a,2026-03-05T11:15:00+00:00,0.3433689983600724,1
site_f5bcf8a88a,2026-03-05T11:30:00+00:00,0.2995678029785599,1
site_f5bcf8a88a,2026-03-05T11:45:00+00:00,0.33202731565397064,1
site_f5bcf8a88a,2026-03-05T12:00:00+00:00,0.34885237520398127,1
site_f5bcf8a88a,2026-03-05T12:15:00+00:00,0.3594071571294544,1
site_f5bcf8a88a,2026-03-05T12:30:00+00:00,0.35521656994625384,1
site_f5bcf8a88a,2026-03-05T12:45:00+00:00,0.3466308680304324,1
site_f5bcf8a88a,2026-03-05T13:00:00+00:00,0.3219493746475175,1
site_f5bcf8a88a,2026-03-05T13:15:00+00:00,0.43620761242567596,1
site_f5bcf8a88a,2026-03-05T13:30:00+00:00,0.3289597127353615,1
site_f5bcf8a88a,2026-03-05T13:45:00+00:00,0.32655347960610226,1
site_f5bcf8a88a,2026-03-05T14:00:00+00:00,0.3459383678439943,1
site_f5bcf8a88a,2026-03-05T14:15:00+00:00,0.35173536855293813,1
site_f5bcf8a88a,2026-03-05T14:30:00+00:00,0.39725513705328913,1
site_f5bcf8a88a,2026-03-05T14:45:00+00:00,0.4147331947205778,1
site_f5bcf8a88a,2026-03-05T15:00:00+00:00,0.41546247309087286,1
site_f5bcf8a88a,2026-03-05T15:15:00+00:00,0.40453105571156217,1
site_f5bcf8a88a,2026-03-05T15:30:00+00:00,0.419188015789777,1
site_f5bcf8a88a,2026-03-05T15:45:00+00:00,0.49654480176050453,1
site_f5bcf8a88a,2026-03-05T16:00:00+00:00,0.3928337862769399,1
site_f5bcf8a88a,2026-03-05T16:15:00+00:00,0.38412961238098553,1
site_f5bcf8a88a,2026-03-05T16:30:00+00:00,0.39993862042282946,1
site_f5bcf8a88a,2026-03-05T16:45:00+00:00,0.3899870305036506,1
site_f5bcf8a88a,2026-03-05T17:00:00+00:00,0.3930254828684541,1
site_f5bcf8a88a,2026-03-05T17:15:00+00:00,0.3426617189149154,1
site_f5bcf8a88a,2026-03-05T17:30:00+00:00,0.39020387303530296,1
site_f5bcf8a88a,2026-03-05T17:45:00+00:00,0.30543285315591895,1
site_f5bcf8a88a,2026-03-05T18:00:00+00:00,0.3305994528176645,1
site_f5bcf8a88a,2026-03-05T18:15:00+00:00,0.3275397468415816,1
site_f5bcf8a88a,2026-03-05T18:30:00+00:00,0.33556071309767627,1
site_f5bcf8a88a,2026-03-05T18:45:00+00:00,0.29950489076168696,1
site_f5bcf8a88a,2026-03-05T19:00:00+00:00,0.31382819177198656,1
site_f5bcf8a88a,2026-03-05T19:15:00+00:00,0.3129811803342486,1
site_f5bcf8a88a,2026-03-05T19:30:00+00:00,0.31505437246355666,1
site_f5bcf8a88a,2026-03-05T19:45:00+00:00,0.3053086242145,1
site_f5bcf8a88a,2026-03-05T20:00:00+00:00,0.29534683242987214,1
site_f5bcf8a88a,2026-03-05T20:15:00+00:00,0.3054936008659511,1
site_f5bcf8a88a,2026-03-05T20:30:00+00:00,0.28116949772824923,1
site_f5bcf8a88a,2026-03-05T20:45:00+00:00,0.24400320201351974,1
site_f5bcf8a88a,2026-03-05T21:00:00+00:00,0.22792951409266107,1
site_f5bcf8a88a,2026-03-05T21:15:00+00:00,0.2797452430177635,1
site_f5bcf8a88a,2026-03-05T21:30:00+00:00,0.27432028514291645,1
site_f5bcf8a88a,2026-03-05T21:45:00+00:00,0.24733631531587189,1
site_f5bcf8a88a,2026-03-05T22:00:00+00:00,0.19054887365840636,0
site_f5bcf8a88a,2026-03-05T22:15:00+00:00,0.2035072147518139,1
site_f5bcf8a88a,2026-03-05T22:30:00+00:00,0.23411886339366195,1
site_f5bcf8a88a,2026-03-05T22:45:00+00:00,0.20880819480323404,1
site_f5bcf8a88a,2026-03-05T23:00:00+00:00,0.2206641929042809,1
site_f5bcf8a88a,2026-03-05T23:15:00+00:00,0.20472093581130366,1
site_f5bcf8a88a,2026-03-05T23:30:00+00:00,0.1413591040776977,0
site_f5bcf8a88a,2026-03-05T23:45:00+00:00,0.20340526711703355,1
site_f5bcf8a88a,2026-03-06T00:00:00+00:00,0.17151164494298035,0
site_f5bcf8a88a,2026-03-06T00:15:00+00:00,0.2026192904922869,1
site_f5bcf8a88a,2026-03-06T00:30:00+00:00,0.17190364874337127,0
site_f5bcf8a88a,2026-03-06T00:45:00+00:00,0.17972450667520887,0
site_f5bcf8a88a,2026-03-06T01:00:00+00:00,0.2286076878815193,1
site_f5bcf8a88a,2026-03-06T01:15:00+00:00,0.2263592258657385,1
site_f5bcf8a88a,2026-03-06T01:30:00+00:00,0.2216959850141545,1
site_f5bcf8a88a,2026-03-06T01:45:00+00:00,0.17992227064340563,0
site_f5bcf8a88a,2026-03-06T02:00:00+00:00,0.19894687694651447,0
site_f5bcf8a88a,2026-03-06T02:15:00+00:00,0.20368588073687202,1
site_f5bcf8a88a,2026-03-06T02:30:00+00:00,0.16890779717024043,0
site_f5bcf8a88a,2026-03-06T02:45:00+00:00,0.1379503810195056,0
site_f5bcf8a88a,2026-03-06T03:00:00+00:00,0.1435570163334432,0
site_f5bcf8a88a,2026-03-06T03:15:00+00:00,0.15712180189093355,0
site_f5bcf8a88a,2026-03-06T03:30:00+00:00,0.26149177593263867,1
site_f5bcf8a88a,2026-03-06T03:45:00+00:00,0.19777794405375548,0
site_f5bcf8a88a,2026-03-06T04:00:00+00:00,0.21157163243261184,1
site_f5bcf8a88a,2026-03-06T04:15:00+00:00,0.2096558010067941,1
site_f5bcf8a88a,2026-03-06T04:30:00+00:00,0.23663223086376967,1
site_f5bcf8a88a,2026-03-06T04:45:00+00:00,0.24514546480247737,1
site_f5bcf8a88a,2026-03-06T05:00:00+00:00,0.32041694877139454,1
site_f5bcf8a88a,2026-03-06T05:15:00+00:00,0.21680413590006406,1
site_f5bcf8a88a,2026-03-06T05:30:00+00:00,0.2916385107665106,1
site_f5bcf8a88a,2026-03-06T05:45:00+00:00,0.2595371108757907,1
site_f5bcf8a88a,2026-03-06T06:00:00+00:00,0.270566602809929,1
site_f5bcf8a88a,2026-03-06T06:15:00+00:00,0.267965937878172,1
site_f5bcf8a88a,2026-03-06T06:30:00+00:00,0.3071285462760192,1
site_f5bcf8a88a,2026-03-06T06:45:00+00:00,0.24387282176596095,1
site_f5bcf8a88a,2026-03-06T07:00:00+00:00,0.28433420753699423,1
site_f5bcf8a88a,2026-03-06T07:15:00+00:00,0.21498399338775329,1
site_f5bcf8a88a,2026-03-06T07:30:00+00:00,0.2743050088868792,1
site_f5bcf8a88a,2026-03-06T07:45:00+00:00,0.28254736594537105,1
site_f5bcf8a88a,2026-03-06T08:00:00+00:00,0.25687110177624883,1
site_f5bcf8a88a,2026-03-06T08:15:00+00:00,0.2984598069756357,1
site_f5bcf8a88a,2026-03-06T08:30:00+00:00,0.26423598192356035,1
site_f5bcf8a88a,2026-03-06T08:45:00+00:00,0.24463921520705667,1
site_f5bcf8a88a,2026-03-06T09:00:00+00:00,0.29625201659411704,1
site_f5bcf8a88a,2026-03-06T09:15:00+00:00,0.2929137968285958,1
site_f5bcf8a88a,2026-03-06T09:30:00+00:00,0.28787218307270585,1
site_f5bcf8a88a,2026-03-06T09:45:00+00:00,0.30871229763449,1
site_f5bcf8a88a,2026-03-06T10:00:00+00:00,0.2969040640768215,1
site_f5bcf8a88a,2026-03-06T10:15:00+00:00,0.3501711056438298,1
site_f5bcf8a88a,2026-03-06T10:30:00+00:00,0.34556098563988363,1
site_f5bcf8a88a,2026-03-06T10:45:00+00:00,0.3669049693485159,1
site_f5bcf8a88a,2026-03-06T11:00:00+00:00,0.2946389955192272,1
site_f5bcf8a88a,2026-03-06T11:15:00+00:00,0.3953882512304424,1
site_f5bcf8a88a,2026-03-06T11:30:00+00:00,0.39871609461799756,1
site_f5bcf8a88a,2026-03-06T11:45:00+00:00,0.3450137339618461,1
site_f5bcf8a88a,2026-03-06T12:00:00+00:00,0.31079011619951,1
site_f5bcf8a88a,2026-03-06T12:15:00+00:00,0.38183521654692126,1
site_f5bcf8a88a,2026-03-06T12:30:00+00:00,0.3346950919260082,1
site_f5bcf8a88a,2026-03-06T12:45:00+00:00,0.3531685903384744,1
site_f5bcf8a88a,2026-03-06T13:00:00+00:00,0.4123516972726015,1
site_f5bcf8a88a,2026-03-06T13:15:00+00:00,0.34625918185243143,1
site_f5bcf8a88a,2026-03-06T13:30:00+00:00,0.4183434454604426,1
site_f5bcf8a88a,2026-03-06T13:45:00+00:00,0.4317200248471043,1
site_f5bcf8a88a,2026-03-06T14:00:00+00:00,0.41063633742626054,1
site_f5bcf8a88a,2026-03-06T14:15:00+00:00,0.3657131220403119,1
site_f5bcf8a88a,2026-03-06T14:30:00+00:00,0.41186116626233854,1
site_f5bcf8a88a,2026-03-06T14:45:00+00:00,0.3883233144327042,1
site_f5bcf8a88a,2026-03-06T15:00:00+00:00,0.3566417228933759,1
site_f5bcf8a88a,2026-03-06T15:15:00+00:00,0.3702622225431807,1
site_f5bcf8a88a,2026-03-06T15:30:00+00:00,0.3335576392021804,1
site_f5bcf8a88a,2026-03-06T15:45:00+00:00,0.2943115517722415,1
site_f5bcf8a88a,2026-03-06T16:00:00+00:00,0.3089216715063515,1
site_f5bcf8a88a,2026-03-06T16:15:00+00:00,0.2891931028484417,1
site_f5bcf8a88a,2026-03-06T16:30:00+00:00,0.27175558820185,1
site_f5bcf8a88a,2026-03-06T16:45:00+00:00,0.31319267936855155,1
site_f5bcf8a88a,2026-03-06T17:00:00+00:00,0.34416423159629705,1
site_f5bcf8a88a,2026-03-06T17:15:00+00:00,0.3005410606917355,1
site_f5bcf8a88a,2026-03-06T17:30:00+00:00,0.29060696424730553,1
site_f5bcf8a88a,2026-03-06T17:45:00+00:00,0.2595794025823588,1
site_f5bcf8a88a,2026-03-06T18:00:00+00:00,0.2847007142804888,1
site_f5bcf8a88a,2026-03-06T18:15:00+00:00,0.3393492942459417,1
site_f5bcf8a88a,2026-03-06T18:30:00+00:00,0.3203609875250116,1
site_f5bcf8a88a,2026-03-06T18:45:00+00:00,0.29902528972875747,1
site_f5bcf8a88a,2026-03-06T19:00:00+00:00,0.2947824194146527,1
site_f5bcf8a88a,2026-03-06T19:15:00+00:00,0.3346442875657091,1
site_f5bcf8a88a,2026-03-06T19:30:00+00:00,0.291964779057861,1
site_f5bcf8a88a,2026-03-06T19:45:00+00:00,0.2848366417066338,1
site_f5bcf8a88a,2026-03-06T20:00:00+00:00,0.19927400476440835,0
site_f5bcf8a88a,2026-03-06T20:15:00+00:00,0.23000250329751426,1
site_f5bcf8a88a,2026-03-06T20:30:00+00:00,0.2583483767650451,1
site_f5bcf8a88a,2026-03-06T20:45:00+00:00,0.25669925175604424,1
site_f5bcf8a88a,2026-03-06T21:00:00+00:00,0.2208458084567355,1
site_f5bcf8a88a,2026-03-06T21:15:00+00:00,0.26158877450052037,1
site_f5bcf8a88a,2026-03-06T21:30:00+00:00,0.2551927177075934,1
site_f5bcf8a88a,2026-03-06T21:45:00+00:00,0.22838699977852414,1
site_f5bcf8a88a,2026-03-06T22:00:00+00:00,0.2190432301504467,1
site_f5bcf8a88a,2026-03-06T22:15:00+00:00,0.20354220524320682,1
site_f5bcf8a88a,2026-03-06T22:30:00+00:00,0.17154333438534303,0
site_f5bcf8a88a,2026-03-06T22:45:00+00:00,0.2048615457064446,1
site_f5bcf8a88a,2026-03-06T23:00:00+00:00,0.23245470220016703,1
site_f5bcf8a88a,2026-03-06T23:15:00+00:00,0.19853055011427245,0
site_f5bcf8a88a,2026-03-06T23:30:00+00:00,0.17876716660397401,0
site_f5bcf8a88a,2026-03-06T23:45:00+00:00,0.2057117750772563,1
site_f5bcf8a88a,2026-03-07T00:00:00+00:00,0.17948062451298238,0
site_f5bcf8a88a,2026-03-07T00:15:00+00:00,0.15877291189752588,0
site_f5bcf8a88a,2026-03-07T00:30:00+00:00,0.13907066804396734,0
site_f5bcf8a88a,2026-03-07T00:45:00+00:00,0.13840824259663034,0
site_f5bcf8a88a,2026-03-07T01:00:00+00:00,0.11755683956335207,0
site_f5bcf8a88a,2026-03-07T01:15:00+00:00,0.17016975210201193,0
site_f5bcf8a88a,2026-03-07T01:30:00+00:00,0.136724888732319,0
site_f5bcf8a88a,2026-03-07T01:45:00+00:00,0.10305333279126334,0
site_f5bcf8a88a,2026-03-07T02:00:00+00:00,0.0783944947440569,0
site_f5bcf8a88a,2026-03-07T02:15:00+00:00,0.10091843981192462,0
site_f5bcf8a88a,2026-03-07T02:30:00+00:00,0.09726528246753324,0
site_f5bcf8a88a,2026-03-07T02:45:00+00:00,0.18652613126639722,0
site_f5bcf8a88a,2026-03-07T03:00:00+00:00,0.14254914218963416,0
site_f5bcf8a88a,2026-03-07T03:15:00+00:00,0.16345071118766857,0
site_f5bcf8a88a,2026-03-07T03:30:00+00:00,0.1668276504078567,0
site_f5bcf8a88a,2026-03-07T03:45:00+00:00,0.17626155940922975,0
site_f5bcf8a88a,2026-03-07T04:00:00+00:00,0.16315781739467733,0
site_f5bcf8a88a,2026-03-07T04:15:00+00:00,0.13686447606826582,0
site_f5bcf8a88a,2026-03-07T04:30:00+00:00,0.16283794463937742,0
site_f5bcf8a88a,2026-03-07T04:45:00+00:00,0.16830556109570238,0
site_f5bcf8a88a,2026-03-07T05:00:00+00:00,0.1640248553423139,0
site_f5bcf8a88a,2026-03-07T05:15:00+00:00,0.18028765042847686,0
site_f5bcf8a88a,2026-03-07T05:30:00+00:00,0.16729037916964876,0
site_f5bcf8a88a,2026-03-07T05:45:00+00:00,0.15630731532495276,0
site_f5bcf8a88a,2026-03-07T06:00:00+00:00,0.15260650825675257,0
site_f5bcf8a88a,2026-03-07T06:15:00+00:00,0.18447747938604353,0
site_f5bcf8a88a,2026-03-07T06:30:00+00:00,0.21139279206638958,1
site_f5bcf8a88a,2026-03-07T06:45:00+00:00,0.2289408793287889,1
site_f5bcf8a88a,2026-03-07T07:00:00+00:00,0.2063796786378569,1
site_f5bcf8a88a,2026-03-07T07:15:00+00:00,0.24349144190935337,1
site_f5bcf8a88a,2026-03-07T07:30:00+00:00,0.2506274746910276,1
site_f5bcf8a88a,2026-03-07T07:45:00+00:00,0.20997175542931046,1
site_f5bcf8a88a,2026-03-07T08:00:00+00:00,0.22859174938679333,1
site_f5bcf8a88a,2026-03-07T08:15:00+00:00,0.18742308542190422,0
site_f5bcf8a88a,2026-03-07T08:30:00+00:00,0.2169921149820961,1
site_f5bcf8a88a,2026-03-07T08:45:00+00:00,0.2834567404904969,1
site_f5bcf8a88a,2026-03-07T09:00:00+00:00,0.21003361105157164,1
site_f5bcf8a88a,2026-03-07T09:15:00+00:00,0.29373853303012626,1
site_f5bcf8a88a,2026-03-07T09:30:00+00:00,0.27779450735898015,1
site_f5bcf8a88a,2026-03-07T09:45:00+00:00,0.2316759732857195,1
site_f5bcf8a88a,2026-03-07T10:00:00+00:00,0.2051697444216715,1
site_f5bcf8a88a,2026-03-07T10:15:00+00:00,0.23494747828023618,1
site_f5bcf8a88a,2026-03-07T10:30:00+00:00,0.25364609644752734,1
site_f5bcf8a88a,2026-03-07T10:45:00+00:00,0.25001567938576835,1
site_f5bcf8a88a,2026-03-07T11:00:00+00:00,0.2534763856587642,1
site_f5bcf8a88a,2026-03-07T11:15:00+00:00,0.32974242567525497,1
site_f5bcf8a88a,2026-03-07T11:30:00+00:00,0.29702737561675474,1
site_f5bcf8a88a,2026-03-07T11:45:00+00:00,0.30220763796214617,1
site_f5bcf8a88a,2026-03-07T12:00:00+00:00,0.2714586759404624,1
site_f5bcf8a88a,2026-03-07T12:15:00+00:00,0.29638922444089083,1
site_f5bcf8a88a,2026-03-07T12:30:00+00:00,0.31341801803884745,1
site_f5bcf8a88a,2026-03-07T12:45:00+00:00,0.3843754320115025,1
site_f5bcf8a88a,2026-03-07T13:00:00+00:00,0.38475952833024046,1
site_f5bcf8a88a,2026-03-07T13:15:00+00:00,0.30335507014351315,1
site_f5bcf8a88a,2026-03-07T13:30:00+00:00,0.23827234885272244,1
site_f5bcf8a88a,2026-03-07T13:45:00+00:00,0.31197910075786595,1
site_f5bcf8a88a,2026-03-07T14:00:00+00:00,0.24924173098242441,1
site_f5bcf8a88a,2026-03-07T14:15:00+00:00,0.2733958902372267,1
site_f5bcf8a88a,2026-03-07T14:30:00+00:00,0.1832178209149251,0
site_f5bcf8a88a,2026-03-07T14:45:00+00:00,0.22603473405208668,1
site_f5bcf8a88a,2026-03-07T15:00:00+00:00,0.24604581545100457,1
site_f5bcf8a88a,2026-03-07T15:15:00+00:00,0.20706137231777752,1
site_f5bcf8a88a,2026-03-07T15:30:00+00:00,0.26700030785584505,1
site_f5bcf8a88a,2026-03-07T15:45:00+00:00,0.27901950969001726,1
site_f5bcf8a88a,2026-03-07T16:00:00+00:00,0.21382865375790627,1
site_f5bcf8a88a,2026-03-07T16:15:00+00:00,0.23193465642019365,1
site_f5bcf8a88a,2026-03-07T16:30:00+00:00,0.25264823985124574,1
site_f5bcf8a88a,2026-03-07T16:45:00+00:00,0.25794950166607344,1
site_f5bcf8a88a,2026-03-07T17:00:00+00:00,0.2870029742985225,1
site_f5bcf8a88a,2026-03-07T17:15:00+00:00,0.31360228743777047,1
site_f5bcf8a88a,2026-03-07T17:30:00+00:00,0.2583393152231,1
site_f5bcf8a88a,2026-03-07T17:45:00+00:00,0.23955530210039266,1
site_f5bcf8a88a,2026-03-07T18:00:00+00:00,0.2633120475023296,1
site_f5bcf8a88a,2026-03-07T18:15:00+00:00,0.26614190967462137,1
site_f5bcf8a88a,2026-03-07T18:30:00+00:00,0.23698063906169975,1
site_f5bcf8a88a,2026-03-07T18:45:00+00:00,0.26497370988533475,1
site_f5bcf8a88a,2026-03-07T19:00:00+00:00,0.13403136191668127,0
site_f5bcf8a88a,2026-03-07T19:15:00+00:00,0.16944304141812494,0
site_f5bcf8a88a,2026-03-07T19:30:00+00:00,0.17433149324604083,0
site_f5bcf8a88a,2026-03-07T19:45:00+00:00,0.23993427530383246,1
site_f5bcf8a88a,2026-03-07T20:00:00+00:00,0.20110029883882322,1
site_f5bcf8a88a,2026-03-07T20:15:00+00:00,0.18056335977737373,0
site_f5bcf8a88a,2026-03-07T20:30:00+00:00,0.18102039688291066,0
site_f5bcf8a88a,2026-03-07T20:45:00+00:00,0.15344605771085953,0
site_f5bcf8a88a,2026-03-07T21:00:00+00:00,0.1326732849682426,0
site_f5bcf8a88a,2026-03-07T21:15:00+00:00,0.1389541537098363,0
site_f5bcf8a88a,2026-03-07T21:30:00+00:00,0.1688986464911568,0
site_f5bcf8a88a,2026-03-07T21:45:00+00:00,0.20931114333827142,1
site_f5bcf8a88a,2026-03-07T22:00:00+00:00,0.20474040538163707,1
site_f5bcf8a88a,2026-03-07T22:15:00+00:00,0.2027981924389408,1
site_f5bcf8a88a,2026-03-07T22:30:00+00:00,0.19972635580547576,0
site_f5bcf8a88a,2026-03-07T22:45:00+00:00,0.2497046709889308,1
site_f5bcf8a88a,2026-03-07T23:00:00+00:00,0.20806870934249896,1
site_f5bcf8a88a,2026-03-07T23:15:00+00:00,0.22247206901225022,1
site_f5bcf8a88a,2026-03-07T23:30:00+00:00,0.17765722558053954,0
site_f5bcf8a88a,2026-03-07T23:45:00+00:00,0.13673069895713155,0
site_f5bcf8a88a,2026-03-08T00:00:00+00:00,0.12871451360865682,0
site_f5bcf8a88a,2026-03-08T00:15:00+00:00,0.13973613493825202,0
site_f5bcf8a88a,2026-03-08T00:30:00+00:00,0.1706648669712702,0
site_f5bcf8a88a,2026-03-08T00:45:00+00:00,0.1540003503314837,0
site_f5bcf8a88a,2026-03-08T01:00:00+00:00,0.17346279490264777,0
site_f5bcf8a88a,2026-03-08T01:15:00+00:00,0.19568167209611695,0
site_f5bcf8a88a,2026-03-08T01:30:00+00:00,0.17634151294349049,0
site_f5bcf8a88a,2026-03-08T01:45:00+00:00,0.10269507571141036,0
site_f5bcf8a88a,2026-03-08T02:00:00+00:00,0.1343897220555858,0
site_f5bcf8a88a,2026-03-08T02:15:00+00:00,0.13429405483588783,0
site_f5bcf8a88a,2026-03-08T02:30:00+00:00,0.11735190016930441,0
site_f5bcf8a88a,2026-03-08T02:45:00+00:00,0.11277343251444626,0
site_f5bcf8a88a,2026-03-08T03:00:00+00:00,0.10589715738885615,0
site_f5bcf8a88a,2026-03-08T03:15:00+00:00,0.09945725668362881,0
site_f5bcf8a88a,2026-03-08T03:30:00+00:00,0.13384287844488857,0
site_f5bcf8a88a,2026-03-08T03:45:00+00:00,0.15497854534197622,0
site_f5bcf8a88a,2026-03-08T04:00:00+00:00,0.144854139560411,0
site_f5bcf8a88a,2026-03-08T04:15:00+00:00,0.14051307294023405,0
site_f5bcf8a88a,2026-03-08T04:30:00+00:00,0.15528275815912754,0
site_f5bcf8a88a,2026-03-08T04:45:00+00:00,0.18151611898668205,0
site_f5bcf8a88a,2026-03-08T05:00:00+00:00,0.16978734813188145,0
site_f5bcf8a88a,2026-03-08T05:15:00+00:00,0.1750337587637922,0
site_f5bcf8a88a,2026-03-08T05:30:00+00:00,0.21648539002660533,1
site_f5bcf8a88a,2026-03-08T05:45:00+00:00,0.20967045684976823,1
site_f5bcf8a88a,2026-03-08T06:00:00+00:00,0.15939552056985087,0
site_f5bcf8a88a,2026-03-08T06:15:00+00:00,0.13903434164933445,0
site_f5bcf8a88a,2026-03-08T06:30:00+00:00,0.15205872276398105,0
site_f5bcf8a88a,2026-03-08T06:45:00+00:00,0.12670996274351276,0
site_f5bcf8a88a,2026-03-08T07:00:00+00:00,0.15683058536295322,0
site_f5bcf8a88a,2026-03-08T07:15:00+00:00,0.12770274216296695,0
site_f5bcf8a88a,2026-03-08T07:30:00+00:00,0.139357039678438,0
site_f5bcf8a88a,2026-03-08T07:45:00+00:00,0.1778041468567696,0
site_f5bcf8a88a,2026-03-08T08:00:00+00:00,0.18798551018401066,0
site_f5bcf8a88a,2026-03-08T08:15:00+00:00,0.2529581006526107,1
site_f5bcf8a88a,2026-03-08T08:30:00+00:00,0.24934425835020374,1
site_f5bcf8a88a,2026-03-08T08:45:00+00:00,0.25289027266336445,1
site_f5bcf8a88a,2026-03-08T09:00:00+00:00,0.17256843140254485,0
site_f5bcf8a88a,2026-03-08T09:15:00+00:00,0.17506261714205454,0
site_f5bcf8a88a,2026-03-08T09:30:00+00:00,0.16186816245151958,0
site_f5bcf8a88a,2026-03-08T09:45:00+00:00,0.19519953083372504,0
site_f5bcf8a88a,2026-03-08T10:00:00+00:00,0.1875060260449041,0
site_f5bcf8a88a,2026-03-08T10:15:00+00:00,0.21660323517578053,1
site_f5bcf8a88a,2026-03-08T10:30:00+00:00,0.2181482497084728,1
site_f5bcf8a88a,2026-03-08T10:45:00+00:00,0.24333368459834162,1
site_f5bcf8a88a,2026-03-08T11:00:00+00:00,0.22529473722005033,1
site_f5bcf8a88a,2026-03-08T11:15:00+00:00,0.22160442127353486,1
site_f5bcf8a88a,2026-03-08T11:30:00+00:00,0.2390766705924288,1
site_f5bcf8a88a,2026-03-08T11:45:00+00:00,0.24266041976673033,1
site_f5bcf8a88a,2026-03-08T12:00:00+00:00,0.2175449121825479,1
site_f5bcf8a88a,2026-03-08T12:15:00+00:00,0.22032700692248863,1
site_f5bcf8a88a,2026-03-08T12:30:00+00:00,0.17802963656788404,0
site_f5bcf8a88a,2026-03-08T12:45:00+00:00,0.18287115580250937,0
site_f5bcf8a88a,2026-03-08T13:00:00+00:00,0.2565628868302176,1
site_f5bcf8a88a,2026-03-08T13:15:00+00:00,0.22285337359929322,1
site_f5bcf8a88a,2026-03-08T13:30:00+00:00,0.2178985840403901,1
site_f5bcf8a88a,2026-03-08T13:45:00+00:00,0.2347781732272208,1
site_f5bcf8a88a,2026-03-08T14:00:00+00:00,0.243376333608844,1
site_f5bcf8a88a,2026-03-08T14:15:00+00:00,0.1898250206869566,0
site_f5bcf8a88a,2026-03-08T14:30:00+00:00,0.21981313456566584,1
site_f5bcf8a88a,2026-03-08T14:45:00+00:00,0.17144959114990463,0
site_f5bcf8a88a,2026-03-08T15:00:00+00:00,0.16120906710498698,0
site_f5bcf8a88a,2026-03-08T15:15:00+00:00,0.1656086776507144,0
site_f5bcf8a88a,2026-03-08T15:30:00+00:00,0.24628845569698726,1
site_f5bcf8a88a,2026-03-08T15:45:00+00:00,0.25916161737434673,1
site_f5bcf8a88a,2026-03-08T16:00:00+00:00,0.2396668958063273,1
site_f5bcf8a88a,2026-03-08T16:15:00+00:00,0.26647665509780616,1
site_f5bcf8a88a,2026-03-08T16:30:00+00:00,0.27628419177672187,1
site_f5bcf8a88a,2026-03-08T16:45:00+00:00,0.20286697304621254,1
site_f5bcf8a88a,2026-03-08T17:00:00+00:00,0.2620643414838704,1
site_f5bcf8a88a,2026-03-08T17:15:00+00:00,0.19735397688166426,0
site_f5bcf8a88a,2026-03-08T17:30:00+00:00,0.13911473513492975,0
site_f5bcf8a88a,2026-03-08T17:45:00+00:00,0.12471776360199512,0
site_f5bcf8a88a,2026-03-08T18:00:00+00:00,0.13697654620025349,0
site_f5bcf8a88a,2026-03-08T18:15:00+00:00,0.131116041028097,0
site_f5bcf8a88a,2026-03-08T18:30:00+00:00,0.11294868299266315,0
site_f5bcf8a88a,2026-03-08T18:45:00+00:00,0.15234884354245298,0
site_f5bcf8a88a,2026-03-08T19:00:00+00:00,0.18094877082907468,0
site_f5bcf8a88a,2026-03-08T19:15:00+00:00,0.20713173183238717,1
site_f5bcf8a88a,2026-03-08T19:30:00+00:00,0.1189945322390189,0
site_f5bcf8a88a,2026-03-08T19:45:00+00:00,0.1574421435052835,0
site_f5bcf8a88a,2026-03-08T20:00:00+00:00,0.11899064228442631,0
site_f5bcf8a88a,2026-03-08T20:15:00+00:00,0.11275833898529834,0
site_f5bcf8a88a,2026-03-08T20:30:00+00:00,0.19811639382976476,0
site_f5bcf8a88a,2026-03-08T20:45:00+00:00,0.22820457687728302,1
site_f5bcf8a88a,2026-03-08T21:00:00+00:00,0.1718115232409131,0
site_f5bcf8a88a,2026-03-08T21:15:00+00:00,0.1948552773863356,0
site_f5bcf8a88a,2026-03-08T21:30:00+00:00,0.3029050830042077,1
site_f5bcf8a88a,2026-03-08T21:45:00+00:00,0.3322160663585143,1
site_f5bcf8a88a,2026-03-08T22:00:00+00:00,0.22745323559835728,1
site_f5bcf8a88a,2026-03-08T22:15:00+00:00,0.2654439093882161,1
site_f5bcf8a88a,2026-03-08T22:30:00+00:00,0.15543963354277954,0
site_f5bcf8a88a,2026-03-08T22:45:00+00:00,0.14302832289320536,0
site_f5bcf8a88a,2026-03-08T23:00:00+00:00,0.12847578586981523,0
site_f5bcf8a88a,2026-03-08T23:15:00+00:00,0.12756148123196054,0
site_f5bcf8a88a,2026-03-08T23:30:00+00:00,0.12307510810485943,0
site_f5bcf8a88a,2026-03-08T23:45:00+00:00,0.10003257015036882,0
site_f5bcf8a88a,2026-03-09T00:00:00+00:00,0.1443537827418096,0
site_f5bcf8a88a,2026-03-09T00:15:00+00:00,0.14115345231998916,0
site_f5bcf8a88a,2026-03-09T00:30:00+00:00,0.16100638109567103,0
site_f5bcf8a88a,2026-03-09T00:45:00+00:00,0.11604280591022301,0
site_f5bcf8a88a,2026-03-09T01:00:00+00:00,0.15430510308996717,0
site_f5bcf8a88a,2026-03-09T01:15:00+00:00,0.18853937435652798,0
site_f5bcf8a88a,2026-03-09T01:30:00+00:00,0.19550603244885623,0
site_f5bcf8a88a,2026-03-09T01:45:00+00:00,0.15434929192595662,0
site_f5bcf8a88a,2026-03-09T02:00:00+00:00,0.2008244740115597,1
site_f5bcf8a88a,2026-03-09T02:15:00+00:00,0.21265853420498465,1
site_f5bcf8a88a,2026-03-09T02:30:00+00:00,0.2210687360829527,1
site_f5bcf8a88a,2026-03-09T02:45:00+00:00,0.19554895381947238,0
site_f5bcf8a88a,2026-03-09T03:00:00+00:00,0.2050341977590017,1
site_f5bcf8a88a,2026-03-09T03:15:00+00:00,0.23226004362064745,1
site_f5bcf8a88a,2026-03-09T03:30:00+00:00,0.2783948263209107,1
site_f5bcf8a88a,2026-03-09T03:45:00+00:00,0.2837649105731402,1
site_f5bcf8a88a,2026-03-09T04:00:00+00:00,0.22179827774714836,1
site_f5bcf8a88a,2026-03-09T04:15:00+00:00,0.24610125927278217,1
site_f5bcf8a88a,2026-03-09T04:30:00+00:00,0.28478643344244203,1
site_f5bcf8a88a,2026-03-09T04:45:00+00:00,0.4001047483822952,1
site_f5bcf8a88a,2026-03-09T05:00:00+00:00,0.30537565763816604,1
site_f5bcf8a88a,2026-03-09T05:15:00+00:00,0.3306537186902826,1
site_f5bcf8a88a,2026-03-09T05:30:00+00:00,0.43436855888861875,1
site_f5bcf8a88a,2026-03-09T05:45:00+00:00,0.39326580461190236,1
site_f5bcf8a88a,2026-03-09T06:00:00+00:00,0.4151795937538858,1
site_f5bcf8a88a,2026-03-09T06:15:00+00:00,0.44529011869315355,1
site_f5bcf8a88a,2026-03-09T06:30:00+00:00,0.4779886104386218,1
site_f5bcf8a88a,2026-03-09T06:45:00+00:00,0.5053284148006117,1
site_f5bcf8a88a,2026-03-09T07:00:00+00:00,0.5642837429601014,1
site_f5bcf8a88a,2026-03-09T07:15:00+00:00,0.558710267263985,1
site_f5bcf8a88a,2026-03-09T07:30:00+00:00,0.602150566819652,1
site_f5bcf8a88a,2026-03-09T07:45:00+00:00,0.6047930912662411,1
site_f5bcf8a88a,2026-03-09T08:00:00+00:00,0.5558192328720072,1
site_f5bcf8a88a,2026-03-09T08:15:00+00:00,0.5716129540849406,1
site_f5bcf8a88a,2026-03-09T08:30:00+00:00,0.5582810688470529,1
site_f5bcf8a88a,2026-03-09T08:45:00+00:00,0.5548705361727027,1
site_f5bcf8a88a,2026-03-09T09:00:00+00:00,0.5353122536895585,1
site_f5bcf8a88a,2026-03-09T09:15:00+00:00,0.5083380041320686,1
site_f5bcf8a88a,2026-03-09T09:30:00+00:00,0.5253486798377949,1
site_f5bcf8a88a,2026-03-09T09:45:00+00:00,0.5180958255165731,1
site_f5bcf8a88a,2026-03-09T10:00:00+00:00,0.5458031560579557,1
site_f5bcf8a88a,2026-03-09T10:15:00+00:00,0.5349162825909337,1
site_f5bcf8a88a,2026-03-09T10:30:00+00:00,0.5586659224976689,1
site_f5bcf8a88a,2026-03-09T10:45:00+00:00,0.5532848768103141,1
site_f5bcf8a88a,2026-03-09T11:00:00+00:00,0.5708507967140642,1
site_f5bcf8a88a,2026-03-09T11:15:00+00:00,0.5952309974330853,1
site_f5bcf8a88a,2026-03-09T11:30:00+00:00,0.5187112227402222,1
site_f5bcf8a88a,2026-03-09T11:45:00+00:00,0.5316477576757563,1
site_f5bcf8a88a,2026-03-09T12:00:00+00:00,0.4968100090469896,1
site_f5bcf8a88a,2026-03-09T12:15:00+00:00,0.513819532132259,1
site_f5bcf8a88a,2026-03-09T12:30:00+00:00,0.5122002305661691,1
site_f5bcf8a88a,2026-03-09T12:45:00+00:00,0.5227443354683918,1
site_f5bcf8a88a,2026-03-09T13:00:00+00:00,0.5375333641439689,1
site_f5bcf8a88a,2026-03-09T13:15:00+00:00,0.5344522072242255,1
site_f5bcf8a88a,2026-03-09T13:30:00+00:00,0.47978819295425523,1
site_f5bcf8a88a,2026-03-09T13:45:00+00:00,0.4327931428384821,1
site_f5bcf8a88a,2026-03-09T14:00:00+00:00,0.4080003333142883,1
site_f5bcf8a88a,2026-03-09T14:15:00+00:00,0.481459095632227,1
site_f5bcf8a88a,2026-03-09T14:30:00+00:00,0.5373841915653188,1
site_f5bcf8a88a,2026-03-09T14:45:00+00:00,0.5538996840625114,1
site_f5bcf8a88a,2026-03-09T15:00:00+00:00,0.526276090896157,1
site_f5bcf8a88a,2026-03-09T15:15:00+00:00,0.4875693694229847,1
site_f5bcf8a88a,2026-03-09T15:30:00+00:00,0.4046270749920227,1
site_f5bcf8a88a,2026-03-09T15:45:00+00:00,0.369949797679833,1
site_f5bcf8a88a,2026-03-09T16:00:00+00:00,0.41826988821706135,1
site_f5bcf8a88a,2026-03-09T16:15:00+00:00,0.3603801797322773,1
site_f5bcf8a88a,2026-03-09T16:30:00+00:00,0.37070636068461843,1
site_f5bcf8a88a,2026-03-09T16:45:00+00:00,0.45066796067106435,1
site_f5bcf8a88a,2026-03-09T17:00:00+00:00,0.42914419722200775,1
site_f5bcf8a88a,2026-03-09T17:15:00+00:00,0.42935245920524884,1
site_f5bcf8a88a,2026-03-09T17:30:00+00:00,0.42195049435806425,1
site_f5bcf8a88a,2026-03-09T17:45:00+00:00,0.39149690564717365,1
site_f5bcf8a88a,2026-03-09T18:00:00+00:00,0.4406085803780667,1
site_f5bcf8a88a,2026-03-09T18:15:00+00:00,0.4294949019937362,1
site_f5bcf8a88a,2026-03-09T18:30:00+00:00,0.4261736984340542,1
site_f5bcf8a88a,2026-03-09T18:45:00+00:00,0.3892442225723071,1
site_f5bcf8a88a,2026-03-09T19:00:00+00:00,0.31023138938775413,1
site_f5bcf8a88a,2026-03-09T19:15:00+00:00,0.3042468162337506,1
site_f5bcf8a88a,2026-03-09T19:30:00+00:00,0.29244042915098756,1
site_f5bcf8a88a,2026-03-09T19:45:00+00:00,0.3330425503829985,1
site_f5bcf8a88a,2026-03-09T20:00:00+00:00,0.36711562615500176,1
site_f5bcf8a88a,2026-03-09T20:15:00+00:00,0.36700861926753453,1
site_f5bcf8a88a,2026-03-09T20:30:00+00:00,0.35461467801823887,1
site_f5bcf8a88a,2026-03-09T20:45:00+00:00,0.401060747018397,1
site_f5bcf8a88a,2026-03-09T21:00:00+00:00,0.3047858614167524,1
site_f5bcf8a88a,2026-03-09T21:15:00+00:00,0.3010804442546669,1
site_f5bcf8a88a,2026-03-09T21:30:00+00:00,0.23469798816153942,1
site_f5bcf8a88a,2026-03-09T21:45:00+00:00,0.21385785134711463,1
site_f5bcf8a88a,2026-03-09T22:00:00+00:00,0.18945245862134366,0
site_f5bcf8a88a,2026-03-09T22:15:00+00:00,0.2112141472546469,1
site_f5bcf8a88a,2026-03-09T22:30:00+00:00,0.18858013253107253,0
site_f5bcf8a88a,2026-03-09T22:45:00+00:00,0.18014612506487826,0
site_f5bcf8a88a,2026-03-09T23:00:00+00:00,0.1735728650705235,0
site_f5bcf8a88a,2026-03-09T23:15:00+00:00,0.2758503017431964,1
site_f5bcf8a88a,2026-03-09T23:30:00+00:00,0.36816442353883533,1
site_f5bcf8a88a,2026-03-09T23:45:00+00:00,0.2920623615777575,1
site_f5bcf8a88a,2026-03-10T00:00:00+00:00,0.25979914613162713,1
site_f5bcf8a88a,2026-03-10T00:15:00+00:00,0.2983169797250461,1
site_f5bcf8a88a,2026-03-10T00:30:00+00:00,0.3372700698628896,1
site_f5bcf8a88a,2026-03-10T00:45:00+00:00,0.26279590134212116,1
site_f5bcf8a88a,2026-03-10T01:00:00+00:00,0.4463075472026718,1
site_f5bcf8a88a,2026-03-10T01:15:00+00:00,0.38667232952682107,1
site_f5bcf8a88a,2026-03-10T01:30:00+00:00,0.305563013820403,1
site_f5bcf8a88a,2026-03-10T01:45:00+00:00,0.36931694501466966,1
site_f5bcf8a88a,2026-03-10T02:00:00+00:00,0.3646029041411129,1
site_f5bcf8a88a,2026-03-10T02:15:00+00:00,0.3254971905355875,1
site_f5bcf8a88a,2026-03-10T02:30:00+00:00,0.2966711225178884,1
site_f5bcf8a88a,2026-03-10T02:45:00+00:00,0.306514038563087,1
site_f5bcf8a88a,2026-03-10T03:00:00+00:00,0.316399779768276,1
site_f5bcf8a88a,2026-03-10T03:15:00+00:00,0.29687837680810886,1
site_f5bcf8a88a,2026-03-10T03:30:00+00:00,0.35537095402291374,1
site_f5bcf8a88a,2026-03-10T03:45:00+00:00,0.5344678338618818,1
site_f5bcf8a88a,2026-03-10T04:00:00+00:00,0.3764292373264619,1
site_f5bcf8a88a,2026-03-10T04:15:00+00:00,0.3618315498351247,1
site_f5bcf8a88a,2026-03-10T04:30:00+00:00,0.4954614392660886,1
site_f5bcf8a88a,2026-03-10T04:45:00+00:00,0.4529407259033242,1
site_f5bcf8a88a,2026-03-10T05:00:00+00:00,0.4559738397434116,1
site_f5bcf8a88a,2026-03-10T05:15:00+00:00,0.48504843677482856,1
site_f5bcf8a88a,2026-03-10T05:30:00+00:00,0.52397726808891,1
site_f5bcf8a88a,2026-03-10T05:45:00+00:00,0.5297451347396187,1
site_f5bcf8a88a,2026-03-10T06:00:00+00:00,0.7644694931701367,1
site_f5bcf8a88a,2026-03-10T06:15:00+00:00,0.5433471693875109,1
site_f5bcf8a88a,2026-03-10T06:30:00+00:00,0.5828639892505333,1
site_f5bcf8a88a,2026-03-10T06:45:00+00:00,0.6516297406582678,1
site_f5bcf8a88a,2026-03-10T07:00:00+00:00,0.5842147955801439,1
site_f5bcf8a88a,2026-03-10T07:15:00+00:00,0.5836117116491023,1
site_f5bcf8a88a,2026-03-10T07:30:00+00:00,0.5916791846179275,1
site_f5bcf8a88a,2026-03-10T07:45:00+00:00,0.5771105024309581,1
site_f5bcf8a88a,2026-03-10T08:00:00+00:00,0.505957796585853,1
site_f5bcf8a88a,2026-03-10T08:15:00+00:00,0.5078090184822664,1
site_f5bcf8a88a,2026-03-10T08:30:00+00:00,0.4890349967497342,1
site_f5bcf8a88a,2026-03-10T08:45:00+00:00,0.48628910301418465,1
site_f5bcf8a88a,2026-03-10T09:00:00+00:00,0.5540867885118277,1
site_f5bcf8a88a,2026-03-10T09:15:00+00:00,0.5480035936720538,1
site_f5bcf8a88a,2026-03-10T09:30:00+00:00,0.5586322437577526,1
site_f5bcf8a88a,2026-03-10T09:45:00+00:00,0.564022527021228,1
site_f5bcf8a88a,2026-03-10T10:00:00+00:00,0.6056006402257202,1
site_f5bcf8a88a,2026-03-10T10:15:00+00:00,0.6001486374804775,1
site_f5bcf8a88a,2026-03-10T10:30:00+00:00,0.48041167706495963,1
site_f5bcf8a88a,2026-03-10T10:45:00+00:00,0.5095112649419398,1
site_f5bcf8a88a,2026-03-10T11:00:00+00:00,0.4559812046544355,1
site_f5bcf8a88a,2026-03-10T11:15:00+00:00,0.5146347138953257,1
site_f5bcf8a88a,2026-03-10T11:30:00+00:00,0.4619032012876595,1
site_f5bcf8a88a,2026-03-10T11:45:00+00:00,0.5034652989709031,1
site_f5bcf8a88a,2026-03-10T12:00:00+00:00,0.5191790625940853,1
site_f5bcf8a88a,2026-03-10T12:15:00+00:00,0.5777170821286327,1
site_f5bcf8a88a,2026-03-10T12:30:00+00:00,0.4578178177446763,1
site_f5bcf8a88a,2026-03-10T12:45:00+00:00,0.422629545881958,1
site_f5bcf8a88a,2026-03-10T13:00:00+00:00,0.41013416890111715,1
site_f5bcf8a88a,2026-03-10T13:15:00+00:00,0.48881567420523286,1
site_f5bcf8a88a,2026-03-10T13:30:00+00:00,0.5039320805005431,1
site_f5bcf8a88a,2026-03-10T13:45:00+00:00,0.5068442110242921,1
site_f5bcf8a88a,2026-03-10T14:00:00+00:00,0.49780881286548667,1
site_f5bcf8a88a,2026-03-10T14:15:00+00:00,0.42483978080090407,1
site_f5bcf8a88a,2026-03-10T14:30:00+00:00,0.39560347023479775,1
site_f5bcf8a88a,2026-03-10T14:45:00+00:00,0.5078198349061368,1
site_f5bcf8a88a,2026-03-10T15:00:00+00:00,0.4274114918062656,1
site_f5bcf8a88a,2026-03-10T15:15:00+00:00,0.390240447217309,1
site_f5bcf8a88a,2026-03-10T15:30:00+00:00,0.35238473445381824,1
site_f5bcf8a88a,2026-03-10T15:45:00+00:00,0.44060975069928043,1
site_f5bcf8a88a,2026-03-10T16:00:00+00:00,0.4645923411318797,1
site_f5bcf8a88a,2026-03-10T16:15:00+00:00,0.49153489531867833,1
site_f5bcf8a88a,2026-03-10T16:30:00+00:00,0.4605100715932829,1
site_f5bcf8a88a,2026-03-10T16:45:00+00:00,0.41565140465395006,1
site_f5bcf8a88a,2026-03-10T17:00:00+00:00,0.5804026052991038,1
site_f5bcf8a88a,2026-03-10T17:15:00+00:00,0.48589878441564477,1
site_f5bcf8a88a,2026-03-10T17:30:00+00:00,0.44785494160006395,1
site_f5bcf8a88a,2026-03-10T17:45:00+00:00,0.39809138018285795,1
site_f5bcf8a88a,2026-03-10T18:00:00+00:00,0.37250369042056347,1
site_f5bcf8a88a,2026-03-10T18:15:00+00:00,0.38536088566997095,1
site_f5bcf8a88a,2026-03-10T18:30:00+00:00,0.28730014320637626,1
site_f5bcf8a88a,2026-03-10T18:45:00+00:00,0.3707041778169857,1
site_f5bcf8a88a,2026-03-10T19:00:00+00:00,0.40954795725246207,1
site_f5bcf8a88a,2026-03-10T19:15:00+00:00,0.5383813822542652,1
site_f5bcf8a88a,2026-03-10T19:30:00+00:00,0.46341554058229417,1
site_f5bcf8a88a,2026-03-10T19:45:00+00:00,0.41123530166192773,1
site_f5bcf8a88a,2026-03-10T20:00:00+00:00,0.37655945001631685,1
site_f5bcf8a88a,2026-03-10T20:15:00+00:00,0.43347962989984967,1
site_f5bcf8a88a,2026-03-10T20:30:00+00:00,0.3644794403277978,1
site_f5bcf8a88a,2026-03-10T20:45:00+00:00,0.476236025871539,1
site_f5bcf8a88a,2026-03-10T21:00:00+00:00,0.4423688053585401,1
site_f5bcf8a88a,2026-03-10T21:15:00+00:00,0.41915937303212414,1
site_f5bcf8a88a,2026-03-10T21:30:00+00:00,0.3736628304340502,1
site_f5bcf8a88a,2026-03-10T21:45:00+00:00,0.2871293817543498,1
site_f5bcf8a88a,2026-03-10T22:00:00+00:00,0.3171856399935112,1
site_f5bcf8a88a,2026-03-10T22:15:00+00:00,0.3988597388656322,1
site_f5bcf8a88a,2026-03-10T22:30:00+00:00,0.37679737035598243,1
site_f5bcf8a88a,2026-03-10T22:45:00+00:00,0.4304812950364228,1
site_f5bcf8a88a,2026-03-10T23:00:00+00:00,0.4592295281533197,1
site_f5bcf8a88a,2026-03-10T23:15:00+00:00,0.3371187330705117,1
site_f5bcf8a88a,2026-03-10T23:30:00+00:00,0.3488449163414298,1
site_f5bcf8a88a,2026-03-10T23:45:00+00:00,0.46000063824132725,1
site_f5bcf8a88a,2026-03-11T00:00:00+00:00,0.42655277876301495,1
site_f5bcf8a88a,2026-03-11T00:15:00+00:00,0.27438143292105843,1
site_f5bcf8a88a,2026-03-11T00:30:00+00:00,0.2821756034144478,1
site_f5bcf8a88a,2026-03-11T00:45:00+00:00,0.5769384350209621,1
site_f5bcf8a88a,2026-03-11T01:00:00+00:00,0.42717159461266385,1
site_f5bcf8a88a,2026-03-11T01:15:00+00:00,0.34859071071281644,1
site_f5bcf8a88a,2026-03-11T01:30:00+00:00,0.3028272221591245,1
site_f5bcf8a88a,2026-03-11T01:45:00+00:00,0.3605085968048097,1
site_f5bcf8a88a,2026-03-11T02:00:00+00:00,0.3805769036194283,1
site_f5bcf8a88a,2026-03-11T02:15:00+00:00,0.3264422080459421,1
site_f5bcf8a88a,2026-03-11T02:30:00+00:00,0.3160063091039722,1
site_f5bcf8a88a,2026-03-11T02:45:00+00:00,0.3357658071905356,1
site_f5bcf8a88a,2026-03-11T03:00:00+00:00,0.31991684829151706,1
site_f5bcf8a88a,2026-03-11T03:15:00+00:00,0.36139014445177076,1
site_f5bcf8a88a,2026-03-11T03:30:00+00:00,0.3375483530629681,1
site_f5bcf8a88a,2026-03-11T03:45:00+00:00,0.31129220447010597,1
site_f5bcf8a88a,2026-03-11T04:00:00+00:00,0.31415502600087847,1
site_f5bcf8a88a,2026-03-11T04:15:00+00:00,0.40019282886539975,1
site_f5bcf8a88a,2026-03-11T04:30:00+00:00,0.3913516353652605,1
site_f5bcf8a88a,2026-03-11T04:45:00+00:00,0.3456333560943485,1
site_f5bcf8a88a,2026-03-11T05:00:00+00:00,0.34418742335943103,1
site_f5bcf8a88a,2026-03-11T05:15:00+00:00,0.3994417328764531,1
site_f5bcf8a88a,2026-03-11T05:30:00+00:00,0.40280883497021014,1
site_f5bcf8a88a,2026-03-11T05:45:00+00:00,0.4308838177433564,1
site_f5bcf8a88a,2026-03-11T06:00:00+00:00,0.5283036334318293,1
site_f5bcf8a88a,2026-03-11T06:15:00+00:00,0.5633741422916881,1
site_f5bcf8a88a,2026-03-11T06:30:00+00:00,0.5413608355537641,1
site_f5bcf8a88a,2026-03-11T06:45:00+00:00,0.45838586539534903,1
site_f5bcf8a88a,2026-03-11T07:00:00+00:00,0.29336557992050444,1
site_f5bcf8a88a,2026-03-11T07:15:00+00:00,0.38253663691188394,1
site_f5bcf8a88a,2026-03-11T07:30:00+00:00,0.42135942696847944,1
site_f5bcf8a88a,2026-03-11T07:45:00+00:00,0.41096129892383,1
site_f5bcf8a88a,2026-03-11T08:00:00+00:00,0.4412440174238489,1
site_f5bcf8a88a,2026-03-11T08:15:00+00:00,0.4695321877152593,1
site_f5bcf8a88a,2026-03-11T08:30:00+00:00,0.46883112886240774,1
site_f5bcf8a88a,2026-03-11T08:45:00+00:00,0.45469299562692245,1
site_f5bcf8a88a,2026-03-11T09:00:00+00:00,0.40839558736011794,1
site_f5bcf8a88a,2026-03-11T09:15:00+00:00,0.49042455272667074,1
site_f5bcf8a88a,2026-03-11T09:30:00+00:00,0.5074493189656247,1
site_f5bcf8a88a,2026-03-11T09:45:00+00:00,0.4212868441415215,1
site_f5bcf8a88a,2026-03-11T10:00:00+00:00,0.42903271981359214,1
site_f5bcf8a88a,2026-03-11T10:15:00+00:00,0.4705187619858383,1
site_f5bcf8a88a,2026-03-11T10:30:00+00:00,0.4526858700618079,1
site_f5bcf8a88a,2026-03-11T10:45:00+00:00,0.5176369535257578,1
site_f5bcf8a88a,2026-03-11T11:00:00+00:00,0.47465513952248634,1
site_f5bcf8a88a,2026-03-11T11:15:00+00:00,0.47900985911654315,1
site_f5bcf8a88a,2026-03-11T11:30:00+00:00,0.3612457068294239,1
site_f5bcf8a88a,2026-03-11T11:45:00+00:00,0.37004638018934327,1
site_f5bcf8a88a,2026-03-11T12:00:00+00:00,0.33276415324565933,1
site_f5bcf8a88a,2026-03-11T12:15:00+00:00,0.440293986107986,1
site_f5bcf8a88a,2026-03-11T12:30:00+00:00,0.4073001876803744,1
site_f5bcf8a88a,2026-03-11T12:45:00+00:00,0.4099732204723617,1
site_f5bcf8a88a,2026-03-11T13:00:00+00:00,0.30465902968997893,1
site_f5bcf8a88a,2026-03-11T13:15:00+00:00,0.3420694596994885,1
site_f5bcf8a88a,2026-03-11T13:30:00+00:00,0.35928746140817364,1
site_f5bcf8a88a,2026-03-11T13:45:00+00:00,0.5158804164987181,1
site_f5bcf8a88a,2026-03-11T14:00:00+00:00,0.37105418660182254,1
site_f5bcf8a88a,2026-03-11T14:15:00+00:00,0.38809962814905613,1
site_f5bcf8a88a,2026-03-11T14:30:00+00:00,0.2428038097330311,1
site_f5bcf8a88a,2026-03-11T14:45:00+00:00,0.3426674814171203,1
site_f5bcf8a88a,2026-03-11T15:00:00+00:00,0.3737246343812317,1
site_f5bcf8a88a,2026-03-11T15:15:00+00:00,0.3774099549206979,1
site_f5bcf8a88a,2026-03-11T15:30:00+00:00,0.3405129265787539,1
site_f5bcf8a88a,2026-03-11T15:45:00+00:00,0.3566424836258595,1
site_f5bcf8a88a,2026-03-11T16:00:00+00:00,0.4556958275321775,1
site_f5bcf8a88a,2026-03-11T16:15:00+00:00,0.3440405073127044,1
site_f5bcf8a88a,2026-03-11T16:30:00+00:00,0.36145397155264597,1
site_f5bcf8a88a,2026-03-11T16:45:00+00:00,0.3621295114228239,1
site_f5bcf8a88a,2026-03-11T17:00:00+00:00,0.32261146875932994,1
site_f5bcf8a88a,2026-03-11T17:15:00+00:00,0.2627657506633509,1
site_f5bcf8a88a,2026-03-11T17:30:00+00:00,0.29735533201312614,1
site_f5bcf8a88a,2026-03-11T17:45:00+00:00,0.30337885646196955,1
site_f5bcf8a88a,2026-03-11T18:00:00+00:00,0.3309635504180981,1
site_f5bcf8a88a,2026-03-11T18:15:00+00:00,0.6156840131904251,1
site_f5bcf8a88a,2026-03-11T18:30:00+00:00,0.3500207092051878,1
site_f5bcf8a88a,2026-03-11T18:45:00+00:00,0.30985788901921624,1
site_f5bcf8a88a,2026-03-11T19:00:00+00:00,0.2504622875133423,1
site_f5bcf8a88a,2026-03-11T19:15:00+00:00,0.36857149293522606,1
site_f5bcf8a88a,2026-03-11T19:30:00+00:00,0.2710713178287109,1
site_f5bcf8a88a,2026-03-11T19:45:00+00:00,0.3996836094020452,1
site_f5bcf8a88a,2026-03-11T20:00:00+00:00,0.38011752802786714,1
site_f5bcf8a88a,2026-03-11T20:15:00+00:00,0.3098305526697304,1
site_f5bcf8a88a,2026-03-11T20:30:00+00:00,0.23708688004753573,1
site_f5bcf8a88a,2026-03-11T20:45:00+00:00,0.28943713354803224,1
site_f5bcf8a88a,2026-03-11T21:00:00+00:00,0.21805168442264744,1
site_f5bcf8a88a,2026-03-11T21:15:00+00:00,0.20673223422815254,1
site_f5bcf8a88a,2026-03-11T21:30:00+00:00,0.2269011307546228,1
site_f5bcf8a88a,2026-03-11T21:45:00+00:00,0.21721222111749033,1
site_f5bcf8a88a,2026-03-11T22:00:00+00:00,0.296333832038158,1
site_f5bcf8a88a,2026-03-11T22:15:00+00:00,0.19599355985867292,0
site_f5bcf8a88a,2026-03-11T22:30:00+00:00,0.2413580741838248,1
site_f5bcf8a88a,2026-03-11T22:45:00+00:00,0.34525530448701786,1
site_f5bcf8a88a,2026-03-11T23:00:00+00:00,0.2084909122984099,1
site_f5bcf8a88a,2026-03-11T23:15:00+00:00,0.19681871881080598,0
site_f5bcf8a88a,2026-03-11T23:30:00+00:00,0.22137926390683363,1
site_f5bcf8a88a,2026-03-11T23:45:00+00:00,0.26107894235102697,1
site_f5bcf8a88a,2026-03-12T00:00:00+00:00,0.2280159348720586,1
site_f5bcf8a88a,2026-03-12T00:15:00+00:00,0.22875388732703522,1
site_f5bcf8a88a,2026-03-12T00:30:00+00:00,0.20468191744040096,1
site_f5bcf8a88a,2026-03-12T00:45:00+00:00,0.22504713078288494,1
site_f5bcf8a88a,2026-03-12T01:00:00+00:00,0.21268433111678647,1
site_f5bcf8a88a,2026-03-12T01:15:00+00:00,0.2036395183798423,1
site_f5bcf8a88a,2026-03-12T01:30:00+00:00,0.1889144387157171,0
site_f5bcf8a88a,2026-03-12T01:45:00+00:00,0.15544763160986785,0
site_f5bcf8a88a,2026-03-12T02:00:00+00:00,0.2654188806342319,1
site_f5bcf8a88a,2026-03-12T02:15:00+00:00,0.23975157997030005,1
site_f5bcf8a88a,2026-03-12T02:30:00+00:00,0.2586870659962554,1
site_f5bcf8a88a,2026-03-12T02:45:00+00:00,0.27550390490526055,1
site_f5bcf8a88a,2026-03-12T03:00:00+00:00,0.25456074623046293,1
site_f5bcf8a88a,2026-03-12T03:15:00+00:00,0.3626614949200804,1
site_f5bcf8a88a,2026-03-12T03:30:00+00:00,0.35318509702970874,1
site_f5bcf8a88a,2026-03-12T03:45:00+00:00,0.31017909694103885,1
site_f5bcf8a88a,2026-03-12T04:00:00+00:00,0.34689330944779606,1
site_f5bcf8a88a,2026-03-12T04:15:00+00:00,0.3813937032729726,1
site_f5bcf8a88a,2026-03-12T04:30:00+00:00,0.4374653428700907,1
site_f5bcf8a88a,2026-03-12T04:45:00+00:00,0.3642894799824442,1
site_f5bcf8a88a,2026-03-12T05:00:00+00:00,0.3737814363675419,1
site_f5bcf8a88a,2026-03-12T05:15:00+00:00,0.4326390076816086,1
site_f5bcf8a88a,2026-03-12T05:30:00+00:00,0.38638656836020324,1
site_f5bcf8a88a,2026-03-12T05:45:00+00:00,0.3754435468003296,1
site_f5bcf8a88a,2026-03-12T06:00:00+00:00,0.31635172043773324,1
site_f5bcf8a88a,2026-03-12T06:15:00+00:00,0.4256285770635278,1
site_f5bcf8a88a,2026-03-12T06:30:00+00:00,0.37828855653176136,1
site_f5bcf8a88a,2026-03-12T06:45:00+00:00,0.44737587789000544,1
site_f5bcf8a88a,2026-03-12T07:00:00+00:00,0.46138895374305844,1
site_f5bcf8a88a,2026-03-12T07:15:00+00:00,0.48330517621584856,1
site_f5bcf8a88a,2026-03-12T07:30:00+00:00,0.46378824593316326,1
site_f5bcf8a88a,2026-03-12T07:45:00+00:00,0.5051677261640557,1
site_f5bcf8a88a,2026-03-12T08:00:00+00:00,0.41458039097282773,1
site_f5bcf8a88a,2026-03-12T08:15:00+00:00,0.44347962687405695,1
site_f5bcf8a88a,2026-03-12T08:30:00+00:00,0.42413037655556646,1
site_f5bcf8a88a,2026-03-12T08:45:00+00:00,0.373213946444031,1
site_f5bcf8a88a,2026-03-12T09:00:00+00:00,0.3805522556697526,1
site_f5bcf8a88a,2026-03-12T09:15:00+00:00,0.4442517992320145,1
site_f5bcf8a88a,2026-03-12T09:30:00+00:00,0.4137444753482006,1
site_f5bcf8a88a,2026-03-12T09:45:00+00:00,0.46697475799089994,1
site_f5bcf8a88a,2026-03-12T10:00:00+00:00,0.43533480166071736,1
site_f5bcf8a88a,2026-03-12T10:15:00+00:00,0.439463790460227,1
site_f5bcf8a88a,2026-03-12T10:30:00+00:00,0.39896543913021126,1
site_f5bcf8a88a,2026-03-12T10:45:00+00:00,0.48457631658300065,1
site_f5bcf8a88a,2026-03-12T11:00:00+00:00,0.4305218707439846,1
site_f5bcf8a88a,2026-03-12T11:15:00+00:00,0.47587624440630133,1
site_f5bcf8a88a,2026-03-12T11:30:00+00:00,0.46567755878573946,1
site_f5bcf8a88a,2026-03-12T11:45:00+00:00,0.47446706306718384,1
site_f5bcf8a88a,2026-03-12T12:00:00+00:00,0.41409263899942905,1
site_f5bcf8a88a,2026-03-12T12:15:00+00:00,0.37355920336325865,1
site_f5bcf8a88a,2026-03-12T12:30:00+00:00,0.360813937723722,1
site_f5bcf8a88a,2026-03-12T12:45:00+00:00,0.35851229874812535,1
site_f5bcf8a88a,2026-03-12T13:00:00+00:00,0.4143325915349049,1
site_f5bcf8a88a,2026-03-12T13:15:00+00:00,0.36571070213570417,1
site_f5bcf8a88a,2026-03-12T13:30:00+00:00,0.3386224468856874,1
site_f5bcf8a88a,2026-03-12T13:45:00+00:00,0.4072241155072579,1
site_f5bcf8a88a,2026-03-12T14:00:00+00:00,0.37383566658637374,1
site_f5bcf8a88a,2026-03-12T14:15:00+00:00,0.3524837386263045,1
site_f5bcf8a88a,2026-03-12T14:30:00+00:00,0.3971896087039866,1
site_f5bcf8a88a,2026-03-12T14:45:00+00:00,0.3627343181796364,1
site_f5bcf8a88a,2026-03-12T15:00:00+00:00,0.3810390722340696,1
site_f5bcf8a88a,2026-03-12T15:15:00+00:00,0.29931436680707896,1
site_f5bcf8a88a,2026-03-12T15:30:00+00:00,0.3218558054463049,1
site_f5bcf8a88a,2026-03-12T15:45:00+00:00,0.35713485724844946,1
site_f5bcf8a88a,2026-03-12T16:00:00+00:00,0.332546121340275,1
site_f5bcf8a88a,2026-03-12T16:15:00+00:00,0.33869729908759655,1
site_f5bcf8a88a,2026-03-12T16:30:00+00:00,0.358985426015184,1
site_f5bcf8a88a,2026-03-12T16:45:00+00:00,0.34051941149491055,1
site_f5bcf8a88a,2026-03-12T17:00:00+00:00,0.32177359481781403,1
